register_id,language,path,line,col,pattern_kind,surface_form,tokens,csv_candidates,csv_lexical_topk_note,v2_trace,disposition,canonical_field_citation,governed_ref,notes
85c44836ced2f7897aac,py,call_engine.py,3,0,TEXT_LINE_MARKET_TOKEN,"The Call — implements STACK ORDER 8, 9, 10 (enforced in compute_call):",the call order,chains.callExpDateMap.*.inTheMoney;chains.putExpDateMap.*.inTheMoney;chains.callExpDateMap;chains.callExpDateMap.*;chains.callExpDateMap.*.ask;chains.callExpDateMap.*.askSize;chains.callExpDateMap.*.bid;chains.callExpDateMap.*.bidAskSize;chains.callExpDateMap.*.bidSize;chains.callExpDateMap.*.closePrice;chains.callExpDateMap.*.daysToExpiration;chains.callExpDateMap.*.deliverableNote;chains.callExpDateMap.*.delta;chains.callExpDateMap.*.description;chains.callExpDateMap.*.exchangeName;chains.callExpDateMap.*.exerciseType;chains.callExpDateMap.*.expirationDate;chains.callExpDateMap.*.expirationType;chains.callExpDateMap.*.extrinsicValue;chains.callExpDateMap.*.gamma;chains.callExpDateMap.*.high52Week;chains.callExpDateMap.*.highPrice;chains.callExpDateMap.*.intrinsicValue;chains.callExpDateMap.*.last;chains.callExpDateMap.*.lastSize,chains.callExpDateMap.*.theoreticalVolatility;chains.callExpDateMap.*.totalVolume;chains.callExpDateMap.*.theta,V3-B universal catch-all (CSV-derived vocabulary),NOT_MARKET_DATA,,,module docstring (AST); tools/track_a_module_docstring_nmd_pass.py
2f959becd76c972014f2,py,call_engine.py,4,0,TEXT_LINE_MARKET_TOKEN,"  8. Decision Policy Layer: signal, conviction, trade interpretation (uses vol_regime)",trade,chains.callExpDateMap.*.tradeTimeInLong;chains.putExpDateMap.*.tradeTimeInLong;chains.underlying.tradeTime;quotes.extended.tradeTime;quotes.quote.tradeTime;quotes.regular.regularMarketTradeTime;streaming.content.*.REGULAR_MARKET_TRADE;streaming.content.*.REGULAR_MARKET_TRADE_MILLIS;streaming.content.*.TRADE_TIME_MILLIS,chains.volatility;chains.callExpDateMap.*.volatility;chains.putExpDateMap.*.theoreticalVolatility,V3-B universal catch-all (CSV-derived vocabulary),NOT_MARKET_DATA,,,module docstring (AST); tools/track_a_module_docstring_nmd_pass.py
80ea3ac63040541a338e,py,call_engine.py,5,0,TEXT_LINE_MARKET_TOKEN,"  9. Risk Engine: _validate_trade (structure, probability, risk gates)",risk,,chains.putExpDateMap.*.theoreticalVolatility;chains.volatility;chains.callExpDateMap.*.theoreticalVolatility,V3-B universal catch-all (CSV-derived vocabulary),NOT_MARKET_DATA,,,module docstring (AST); tools/track_a_module_docstring_nmd_pass.py
d25dddf343405b28276c,py,call_engine.py,37,0,TEXT_LINE_MARKET_TOKEN,# Stack threshold (event-risk vs default),risk,,chains.callExpDateMap.*.theta;chains.putExpDateMap.*.theta;quotes.quote.askSize,V3-B universal catch-all (CSV-derived vocabulary),NOT_MARKET_DATA,,,NOT_MARKET_DATA: scoped mechanical classifier tail; production wire reads tracked in governance/SCHWAB_V4_REVIEW_MEMOS cone walk
67e2b44dc864532d8f4a,py,call_engine.py,38,0,TEXT_LINE_MARKET_TOKEN,STACK_THRESHOLD_DEFAULT: int = 2,int,instruments.*.fundamental.shortIntDayToCover;instruments.*.fundamental.shortIntToFloat,quotes.quote.askSize;chains.putExpDateMap.*.askSize;quotes.extended.askSize,V3-B universal catch-all (CSV-derived vocabulary),NOT_MARKET_DATA,,,NOT_MARKET_DATA: scoped mechanical classifier tail; production wire reads tracked in governance/SCHWAB_V4_REVIEW_MEMOS cone walk
324c2739a0388bd348a1,py,call_engine.py,39,0,TEXT_LINE_MARKET_TOKEN,STACK_THRESHOLD_EVENT_RISK: int = 3,int,instruments.*.fundamental.shortIntDayToCover;instruments.*.fundamental.shortIntToFloat,quotes.quote.askSize;quotes.extended.askSize;streaming.content.*.ASK_SIZE,V3-B universal catch-all (CSV-derived vocabulary),NOT_MARKET_DATA,,,NOT_MARKET_DATA: scoped mechanical classifier tail; production wire reads tracked in governance/SCHWAB_V4_REVIEW_MEMOS cone walk
bda8a1eb7bfdd9b066e1,py,call_engine.py,40,0,TEXT_LINE_MARKET_TOKEN,CONFLUENCE_TOTAL_SOURCES: int = 9,int,instruments.*.fundamental.shortIntDayToCover;instruments.*.fundamental.shortIntToFloat,streaming.content.*.ASKS.*.TOTAL_VOLUME;quotes.quote.askSize;streaming.content.*.BIDS.*.TOTAL_VOLUME,V3-B universal catch-all (CSV-derived vocabulary),NOT_MARKET_DATA,,,NOT_MARKET_DATA: scoped mechanical classifier tail; production wire reads tracked in governance/SCHWAB_V4_REVIEW_MEMOS cone walk
da39fec3fc8356c0aaab,py,call_engine.py,42,0,TEXT_LINE_MARKET_TOKEN,# Conviction margin thresholds,margin,instruments.*.fundamental.grossMarginMRQ;instruments.*.fundamental.grossMarginTTM;instruments.*.fundamental.netProfitMarginMRQ;instruments.*.fundamental.netProfitMarginTTM;instruments.*.fundamental.operatingMarginMRQ;instruments.*.fundamental.operatingMarginTTM,chains.volatility;pricehistory.candles;pricehistory.candles.*.high,V3-B universal catch-all (CSV-derived vocabulary),NOT_MARKET_DATA,,,NOT_MARKET_DATA: scoped mechanical classifier tail; production wire reads tracked in governance/SCHWAB_V4_REVIEW_MEMOS cone walk
c30b90f9d1ced09984c6,py,call_engine.py,43,0,TEXT_LINE_MARKET_TOKEN,CONVICTION_HIGH_MARGIN_HIGH: float = 0.12,float,instruments.*.fundamental.marketCapFloat;instruments.*.fundamental.shortIntToFloat,pricehistory.candles.*.high;chains.volatility;chains.callExpDateMap.*.description,V3-B universal catch-all (CSV-derived vocabulary),NOT_MARKET_DATA,,,NOT_MARKET_DATA: scoped mechanical classifier tail; production wire reads tracked in governance/SCHWAB_V4_REVIEW_MEMOS cone walk
226a89ece1fb4cc8871d,py,call_engine.py,44,0,TEXT_LINE_MARKET_TOKEN,CONVICTION_HIGH_MARGIN_MEDIUM: float = 0.06,float,instruments.*.fundamental.marketCapFloat;instruments.*.fundamental.shortIntToFloat,chains.putExpDateMap.*.description;chains.callExpDateMap.*.description;chains.volatility,V3-B universal catch-all (CSV-derived vocabulary),NOT_MARKET_DATA,,,NOT_MARKET_DATA: scoped mechanical classifier tail; production wire reads tracked in governance/SCHWAB_V4_REVIEW_MEMOS cone walk
c989459de49d368c1de1,py,call_engine.py,45,0,TEXT_LINE_MARKET_TOKEN,CONVICTION_MEDIUM_MARGIN: float = 0.10,float,instruments.*.fundamental.marketCapFloat;instruments.*.fundamental.shortIntToFloat,chains.putExpDateMap.*.description;chains.callExpDateMap.*.description;chains.putExpDateMap.*.volatility,V3-B universal catch-all (CSV-derived vocabulary),NOT_MARKET_DATA,,,NOT_MARKET_DATA: scoped mechanical classifier tail; production wire reads tracked in governance/SCHWAB_V4_REVIEW_MEMOS cone walk
893cda60342f7f4803c1,py,call_engine.py,46,0,TEXT_LINE_MARKET_TOKEN,CONVICTION_NEUTRAL_DOM_PROB: float = 1.0 / 3.0,float,instruments.*.fundamental.marketCapFloat;instruments.*.fundamental.shortIntToFloat,chains.putExpDateMap.*.totalVolume;chains.callExpDateMap.*.openInterest;chains.putExpDateMap.*.openInterest,V3-B universal catch-all (CSV-derived vocabulary),NOT_MARKET_DATA,,,NOT_MARKET_DATA: scoped mechanical classifier tail; production wire reads tracked in governance/SCHWAB_V4_REVIEW_MEMOS cone walk
74d47b0501a8dc9c9d45,py,call_engine.py,48,0,TEXT_LINE_MARKET_TOKEN,# Time warnings (mins-to-close),time close,chains.callExpDateMap.*.quoteTimeInLong;chains.callExpDateMap.*.timeValue;chains.callExpDateMap.*.tradeTimeInLong;chains.putExpDateMap.*.quoteTimeInLong;chains.putExpDateMap.*.timeValue;chains.putExpDateMap.*.tradeTimeInLong;chains.underlying.quoteTime;chains.underlying.tradeTime;quotes.extended.quoteTime;quotes.extended.tradeTime;quotes.quote.askTime;quotes.quote.bidTime;quotes.quote.quoteTime;quotes.quote.tradeTime;quotes.regular.regularMarketTradeTime;streaming.content.*.ASK_TIME_MILLIS;streaming.content.*.BID_TIME_MILLIS;streaming.content.*.BOOK_TIME;streaming.content.*.CHART_TIME_MILLIS;streaming.content.*.QUOTE_TIME_MILLIS;streaming.content.*.TRADE_TIME_MILLIS;chains.callExpDateMap.*.closePrice;chains.putExpDateMap.*.closePrice;chains.underlying.close;pricehistory.candles.*.close,streaming.content.*.CHART_TIME_MILLIS;streaming.timestamp;streaming.content.*.BID_TIME_MILLIS,V3-B universal catch-all (CSV-derived vocabulary),NOT_MARKET_DATA,,,NOT_MARKET_DATA: scoped mechanical classifier tail; production wire reads tracked in governance/SCHWAB_V4_REVIEW_MEMOS cone walk
d846370cb1524859453c,py,call_engine.py,49,0,TEXT_LINE_MARKET_TOKEN,MINS_TO_CLOSE_NO_NEW_ENTRIES: int = 30,int,instruments.*.fundamental.shortIntDayToCover;instruments.*.fundamental.shortIntToFloat,streaming.content.*.ASK_SIZE;streaming.content.*.BID_SIZE;quotes.quote.askSize,V3-B universal catch-all (CSV-derived vocabulary),NOT_MARKET_DATA,,,NOT_MARKET_DATA: scoped mechanical classifier tail; production wire reads tracked in governance/SCHWAB_V4_REVIEW_MEMOS cone walk
72039fee348ab3e9470f,py,call_engine.py,50,0,TEXT_LINE_MARKET_TOKEN,MINS_TO_CLOSE_HALVE_SIZE: int = 60,int,instruments.*.fundamental.shortIntDayToCover;instruments.*.fundamental.shortIntToFloat,quotes.quote.askSize;chains.volatility;chains.callExpDateMap.*.askSize,V3-B universal catch-all (CSV-derived vocabulary),NOT_MARKET_DATA,,,NOT_MARKET_DATA: scoped mechanical classifier tail; production wire reads tracked in governance/SCHWAB_V4_REVIEW_MEMOS cone walk
d6b3cbc8eefdf7bee2f7,py,call_engine.py,51,0,TEXT_LINE_MARKET_TOKEN,MINS_TO_CLOSE_REDUCE_SIZE: int = 120,int,instruments.*.fundamental.shortIntDayToCover;instruments.*.fundamental.shortIntToFloat,quotes.quote.askSize;quotes.quote.bidSize;quotes.extended.askSize,V3-B universal catch-all (CSV-derived vocabulary),NOT_MARKET_DATA,,,NOT_MARKET_DATA: scoped mechanical classifier tail; production wire reads tracked in governance/SCHWAB_V4_REVIEW_MEMOS cone walk
b149724c97b3bf1fa68b,py,call_engine.py,53,0,TEXT_LINE_MARKET_TOKEN,# COH-I-M: time-warning visual prefixes. Kept in named constants so the unicode,time the,chains.callExpDateMap.*.quoteTimeInLong;chains.callExpDateMap.*.timeValue;chains.callExpDateMap.*.tradeTimeInLong;chains.putExpDateMap.*.quoteTimeInLong;chains.putExpDateMap.*.timeValue;chains.putExpDateMap.*.tradeTimeInLong;chains.underlying.quoteTime;chains.underlying.tradeTime;quotes.extended.quoteTime;quotes.extended.tradeTime;quotes.quote.askTime;quotes.quote.bidTime;quotes.quote.quoteTime;quotes.quote.tradeTime;quotes.regular.regularMarketTradeTime;streaming.content.*.ASK_TIME_MILLIS;streaming.content.*.BID_TIME_MILLIS;streaming.content.*.BOOK_TIME;streaming.content.*.CHART_TIME_MILLIS;streaming.content.*.QUOTE_TIME_MILLIS;streaming.content.*.TRADE_TIME_MILLIS;chains.callExpDateMap.*.inTheMoney;chains.putExpDateMap.*.inTheMoney,pricehistory.candles.*.datetime;chains.putExpDateMap.*.rho;chains.putExpDateMap.*.theta,V3-B universal catch-all (CSV-derived vocabulary),NOT_MARKET_DATA,,,NOT_MARKET_DATA: scoped mechanical classifier tail; production wire reads tracked in governance/SCHWAB_V4_REVIEW_MEMOS cone walk
6df10154e868aa2a79a6,py,call_engine.py,55,0,TEXT_LINE_MARKET_TOKEN,"# consumers that don't render the emoji (terminals, JSON pretty-printers, etc).",the,chains.callExpDateMap.*.inTheMoney;chains.putExpDateMap.*.inTheMoney,chains.putExpDateMap.*.theta;streaming.content.*.ASK_SIZE;chains.putExpDateMap.*.rho,V3-B universal catch-all (CSV-derived vocabulary),NOT_MARKET_DATA,,,NOT_MARKET_DATA: scoped mechanical classifier tail; production wire reads tracked in governance/SCHWAB_V4_REVIEW_MEMOS cone walk
6f7c8ce362ae764ecb6f,py,call_engine.py,57,0,TEXT_LINE_MARKET_TOKEN,"TIME_WARNING_PREFIX_ALERT: str = ""⏰""      # ⏰  reduce-size warning (≤120 min)",size,chains.callExpDateMap.*.askSize;chains.callExpDateMap.*.bidAskSize;chains.callExpDateMap.*.bidSize;chains.callExpDateMap.*.lastSize;chains.putExpDateMap.*.askSize;chains.putExpDateMap.*.bidAskSize;chains.putExpDateMap.*.bidSize;chains.putExpDateMap.*.lastSize;chains.underlying.askSize;chains.underlying.bidSize;quotes.extended.askSize;quotes.extended.bidSize;quotes.extended.lastSize;quotes.quote.askSize;quotes.quote.bidSize;quotes.quote.lastSize;quotes.regular.regularMarketLastSize;streaming.content.*.ASK_SIZE;streaming.content.*.BID_SIZE;streaming.content.*.LAST_SIZE;streaming.content.*.REGULAR_MARKET_LAST_SIZE,chains.putExpDateMap.*.bidSize;chains.putExpDateMap.*.askSize;chains.callExpDateMap.*.bidSize,V3-B universal catch-all (CSV-derived vocabulary),NOT_MARKET_DATA,,,NOT_MARKET_DATA: scoped mechanical classifier tail; production wire reads tracked in governance/SCHWAB_V4_REVIEW_MEMOS cone walk
b4a3db12a8515a875820,py,call_engine.py,59,0,TEXT_LINE_MARKET_TOKEN,# Validate trade gates,trade,chains.callExpDateMap.*.tradeTimeInLong;chains.putExpDateMap.*.tradeTimeInLong;chains.underlying.tradeTime;quotes.extended.tradeTime;quotes.quote.tradeTime;quotes.regular.regularMarketTradeTime;streaming.content.*.REGULAR_MARKET_TRADE;streaming.content.*.REGULAR_MARKET_TRADE_MILLIS;streaming.content.*.TRADE_TIME_MILLIS,chains.callExpDateMap.*.theta;chains.callExpDateMap.*.volatility;chains.callExpDateMap.*.theoreticalVolatility,V3-B universal catch-all (CSV-derived vocabulary),NOT_MARKET_DATA,,,NOT_MARKET_DATA: scoped mechanical classifier tail; production wire reads tracked in governance/SCHWAB_V4_REVIEW_MEMOS cone walk
355ae8380708d29c6f56,py,call_engine.py,60,0,TEXT_LINE_MARKET_TOKEN,WALL_TOO_CLOSE_PTS: float = 1.0,float,instruments.*.fundamental.marketCapFloat;instruments.*.fundamental.shortIntToFloat,chains.callExpDateMap.*.totalVolume;quotes.quote.totalVolume;chains.putExpDateMap.*.totalVolume,V3-B universal catch-all (CSV-derived vocabulary),NOT_MARKET_DATA,,,NOT_MARKET_DATA: scoped mechanical classifier tail; production wire reads tracked in governance/SCHWAB_V4_REVIEW_MEMOS cone walk
63c9c012318abb4ad72a,py,call_engine.py,61,0,TEXT_LINE_MARKET_TOKEN,CHOP_CONFLUENCE_MIN: int = 4,int,instruments.*.fundamental.shortIntDayToCover;instruments.*.fundamental.shortIntToFloat,streaming.content.*.cusip;chains.callExpDateMap.*.description;chains.putExpDateMap.*.description,V3-B universal catch-all (CSV-derived vocabulary),NOT_MARKET_DATA,,,NOT_MARKET_DATA: scoped mechanical classifier tail; production wire reads tracked in governance/SCHWAB_V4_REVIEW_MEMOS cone walk
c31256d944a719328956,py,call_engine.py,62,0,TEXT_LINE_MARKET_TOKEN,CHOP_CONFLUENCE_MIN_WITH_PRED_AGREE: int = 3,int,instruments.*.fundamental.shortIntDayToCover;instruments.*.fundamental.shortIntToFloat,streaming.content.*.BID_SIZE;streaming.content.*.ASK_SIZE;chains.putExpDateMap.*.bidSize,V3-B universal catch-all (CSV-derived vocabulary),NOT_MARKET_DATA,,,NOT_MARKET_DATA: scoped mechanical classifier tail; production wire reads tracked in governance/SCHWAB_V4_REVIEW_MEMOS cone walk
527b22e0e8f0f11d66f9,py,call_engine.py,63,0,TEXT_LINE_MARKET_TOKEN,AGREE_THRESHOLD_UNSTABLE: float = 0.50,float,instruments.*.fundamental.marketCapFloat;instruments.*.fundamental.shortIntToFloat,chains.putExpDateMap.*.totalVolume;chains.callExpDateMap.*.totalVolume;chains.putExpDateMap.*.theta,V3-B universal catch-all (CSV-derived vocabulary),NOT_MARKET_DATA,,,NOT_MARKET_DATA: scoped mechanical classifier tail; production wire reads tracked in governance/SCHWAB_V4_REVIEW_MEMOS cone walk
076cc669886978c37f05,py,call_engine.py,64,0,TEXT_LINE_MARKET_TOKEN,AGREE_THRESHOLD_DEFAULT: float = 0.18,float,instruments.*.fundamental.marketCapFloat;instruments.*.fundamental.shortIntToFloat,chains.callExpDateMap.*.totalVolume;quotes.extended.totalVolume;chains.putExpDateMap.*.totalVolume,V3-B universal catch-all (CSV-derived vocabulary),NOT_MARKET_DATA,,,NOT_MARKET_DATA: scoped mechanical classifier tail; production wire reads tracked in governance/SCHWAB_V4_REVIEW_MEMOS cone walk
e6ae1ae48b24729605ee,py,call_engine.py,65,0,TEXT_LINE_MARKET_TOKEN,CANONICAL_DOM_PROB_STACK_VOTE_MIN: float = 0.45,float,instruments.*.fundamental.marketCapFloat;instruments.*.fundamental.shortIntToFloat,chains.putExpDateMap.*.totalVolume;chains.callExpDateMap.*.totalVolume;chains.callExpDateMap.*.openInterest,V3-B universal catch-all (CSV-derived vocabulary),NOT_MARKET_DATA,,,NOT_MARKET_DATA: scoped mechanical classifier tail; production wire reads tracked in governance/SCHWAB_V4_REVIEW_MEMOS cone walk
67706e2ed2a4ad14a384,py,call_engine.py,66,0,TEXT_LINE_MARKET_TOKEN,CANONICAL_OPPOSE_THRESHOLD: float = 0.50,float,instruments.*.fundamental.marketCapFloat;instruments.*.fundamental.shortIntToFloat,chains.callExpDateMap.*.totalVolume;chains.putExpDateMap.*.totalVolume;chains.callExpDateMap.*.openInterest,V3-B universal catch-all (CSV-derived vocabulary),NOT_MARKET_DATA,,,NOT_MARKET_DATA: scoped mechanical classifier tail; production wire reads tracked in governance/SCHWAB_V4_REVIEW_MEMOS cone walk
13599347db216e5f8ea7,py,call_engine.py,67,0,TEXT_LINE_MARKET_TOKEN,REVERSAL_GATE_THRESHOLD: float = 0.50,float,instruments.*.fundamental.marketCapFloat;instruments.*.fundamental.shortIntToFloat,chains.putExpDateMap.*.totalVolume;chains.callExpDateMap.*.totalVolume;chains.callExpDateMap.*.theta,V3-B universal catch-all (CSV-derived vocabulary),NOT_MARKET_DATA,,,NOT_MARKET_DATA: scoped mechanical classifier tail; production wire reads tracked in governance/SCHWAB_V4_REVIEW_MEMOS cone walk
8282bba50181dc9e902f,py,call_engine.py,68,0,TEXT_LINE_MARKET_TOKEN,BREAKOUT_SUM_GATE: float = 0.60,float,instruments.*.fundamental.marketCapFloat;instruments.*.fundamental.shortIntToFloat,chains.putExpDateMap.*.totalVolume;chains.callExpDateMap.*.totalVolume;quotes.quote.totalVolume,V3-B universal catch-all (CSV-derived vocabulary),NOT_MARKET_DATA,,,NOT_MARKET_DATA: scoped mechanical classifier tail; production wire reads tracked in governance/SCHWAB_V4_REVIEW_MEMOS cone walk
16bd069348b680cf1f3e,py,call_engine.py,69,0,TEXT_LINE_MARKET_TOKEN,MC_EAE_GATE_DEFAULT: float = 2.0,float,instruments.*.fundamental.marketCapFloat;instruments.*.fundamental.shortIntToFloat,chains.callExpDateMap.*.totalVolume;chains.putExpDateMap.*.totalVolume;chains.callExpDateMap.*.theta,V3-B universal catch-all (CSV-derived vocabulary),NOT_MARKET_DATA,,,NOT_MARKET_DATA: scoped mechanical classifier tail; production wire reads tracked in governance/SCHWAB_V4_REVIEW_MEMOS cone walk
daba5af8817588feb3ab,py,call_engine.py,70,0,TEXT_LINE_MARKET_TOKEN,MC_EAE_GATE_EXPANSION: float = 2.5,float,instruments.*.fundamental.marketCapFloat;instruments.*.fundamental.shortIntToFloat,chains.callExpDateMap.*.theta;chains.putExpDateMap.*.askSize;chains.callExpDateMap.*.askSize,V3-B universal catch-all (CSV-derived vocabulary),NOT_MARKET_DATA,,,NOT_MARKET_DATA: scoped mechanical classifier tail; production wire reads tracked in governance/SCHWAB_V4_REVIEW_MEMOS cone walk
1889516a8f70db6fdffd,py,call_engine.py,71,0,TEXT_LINE_MARKET_TOKEN,MC_EAE_GATE_EXPANSION_MID: float = 1.8,float,instruments.*.fundamental.marketCapFloat;instruments.*.fundamental.shortIntToFloat,chains.callExpDateMap.*.askSize;chains.putExpDateMap.*.askSize;chains.callExpDateMap.*.bidSize,V3-B universal catch-all (CSV-derived vocabulary),NOT_MARKET_DATA,,,NOT_MARKET_DATA: scoped mechanical classifier tail; production wire reads tracked in governance/SCHWAB_V4_REVIEW_MEMOS cone walk
07aeb9cd9005854be241,py,call_engine.py,72,0,TEXT_LINE_MARKET_TOKEN,MC_EAE_GATE_CONTAINED: float = 1.5,float,instruments.*.fundamental.marketCapFloat;instruments.*.fundamental.shortIntToFloat,quotes.fundamental.avg1YearVolume;streaming.content.*.ASK_SIZE;streaming.content.*.ASKS.*.TOTAL_VOLUME,V3-B universal catch-all (CSV-derived vocabulary),NOT_MARKET_DATA,,,NOT_MARKET_DATA: scoped mechanical classifier tail; production wire reads tracked in governance/SCHWAB_V4_REVIEW_MEMOS cone walk
3f3c2d4b70d8fc4ccf82,py,call_engine.py,73,0,TEXT_LINE_MARKET_TOKEN,MC_EAE_GATE_CONTAINED_MID: float = 1.0,float,instruments.*.fundamental.marketCapFloat;instruments.*.fundamental.shortIntToFloat,chains.callExpDateMap.*.bidSize;chains.callExpDateMap.*.askSize;chains.putExpDateMap.*.askSize,V3-B universal catch-all (CSV-derived vocabulary),NOT_MARKET_DATA,,,NOT_MARKET_DATA: scoped mechanical classifier tail; production wire reads tracked in governance/SCHWAB_V4_REVIEW_MEMOS cone walk
971e0ceca630a8d1f63b,py,call_engine.py,74,0,TEXT_LINE_MARKET_TOKEN,VIX_EXTREME_THRESHOLD: float = 35.0,float,instruments.*.fundamental.marketCapFloat;instruments.*.fundamental.shortIntToFloat,quotes.extended.totalVolume;chains.putExpDateMap.*.totalVolume;quotes.extended.askSize,V3-B universal catch-all (CSV-derived vocabulary),NOT_MARKET_DATA,,,NOT_MARKET_DATA: scoped mechanical classifier tail; production wire reads tracked in governance/SCHWAB_V4_REVIEW_MEMOS cone walk
40aa42efb206e72c4fdd,py,call_engine.py,75,0,TEXT_LINE_MARKET_TOKEN,VIX_ELEVATED_THRESHOLD: float = 25.0,float,instruments.*.fundamental.marketCapFloat;instruments.*.fundamental.shortIntToFloat,quotes.extended.totalVolume;chains.putExpDateMap.*.totalVolume;chains.callExpDateMap.*.totalVolume,V3-B universal catch-all (CSV-derived vocabulary),NOT_MARKET_DATA,,,NOT_MARKET_DATA: scoped mechanical classifier tail; production wire reads tracked in governance/SCHWAB_V4_REVIEW_MEMOS cone walk
fa67eb5e5e97cc59295a,py,call_engine.py,76,0,TEXT_LINE_MARKET_TOKEN,COMPRESSION_BARS_RISK: int = 10,int,instruments.*.fundamental.shortIntDayToCover;instruments.*.fundamental.shortIntToFloat,quotes.quote.askSize;chains.putExpDateMap.*.askSize;quotes.quote.bidSize,V3-B universal catch-all (CSV-derived vocabulary),NOT_MARKET_DATA,,,NOT_MARKET_DATA: scoped mechanical classifier tail; production wire reads tracked in governance/SCHWAB_V4_REVIEW_MEMOS cone walk
e3e75f9a773d552374f2,py,call_engine.py,79,0,TEXT_LINE_MARKET_TOKEN,CONF_MULT_HIGH_WITH_CONFLUENCE: float = 1.00,float,instruments.*.fundamental.marketCapFloat;instruments.*.fundamental.shortIntToFloat,chains.putExpDateMap.*.totalVolume;chains.callExpDateMap.*.theoreticalOptionValue;chains.callExpDateMap.*.openInterest,V3-B universal catch-all (CSV-derived vocabulary),NOT_MARKET_DATA,,,NOT_MARKET_DATA: scoped mechanical classifier tail; production wire reads tracked in governance/SCHWAB_V4_REVIEW_MEMOS cone walk
3a1866f0b191e44f3789,py,call_engine.py,80,0,TEXT_LINE_MARKET_TOKEN,CONF_MULT_HIGH: float = 0.85,float,instruments.*.fundamental.marketCapFloat;instruments.*.fundamental.shortIntToFloat,chains.putExpDateMap.*.totalVolume;chains.callExpDateMap.*.totalVolume;chains.underlying.totalVolume,V3-B universal catch-all (CSV-derived vocabulary),NOT_MARKET_DATA,,,NOT_MARKET_DATA: scoped mechanical classifier tail; production wire reads tracked in governance/SCHWAB_V4_REVIEW_MEMOS cone walk
9188545514cecc879286,py,call_engine.py,81,0,TEXT_LINE_MARKET_TOKEN,CONF_MULT_MEDIUM: float = 0.70,float,instruments.*.fundamental.marketCapFloat;instruments.*.fundamental.shortIntToFloat,chains.putExpDateMap.*.totalVolume;chains.callExpDateMap.*.totalVolume;quotes.fundamental.avg10DaysVolume,V3-B universal catch-all (CSV-derived vocabulary),NOT_MARKET_DATA,,,NOT_MARKET_DATA: scoped mechanical classifier tail; production wire reads tracked in governance/SCHWAB_V4_REVIEW_MEMOS cone walk
a8063b01963f72677368,py,call_engine.py,82,0,TEXT_LINE_MARKET_TOKEN,CONF_MULT_LOW: float = 0.45,float,instruments.*.fundamental.marketCapFloat;instruments.*.fundamental.shortIntToFloat,quotes.quote.totalVolume;chains.putExpDateMap.*.totalVolume;chains.callExpDateMap.*.totalVolume,V3-B universal catch-all (CSV-derived vocabulary),NOT_MARKET_DATA,,,NOT_MARKET_DATA: scoped mechanical classifier tail; production wire reads tracked in governance/SCHWAB_V4_REVIEW_MEMOS cone walk
82ea69416e4fcc5a9e17,py,call_engine.py,83,0,TEXT_LINE_MARKET_TOKEN,CONF_MULT_VERY_LOW: float = 0.25,float,instruments.*.fundamental.marketCapFloat;instruments.*.fundamental.shortIntToFloat,quotes.quote.totalVolume;chains.underlying.totalVolume;chains.callExpDateMap.*.totalVolume,V3-B universal catch-all (CSV-derived vocabulary),NOT_MARKET_DATA,,,NOT_MARKET_DATA: scoped mechanical classifier tail; production wire reads tracked in governance/SCHWAB_V4_REVIEW_MEMOS cone walk
36ac1f663141e798ea5f,py,call_engine.py,84,0,TEXT_LINE_MARKET_TOKEN,CONF_MULT_HIGH_CONFLUENCE_MIN: int = 3,int,instruments.*.fundamental.shortIntDayToCover;instruments.*.fundamental.shortIntToFloat,streaming.content.*.CHART_TIME_MILLIS;streaming.content.*.cusip;streaming.content.*.BID_TIME_MILLIS,V3-B universal catch-all (CSV-derived vocabulary),NOT_MARKET_DATA,,,NOT_MARKET_DATA: scoped mechanical classifier tail; production wire reads tracked in governance/SCHWAB_V4_REVIEW_MEMOS cone walk
5850e8d01775e42934a7,py,call_engine.py,85,0,TEXT_LINE_MARKET_TOKEN,MODEL_AGREEMENT_BOOST_THRESHOLD: float = 0.80,float,instruments.*.fundamental.marketCapFloat;instruments.*.fundamental.shortIntToFloat,quotes.extended.totalVolume;chains.putExpDateMap.*.totalVolume;chains.callExpDateMap.*.totalVolume,V3-B universal catch-all (CSV-derived vocabulary),NOT_MARKET_DATA,,,NOT_MARKET_DATA: scoped mechanical classifier tail; production wire reads tracked in governance/SCHWAB_V4_REVIEW_MEMOS cone walk
6de463fba19137d16fb1,py,call_engine.py,86,0,TEXT_LINE_MARKET_TOKEN,MODEL_AGREEMENT_CUT_THRESHOLD: float = 0.35,float,instruments.*.fundamental.marketCapFloat;instruments.*.fundamental.shortIntToFloat,quotes.extended.totalVolume;chains.putExpDateMap.*.totalVolume;chains.callExpDateMap.*.totalVolume,V3-B universal catch-all (CSV-derived vocabulary),NOT_MARKET_DATA,,,NOT_MARKET_DATA: scoped mechanical classifier tail; production wire reads tracked in governance/SCHWAB_V4_REVIEW_MEMOS cone walk
95a7938c893098cfbbf1,py,call_engine.py,87,0,TEXT_LINE_MARKET_TOKEN,MODEL_AGREEMENT_BOOST_FACTOR: float = 1.10,float,instruments.*.fundamental.marketCapFloat;instruments.*.fundamental.shortIntToFloat,quotes.quote.totalVolume;quotes.extended.totalVolume;chains.putExpDateMap.*.totalVolume,V3-B universal catch-all (CSV-derived vocabulary),NOT_MARKET_DATA,,,NOT_MARKET_DATA: scoped mechanical classifier tail; production wire reads tracked in governance/SCHWAB_V4_REVIEW_MEMOS cone walk
3d4465f67cf844da3a20,py,call_engine.py,88,0,TEXT_LINE_MARKET_TOKEN,MODEL_AGREEMENT_CUT_FACTOR: float = 0.80,float,instruments.*.fundamental.marketCapFloat;instruments.*.fundamental.shortIntToFloat,chains.putExpDateMap.*.totalVolume;chains.callExpDateMap.*.totalVolume;quotes.extended.totalVolume,V3-B universal catch-all (CSV-derived vocabulary),NOT_MARKET_DATA,,,NOT_MARKET_DATA: scoped mechanical classifier tail; production wire reads tracked in governance/SCHWAB_V4_REVIEW_MEMOS cone walk
14ca894b8c6c486d2d66,py,call_engine.py,89,0,TEXT_LINE_MARKET_TOKEN,FUSION_CONF_BOOST_FACTOR: float = 1.10,float,instruments.*.fundamental.marketCapFloat;instruments.*.fundamental.shortIntToFloat,quotes.quote.totalVolume;quotes.quote.askSize;quotes.quote.bidSize,V3-B universal catch-all (CSV-derived vocabulary),NOT_MARKET_DATA,,,NOT_MARKET_DATA: scoped mechanical classifier tail; production wire reads tracked in governance/SCHWAB_V4_REVIEW_MEMOS cone walk
ab7df637a1f90c73935c,py,call_engine.py,90,0,TEXT_LINE_MARKET_TOKEN,VIX_VOL_MULT_EXTREME_THRESHOLD: float = 35.0,float,instruments.*.fundamental.marketCapFloat;instruments.*.fundamental.shortIntToFloat,quotes.extended.totalVolume;quotes.quote.totalVolume;chains.putExpDateMap.*.totalVolume,V3-B universal catch-all (CSV-derived vocabulary),NOT_MARKET_DATA,,,NOT_MARKET_DATA: scoped mechanical classifier tail; production wire reads tracked in governance/SCHWAB_V4_REVIEW_MEMOS cone walk
ea219fcf56fa8145e3de,py,call_engine.py,91,0,TEXT_LINE_MARKET_TOKEN,VIX_VOL_MULT_ELEVATED_THRESHOLD: float = 25.0,float,instruments.*.fundamental.marketCapFloat;instruments.*.fundamental.shortIntToFloat,quotes.extended.totalVolume;chains.callExpDateMap.*.totalVolume;chains.putExpDateMap.*.totalVolume,V3-B universal catch-all (CSV-derived vocabulary),NOT_MARKET_DATA,,,NOT_MARKET_DATA: scoped mechanical classifier tail; production wire reads tracked in governance/SCHWAB_V4_REVIEW_MEMOS cone walk
cebe444d3dcc0b80ffce,py,call_engine.py,92,0,TEXT_LINE_MARKET_TOKEN,VIX_VOL_MULT_HIGH_THRESHOLD: float = 20.0,float,instruments.*.fundamental.marketCapFloat;instruments.*.fundamental.shortIntToFloat,chains.putExpDateMap.*.totalVolume;chains.callExpDateMap.*.totalVolume;chains.putExpDateMap.*.theoreticalVolatility,V3-B universal catch-all (CSV-derived vocabulary),NOT_MARKET_DATA,,,NOT_MARKET_DATA: scoped mechanical classifier tail; production wire reads tracked in governance/SCHWAB_V4_REVIEW_MEMOS cone walk
c722114a8fc80adc568b,py,call_engine.py,93,0,TEXT_LINE_MARKET_TOKEN,VIX_VOL_MULT_EXTREME_FACTOR: float = 0.50,float,instruments.*.fundamental.marketCapFloat;instruments.*.fundamental.shortIntToFloat,chains.putExpDateMap.*.totalVolume;chains.callExpDateMap.*.totalVolume;quotes.quote.totalVolume,V3-B universal catch-all (CSV-derived vocabulary),NOT_MARKET_DATA,,,NOT_MARKET_DATA: scoped mechanical classifier tail; production wire reads tracked in governance/SCHWAB_V4_REVIEW_MEMOS cone walk
b0a34cac210555a97acc,py,call_engine.py,94,0,TEXT_LINE_MARKET_TOKEN,VIX_VOL_MULT_ELEVATED_FACTOR: float = 0.70,float,instruments.*.fundamental.marketCapFloat;instruments.*.fundamental.shortIntToFloat,chains.callExpDateMap.*.totalVolume;chains.putExpDateMap.*.totalVolume;quotes.extended.totalVolume,V3-B universal catch-all (CSV-derived vocabulary),NOT_MARKET_DATA,,,NOT_MARKET_DATA: scoped mechanical classifier tail; production wire reads tracked in governance/SCHWAB_V4_REVIEW_MEMOS cone walk
6c0f92ea76776da3d3a8,py,call_engine.py,95,0,TEXT_LINE_MARKET_TOKEN,VIX_VOL_MULT_HIGH_FACTOR: float = 0.85,float,instruments.*.fundamental.marketCapFloat;instruments.*.fundamental.shortIntToFloat,chains.callExpDateMap.*.totalVolume;chains.putExpDateMap.*.totalVolume;chains.putExpDateMap.*.theoreticalVolatility,V3-B universal catch-all (CSV-derived vocabulary),NOT_MARKET_DATA,,,NOT_MARKET_DATA: scoped mechanical classifier tail; production wire reads tracked in governance/SCHWAB_V4_REVIEW_MEMOS cone walk
c664936a31a0e494c886,py,call_engine.py,96,0,TEXT_LINE_MARKET_TOKEN,STOP_ATR_RATIO_TOO_TIGHT: float = 0.5,float,instruments.*.fundamental.marketCapFloat;instruments.*.fundamental.shortIntToFloat,chains.putExpDateMap.*.theoreticalVolatility;streaming.content.*.ASKS.*.TOTAL_VOLUME;chains.putExpDateMap.*.totalVolume,V3-B universal catch-all (CSV-derived vocabulary),NOT_MARKET_DATA,,,NOT_MARKET_DATA: scoped mechanical classifier tail; production wire reads tracked in governance/SCHWAB_V4_REVIEW_MEMOS cone walk
d2790b18ecee648351ef,py,call_engine.py,97,0,TEXT_LINE_MARKET_TOKEN,STOP_ATR_RATIO_TOO_WIDE: float = 3.0,float,instruments.*.fundamental.marketCapFloat;instruments.*.fundamental.shortIntToFloat,quotes.quote.askSize;chains.putExpDateMap.*.openInterest;chains.putExpDateMap.*.theoreticalVolatility,V3-B universal catch-all (CSV-derived vocabulary),NOT_MARKET_DATA,,,NOT_MARKET_DATA: scoped mechanical classifier tail; production wire reads tracked in governance/SCHWAB_V4_REVIEW_MEMOS cone walk
b05e9c06da6545a55cf0,py,call_engine.py,98,0,TEXT_LINE_MARKET_TOKEN,STOP_ATR_TIGHT_FACTOR: float = 0.60,float,instruments.*.fundamental.marketCapFloat;instruments.*.fundamental.shortIntToFloat,chains.putExpDateMap.*.theoreticalVolatility;chains.putExpDateMap.*.totalVolume;chains.putExpDateMap.*.volatility,V3-B universal catch-all (CSV-derived vocabulary),NOT_MARKET_DATA,,,NOT_MARKET_DATA: scoped mechanical classifier tail; production wire reads tracked in governance/SCHWAB_V4_REVIEW_MEMOS cone walk
251d1ad1e78727b9de50,py,call_engine.py,99,0,TEXT_LINE_MARKET_TOKEN,STOP_ATR_WIDE_FACTOR: float = 0.70,float,instruments.*.fundamental.marketCapFloat;instruments.*.fundamental.shortIntToFloat,chains.putExpDateMap.*.totalVolume;chains.putExpDateMap.*.openInterest;chains.callExpDateMap.*.openInterest,V3-B universal catch-all (CSV-derived vocabulary),NOT_MARKET_DATA,,,NOT_MARKET_DATA: scoped mechanical classifier tail; production wire reads tracked in governance/SCHWAB_V4_REVIEW_MEMOS cone walk
f319ee06920e2935b371,py,call_engine.py,100,0,TEXT_LINE_MARKET_TOKEN,MC_EAE_SIZE_EXTREME_RATIO: float = 2.5,float,instruments.*.fundamental.marketCapFloat;instruments.*.fundamental.shortIntToFloat,streaming.content.*.ASK_SIZE;quotes.quote.askSize;streaming.content.*.BID_SIZE,V3-B universal catch-all (CSV-derived vocabulary),NOT_MARKET_DATA,,,NOT_MARKET_DATA: scoped mechanical classifier tail; production wire reads tracked in governance/SCHWAB_V4_REVIEW_MEMOS cone walk
7ec0b7d518e938229282,py,call_engine.py,101,0,TEXT_LINE_MARKET_TOKEN,MC_EAE_SIZE_EXTREME_FACTOR: float = 0.50,float,instruments.*.fundamental.marketCapFloat;instruments.*.fundamental.shortIntToFloat,chains.putExpDateMap.*.totalVolume;chains.putExpDateMap.*.askSize;streaming.content.*.ASK_SIZE,V3-B universal catch-all (CSV-derived vocabulary),NOT_MARKET_DATA,,,NOT_MARKET_DATA: scoped mechanical classifier tail; production wire reads tracked in governance/SCHWAB_V4_REVIEW_MEMOS cone walk
2c354621e633f0167dba,py,call_engine.py,102,0,TEXT_LINE_MARKET_TOKEN,MC_EAE_SIZE_EXPANSION_MID_RATIO: float = 1.8,float,instruments.*.fundamental.marketCapFloat;instruments.*.fundamental.shortIntToFloat,chains.putExpDateMap.*.askSize;chains.callExpDateMap.*.askSize;chains.callExpDateMap.*.bidSize,V3-B universal catch-all (CSV-derived vocabulary),NOT_MARKET_DATA,,,NOT_MARKET_DATA: scoped mechanical classifier tail; production wire reads tracked in governance/SCHWAB_V4_REVIEW_MEMOS cone walk
569964d3c19f383371c8,py,call_engine.py,103,0,TEXT_LINE_MARKET_TOKEN,MC_EAE_SIZE_EXPANSION_MID_FACTOR: float = 0.75,float,instruments.*.fundamental.marketCapFloat;instruments.*.fundamental.shortIntToFloat,chains.putExpDateMap.*.askSize;chains.callExpDateMap.*.askSize;chains.putExpDateMap.*.bidSize,V3-B universal catch-all (CSV-derived vocabulary),NOT_MARKET_DATA,,,NOT_MARKET_DATA: scoped mechanical classifier tail; production wire reads tracked in governance/SCHWAB_V4_REVIEW_MEMOS cone walk
53d2ca0039f90219d8fc,py,call_engine.py,104,0,TEXT_LINE_MARKET_TOKEN,MC_EAE_SIZE_CONTAINED_RATIO: float = 1.5,float,instruments.*.fundamental.marketCapFloat;instruments.*.fundamental.shortIntToFloat,quotes.quote.askSize;streaming.content.*.ASK_SIZE;streaming.content.*.BID_SIZE,V3-B universal catch-all (CSV-derived vocabulary),NOT_MARKET_DATA,,,NOT_MARKET_DATA: scoped mechanical classifier tail; production wire reads tracked in governance/SCHWAB_V4_REVIEW_MEMOS cone walk
4805b2bde70dc29f44bc,py,call_engine.py,105,0,TEXT_LINE_MARKET_TOKEN,MC_EAE_SIZE_CONTAINED_FACTOR: float = 0.40,float,instruments.*.fundamental.marketCapFloat;instruments.*.fundamental.shortIntToFloat,chains.putExpDateMap.*.askSize;chains.callExpDateMap.*.askSize;chains.callExpDateMap.*.openInterest,V3-B universal catch-all (CSV-derived vocabulary),NOT_MARKET_DATA,,,NOT_MARKET_DATA: scoped mechanical classifier tail; production wire reads tracked in governance/SCHWAB_V4_REVIEW_MEMOS cone walk
5ba13ce8bfcd0977895a,py,call_engine.py,106,0,TEXT_LINE_MARKET_TOKEN,MC_EAE_SIZE_CONTAINED_MID_FACTOR: float = 0.70,float,instruments.*.fundamental.marketCapFloat;instruments.*.fundamental.shortIntToFloat,chains.putExpDateMap.*.askSize;chains.callExpDateMap.*.bidSize;chains.callExpDateMap.*.askSize,V3-B universal catch-all (CSV-derived vocabulary),NOT_MARKET_DATA,,,NOT_MARKET_DATA: scoped mechanical classifier tail; production wire reads tracked in governance/SCHWAB_V4_REVIEW_MEMOS cone walk
d1b02647f5b5b5936751,py,call_engine.py,107,0,TEXT_LINE_MARKET_TOKEN,MC_EAE_SIZE_DEFAULT_HIGH_FACTOR: float = 0.40,float,instruments.*.fundamental.marketCapFloat;instruments.*.fundamental.shortIntToFloat,chains.putExpDateMap.*.askSize;chains.callExpDateMap.*.askSize;chains.putExpDateMap.*.bidSize,V3-B universal catch-all (CSV-derived vocabulary),NOT_MARKET_DATA,,,NOT_MARKET_DATA: scoped mechanical classifier tail; production wire reads tracked in governance/SCHWAB_V4_REVIEW_MEMOS cone walk
47956564cfbf40e03aa6,py,call_engine.py,108,0,TEXT_LINE_MARKET_TOKEN,MC_EAE_SIZE_DEFAULT_MID_FACTOR: float = 0.65,float,instruments.*.fundamental.marketCapFloat;instruments.*.fundamental.shortIntToFloat,chains.callExpDateMap.*.askSize;chains.putExpDateMap.*.askSize;chains.callExpDateMap.*.bidSize,V3-B universal catch-all (CSV-derived vocabulary),NOT_MARKET_DATA,,,NOT_MARKET_DATA: scoped mechanical classifier tail; production wire reads tracked in governance/SCHWAB_V4_REVIEW_MEMOS cone walk
81d7b3ae21bbe47b1e46,py,call_engine.py,109,0,TEXT_LINE_MARKET_TOKEN,MC_EAE_SIZE_DEFAULT_LOW_FACTOR: float = 0.85,float,instruments.*.fundamental.marketCapFloat;instruments.*.fundamental.shortIntToFloat,chains.callExpDateMap.*.totalVolume;chains.putExpDateMap.*.totalVolume;quotes.quote.askSize,V3-B universal catch-all (CSV-derived vocabulary),NOT_MARKET_DATA,,,NOT_MARKET_DATA: scoped mechanical classifier tail; production wire reads tracked in governance/SCHWAB_V4_REVIEW_MEMOS cone walk
eade41496e67e71a812f,py,call_engine.py,110,0,TEXT_LINE_MARKET_TOKEN,MC_CONTAINMENT_BREAKOUT_HIGH: float = 0.70,float,instruments.*.fundamental.marketCapFloat;instruments.*.fundamental.shortIntToFloat,chains.putExpDateMap.*.theoreticalOptionValue;chains.callExpDateMap.*.theoreticalOptionValue;chains.putExpDateMap.*.openInterest,V3-B universal catch-all (CSV-derived vocabulary),NOT_MARKET_DATA,,,NOT_MARKET_DATA: scoped mechanical classifier tail; production wire reads tracked in governance/SCHWAB_V4_REVIEW_MEMOS cone walk
05d30e519763e07d7a10,py,call_engine.py,111,0,TEXT_LINE_MARKET_TOKEN,MC_CONTAINMENT_BREAKOUT_FAIL_FACTOR: float = 0.60,float,instruments.*.fundamental.marketCapFloat;instruments.*.fundamental.shortIntToFloat,chains.putExpDateMap.*.totalVolume;chains.callExpDateMap.*.totalVolume;chains.putExpDateMap.*.theoreticalVolatility,V3-B universal catch-all (CSV-derived vocabulary),NOT_MARKET_DATA,,,NOT_MARKET_DATA: scoped mechanical classifier tail; production wire reads tracked in governance/SCHWAB_V4_REVIEW_MEMOS cone walk
95f0bcb60e52de28137f,py,call_engine.py,112,0,TEXT_LINE_MARKET_TOKEN,MC_EXPANSION_BREAKOUT_BOOST: float = 0.50,float,instruments.*.fundamental.marketCapFloat;instruments.*.fundamental.shortIntToFloat,chains.putExpDateMap.*.totalVolume;chains.putExpDateMap.*.openInterest;chains.callExpDateMap.*.openInterest,V3-B universal catch-all (CSV-derived vocabulary),NOT_MARKET_DATA,,,NOT_MARKET_DATA: scoped mechanical classifier tail; production wire reads tracked in governance/SCHWAB_V4_REVIEW_MEMOS cone walk
cb634f5e61c158bf51d4,py,call_engine.py,113,0,TEXT_LINE_MARKET_TOKEN,MC_CONTAINMENT_PINNING_HIGH: float = 0.65,float,instruments.*.fundamental.marketCapFloat;instruments.*.fundamental.shortIntToFloat,chains.putExpDateMap.*.description;chains.putExpDateMap.*.multiplier;chains.putExpDateMap.*.mini,V3-B universal catch-all (CSV-derived vocabulary),NOT_MARKET_DATA,,,NOT_MARKET_DATA: scoped mechanical classifier tail; production wire reads tracked in governance/SCHWAB_V4_REVIEW_MEMOS cone walk
3a876a2bb16a1d71d012,py,call_engine.py,114,0,TEXT_LINE_MARKET_TOKEN,MC_CONTAINMENT_PINNING_FACTOR: float = 0.75,float,instruments.*.fundamental.marketCapFloat;instruments.*.fundamental.shortIntToFloat,streaming.content.*.LAST_MIC_ID;chains.callExpDateMap.*.optionRoot;instruments.*.fundamental.pcfRatio,V3-B universal catch-all (CSV-derived vocabulary),NOT_MARKET_DATA,,,NOT_MARKET_DATA: scoped mechanical classifier tail; production wire reads tracked in governance/SCHWAB_V4_REVIEW_MEMOS cone walk
c47d11533479a115a551,py,call_engine.py,115,0,TEXT_LINE_MARKET_TOKEN,MC_EAE_EFE_REVERSAL_RATIO: float = 1.3,float,instruments.*.fundamental.marketCapFloat;instruments.*.fundamental.shortIntToFloat,quotes.quote.askSize;quotes.extended.askSize;chains.callExpDateMap.*.askSize,V3-B universal catch-all (CSV-derived vocabulary),NOT_MARKET_DATA,,,NOT_MARKET_DATA: scoped mechanical classifier tail; production wire reads tracked in governance/SCHWAB_V4_REVIEW_MEMOS cone walk
bf7ee998c7b9ffc52403,py,call_engine.py,116,0,TEXT_LINE_MARKET_TOKEN,MC_EAE_EFE_REVERSAL_FACTOR: float = 0.60,float,instruments.*.fundamental.marketCapFloat;instruments.*.fundamental.shortIntToFloat,chains.callExpDateMap.*.totalVolume;chains.putExpDateMap.*.totalVolume;movers.screeners.*.totalVolume,V3-B universal catch-all (CSV-derived vocabulary),NOT_MARKET_DATA,,,NOT_MARKET_DATA: scoped mechanical classifier tail; production wire reads tracked in governance/SCHWAB_V4_REVIEW_MEMOS cone walk
4d4b541e94c5044826e0,py,call_engine.py,117,0,TEXT_LINE_MARKET_TOKEN,MC_EFE_STOP_FLOOR_RATIO: float = 0.5,float,instruments.*.fundamental.marketCapFloat;instruments.*.fundamental.shortIntToFloat,quotes.quote.totalVolume;chains.putExpDateMap.*.totalVolume;chains.callExpDateMap.*.totalVolume,V3-B universal catch-all (CSV-derived vocabulary),NOT_MARKET_DATA,,,NOT_MARKET_DATA: scoped mechanical classifier tail; production wire reads tracked in governance/SCHWAB_V4_REVIEW_MEMOS cone walk
dad29ff7d24bc425b6e4,py,call_engine.py,118,0,TEXT_LINE_MARKET_TOKEN,MC_EFE_STOP_FLOOR_FACTOR: float = 0.70,float,instruments.*.fundamental.marketCapFloat;instruments.*.fundamental.shortIntToFloat,chains.putExpDateMap.*.totalVolume;chains.callExpDateMap.*.totalVolume;quotes.quote.totalVolume,V3-B universal catch-all (CSV-derived vocabulary),NOT_MARKET_DATA,,,NOT_MARKET_DATA: scoped mechanical classifier tail; production wire reads tracked in governance/SCHWAB_V4_REVIEW_MEMOS cone walk
f26725b5c5a57a5ddc43,py,call_engine.py,119,0,TEXT_LINE_MARKET_TOKEN,LEVEL_OPPOSING_WALL_VERY_CLOSE_PTS: float = 1.0,float,instruments.*.fundamental.marketCapFloat;instruments.*.fundamental.shortIntToFloat,chains.callExpDateMap.*.totalVolume;chains.putExpDateMap.*.totalVolume;chains.callExpDateMap.*.low52Week,V3-B universal catch-all (CSV-derived vocabulary),NOT_MARKET_DATA,,,NOT_MARKET_DATA: scoped mechanical classifier tail; production wire reads tracked in governance/SCHWAB_V4_REVIEW_MEMOS cone walk
a93efb87374744aa2d27,py,call_engine.py,120,0,TEXT_LINE_MARKET_TOKEN,LEVEL_OPPOSING_WALL_CLOSE_PTS: float = 2.0,float,instruments.*.fundamental.marketCapFloat;instruments.*.fundamental.shortIntToFloat,chains.callExpDateMap.*.totalVolume;chains.putExpDateMap.*.totalVolume;pricehistory.candles.*.volume,V3-B universal catch-all (CSV-derived vocabulary),NOT_MARKET_DATA,,,NOT_MARKET_DATA: scoped mechanical classifier tail; production wire reads tracked in governance/SCHWAB_V4_REVIEW_MEMOS cone walk
26d979351e3d058540eb,py,call_engine.py,121,0,TEXT_LINE_MARKET_TOKEN,LEVEL_OPPOSING_WALL_CLOSE_FACTOR: float = 0.40,float,instruments.*.fundamental.marketCapFloat;instruments.*.fundamental.shortIntToFloat,chains.callExpDateMap.*.totalVolume;chains.putExpDateMap.*.totalVolume;chains.callExpDateMap.*.theoreticalVolatility,V3-B universal catch-all (CSV-derived vocabulary),NOT_MARKET_DATA,,,NOT_MARKET_DATA: scoped mechanical classifier tail; production wire reads tracked in governance/SCHWAB_V4_REVIEW_MEMOS cone walk
1a04d4bbc050607b8926,py,call_engine.py,122,0,TEXT_LINE_MARKET_TOKEN,LEVEL_OPPOSING_WALL_NEARBY_FACTOR: float = 0.70,float,instruments.*.fundamental.marketCapFloat;instruments.*.fundamental.shortIntToFloat,chains.callExpDateMap.*.totalVolume;chains.putExpDateMap.*.totalVolume;chains.callExpDateMap.*.openInterest,V3-B universal catch-all (CSV-derived vocabulary),NOT_MARKET_DATA,,,NOT_MARKET_DATA: scoped mechanical classifier tail; production wire reads tracked in governance/SCHWAB_V4_REVIEW_MEMOS cone walk
49ae18859c17292d8fa0,py,call_engine.py,123,0,TEXT_LINE_MARKET_TOKEN,LEVEL_VOID_AHEAD_BOOST: float = 0.15,float,instruments.*.fundamental.marketCapFloat;instruments.*.fundamental.shortIntToFloat,chains.callExpDateMap.*.totalVolume;quotes.quote.totalVolume;quotes.extended.totalVolume,V3-B universal catch-all (CSV-derived vocabulary),NOT_MARKET_DATA,,,NOT_MARKET_DATA: scoped mechanical classifier tail; production wire reads tracked in governance/SCHWAB_V4_REVIEW_MEMOS cone walk
bd825af4057a11d63e2b,py,call_engine.py,124,0,TEXT_LINE_MARKET_TOKEN,RR_FLOOR_WEAK: float = 1.0,float,instruments.*.fundamental.marketCapFloat;instruments.*.fundamental.shortIntToFloat,quotes.quote.totalVolume;chains.callExpDateMap.*.totalVolume;chains.putExpDateMap.*.totalVolume,V3-B universal catch-all (CSV-derived vocabulary),NOT_MARKET_DATA,,,NOT_MARKET_DATA: scoped mechanical classifier tail; production wire reads tracked in governance/SCHWAB_V4_REVIEW_MEMOS cone walk
b04e24be4cdae97920b0,py,call_engine.py,125,0,TEXT_LINE_MARKET_TOKEN,RR_FLOOR_MARGINAL: float = 1.5,float,instruments.*.fundamental.marketCapFloat;instruments.*.fundamental.shortIntToFloat,chains.underlying.totalVolume;chains.callExpDateMap.*.totalVolume;pricehistory.candles.*.volume,V3-B universal catch-all (CSV-derived vocabulary),NOT_MARKET_DATA,,,NOT_MARKET_DATA: scoped mechanical classifier tail; production wire reads tracked in governance/SCHWAB_V4_REVIEW_MEMOS cone walk
52c726da5374c2da1106,py,call_engine.py,126,0,TEXT_LINE_MARKET_TOKEN,RR_MULT_WEAK: float = 0.25,float,instruments.*.fundamental.marketCapFloat;instruments.*.fundamental.shortIntToFloat,chains.putExpDateMap.*.totalVolume;quotes.regular.regularMarketLastSize;chains.callExpDateMap.*.totalVolume,V3-B universal catch-all (CSV-derived vocabulary),NOT_MARKET_DATA,,,NOT_MARKET_DATA: scoped mechanical classifier tail; production wire reads tracked in governance/SCHWAB_V4_REVIEW_MEMOS cone walk
aa649d1106f9247433b4,py,call_engine.py,127,0,TEXT_LINE_MARKET_TOKEN,RR_MULT_MARGINAL: float = 0.60,float,instruments.*.fundamental.marketCapFloat;instruments.*.fundamental.shortIntToFloat,chains.callExpDateMap.*.totalVolume;chains.putExpDateMap.*.totalVolume;chains.underlying.totalVolume,V3-B universal catch-all (CSV-derived vocabulary),NOT_MARKET_DATA,,,NOT_MARKET_DATA: scoped mechanical classifier tail; production wire reads tracked in governance/SCHWAB_V4_REVIEW_MEMOS cone walk
d40843a4a8ace565567a,py,call_engine.py,128,0,TEXT_LINE_MARKET_TOKEN,TIME_MULT_CLOSING: float = 0.0,float,instruments.*.fundamental.marketCapFloat;instruments.*.fundamental.shortIntToFloat,chains.putExpDateMap.*.theoreticalVolatility;chains.callExpDateMap.*.theoreticalVolatility;chains.putExpDateMap.*.volatility,V3-B universal catch-all (CSV-derived vocabulary),NOT_MARKET_DATA,,,NOT_MARKET_DATA: scoped mechanical classifier tail; production wire reads tracked in governance/SCHWAB_V4_REVIEW_MEMOS cone walk
b25e1a920e7e08c2c090,py,call_engine.py,129,0,TEXT_LINE_MARKET_TOKEN,TIME_MULT_ONE_HOUR: float = 0.40,float,instruments.*.fundamental.marketCapFloat;instruments.*.fundamental.shortIntToFloat,chains.putExpDateMap.*.totalVolume;quotes.quote.totalVolume;chains.callExpDateMap.*.totalVolume,V3-B universal catch-all (CSV-derived vocabulary),NOT_MARKET_DATA,,,NOT_MARKET_DATA: scoped mechanical classifier tail; production wire reads tracked in governance/SCHWAB_V4_REVIEW_MEMOS cone walk
42615d83c326668442d9,py,call_engine.py,130,0,TEXT_LINE_MARKET_TOKEN,TIME_MULT_TWO_HOUR: float = 0.70,float,instruments.*.fundamental.marketCapFloat;instruments.*.fundamental.shortIntToFloat,chains.putExpDateMap.*.totalVolume;quotes.quote.totalVolume;chains.callExpDateMap.*.totalVolume,V3-B universal catch-all (CSV-derived vocabulary),NOT_MARKET_DATA,,,NOT_MARKET_DATA: scoped mechanical classifier tail; production wire reads tracked in governance/SCHWAB_V4_REVIEW_MEMOS cone walk
548692634c8f45b0dcd1,py,call_engine.py,131,0,TEXT_LINE_MARKET_TOKEN,R_UNITS_CAP: float = 1.25,float,instruments.*.fundamental.marketCapFloat;instruments.*.fundamental.shortIntToFloat,quotes.quote.askSize;pricehistory.candles;market_hours.future._1OZ.isOpen,V3-B universal catch-all (CSV-derived vocabulary),NOT_MARKET_DATA,,,NOT_MARKET_DATA: scoped mechanical classifier tail; production wire reads tracked in governance/SCHWAB_V4_REVIEW_MEMOS cone walk
8d3296c50211d322d13c,py,call_engine.py,132,0,TEXT_LINE_MARKET_TOKEN,CONF_MULT_CAP_WITH_AGREEMENT: float = 1.25,float,instruments.*.fundamental.marketCapFloat;instruments.*.fundamental.shortIntToFloat,streaming.content.*.ASKS.*.TOTAL_VOLUME;streaming.content.*.REGULAR_MARKET_LAST_PRICE;chains.putExpDateMap.*.totalVolume,V3-B universal catch-all (CSV-derived vocabulary),NOT_MARKET_DATA,,,NOT_MARKET_DATA: scoped mechanical classifier tail; production wire reads tracked in governance/SCHWAB_V4_REVIEW_MEMOS cone walk
950631e98605b811a9c7,py,call_engine.py,135,0,TEXT_LINE_MARKET_TOKEN,LEVEL_PROXIMITY_NEAR_PTS: float = 2.0,float,instruments.*.fundamental.marketCapFloat;instruments.*.fundamental.shortIntToFloat,chains.putExpDateMap.*.totalVolume;chains.callExpDateMap.*.totalVolume;chains.putExpDateMap.*.theoreticalVolatility,V3-B universal catch-all (CSV-derived vocabulary),NOT_MARKET_DATA,,,NOT_MARKET_DATA: scoped mechanical classifier tail; production wire reads tracked in governance/SCHWAB_V4_REVIEW_MEMOS cone walk
4c30ca8744b13df33d70,py,call_engine.py,136,0,TEXT_LINE_MARKET_TOKEN,LEVEL_PROXIMITY_MID_PTS: float = 5.0,float,instruments.*.fundamental.marketCapFloat;instruments.*.fundamental.shortIntToFloat,chains.putExpDateMap.*.theoreticalVolatility;chains.putExpDateMap.*.totalVolume;chains.putExpDateMap.*.volatility,V3-B universal catch-all (CSV-derived vocabulary),NOT_MARKET_DATA,,,NOT_MARKET_DATA: scoped mechanical classifier tail; production wire reads tracked in governance/SCHWAB_V4_REVIEW_MEMOS cone walk
54beecb80385b60ec478,py,call_engine.py,139,0,TEXT_LINE_MARKET_TOKEN,VOL_CONV_MULT_DOWNGRADE_THRESHOLD: float = 0.85,float,instruments.*.fundamental.marketCapFloat;instruments.*.fundamental.shortIntToFloat,chains.callExpDateMap.*.totalVolume;chains.putExpDateMap.*.totalVolume;chains.underlying.totalVolume,V3-B universal catch-all (CSV-derived vocabulary),NOT_MARKET_DATA,,,NOT_MARKET_DATA: scoped mechanical classifier tail; production wire reads tracked in governance/SCHWAB_V4_REVIEW_MEMOS cone walk
6a7fc3c3a065c29aeebd,py,call_engine.py,140,0,TEXT_LINE_MARKET_TOKEN,VOL_CONV_MULT_DOUBLE_DOWNGRADE_THRESHOLD: float = 0.75,float,instruments.*.fundamental.marketCapFloat;instruments.*.fundamental.shortIntToFloat,quotes.quote.totalVolume;quotes.extended.totalVolume;chains.callExpDateMap.*.totalVolume,V3-B universal catch-all (CSV-derived vocabulary),NOT_MARKET_DATA,,,NOT_MARKET_DATA: scoped mechanical classifier tail; production wire reads tracked in governance/SCHWAB_V4_REVIEW_MEMOS cone walk
1959b8c16e613c5a485b,py,call_engine.py,141,0,TEXT_LINE_MARKET_TOKEN,ZONE_FRESH_BARS_DOWNGRADE_MAX: int = 2,int,instruments.*.fundamental.shortIntDayToCover;instruments.*.fundamental.shortIntToFloat,chains.putExpDateMap.*.askSize;quotes.extended.askSize;quotes.quote.askSize,V3-B universal catch-all (CSV-derived vocabulary),NOT_MARKET_DATA,,,NOT_MARKET_DATA: scoped mechanical classifier tail; production wire reads tracked in governance/SCHWAB_V4_REVIEW_MEMOS cone walk
ca7084aa0c37b753e1ad,py,call_engine.py,143,0,TEXT_LINE_MARKET_TOKEN,# Cross-instrument signal,instrument,,streaming.content.*.ASKS.*.ASKS;streaming.content.*.ASKS.*.NUM_ASKS;streaming.content.*.SECURITY_STATUS,V3-B universal catch-all (CSV-derived vocabulary),NOT_MARKET_DATA,,,NOT_MARKET_DATA: scoped mechanical classifier tail; production wire reads tracked in governance/SCHWAB_V4_REVIEW_MEMOS cone walk
6715f3657759ef19137b,py,call_engine.py,144,0,TEXT_LINE_MARKET_TOKEN,CROSS_INSTRUMENT_STRONG_THRESHOLD: float = 0.40,float,instruments.*.fundamental.marketCapFloat;instruments.*.fundamental.shortIntToFloat,streaming.content.*.ASKS.*.TOTAL_VOLUME;streaming.content.*.ASK_SIZE;streaming.content.*.ASKS,V3-B universal catch-all (CSV-derived vocabulary),NOT_MARKET_DATA,,,NOT_MARKET_DATA: scoped mechanical classifier tail; production wire reads tracked in governance/SCHWAB_V4_REVIEW_MEMOS cone walk
c5bc404de18bd8fc4fc8,py,call_engine.py,145,0,TEXT_LINE_MARKET_TOKEN,CROSS_INSTRUMENT_WEAK_THRESHOLD: float = 0.10,float,instruments.*.fundamental.marketCapFloat;instruments.*.fundamental.shortIntToFloat,quotes.quote.askSize;streaming.content.*.ASK_SIZE;chains.putExpDateMap.*.askSize,V3-B universal catch-all (CSV-derived vocabulary),NOT_MARKET_DATA,,,NOT_MARKET_DATA: scoped mechanical classifier tail; production wire reads tracked in governance/SCHWAB_V4_REVIEW_MEMOS cone walk
7ab8bfc7a01893d4770d,py,call_engine.py,146,0,TEXT_LINE_MARKET_TOKEN,CROSS_INSTRUMENT_DIR_EPS: float = 0.10,float,instruments.*.fundamental.marketCapFloat;instruments.*.fundamental.shortIntToFloat,quotes.quote.askSize;chains.putExpDateMap.*.askSize;chains.putExpDateMap.*.openInterest,V3-B universal catch-all (CSV-derived vocabulary),NOT_MARKET_DATA,,,NOT_MARKET_DATA: scoped mechanical classifier tail; production wire reads tracked in governance/SCHWAB_V4_REVIEW_MEMOS cone walk
dcaac65434bec91f2448,py,call_engine.py,147,0,TEXT_LINE_MARKET_TOKEN,CROSS_INSTRUMENT_QQQ_LEAD_THRESHOLD: float = 0.20,float,instruments.*.fundamental.marketCapFloat;instruments.*.fundamental.shortIntToFloat,quotes.quote.askSize;quotes.quote.bidSize;streaming.content.*.ASK_SIZE,V3-B universal catch-all (CSV-derived vocabulary),NOT_MARKET_DATA,,,NOT_MARKET_DATA: scoped mechanical classifier tail; production wire reads tracked in governance/SCHWAB_V4_REVIEW_MEMOS cone walk
950b0a4bddf9ace79069,py,call_engine.py,148,0,TEXT_LINE_MARKET_TOKEN,CROSS_INSTRUMENT_IWM_RISK_THRESHOLD: float = 0.50,float,instruments.*.fundamental.marketCapFloat;instruments.*.fundamental.shortIntToFloat,quotes.quote.askSize;streaming.content.*.ASK_SIZE;chains.putExpDateMap.*.askSize,V3-B universal catch-all (CSV-derived vocabulary),NOT_MARKET_DATA,,,NOT_MARKET_DATA: scoped mechanical classifier tail; production wire reads tracked in governance/SCHWAB_V4_REVIEW_MEMOS cone walk
3270e59875e5e1686472,py,call_engine.py,150,0,TEXT_LINE_MARKET_TOKEN,# MH size tier (sizing modifier),size,chains.callExpDateMap.*.askSize;chains.callExpDateMap.*.bidAskSize;chains.callExpDateMap.*.bidSize;chains.callExpDateMap.*.lastSize;chains.putExpDateMap.*.askSize;chains.putExpDateMap.*.bidAskSize;chains.putExpDateMap.*.bidSize;chains.putExpDateMap.*.lastSize;chains.underlying.askSize;chains.underlying.bidSize;quotes.extended.askSize;quotes.extended.bidSize;quotes.extended.lastSize;quotes.quote.askSize;quotes.quote.bidSize;quotes.quote.lastSize;quotes.regular.regularMarketLastSize;streaming.content.*.ASK_SIZE;streaming.content.*.BID_SIZE;streaming.content.*.LAST_SIZE;streaming.content.*.REGULAR_MARKET_LAST_SIZE,chains.underlying.bidSize;chains.volatility;quotes.quote.bidSize,V3-B universal catch-all (CSV-derived vocabulary),NOT_MARKET_DATA,,,NOT_MARKET_DATA: scoped mechanical classifier tail; production wire reads tracked in governance/SCHWAB_V4_REVIEW_MEMOS cone walk
b97f8d2ab40e7eae6e97,py,call_engine.py,151,0,TEXT_LINE_MARKET_TOKEN,MH_SIZE_TIER_3_MAX_MOD: float = 0.30,float,instruments.*.fundamental.marketCapFloat;instruments.*.fundamental.shortIntToFloat,chains.putExpDateMap.*.askSize;chains.putExpDateMap.*.bidSize;chains.callExpDateMap.*.askSize,V3-B universal catch-all (CSV-derived vocabulary),NOT_MARKET_DATA,,,NOT_MARKET_DATA: scoped mechanical classifier tail; production wire reads tracked in governance/SCHWAB_V4_REVIEW_MEMOS cone walk
56b72ea9b98a0ce08351,py,call_engine.py,152,0,TEXT_LINE_MARKET_TOKEN,MH_SIZE_TIER_2_MAX_MOD: float = 0.45,float,instruments.*.fundamental.marketCapFloat;instruments.*.fundamental.shortIntToFloat,chains.putExpDateMap.*.askSize;quotes.quote.askSize;streaming.content.*.ASK_SIZE,V3-B universal catch-all (CSV-derived vocabulary),NOT_MARKET_DATA,,,NOT_MARKET_DATA: scoped mechanical classifier tail; production wire reads tracked in governance/SCHWAB_V4_REVIEW_MEMOS cone walk
add5bb14452c785b55c8,py,call_engine.py,153,0,TEXT_LINE_MARKET_TOKEN,MH_SIZE_TIER_1_MAX_MOD: float = 0.80,float,instruments.*.fundamental.marketCapFloat;instruments.*.fundamental.shortIntToFloat,chains.putExpDateMap.*.askSize;chains.putExpDateMap.*.bidSize;chains.putExpDateMap.*.totalVolume,V3-B universal catch-all (CSV-derived vocabulary),NOT_MARKET_DATA,,,NOT_MARKET_DATA: scoped mechanical classifier tail; production wire reads tracked in governance/SCHWAB_V4_REVIEW_MEMOS cone walk
c38abd797167046c8ca7,py,call_engine.py,161,0,TEXT_LINE_MARKET_TOKEN,"WAIT_BLOCKER_REASON_TIME = ""time""",time,chains.callExpDateMap.*.quoteTimeInLong;chains.callExpDateMap.*.timeValue;chains.callExpDateMap.*.tradeTimeInLong;chains.putExpDateMap.*.quoteTimeInLong;chains.putExpDateMap.*.timeValue;chains.putExpDateMap.*.tradeTimeInLong;chains.underlying.quoteTime;chains.underlying.tradeTime;quotes.extended.quoteTime;quotes.extended.tradeTime;quotes.quote.askTime;quotes.quote.bidTime;quotes.quote.quoteTime;quotes.quote.tradeTime;quotes.regular.regularMarketTradeTime;streaming.content.*.ASK_TIME_MILLIS;streaming.content.*.BID_TIME_MILLIS;streaming.content.*.BOOK_TIME;streaming.content.*.CHART_TIME_MILLIS;streaming.content.*.QUOTE_TIME_MILLIS;streaming.content.*.TRADE_TIME_MILLIS,quotes.quote.bidSize;streaming.content.*.BID_SIZE;quotes.quote.askSize,V3-B universal catch-all (CSV-derived vocabulary),NOT_MARKET_DATA,,,NOT_MARKET_DATA: scoped mechanical classifier tail; production wire reads tracked in governance/SCHWAB_V4_REVIEW_MEMOS cone walk
cc26ead96171bb4a8113,py,call_engine.py,164,0,TEXT_LINE_MARKET_TOKEN,"def _readiness_canonical_fields(canonical: CanonicalForecast) -> tuple[str, float]:",float,instruments.*.fundamental.marketCapFloat;instruments.*.fundamental.shortIntToFloat,chains.callExpDateMap.*.askSize;chains.callExpDateMap.*.bidSize;chains.callExpDateMap.*.theoreticalVolatility,V3-B universal catch-all (CSV-derived vocabulary),NOT_MARKET_DATA,,,NOT_MARKET_DATA: scoped mechanical classifier tail; production wire reads tracked in governance/SCHWAB_V4_REVIEW_MEMOS cone walk
df2c05e9d362578498a1,py,call_engine.py,165,0,TEXT_LINE_MARKET_TOKEN,"    """"""Withhold tradable direction/probability from readiness when canonical is non-tradable.""""""",non,chains.callExpDateMap.*.nonStandard;chains.putExpDateMap.*.nonStandard,chains.callExpDateMap.*.bidSize;chains.putExpDateMap.*.bidSize;chains.callExpDateMap.*.askSize,V3-B universal catch-all (CSV-derived vocabulary),NOT_MARKET_DATA,,,NOT_MARKET_DATA: scoped mechanical classifier tail; production wire reads tracked in governance/SCHWAB_V4_REVIEW_MEMOS cone walk
51107c014f964e32fa9e,py,call_engine.py,168,0,TEXT_LINE_MARKET_TOKEN,"        return ""flat"", 0.0",return,instruments.*.fundamental.returnOnAssets;instruments.*.fundamental.returnOnEquity;instruments.*.fundamental.returnOnInvestment,chains.putExpDateMap.*.totalVolume;quotes.regular.regularMarketLastPrice;chains.callExpDateMap.*.totalVolume,V3-B universal catch-all (CSV-derived vocabulary),NOT_MARKET_DATA,,,NOT_MARKET_DATA: scoped mechanical classifier tail; production wire reads tracked in governance/SCHWAB_V4_REVIEW_MEMOS cone walk
3f221805bbe4321b611f,py,call_engine.py,169,0,TEXT_LINE_MARKET_TOKEN,"    return (canonical.direction or ""flat"", canonical.dominant_probability())",return,instruments.*.fundamental.returnOnAssets;instruments.*.fundamental.returnOnEquity;instruments.*.fundamental.returnOnInvestment,chains.callExpDateMap.*.description;chains.callExpDateMap.*.theoreticalVolatility;chains.callExpDateMap.*.theoreticalOptionValue,V3-B universal catch-all (CSV-derived vocabulary),NOT_MARKET_DATA,,,NOT_MARKET_DATA: scoped mechanical classifier tail; production wire reads tracked in governance/SCHWAB_V4_REVIEW_MEMOS cone walk
992596d8b89eb123c36b,py,call_engine.py,172,0,TEXT_LINE_MARKET_TOKEN,def _mh_size_tier_from_modifier(mh_mod: float) -> int:,float int,instruments.*.fundamental.marketCapFloat;instruments.*.fundamental.shortIntToFloat;instruments.*.fundamental.shortIntDayToCover,quotes.quote.bidSize;streaming.content.*.BID_SIZE;chains.putExpDateMap.*.bidSize,V3-B universal catch-all (CSV-derived vocabulary),NOT_MARKET_DATA,,,NOT_MARKET_DATA: scoped mechanical classifier tail; production wire reads tracked in governance/SCHWAB_V4_REVIEW_MEMOS cone walk
a988363f895ff88045d3,py,call_engine.py,174,0,TEXT_LINE_MARKET_TOKEN,        return 3,return,instruments.*.fundamental.returnOnAssets;instruments.*.fundamental.returnOnEquity;instruments.*.fundamental.returnOnInvestment,market_hours.future.SR3.isOpen;market_hours.future.SR3.sessionHours.regularMarket.*.start;market_hours.future.RTY.sessionHours.regularMarket.*.start,V3-B universal catch-all (CSV-derived vocabulary),NOT_MARKET_DATA,,,NOT_MARKET_DATA: scoped mechanical classifier tail; production wire reads tracked in governance/SCHWAB_V4_REVIEW_MEMOS cone walk
a36ee5fab804f305cffe,py,call_engine.py,176,0,TEXT_LINE_MARKET_TOKEN,        return 2,return,instruments.*.fundamental.returnOnAssets;instruments.*.fundamental.returnOnEquity;instruments.*.fundamental.returnOnInvestment,market_hours.future.RTY.isOpen;quotes.regular.regularMarketTradeTime;market_hours.future.RB.isOpen,V3-B universal catch-all (CSV-derived vocabulary),NOT_MARKET_DATA,,,NOT_MARKET_DATA: scoped mechanical classifier tail; production wire reads tracked in governance/SCHWAB_V4_REVIEW_MEMOS cone walk
4db6ec52a6c308a259dc,py,call_engine.py,178,0,TEXT_LINE_MARKET_TOKEN,        return 1,return,instruments.*.fundamental.returnOnAssets;instruments.*.fundamental.returnOnEquity;instruments.*.fundamental.returnOnInvestment,quotes.regular.regularMarketTradeTime;market_hours.future.RTY.isOpen;market_hours.future.SR1.isOpen,V3-B universal catch-all (CSV-derived vocabulary),NOT_MARKET_DATA,,,NOT_MARKET_DATA: scoped mechanical classifier tail; production wire reads tracked in governance/SCHWAB_V4_REVIEW_MEMOS cone walk
d35b821d68d251f51c45,py,call_engine.py,179,0,TEXT_LINE_MARKET_TOKEN,    return 0,return,instruments.*.fundamental.returnOnAssets;instruments.*.fundamental.returnOnEquity;instruments.*.fundamental.returnOnInvestment,market_hours.future.XRP.isOpen;market_hours.future.RTY.isOpen;market_hours.future.RME.isOpen,V3-B universal catch-all (CSV-derived vocabulary),NOT_MARKET_DATA,,,NOT_MARKET_DATA: scoped mechanical classifier tail; production wire reads tracked in governance/SCHWAB_V4_REVIEW_MEMOS cone walk
889fb5bc585f288e0d4d,py,call_engine.py,182,0,TEXT_LINE_MARKET_TOKEN,def _size_cue_tier(cue: str) -> int:,int,instruments.*.fundamental.shortIntDayToCover;instruments.*.fundamental.shortIntToFloat,quotes.quote.bidSize;quotes.extended.bidSize;quotes.quote.askSize,V3-B universal catch-all (CSV-derived vocabulary),NOT_MARKET_DATA,,,NOT_MARKET_DATA: scoped mechanical classifier tail; production wire reads tracked in governance/SCHWAB_V4_REVIEW_MEMOS cone walk
1ae72086a3f83e02cd60,py,call_engine.py,185,0,TEXT_LINE_MARKET_TOKEN,        return 3,return,instruments.*.fundamental.returnOnAssets;instruments.*.fundamental.returnOnEquity;instruments.*.fundamental.returnOnInvestment,market_hours.future.SR3.isOpen;market_hours.future.SR3.sessionHours.regularMarket.*.start;market_hours.future.RTY.sessionHours.regularMarket.*.start,V3-B universal catch-all (CSV-derived vocabulary),NOT_MARKET_DATA,,,NOT_MARKET_DATA: scoped mechanical classifier tail; production wire reads tracked in governance/SCHWAB_V4_REVIEW_MEMOS cone walk
27fa47688e318a852ef3,py,call_engine.py,187,0,TEXT_LINE_MARKET_TOKEN,        return 2,return,instruments.*.fundamental.returnOnAssets;instruments.*.fundamental.returnOnEquity;instruments.*.fundamental.returnOnInvestment,market_hours.future.RTY.isOpen;quotes.regular.regularMarketTradeTime;market_hours.future.RB.isOpen,V3-B universal catch-all (CSV-derived vocabulary),NOT_MARKET_DATA,,,NOT_MARKET_DATA: scoped mechanical classifier tail; production wire reads tracked in governance/SCHWAB_V4_REVIEW_MEMOS cone walk
59b04f2e33e7e5f8507b,py,call_engine.py,189,0,TEXT_LINE_MARKET_TOKEN,        return 1,return,instruments.*.fundamental.returnOnAssets;instruments.*.fundamental.returnOnEquity;instruments.*.fundamental.returnOnInvestment,quotes.regular.regularMarketTradeTime;market_hours.future.RTY.isOpen;market_hours.future.SR1.isOpen,V3-B universal catch-all (CSV-derived vocabulary),NOT_MARKET_DATA,,,NOT_MARKET_DATA: scoped mechanical classifier tail; production wire reads tracked in governance/SCHWAB_V4_REVIEW_MEMOS cone walk
9ef13930fce320bed63b,py,call_engine.py,190,0,TEXT_LINE_MARKET_TOKEN,    return 0,return,instruments.*.fundamental.returnOnAssets;instruments.*.fundamental.returnOnEquity;instruments.*.fundamental.returnOnInvestment,market_hours.future.XRP.isOpen;market_hours.future.RTY.isOpen;market_hours.future.RME.isOpen,V3-B universal catch-all (CSV-derived vocabulary),NOT_MARKET_DATA,,,NOT_MARKET_DATA: scoped mechanical classifier tail; production wire reads tracked in governance/SCHWAB_V4_REVIEW_MEMOS cone walk
5ae8216a42a6826a7a8c,py,call_engine.py,193,0,TEXT_LINE_MARKET_TOKEN,def _tier_to_size_cue(tier: int) -> str:,int,instruments.*.fundamental.shortIntDayToCover;instruments.*.fundamental.shortIntToFloat,quotes.quote.bidSize;streaming.content.*.BID_SIZE;quotes.quote.askSize,V3-B universal catch-all (CSV-derived vocabulary),NOT_MARKET_DATA,,,NOT_MARKET_DATA: scoped mechanical classifier tail; production wire reads tracked in governance/SCHWAB_V4_REVIEW_MEMOS cone walk
a46a12562eaad59e8346,py,call_engine.py,195,0,TEXT_LINE_MARKET_TOKEN,"        return ""SKIP""",return,instruments.*.fundamental.returnOnAssets;instruments.*.fundamental.returnOnEquity;instruments.*.fundamental.returnOnInvestment,market_hours.future.RB.isOpen;market_hours.future.MRB.isOpen;market_hours.future.BTC.isOpen,V3-B universal catch-all (CSV-derived vocabulary),NOT_MARKET_DATA,,,NOT_MARKET_DATA: scoped mechanical classifier tail; production wire reads tracked in governance/SCHWAB_V4_REVIEW_MEMOS cone walk
882ffbf10ee8588f6f91,py,call_engine.py,197,0,TEXT_LINE_MARKET_TOKEN,"        return ""QUARTER""",return,instruments.*.fundamental.returnOnAssets;instruments.*.fundamental.returnOnEquity;instruments.*.fundamental.returnOnInvestment,quotes.regular.regularMarketTradeTime;quotes.regular.regularMarketLastSize;market_hours.future.RB.isOpen,V3-B universal catch-all (CSV-derived vocabulary),NOT_MARKET_DATA,,,NOT_MARKET_DATA: scoped mechanical classifier tail; production wire reads tracked in governance/SCHWAB_V4_REVIEW_MEMOS cone walk
2a1dcd2aeca9915908f4,py,call_engine.py,199,0,TEXT_LINE_MARKET_TOKEN,"        return ""HALF""",return,instruments.*.fundamental.returnOnAssets;instruments.*.fundamental.returnOnEquity;instruments.*.fundamental.returnOnInvestment,quotes.regular.regularMarketLastSize;market_hours.future.BFF.isOpen;market_hours.future.RB.isOpen,V3-B universal catch-all (CSV-derived vocabulary),NOT_MARKET_DATA,,,NOT_MARKET_DATA: scoped mechanical classifier tail; production wire reads tracked in governance/SCHWAB_V4_REVIEW_MEMOS cone walk
b1de9dca9b818e5f82d5,py,call_engine.py,200,0,TEXT_LINE_MARKET_TOKEN,"    return ""FULL""",return,instruments.*.fundamental.returnOnAssets;instruments.*.fundamental.returnOnEquity;instruments.*.fundamental.returnOnInvestment,quotes.regular.regularMarketLastSize;quotes.regular.regularMarketLastPrice;quotes.regular.regularMarketTradeTime,V3-B universal catch-all (CSV-derived vocabulary),NOT_MARKET_DATA,,,NOT_MARKET_DATA: scoped mechanical classifier tail; production wire reads tracked in governance/SCHWAB_V4_REVIEW_MEMOS cone walk
6d7d1a1226f02f590636,py,call_engine.py,203,0,TEXT_LINE_MARKET_TOKEN,"def _merge_size_cue_with_mh(base_cue: str, mh_modifier: float) -> str:",float,instruments.*.fundamental.marketCapFloat;instruments.*.fundamental.shortIntToFloat,quotes.quote.askSize;quotes.quote.bidSize;quotes.extended.askSize,V3-B universal catch-all (CSV-derived vocabulary),NOT_MARKET_DATA,,,NOT_MARKET_DATA: scoped mechanical classifier tail; production wire reads tracked in governance/SCHWAB_V4_REVIEW_MEMOS cone walk
ea7c50da66662acab152,py,call_engine.py,206,0,TEXT_LINE_MARKET_TOKEN,    return _tier_to_size_cue(t),return,instruments.*.fundamental.returnOnAssets;instruments.*.fundamental.returnOnEquity;instruments.*.fundamental.returnOnInvestment,streaming.content.*.BID_SIZE;streaming.content.*.ASK_SIZE;quotes.quote.bidSize,V3-B universal catch-all (CSV-derived vocabulary),NOT_MARKET_DATA,,,NOT_MARKET_DATA: scoped mechanical classifier tail; production wire reads tracked in governance/SCHWAB_V4_REVIEW_MEMOS cone walk
0ac2cc1532c30f604bfa,py,call_engine.py,218,0,TEXT_LINE_MARKET_TOKEN,"    """"""Classify the trade type from micro regime + zone context.""""""",the trade type regime,chains.callExpDateMap.*.inTheMoney;chains.putExpDateMap.*.inTheMoney;chains.callExpDateMap.*.tradeTimeInLong;chains.putExpDateMap.*.tradeTimeInLong;chains.underlying.tradeTime;quotes.extended.tradeTime;quotes.quote.tradeTime;quotes.regular.regularMarketTradeTime;streaming.content.*.REGULAR_MARKET_TRADE;streaming.content.*.REGULAR_MARKET_TRADE_MILLIS;streaming.content.*.TRADE_TIME_MILLIS;chains.assetMainType;chains.assetSubType;chains.callExpDateMap.*.exerciseType;chains.callExpDateMap.*.expirationType;chains.callExpDateMap.*.optionDeliverablesList.*.assetType;chains.callExpDateMap.*.optionDeliverablesList.*.currencyType;chains.callExpDateMap.*.settlementType;chains.putExpDateMap.*.exerciseType;chains.putExpDateMap.*.expirationType;chains.putExpDateMap.*.optionDeliverablesList.*.assetType;chains.putExpDateMap.*.optionDeliverablesList.*.currencyType;chains.putExpDateMap.*.settlementType;instruments.*.assetType;market_hours.bond.BON.marketType,quotes.quote.bidSize;streaming.content.*.BIDS;quotes.quote.askSize,V3-B universal catch-all (CSV-derived vocabulary),NOT_MARKET_DATA,,,NOT_MARKET_DATA: scoped mechanical classifier tail; production wire reads tracked in governance/SCHWAB_V4_REVIEW_MEMOS cone walk
f70b6a86f7f11bc510b7,py,call_engine.py,226,0,TEXT_LINE_MARKET_TOKEN,"        return ""none""",return,instruments.*.fundamental.returnOnAssets;instruments.*.fundamental.returnOnEquity;instruments.*.fundamental.returnOnInvestment,quotes.reference.htbRate;quotes.reference.isHardToBorrow;quotes.reference.isShortable,V3-B universal catch-all (CSV-derived vocabulary),NOT_MARKET_DATA,,,NOT_MARKET_DATA: scoped mechanical classifier tail; production wire reads tracked in governance/SCHWAB_V4_REVIEW_MEMOS cone walk
5503aa661604dbe9e69c,py,call_engine.py,228,0,TEXT_LINE_MARKET_TOKEN,    # Trend continuation: micro says trending + signal follows the trend,the,chains.callExpDateMap.*.inTheMoney;chains.putExpDateMap.*.inTheMoney,streaming.content.*.ASKS;streaming.content.*.BIDS;pricehistory.candles.*.datetime,V3-B universal catch-all (CSV-derived vocabulary),NOT_MARKET_DATA,,,NOT_MARKET_DATA: scoped mechanical classifier tail; production wire reads tracked in governance/SCHWAB_V4_REVIEW_MEMOS cone walk
4f991d06ef22250b517e,py,call_engine.py,230,0,TEXT_LINE_MARKET_TOKEN,"        return ""trend_continuation""",return,instruments.*.fundamental.returnOnAssets;instruments.*.fundamental.returnOnEquity;instruments.*.fundamental.returnOnInvestment,streaming.content.*.BIDS.*.BID_PRICE;instruments.*.fundamental.currentRatio;streaming.content.*.HARD_TO_BORROW,V3-B universal catch-all (CSV-derived vocabulary),NOT_MARKET_DATA,,,NOT_MARKET_DATA: scoped mechanical classifier tail; production wire reads tracked in governance/SCHWAB_V4_REVIEW_MEMOS cone walk
3ac5241a7f4c66af8ce8,py,call_engine.py,234,0,TEXT_LINE_MARKET_TOKEN,"        return ""breakout""",return,instruments.*.fundamental.returnOnAssets;instruments.*.fundamental.returnOnEquity;instruments.*.fundamental.returnOnInvestment,market_hours.future.RB.isOpen;market_hours.future.BTC.isOpen;market_hours.future.MRB.isOpen,V3-B universal catch-all (CSV-derived vocabulary),NOT_MARKET_DATA,,,NOT_MARKET_DATA: scoped mechanical classifier tail; production wire reads tracked in governance/SCHWAB_V4_REVIEW_MEMOS cone walk
b2e5cb7684f3811045f4,py,call_engine.py,238,0,TEXT_LINE_MARKET_TOKEN,"        return ""reversal""",return,instruments.*.fundamental.returnOnAssets;instruments.*.fundamental.returnOnEquity;instruments.*.fundamental.returnOnInvestment,quotes.regular.regularMarketLastSize;movers.screeners.*.totalVolume;movers.screeners.*.volume,V3-B universal catch-all (CSV-derived vocabulary),NOT_MARKET_DATA,,,NOT_MARKET_DATA: scoped mechanical classifier tail; production wire reads tracked in governance/SCHWAB_V4_REVIEW_MEMOS cone walk
e9dd71213b4acf61dee7,py,call_engine.py,240,0,TEXT_LINE_MARKET_TOKEN,    # Range + pin zone = fade the wall,the,chains.callExpDateMap.*.inTheMoney;chains.putExpDateMap.*.inTheMoney,chains.callExpDateMap.*.vega;chains.callExpDateMap.*.theta;chains.callExpDateMap.*.delta,V3-B universal catch-all (CSV-derived vocabulary),NOT_MARKET_DATA,,,NOT_MARKET_DATA: scoped mechanical classifier tail; production wire reads tracked in governance/SCHWAB_V4_REVIEW_MEMOS cone walk
1c96c7d7c530c1d37b51,py,call_engine.py,242,0,TEXT_LINE_MARKET_TOKEN,"        return ""fade""",return,instruments.*.fundamental.returnOnAssets;instruments.*.fundamental.returnOnEquity;instruments.*.fundamental.returnOnInvestment,quotes.extended.bidSize;quotes.quote.bidSize;quotes.extended.askSize,V3-B universal catch-all (CSV-derived vocabulary),NOT_MARKET_DATA,,,NOT_MARKET_DATA: scoped mechanical classifier tail; production wire reads tracked in governance/SCHWAB_V4_REVIEW_MEMOS cone walk
28226a1421ac1cbfa640,py,call_engine.py,246,0,TEXT_LINE_MARKET_TOKEN,"        return ""mean_reversion""",return,instruments.*.fundamental.returnOnAssets;instruments.*.fundamental.returnOnEquity;instruments.*.fundamental.returnOnInvestment,movers.screeners.*.volume;movers.screeners.*.totalVolume;streaming.content.*.BID_SIZE,V3-B universal catch-all (CSV-derived vocabulary),NOT_MARKET_DATA,,,NOT_MARKET_DATA: scoped mechanical classifier tail; production wire reads tracked in governance/SCHWAB_V4_REVIEW_MEMOS cone walk
d12cac767d95741bb4ec,py,call_engine.py,248,0,TEXT_LINE_MARKET_TOKEN,"    # Compression: waiting for direction, but if forced to trade",trade,chains.callExpDateMap.*.tradeTimeInLong;chains.putExpDateMap.*.tradeTimeInLong;chains.underlying.tradeTime;quotes.extended.tradeTime;quotes.quote.tradeTime;quotes.regular.regularMarketTradeTime;streaming.content.*.REGULAR_MARKET_TRADE;streaming.content.*.REGULAR_MARKET_TRADE_MILLIS;streaming.content.*.TRADE_TIME_MILLIS,quotes.quote.bidSize;quotes.quote.askSize;streaming.content.*.BIDS,V3-B universal catch-all (CSV-derived vocabulary),NOT_MARKET_DATA,,,NOT_MARKET_DATA: scoped mechanical classifier tail; production wire reads tracked in governance/SCHWAB_V4_REVIEW_MEMOS cone walk
98e6a4d0369816be8764,py,call_engine.py,250,0,TEXT_LINE_MARKET_TOKEN,"        return ""breakout""",return,instruments.*.fundamental.returnOnAssets;instruments.*.fundamental.returnOnEquity;instruments.*.fundamental.returnOnInvestment,market_hours.future.RB.isOpen;market_hours.future.BTC.isOpen;market_hours.future.MRB.isOpen,V3-B universal catch-all (CSV-derived vocabulary),NOT_MARKET_DATA,,,NOT_MARKET_DATA: scoped mechanical classifier tail; production wire reads tracked in governance/SCHWAB_V4_REVIEW_MEMOS cone walk
18a3fb965b2625ee1afc,py,call_engine.py,252,0,TEXT_LINE_MARKET_TOKEN,"    return ""none""",return,instruments.*.fundamental.returnOnAssets;instruments.*.fundamental.returnOnEquity;instruments.*.fundamental.returnOnInvestment,quotes.reference.htbRate;quotes.reference.isHardToBorrow;quotes.reference.isShortable,V3-B universal catch-all (CSV-derived vocabulary),NOT_MARKET_DATA,,,NOT_MARKET_DATA: scoped mechanical classifier tail; production wire reads tracked in governance/SCHWAB_V4_REVIEW_MEMOS cone walk
bf1156d8a98f54a2f219,py,call_engine.py,263,0,TEXT_LINE_MARKET_TOKEN,"        return """"",return,instruments.*.fundamental.returnOnAssets;instruments.*.fundamental.returnOnEquity;instruments.*.fundamental.returnOnInvestment,market_hours.future.RB.isOpen;market_hours.future.MRB.isOpen;market_hours.future.BTC.isOpen,V3-B universal catch-all (CSV-derived vocabulary),NOT_MARKET_DATA,,,NOT_MARKET_DATA: scoped mechanical classifier tail; production wire reads tracked in governance/SCHWAB_V4_REVIEW_MEMOS cone walk
6ac0f72e6ed5d6f48e81,py,call_engine.py,269,0,TEXT_LINE_MARKET_TOKEN,"        if final_signal == ""long"" and micro.structure_support:",long,chains.callExpDateMap.*.quoteTimeInLong;chains.callExpDateMap.*.tradeTimeInLong;chains.putExpDateMap.*.quoteTimeInLong;chains.putExpDateMap.*.tradeTimeInLong,chains.underlying.askSize;streaming.content.*.BIDS;chains.putExpDateMap.*.bidSize,V3-B universal catch-all (CSV-derived vocabulary),NOT_MARKET_DATA,,,NOT_MARKET_DATA: scoped mechanical classifier tail; production wire reads tracked in governance/SCHWAB_V4_REVIEW_MEMOS cone walk
8197b7efa377cce4f1bb,py,call_engine.py,270,0,TEXT_LINE_MARKET_TOKEN,"            parts.append(f""Invalid if 5min closes below {micro.structure_support:.2f} swing low"")",low,chains.callExpDateMap.*.lowPrice;chains.putExpDateMap.*.lowPrice;chains.underlying.fiftyTwoWeekLow;chains.underlying.lowPrice;pricehistory.candles.*.low;quotes.quote.52WeekLow;quotes.quote.lowPrice;streaming.content.*.LOW_PRICE;streaming.content.*.LOW_PRICE_52_WEEK,chains.putExpDateMap.*.bidSize;chains.putExpDateMap.*.askSize;chains.callExpDateMap.*.bidSize,V3-B universal catch-all (CSV-derived vocabulary),NOT_MARKET_DATA,,,NOT_MARKET_DATA: scoped mechanical classifier tail; production wire reads tracked in governance/SCHWAB_V4_REVIEW_MEMOS cone walk
30db4eec27c49ba3fd5c,py,call_engine.py,271,0,TEXT_LINE_MARKET_TOKEN,"        elif final_signal == ""short"" and micro.structure_resist:",short,instruments.*.fundamental.shortIntDayToCover;instruments.*.fundamental.shortIntToFloat,chains.underlying.askSize;quotes.quote.askSize;quotes.quote.bidSize,V3-B universal catch-all (CSV-derived vocabulary),NOT_MARKET_DATA,,,NOT_MARKET_DATA: scoped mechanical classifier tail; production wire reads tracked in governance/SCHWAB_V4_REVIEW_MEMOS cone walk
392ec62f3b0ba7e3e697,py,call_engine.py,272,0,TEXT_LINE_MARKET_TOKEN,"            parts.append(f""Invalid if 5min closes above {micro.structure_resist:.2f} swing high"")",high,chains.callExpDateMap.*.highPrice;chains.putExpDateMap.*.highPrice;chains.underlying.fiftyTwoWeekHigh;chains.underlying.highPrice;pricehistory.candles.*.high;quotes.quote.52WeekHigh;quotes.quote.highPrice;streaming.content.*.HIGH_PRICE;streaming.content.*.HIGH_PRICE_52_WEEK,chains.putExpDateMap.*.bidSize;chains.putExpDateMap.*.askSize;chains.underlying.askSize,V3-B universal catch-all (CSV-derived vocabulary),NOT_MARKET_DATA,,,NOT_MARKET_DATA: scoped mechanical classifier tail; production wire reads tracked in governance/SCHWAB_V4_REVIEW_MEMOS cone walk
7e374d2c5a077f696b05,py,call_engine.py,274,0,TEXT_LINE_MARKET_TOKEN,    # Trade-type specific invalidation,trade type,chains.callExpDateMap.*.tradeTimeInLong;chains.putExpDateMap.*.tradeTimeInLong;chains.underlying.tradeTime;quotes.extended.tradeTime;quotes.quote.tradeTime;quotes.regular.regularMarketTradeTime;streaming.content.*.REGULAR_MARKET_TRADE;streaming.content.*.REGULAR_MARKET_TRADE_MILLIS;streaming.content.*.TRADE_TIME_MILLIS;chains.assetMainType;chains.assetSubType;chains.callExpDateMap.*.exerciseType;chains.callExpDateMap.*.expirationType;chains.callExpDateMap.*.optionDeliverablesList.*.assetType;chains.callExpDateMap.*.optionDeliverablesList.*.currencyType;chains.callExpDateMap.*.settlementType;chains.putExpDateMap.*.exerciseType;chains.putExpDateMap.*.expirationType;chains.putExpDateMap.*.optionDeliverablesList.*.assetType;chains.putExpDateMap.*.optionDeliverablesList.*.currencyType;chains.putExpDateMap.*.settlementType;instruments.*.assetType;market_hours.bond.BON.marketType;market_hours.equity.EQ.marketType;market_hours.forex.forex.marketType,chains.putExpDateMap.*.volatility;chains.callExpDateMap.*.volatility;chains.putExpDateMap.*.theoreticalVolatility,V3-B universal catch-all (CSV-derived vocabulary),NOT_MARKET_DATA,,,NOT_MARKET_DATA: scoped mechanical classifier tail; production wire reads tracked in governance/SCHWAB_V4_REVIEW_MEMOS cone walk
6b6dc880ef8ca900ef8a,py,call_engine.py,276,0,TEXT_LINE_MARKET_TOKEN,"        if final_signal == ""short"" and inp.call_gamma_wall:",short,instruments.*.fundamental.shortIntDayToCover;instruments.*.fundamental.shortIntToFloat,chains.callExpDateMap.*.askSize;chains.callExpDateMap.*.theoreticalVolatility;chains.callExpDateMap.*.bidSize,V3-B universal catch-all (CSV-derived vocabulary),NOT_MARKET_DATA,,,NOT_MARKET_DATA: scoped mechanical classifier tail; production wire reads tracked in governance/SCHWAB_V4_REVIEW_MEMOS cone walk
3b5d5c47218a62405fbc,py,call_engine.py,277,0,TEXT_LINE_MARKET_TOKEN,"            parts.append(f""Invalid if price holds above {inp.call_gamma_wall:.2f} for 3+ bars"")",price,chains.callExpDateMap.*.closePrice;chains.callExpDateMap.*.highPrice;chains.callExpDateMap.*.lowPrice;chains.callExpDateMap.*.openPrice;chains.callExpDateMap.*.strikePrice;chains.putExpDateMap.*.closePrice;chains.putExpDateMap.*.highPrice;chains.putExpDateMap.*.lowPrice;chains.putExpDateMap.*.openPrice;chains.putExpDateMap.*.strikePrice;chains.underlying.highPrice;chains.underlying.lowPrice;chains.underlying.openPrice;chains.underlyingPrice;movers.screeners.*.lastPrice;quotes.extended.askPrice;quotes.extended.bidPrice;quotes.extended.lastPrice;quotes.quote.askPrice;quotes.quote.bidPrice;quotes.quote.closePrice;quotes.quote.highPrice;quotes.quote.lastPrice;quotes.quote.lowPrice;quotes.quote.openPrice,chains.callExpDateMap.*.askSize;chains.callExpDateMap.*.bidSize;chains.putExpDateMap.*.askSize,V3-B universal catch-all (CSV-derived vocabulary),NOT_MARKET_DATA,,,NOT_MARKET_DATA: scoped mechanical classifier tail; production wire reads tracked in governance/SCHWAB_V4_REVIEW_MEMOS cone walk
16c43fa1ea4cc11d60c8,py,call_engine.py,278,0,TEXT_LINE_MARKET_TOKEN,"        elif final_signal == ""long"" and inp.put_gamma_wall:",long,chains.callExpDateMap.*.quoteTimeInLong;chains.callExpDateMap.*.tradeTimeInLong;chains.putExpDateMap.*.quoteTimeInLong;chains.putExpDateMap.*.tradeTimeInLong,chains.callExpDateMap.*.lowPrice;chains.callExpDateMap.*.multiplier;chains.callExpDateMap.*.bid,V3-B universal catch-all (CSV-derived vocabulary),NOT_MARKET_DATA,,,NOT_MARKET_DATA: scoped mechanical classifier tail; production wire reads tracked in governance/SCHWAB_V4_REVIEW_MEMOS cone walk
d076d7aa287915a19892,py,call_engine.py,279,0,TEXT_LINE_MARKET_TOKEN,"            parts.append(f""Invalid if price holds below {inp.put_gamma_wall:.2f} for 3+ bars"")",price,chains.callExpDateMap.*.closePrice;chains.callExpDateMap.*.highPrice;chains.callExpDateMap.*.lowPrice;chains.callExpDateMap.*.openPrice;chains.callExpDateMap.*.strikePrice;chains.putExpDateMap.*.closePrice;chains.putExpDateMap.*.highPrice;chains.putExpDateMap.*.lowPrice;chains.putExpDateMap.*.openPrice;chains.putExpDateMap.*.strikePrice;chains.underlying.highPrice;chains.underlying.lowPrice;chains.underlying.openPrice;chains.underlyingPrice;movers.screeners.*.lastPrice;quotes.extended.askPrice;quotes.extended.bidPrice;quotes.extended.lastPrice;quotes.quote.askPrice;quotes.quote.bidPrice;quotes.quote.closePrice;quotes.quote.highPrice;quotes.quote.lastPrice;quotes.quote.lowPrice;quotes.quote.openPrice,chains.callExpDateMap.*.bidSize;chains.callExpDateMap.*.askSize;chains.putExpDateMap.*.askSize,V3-B universal catch-all (CSV-derived vocabulary),NOT_MARKET_DATA,,,NOT_MARKET_DATA: scoped mechanical classifier tail; production wire reads tracked in governance/SCHWAB_V4_REVIEW_MEMOS cone walk
b7bb014ce5fbf9426af3,py,call_engine.py,282,0,TEXT_LINE_MARKET_TOKEN,"            parts.append(f""Invalid if price falls back below {micro.bos.level:.2f} breakout level"")",price,chains.callExpDateMap.*.closePrice;chains.callExpDateMap.*.highPrice;chains.callExpDateMap.*.lowPrice;chains.callExpDateMap.*.openPrice;chains.callExpDateMap.*.strikePrice;chains.putExpDateMap.*.closePrice;chains.putExpDateMap.*.highPrice;chains.putExpDateMap.*.lowPrice;chains.putExpDateMap.*.openPrice;chains.putExpDateMap.*.strikePrice;chains.underlying.highPrice;chains.underlying.lowPrice;chains.underlying.openPrice;chains.underlyingPrice;movers.screeners.*.lastPrice;quotes.extended.askPrice;quotes.extended.bidPrice;quotes.extended.lastPrice;quotes.quote.askPrice;quotes.quote.bidPrice;quotes.quote.closePrice;quotes.quote.highPrice;quotes.quote.lastPrice;quotes.quote.lowPrice;quotes.quote.openPrice,chains.callExpDateMap.*.bidSize;chains.callExpDateMap.*.askSize;chains.callExpDateMap.*.rho,V3-B universal catch-all (CSV-derived vocabulary),NOT_MARKET_DATA,,,NOT_MARKET_DATA: scoped mechanical classifier tail; production wire reads tracked in governance/SCHWAB_V4_REVIEW_MEMOS cone walk
a379aeeb9bd740e0916b,py,call_engine.py,284,0,TEXT_LINE_MARKET_TOKEN,    # Fallback: just the stop,the,chains.callExpDateMap.*.inTheMoney;chains.putExpDateMap.*.inTheMoney,chains.putExpDateMap.*.theoreticalVolatility;chains.callExpDateMap.*.theoreticalVolatility;chains.callExpDateMap.*.theta,V3-B universal catch-all (CSV-derived vocabulary),NOT_MARKET_DATA,,,NOT_MARKET_DATA: scoped mechanical classifier tail; production wire reads tracked in governance/SCHWAB_V4_REVIEW_MEMOS cone walk
f6890cf08799bcf64f31,py,call_engine.py,288,0,TEXT_LINE_MARKET_TOKEN,"    return "". "".join(parts) + ""."" if parts else """"",return,instruments.*.fundamental.returnOnAssets;instruments.*.fundamental.returnOnEquity;instruments.*.fundamental.returnOnInvestment,pricehistory.candles;pricehistory.candles.*;chains.putExpDateMap.*.bidSize,V3-B universal catch-all (CSV-derived vocabulary),NOT_MARKET_DATA,,,NOT_MARKET_DATA: scoped mechanical classifier tail; production wire reads tracked in governance/SCHWAB_V4_REVIEW_MEMOS cone walk
a2a193eb3d3e6a289ca3,py,call_engine.py,291,0,TEXT_LINE_MARKET_TOKEN,"    """"""How long is this setup valid?""""""",long,chains.callExpDateMap.*.quoteTimeInLong;chains.callExpDateMap.*.tradeTimeInLong;chains.putExpDateMap.*.quoteTimeInLong;chains.putExpDateMap.*.tradeTimeInLong,quotes.quote.bidSize;chains.putExpDateMap.*.bidSize;chains.callExpDateMap.*.bidSize,V3-B universal catch-all (CSV-derived vocabulary),NOT_MARKET_DATA,,,NOT_MARKET_DATA: scoped mechanical classifier tail; production wire reads tracked in governance/SCHWAB_V4_REVIEW_MEMOS cone walk
396d56a87485f3d58ce5,py,call_engine.py,295,0,TEXT_LINE_MARKET_TOKEN,"        return """"",return,instruments.*.fundamental.returnOnAssets;instruments.*.fundamental.returnOnEquity;instruments.*.fundamental.returnOnInvestment,market_hours.future.RB.isOpen;market_hours.future.MRB.isOpen;market_hours.future.BTC.isOpen,V3-B universal catch-all (CSV-derived vocabulary),NOT_MARKET_DATA,,,NOT_MARKET_DATA: scoped mechanical classifier tail; production wire reads tracked in governance/SCHWAB_V4_REVIEW_MEMOS cone walk
d61ff47c93cace2673ce,py,call_engine.py,298,0,TEXT_LINE_MARKET_TOKEN,"        return ""Setup valid ~10-15min — expires if no breakout candle.""",return,instruments.*.fundamental.returnOnAssets;instruments.*.fundamental.returnOnEquity;instruments.*.fundamental.returnOnInvestment,chains.putExpDateMap.*.delta;chains.putExpDateMap.*.rho;quotes.quote.bidSize,V3-B universal catch-all (CSV-derived vocabulary),NOT_MARKET_DATA,,,NOT_MARKET_DATA: scoped mechanical classifier tail; production wire reads tracked in governance/SCHWAB_V4_REVIEW_MEMOS cone walk
408416d464781e8004b9,py,call_engine.py,300,0,TEXT_LINE_MARKET_TOKEN,"        return ""Setup valid while price stays near the wall.""",return price the,instruments.*.fundamental.returnOnAssets;instruments.*.fundamental.returnOnEquity;instruments.*.fundamental.returnOnInvestment;chains.callExpDateMap.*.closePrice;chains.callExpDateMap.*.highPrice;chains.callExpDateMap.*.lowPrice;chains.callExpDateMap.*.openPrice;chains.callExpDateMap.*.strikePrice;chains.putExpDateMap.*.closePrice;chains.putExpDateMap.*.highPrice;chains.putExpDateMap.*.lowPrice;chains.putExpDateMap.*.openPrice;chains.putExpDateMap.*.strikePrice;chains.underlying.highPrice;chains.underlying.lowPrice;chains.underlying.openPrice;chains.underlyingPrice;movers.screeners.*.lastPrice;quotes.extended.askPrice;quotes.extended.bidPrice;quotes.extended.lastPrice;quotes.quote.askPrice;quotes.quote.bidPrice;quotes.quote.closePrice;quotes.quote.highPrice,chains.callExpDateMap.*.theta;chains.putExpDateMap.*.theta;chains.putExpDateMap.*.delta,V3-B universal catch-all (CSV-derived vocabulary),NOT_MARKET_DATA,,,NOT_MARKET_DATA: scoped mechanical classifier tail; production wire reads tracked in governance/SCHWAB_V4_REVIEW_MEMOS cone walk
a23ac4b19a8513e7162b,py,call_engine.py,302,0,TEXT_LINE_MARKET_TOKEN,"        return ""Setup valid ~15min — watch for follow-through or failure.""",return,instruments.*.fundamental.returnOnAssets;instruments.*.fundamental.returnOnEquity;instruments.*.fundamental.returnOnInvestment,quotes.quote.totalVolume;chains.underlying.totalVolume;chains.putExpDateMap.*.totalVolume,V3-B universal catch-all (CSV-derived vocabulary),NOT_MARKET_DATA,,,NOT_MARKET_DATA: scoped mechanical classifier tail; production wire reads tracked in governance/SCHWAB_V4_REVIEW_MEMOS cone walk
df9d6c9cf733ec6c37f8,py,call_engine.py,304,0,TEXT_LINE_MARKET_TOKEN,"        return ""Setup valid ~20min — needs confirming bar to stay active.""",return bar,instruments.*.fundamental.returnOnAssets;instruments.*.fundamental.returnOnEquity;instruments.*.fundamental.returnOnInvestment,chains.putExpDateMap.*.bidSize;chains.putExpDateMap.*.volatility;chains.putExpDateMap.*.askSize,V3-B universal catch-all (CSV-derived vocabulary),NOT_MARKET_DATA,,,NOT_MARKET_DATA: scoped mechanical classifier tail; production wire reads tracked in governance/SCHWAB_V4_REVIEW_MEMOS cone walk
931e76edc8a05ef7bb52,py,call_engine.py,306,0,TEXT_LINE_MARKET_TOKEN,"        return ""Setup valid while trend structure holds.""",return,instruments.*.fundamental.returnOnAssets;instruments.*.fundamental.returnOnEquity;instruments.*.fundamental.returnOnInvestment,quotes.quote.bidSize;quotes.quote.askSize;quotes.regular.regularMarketLastSize,V3-B universal catch-all (CSV-derived vocabulary),NOT_MARKET_DATA,,,NOT_MARKET_DATA: scoped mechanical classifier tail; production wire reads tracked in governance/SCHWAB_V4_REVIEW_MEMOS cone walk
82972b7ecca7315bfe45,py,call_engine.py,308,0,TEXT_LINE_MARKET_TOKEN,"        return ""Setup valid while range holds.""",return,instruments.*.fundamental.returnOnAssets;instruments.*.fundamental.returnOnEquity;instruments.*.fundamental.returnOnInvestment,quotes.regular.regularMarketLastSize;chains.putExpDateMap.*.delta;chains.callExpDateMap.*.rho,V3-B universal catch-all (CSV-derived vocabulary),NOT_MARKET_DATA,,,NOT_MARKET_DATA: scoped mechanical classifier tail; production wire reads tracked in governance/SCHWAB_V4_REVIEW_MEMOS cone walk
009b936cf5fa6eae27f7,py,call_engine.py,310,0,TEXT_LINE_MARKET_TOKEN,"    return """"",return,instruments.*.fundamental.returnOnAssets;instruments.*.fundamental.returnOnEquity;instruments.*.fundamental.returnOnInvestment,market_hours.future.RB.isOpen;market_hours.future.MRB.isOpen;market_hours.future.BTC.isOpen,V3-B universal catch-all (CSV-derived vocabulary),NOT_MARKET_DATA,,,NOT_MARKET_DATA: scoped mechanical classifier tail; production wire reads tracked in governance/SCHWAB_V4_REVIEW_MEMOS cone walk
d0152d6728c88cfbcb12,py,call_engine.py,314,0,TEXT_LINE_MARKET_TOKEN,"    """"""Build Monte Carlo snippet for call reasoning when MC is available and relevant.""""""",call,chains.callExpDateMap;chains.callExpDateMap.*;chains.callExpDateMap.*.ask;chains.callExpDateMap.*.askSize;chains.callExpDateMap.*.bid;chains.callExpDateMap.*.bidAskSize;chains.callExpDateMap.*.bidSize;chains.callExpDateMap.*.closePrice;chains.callExpDateMap.*.daysToExpiration;chains.callExpDateMap.*.deliverableNote;chains.callExpDateMap.*.delta;chains.callExpDateMap.*.description;chains.callExpDateMap.*.exchangeName;chains.callExpDateMap.*.exerciseType;chains.callExpDateMap.*.expirationDate;chains.callExpDateMap.*.expirationType;chains.callExpDateMap.*.extrinsicValue;chains.callExpDateMap.*.gamma;chains.callExpDateMap.*.high52Week;chains.callExpDateMap.*.highPrice;chains.callExpDateMap.*.inTheMoney;chains.callExpDateMap.*.intrinsicValue;chains.callExpDateMap.*.last;chains.callExpDateMap.*.lastSize;chains.callExpDateMap.*.lastTradingDay,chains.callExpDateMap.*.bidSize;chains.callExpDateMap.*.askSize;chains.callExpDateMap.*.delta,V3-B universal catch-all (CSV-derived vocabulary),NOT_MARKET_DATA,,,NOT_MARKET_DATA: scoped mechanical classifier tail; production wire reads tracked in governance/SCHWAB_V4_REVIEW_MEMOS cone walk
239b87de719bd692317b,py,call_engine.py,316,0,TEXT_LINE_MARKET_TOKEN,"        return """"",return,instruments.*.fundamental.returnOnAssets;instruments.*.fundamental.returnOnEquity;instruments.*.fundamental.returnOnInvestment,market_hours.future.RB.isOpen;market_hours.future.MRB.isOpen;market_hours.future.BTC.isOpen,V3-B universal catch-all (CSV-derived vocabulary),NOT_MARKET_DATA,,,NOT_MARKET_DATA: scoped mechanical classifier tail; production wire reads tracked in governance/SCHWAB_V4_REVIEW_MEMOS cone walk
2903694ae49dd0288e1c,py,call_engine.py,318,0,TEXT_LINE_MARKET_TOKEN,"    exp = getattr(fusion, 'mc_expansion', None)",exp,chains.callExpDateMap;chains.callExpDateMap.*;chains.callExpDateMap.*.ask;chains.callExpDateMap.*.askSize;chains.callExpDateMap.*.bid;chains.callExpDateMap.*.bidAskSize;chains.callExpDateMap.*.bidSize;chains.callExpDateMap.*.closePrice;chains.callExpDateMap.*.daysToExpiration;chains.callExpDateMap.*.deliverableNote;chains.callExpDateMap.*.delta;chains.callExpDateMap.*.description;chains.callExpDateMap.*.exchangeName;chains.callExpDateMap.*.exerciseType;chains.callExpDateMap.*.expirationDate;chains.callExpDateMap.*.expirationType;chains.callExpDateMap.*.extrinsicValue;chains.callExpDateMap.*.gamma;chains.callExpDateMap.*.high52Week;chains.callExpDateMap.*.highPrice;chains.callExpDateMap.*.inTheMoney;chains.callExpDateMap.*.intrinsicValue;chains.callExpDateMap.*.last;chains.callExpDateMap.*.lastSize;chains.callExpDateMap.*.lastTradingDay,chains.callExpDateMap.*.openInterest;chains.putExpDateMap.*.openInterest;chains.putExpDateMap.*.rho,V3-B universal catch-all (CSV-derived vocabulary),NOT_MARKET_DATA,,,NOT_MARKET_DATA: scoped mechanical classifier tail; production wire reads tracked in governance/SCHWAB_V4_REVIEW_MEMOS cone walk
6f00258f908dacee2a4b,py,call_engine.py,323,0,TEXT_LINE_MARKET_TOKEN,    # vs call. MC contributes containment/expansion to fusion evidence.,call,chains.callExpDateMap;chains.callExpDateMap.*;chains.callExpDateMap.*.ask;chains.callExpDateMap.*.askSize;chains.callExpDateMap.*.bid;chains.callExpDateMap.*.bidAskSize;chains.callExpDateMap.*.bidSize;chains.callExpDateMap.*.closePrice;chains.callExpDateMap.*.daysToExpiration;chains.callExpDateMap.*.deliverableNote;chains.callExpDateMap.*.delta;chains.callExpDateMap.*.description;chains.callExpDateMap.*.exchangeName;chains.callExpDateMap.*.exerciseType;chains.callExpDateMap.*.expirationDate;chains.callExpDateMap.*.expirationType;chains.callExpDateMap.*.extrinsicValue;chains.callExpDateMap.*.gamma;chains.callExpDateMap.*.high52Week;chains.callExpDateMap.*.highPrice;chains.callExpDateMap.*.inTheMoney;chains.callExpDateMap.*.intrinsicValue;chains.callExpDateMap.*.last;chains.callExpDateMap.*.lastSize;chains.callExpDateMap.*.lastTradingDay,pricehistory.candles.*.datetime;quotes.quote.closePrice;streaming.content.*.DESCRIPTION,V3-B universal catch-all (CSV-derived vocabulary),NOT_MARKET_DATA,,,NOT_MARKET_DATA: scoped mechanical classifier tail; production wire reads tracked in governance/SCHWAB_V4_REVIEW_MEMOS cone walk
b502ddce3a7bc3714a33,py,call_engine.py,324,0,TEXT_LINE_MARKET_TOKEN,    if exp is None and cont is None:,exp,chains.callExpDateMap;chains.callExpDateMap.*;chains.callExpDateMap.*.ask;chains.callExpDateMap.*.askSize;chains.callExpDateMap.*.bid;chains.callExpDateMap.*.bidAskSize;chains.callExpDateMap.*.bidSize;chains.callExpDateMap.*.closePrice;chains.callExpDateMap.*.daysToExpiration;chains.callExpDateMap.*.deliverableNote;chains.callExpDateMap.*.delta;chains.callExpDateMap.*.description;chains.callExpDateMap.*.exchangeName;chains.callExpDateMap.*.exerciseType;chains.callExpDateMap.*.expirationDate;chains.callExpDateMap.*.expirationType;chains.callExpDateMap.*.extrinsicValue;chains.callExpDateMap.*.gamma;chains.callExpDateMap.*.high52Week;chains.callExpDateMap.*.highPrice;chains.callExpDateMap.*.inTheMoney;chains.callExpDateMap.*.intrinsicValue;chains.callExpDateMap.*.last;chains.callExpDateMap.*.lastSize;chains.callExpDateMap.*.lastTradingDay,quotes.quote.closePrice;quotes.quote.openPrice;quotes.extended.lastPrice,V3-B universal catch-all (CSV-derived vocabulary),NOT_MARKET_DATA,,,NOT_MARKET_DATA: scoped mechanical classifier tail; production wire reads tracked in governance/SCHWAB_V4_REVIEW_MEMOS cone walk
afe4f8f797d3cd1e02b9,py,call_engine.py,325,0,TEXT_LINE_MARKET_TOKEN,"        return """"",return,instruments.*.fundamental.returnOnAssets;instruments.*.fundamental.returnOnEquity;instruments.*.fundamental.returnOnInvestment,market_hours.future.RB.isOpen;market_hours.future.MRB.isOpen;market_hours.future.BTC.isOpen,V3-B universal catch-all (CSV-derived vocabulary),NOT_MARKET_DATA,,,NOT_MARKET_DATA: scoped mechanical classifier tail; production wire reads tracked in governance/SCHWAB_V4_REVIEW_MEMOS cone walk
36814af2e8466e670dc8,py,call_engine.py,326,0,TEXT_LINE_MARKET_TOKEN,    if exp is not None and cont is not None:,exp,chains.callExpDateMap;chains.callExpDateMap.*;chains.callExpDateMap.*.ask;chains.callExpDateMap.*.askSize;chains.callExpDateMap.*.bid;chains.callExpDateMap.*.bidAskSize;chains.callExpDateMap.*.bidSize;chains.callExpDateMap.*.closePrice;chains.callExpDateMap.*.daysToExpiration;chains.callExpDateMap.*.deliverableNote;chains.callExpDateMap.*.delta;chains.callExpDateMap.*.description;chains.callExpDateMap.*.exchangeName;chains.callExpDateMap.*.exerciseType;chains.callExpDateMap.*.expirationDate;chains.callExpDateMap.*.expirationType;chains.callExpDateMap.*.extrinsicValue;chains.callExpDateMap.*.gamma;chains.callExpDateMap.*.high52Week;chains.callExpDateMap.*.highPrice;chains.callExpDateMap.*.inTheMoney;chains.callExpDateMap.*.intrinsicValue;chains.callExpDateMap.*.last;chains.callExpDateMap.*.lastSize;chains.callExpDateMap.*.lastTradingDay,quotes.quote.openPrice;quotes.quote.closePrice;quotes.quote.lowPrice,V3-B universal catch-all (CSV-derived vocabulary),NOT_MARKET_DATA,,,NOT_MARKET_DATA: scoped mechanical classifier tail; production wire reads tracked in governance/SCHWAB_V4_REVIEW_MEMOS cone walk
23227dd62d10f4612d74,py,call_engine.py,327,0,TEXT_LINE_MARKET_TOKEN,        is_expansion = exp >= cont,exp,chains.callExpDateMap;chains.callExpDateMap.*;chains.callExpDateMap.*.ask;chains.callExpDateMap.*.askSize;chains.callExpDateMap.*.bid;chains.callExpDateMap.*.bidAskSize;chains.callExpDateMap.*.bidSize;chains.callExpDateMap.*.closePrice;chains.callExpDateMap.*.daysToExpiration;chains.callExpDateMap.*.deliverableNote;chains.callExpDateMap.*.delta;chains.callExpDateMap.*.description;chains.callExpDateMap.*.exchangeName;chains.callExpDateMap.*.exerciseType;chains.callExpDateMap.*.expirationDate;chains.callExpDateMap.*.expirationType;chains.callExpDateMap.*.extrinsicValue;chains.callExpDateMap.*.gamma;chains.callExpDateMap.*.high52Week;chains.callExpDateMap.*.highPrice;chains.callExpDateMap.*.inTheMoney;chains.callExpDateMap.*.intrinsicValue;chains.callExpDateMap.*.last;chains.callExpDateMap.*.lastSize;chains.callExpDateMap.*.lastTradingDay,chains.putExpDateMap.*.exerciseType;chains.putExpDateMap.*.openInterest;chains.putExpDateMap.*.description,V3-B universal catch-all (CSV-derived vocabulary),NOT_MARKET_DATA,,,NOT_MARKET_DATA: scoped mechanical classifier tail; production wire reads tracked in governance/SCHWAB_V4_REVIEW_MEMOS cone walk
eae60129923c14a4c125,py,call_engine.py,329,0,TEXT_LINE_MARKET_TOKEN,        pct = int(100 * (exp if is_expansion else cont)),int exp,instruments.*.fundamental.shortIntDayToCover;instruments.*.fundamental.shortIntToFloat;chains.callExpDateMap;chains.callExpDateMap.*;chains.callExpDateMap.*.ask;chains.callExpDateMap.*.askSize;chains.callExpDateMap.*.bid;chains.callExpDateMap.*.bidAskSize;chains.callExpDateMap.*.bidSize;chains.callExpDateMap.*.closePrice;chains.callExpDateMap.*.daysToExpiration;chains.callExpDateMap.*.deliverableNote;chains.callExpDateMap.*.delta;chains.callExpDateMap.*.description;chains.callExpDateMap.*.exchangeName;chains.callExpDateMap.*.exerciseType;chains.callExpDateMap.*.expirationDate;chains.callExpDateMap.*.expirationType;chains.callExpDateMap.*.extrinsicValue;chains.callExpDateMap.*.gamma;chains.callExpDateMap.*.high52Week;chains.callExpDateMap.*.highPrice;chains.callExpDateMap.*.inTheMoney;chains.callExpDateMap.*.intrinsicValue;chains.callExpDateMap.*.last,chains.putExpDateMap.*.description;chains.callExpDateMap.*.description;chains.putExpDateMap.*.exerciseType,V3-B universal catch-all (CSV-derived vocabulary),NOT_MARKET_DATA,,,NOT_MARKET_DATA: scoped mechanical classifier tail; production wire reads tracked in governance/SCHWAB_V4_REVIEW_MEMOS cone walk
201f60c78c22d196c1f3,py,call_engine.py,330,0,TEXT_LINE_MARKET_TOKEN,    elif exp is not None:,exp,chains.callExpDateMap;chains.callExpDateMap.*;chains.callExpDateMap.*.ask;chains.callExpDateMap.*.askSize;chains.callExpDateMap.*.bid;chains.callExpDateMap.*.bidAskSize;chains.callExpDateMap.*.bidSize;chains.callExpDateMap.*.closePrice;chains.callExpDateMap.*.daysToExpiration;chains.callExpDateMap.*.deliverableNote;chains.callExpDateMap.*.delta;chains.callExpDateMap.*.description;chains.callExpDateMap.*.exchangeName;chains.callExpDateMap.*.exerciseType;chains.callExpDateMap.*.expirationDate;chains.callExpDateMap.*.expirationType;chains.callExpDateMap.*.extrinsicValue;chains.callExpDateMap.*.gamma;chains.callExpDateMap.*.high52Week;chains.callExpDateMap.*.highPrice;chains.callExpDateMap.*.inTheMoney;chains.callExpDateMap.*.intrinsicValue;chains.callExpDateMap.*.last;chains.callExpDateMap.*.lastSize;chains.callExpDateMap.*.lastTradingDay,quotes.extended.lastSize;quotes.reference.description;quotes.quote.closePrice,V3-B universal catch-all (CSV-derived vocabulary),NOT_MARKET_DATA,,,NOT_MARKET_DATA: scoped mechanical classifier tail; production wire reads tracked in governance/SCHWAB_V4_REVIEW_MEMOS cone walk
b1d7d3afd7036f1fdbdc,py,call_engine.py,332,0,TEXT_LINE_MARKET_TOKEN,        pct = int(100 * exp),int exp,instruments.*.fundamental.shortIntDayToCover;instruments.*.fundamental.shortIntToFloat;chains.callExpDateMap;chains.callExpDateMap.*;chains.callExpDateMap.*.ask;chains.callExpDateMap.*.askSize;chains.callExpDateMap.*.bid;chains.callExpDateMap.*.bidAskSize;chains.callExpDateMap.*.bidSize;chains.callExpDateMap.*.closePrice;chains.callExpDateMap.*.daysToExpiration;chains.callExpDateMap.*.deliverableNote;chains.callExpDateMap.*.delta;chains.callExpDateMap.*.description;chains.callExpDateMap.*.exchangeName;chains.callExpDateMap.*.exerciseType;chains.callExpDateMap.*.expirationDate;chains.callExpDateMap.*.expirationType;chains.callExpDateMap.*.extrinsicValue;chains.callExpDateMap.*.gamma;chains.callExpDateMap.*.high52Week;chains.callExpDateMap.*.highPrice;chains.callExpDateMap.*.inTheMoney;chains.callExpDateMap.*.intrinsicValue;chains.callExpDateMap.*.last,chains.putExpDateMap.*.description;chains.putExpDateMap.*.expirationType;chains.putExpDateMap.*.strikePrice,V3-B universal catch-all (CSV-derived vocabulary),NOT_MARKET_DATA,,,NOT_MARKET_DATA: scoped mechanical classifier tail; production wire reads tracked in governance/SCHWAB_V4_REVIEW_MEMOS cone walk
b8b5861d97dfbe5d1cd5,py,call_engine.py,335,0,TEXT_LINE_MARKET_TOKEN,        pct = int(100 * cont),int,instruments.*.fundamental.shortIntDayToCover;instruments.*.fundamental.shortIntToFloat,chains.putExpDateMap.*.description;chains.putExpDateMap.*.expirationType;chains.putExpDateMap.*.strikePrice,V3-B universal catch-all (CSV-derived vocabulary),NOT_MARKET_DATA,,,NOT_MARKET_DATA: scoped mechanical classifier tail; production wire reads tracked in governance/SCHWAB_V4_REVIEW_MEMOS cone walk
6b37eb2e3d5003936bbc,py,call_engine.py,337,0,TEXT_LINE_MARKET_TOKEN,    # Simple: state MC mode and whether it supports directional trade,trade,chains.callExpDateMap.*.tradeTimeInLong;chains.putExpDateMap.*.tradeTimeInLong;chains.underlying.tradeTime;quotes.extended.tradeTime;quotes.quote.tradeTime;quotes.regular.regularMarketTradeTime;streaming.content.*.REGULAR_MARKET_TRADE;streaming.content.*.REGULAR_MARKET_TRADE_MILLIS;streaming.content.*.TRADE_TIME_MILLIS,chains.putExpDateMap.*.theta;chains.putExpDateMap.*.delta;chains.putExpDateMap.*.askSize,V3-B universal catch-all (CSV-derived vocabulary),NOT_MARKET_DATA,,,NOT_MARKET_DATA: scoped mechanical classifier tail; production wire reads tracked in governance/SCHWAB_V4_REVIEW_MEMOS cone walk
cb0d0ea1158a38280970,py,call_engine.py,339,0,TEXT_LINE_MARKET_TOKEN,"        return f"" Monte Carlo: {mode} bias ({pct}%).""",return,instruments.*.fundamental.returnOnAssets;instruments.*.fundamental.returnOnEquity;instruments.*.fundamental.returnOnInvestment,quotes.quote.bidSize;streaming.content.*.BIDS;chains.putExpDateMap.*.bidSize,V3-B universal catch-all (CSV-derived vocabulary),NOT_MARKET_DATA,,,NOT_MARKET_DATA: scoped mechanical classifier tail; production wire reads tracked in governance/SCHWAB_V4_REVIEW_MEMOS cone walk
f349d774e2a35da97d2a,py,call_engine.py,340,0,TEXT_LINE_MARKET_TOKEN,"    # For long/short: containment favors range, expansion favors breakout",long short,chains.callExpDateMap.*.quoteTimeInLong;chains.callExpDateMap.*.tradeTimeInLong;chains.putExpDateMap.*.quoteTimeInLong;chains.putExpDateMap.*.tradeTimeInLong;instruments.*.fundamental.shortIntDayToCover;instruments.*.fundamental.shortIntToFloat,streaming.content.*.ASKS;market_hours.forex.forex.isOpen;streaming.content.*.ASKS.*,V3-B universal catch-all (CSV-derived vocabulary),NOT_MARKET_DATA,,,NOT_MARKET_DATA: scoped mechanical classifier tail; production wire reads tracked in governance/SCHWAB_V4_REVIEW_MEMOS cone walk
00d7601856a02ec8a0fb,py,call_engine.py,342,0,TEXT_LINE_MARKET_TOKEN,"        return f"" Monte Carlo: {pct}% containment — range likely, favor fades.""",return,instruments.*.fundamental.returnOnAssets;instruments.*.fundamental.returnOnEquity;instruments.*.fundamental.returnOnInvestment,chains.callExpDateMap.*.theta;chains.callExpDateMap.*.totalVolume;quotes.fundamental.fundLeverageFactor,V3-B universal catch-all (CSV-derived vocabulary),NOT_MARKET_DATA,,,NOT_MARKET_DATA: scoped mechanical classifier tail; production wire reads tracked in governance/SCHWAB_V4_REVIEW_MEMOS cone walk
2a59a84a5a2106a3feaa,py,call_engine.py,344,0,TEXT_LINE_MARKET_TOKEN,"        return f"" Monte Carlo: {pct}% expansion — breakout environment supports direction.""",return,instruments.*.fundamental.returnOnAssets;instruments.*.fundamental.returnOnEquity;instruments.*.fundamental.returnOnInvestment,chains.putExpDateMap.*.openInterest;streaming.content.*.BIDS;streaming.content.*.ASKS,V3-B universal catch-all (CSV-derived vocabulary),NOT_MARKET_DATA,,,NOT_MARKET_DATA: scoped mechanical classifier tail; production wire reads tracked in governance/SCHWAB_V4_REVIEW_MEMOS cone walk
78e736647e1f6d9c6542,py,call_engine.py,345,0,TEXT_LINE_MARKET_TOKEN,"    return f"" Monte Carlo: {mode} {pct}%.""",return,instruments.*.fundamental.returnOnAssets;instruments.*.fundamental.returnOnEquity;instruments.*.fundamental.returnOnInvestment,quotes.extended.totalVolume;streaming.content.*.VOLUME;movers.screeners.*.totalVolume,V3-B universal catch-all (CSV-derived vocabulary),NOT_MARKET_DATA,,,NOT_MARKET_DATA: scoped mechanical classifier tail; production wire reads tracked in governance/SCHWAB_V4_REVIEW_MEMOS cone walk
ab19cf961a126bf508e8,py,call_engine.py,353,0,TEXT_LINE_MARKET_TOKEN,"    """"""Build headline and reasoning for The Call card. Driven by full stack result.",the call,chains.callExpDateMap.*.inTheMoney;chains.putExpDateMap.*.inTheMoney;chains.callExpDateMap;chains.callExpDateMap.*;chains.callExpDateMap.*.ask;chains.callExpDateMap.*.askSize;chains.callExpDateMap.*.bid;chains.callExpDateMap.*.bidAskSize;chains.callExpDateMap.*.bidSize;chains.callExpDateMap.*.closePrice;chains.callExpDateMap.*.daysToExpiration;chains.callExpDateMap.*.deliverableNote;chains.callExpDateMap.*.delta;chains.callExpDateMap.*.description;chains.callExpDateMap.*.exchangeName;chains.callExpDateMap.*.exerciseType;chains.callExpDateMap.*.expirationDate;chains.callExpDateMap.*.expirationType;chains.callExpDateMap.*.extrinsicValue;chains.callExpDateMap.*.gamma;chains.callExpDateMap.*.high52Week;chains.callExpDateMap.*.highPrice;chains.callExpDateMap.*.intrinsicValue;chains.callExpDateMap.*.last;chains.callExpDateMap.*.lastSize,chains.callExpDateMap.*.bidSize;chains.callExpDateMap.*.askSize;chains.callExpDateMap.*.delta,V3-B universal catch-all (CSV-derived vocabulary),NOT_MARKET_DATA,,,NOT_MARKET_DATA: scoped mechanical classifier tail; production wire reads tracked in governance/SCHWAB_V4_REVIEW_MEMOS cone walk
12f0a9d96936769513bf,py,call_engine.py,354,0,TEXT_LINE_MARKET_TOKEN,"    wait_blocker: when final_signal=wait, dict with reason ('stack'|'vol_regime'|'gates'|'time'),",time,chains.callExpDateMap.*.quoteTimeInLong;chains.callExpDateMap.*.timeValue;chains.callExpDateMap.*.tradeTimeInLong;chains.putExpDateMap.*.quoteTimeInLong;chains.putExpDateMap.*.timeValue;chains.putExpDateMap.*.tradeTimeInLong;chains.underlying.quoteTime;chains.underlying.tradeTime;quotes.extended.quoteTime;quotes.extended.tradeTime;quotes.quote.askTime;quotes.quote.bidTime;quotes.quote.quoteTime;quotes.quote.tradeTime;quotes.regular.regularMarketTradeTime;streaming.content.*.ASK_TIME_MILLIS;streaming.content.*.BID_TIME_MILLIS;streaming.content.*.BOOK_TIME;streaming.content.*.CHART_TIME_MILLIS;streaming.content.*.QUOTE_TIME_MILLIS;streaming.content.*.TRADE_TIME_MILLIS,chains.volatility;chains.callExpDateMap.*.volatility;chains.callExpDateMap.*.theoreticalVolatility,V3-B universal catch-all (CSV-derived vocabulary),NOT_MARKET_DATA,,,NOT_MARKET_DATA: scoped mechanical classifier tail; production wire reads tracked in governance/SCHWAB_V4_REVIEW_MEMOS cone walk
bc5d598f2859897f1f1c,py,call_engine.py,361,0,TEXT_LINE_MARKET_TOKEN,"        reason = blocker.get(""reason"", ""unknown"")",unknown,,quotes.reference.isShortable;market_hours.bond.BON.sessionHours.regularMarket;market_hours.bond.BON.isOpen,V3-B universal catch-all (CSV-derived vocabulary),NOT_MARKET_DATA,,,NOT_MARKET_DATA: scoped mechanical classifier tail; production wire reads tracked in governance/SCHWAB_V4_REVIEW_MEMOS cone walk
6a6cfa06c0463197f1a8,py,call_engine.py,368,0,TEXT_LINE_MARKET_TOKEN,"            headline = f""WAIT — stack: {lc} long, {sc} short (need {th}+ in one direction).""",long short,chains.callExpDateMap.*.quoteTimeInLong;chains.callExpDateMap.*.tradeTimeInLong;chains.putExpDateMap.*.quoteTimeInLong;chains.putExpDateMap.*.tradeTimeInLong;instruments.*.fundamental.shortIntDayToCover;instruments.*.fundamental.shortIntToFloat,chains.volatility;chains.callExpDateMap.*.theta;pricehistory.candles.*.datetime,V3-B universal catch-all (CSV-derived vocabulary),NOT_MARKET_DATA,,,NOT_MARKET_DATA: scoped mechanical classifier tail; production wire reads tracked in governance/SCHWAB_V4_REVIEW_MEMOS cone walk
dd74bc601ae8972a839e,py,call_engine.py,370,0,TEXT_LINE_MARKET_TOKEN,"                f""Stack: {lc} long ({', '.join(ln) or '—'}), {sc} short ({', '.join(sn) or '—'}). """,long short,chains.callExpDateMap.*.quoteTimeInLong;chains.callExpDateMap.*.tradeTimeInLong;chains.putExpDateMap.*.quoteTimeInLong;chains.putExpDateMap.*.tradeTimeInLong;instruments.*.fundamental.shortIntDayToCover;instruments.*.fundamental.shortIntToFloat,pricehistory.candles.*.high;chains.volatility;chains.underlying.highPrice,V3-B universal catch-all (CSV-derived vocabulary),NOT_MARKET_DATA,,,NOT_MARKET_DATA: scoped mechanical classifier tail; production wire reads tracked in governance/SCHWAB_V4_REVIEW_MEMOS cone walk
76f52247c832f551f1f5,py,call_engine.py,372,0,TEXT_LINE_MARKET_TOKEN,"                ""Note: stack uses 9 layers (micro, Greeks, spy_basket, qqq_basket, iwm_basket, regime, fusion, order_flow, multi_horizon); """,note greeks regime,chains.callExpDateMap.*.deliverableNote;chains.putExpDateMap.*.deliverableNote,quotes.quote.askSize;quotes.quote.bidSize;quotes.extended.askSize,V3-B universal catch-all (CSV-derived vocabulary),NOT_MARKET_DATA,,,NOT_MARKET_DATA: scoped mechanical classifier tail; production wire reads tracked in governance/SCHWAB_V4_REVIEW_MEMOS cone walk
785adde19361893009e8,py,call_engine.py,373,0,TEXT_LINE_MARKET_TOKEN,"                ""each index basket vote is independent — no cross-ETF veto. """,index,chains.isIndex,quotes.extended.askSize;quotes.extended.bidSize;chains.putExpDateMap.*.theta,V3-B universal catch-all (CSV-derived vocabulary),NOT_MARKET_DATA,,,NOT_MARKET_DATA: scoped mechanical classifier tail; production wire reads tracked in governance/SCHWAB_V4_REVIEW_MEMOS cone walk
9ab417e560f76d498664,py,call_engine.py,374,0,TEXT_LINE_MARKET_TOKEN,"                ""'5 of 5 agree' in fusion is model agreement inside fusion — separate from these votes.""",model,,quotes.quote.askSize;quotes.quote.bidSize;quotes.extended.askSize,V3-B universal catch-all (CSV-derived vocabulary),NOT_MARKET_DATA,,,NOT_MARKET_DATA: scoped mechanical classifier tail; production wire reads tracked in governance/SCHWAB_V4_REVIEW_MEMOS cone walk
6761478b3346c4971773,py,call_engine.py,378,0,TEXT_LINE_MARKET_TOKEN,"            headline = f""WAIT — vol regime: {detail}.""",regime,,chains.volatility;chains.callExpDateMap.*.volatility;chains.putExpDateMap.*.volatility,V3-B universal catch-all (CSV-derived vocabulary),NOT_MARKET_DATA,,,NOT_MARKET_DATA: scoped mechanical classifier tail; production wire reads tracked in governance/SCHWAB_V4_REVIEW_MEMOS cone walk
b759c6dd1b4bae170c83,py,call_engine.py,384,0,TEXT_LINE_MARKET_TOKEN,"        elif reason == ""time"":",time,chains.callExpDateMap.*.quoteTimeInLong;chains.callExpDateMap.*.timeValue;chains.callExpDateMap.*.tradeTimeInLong;chains.putExpDateMap.*.quoteTimeInLong;chains.putExpDateMap.*.timeValue;chains.putExpDateMap.*.tradeTimeInLong;chains.underlying.quoteTime;chains.underlying.tradeTime;quotes.extended.quoteTime;quotes.extended.tradeTime;quotes.quote.askTime;quotes.quote.bidTime;quotes.quote.quoteTime;quotes.quote.tradeTime;quotes.regular.regularMarketTradeTime;streaming.content.*.ASK_TIME_MILLIS;streaming.content.*.BID_TIME_MILLIS;streaming.content.*.BOOK_TIME;streaming.content.*.CHART_TIME_MILLIS;streaming.content.*.QUOTE_TIME_MILLIS;streaming.content.*.TRADE_TIME_MILLIS,quotes.quote.bidSize;quotes.extended.bidSize;quotes.quote.askSize,V3-B universal catch-all (CSV-derived vocabulary),NOT_MARKET_DATA,,,NOT_MARKET_DATA: scoped mechanical classifier tail; production wire reads tracked in governance/SCHWAB_V4_REVIEW_MEMOS cone walk
228c2d298115dca6c680,py,call_engine.py,385,0,TEXT_LINE_MARKET_TOKEN,"            detail = blocker.get(""detail"", ""≤30 min to close"")",close,chains.callExpDateMap.*.closePrice;chains.putExpDateMap.*.closePrice;chains.underlying.close;pricehistory.candles.*.close;quotes.quote.closePrice;streaming.content.*.CLOSE_PRICE,chains.callExpDateMap.*.theoreticalVolatility;chains.putExpDateMap.*.theoreticalVolatility;chains.callExpDateMap.*.bidSize,V3-B universal catch-all (CSV-derived vocabulary),NOT_MARKET_DATA,,,NOT_MARKET_DATA: scoped mechanical classifier tail; production wire reads tracked in governance/SCHWAB_V4_REVIEW_MEMOS cone walk
b7937f128fa0809991bd,py,call_engine.py,387,0,TEXT_LINE_MARKET_TOKEN,"            reasoning = blocker.get(""full_detail"", f""Only {detail} — no new entries."")",only,,chains.volatility;chains.callExpDateMap.*.optionDeliverablesList.*.deliverableUnits;chains.callExpDateMap.*.volatility,V3-B universal catch-all (CSV-derived vocabulary),NOT_MARKET_DATA,,,NOT_MARKET_DATA: scoped mechanical classifier tail; production wire reads tracked in governance/SCHWAB_V4_REVIEW_MEMOS cone walk
17eee4c5c8668c2a8077,py,call_engine.py,390,0,TEXT_LINE_MARKET_TOKEN,"            reasoning = confluence_detail or ""Await stronger stack consensus or key level.""",key,streaming.content.*.key,quotes.quote.askSize;streaming.content.*.ASKS;chains.callExpDateMap.*.rho,V3-B universal catch-all (CSV-derived vocabulary),NOT_MARKET_DATA,,,NOT_MARKET_DATA: scoped mechanical classifier tail; production wire reads tracked in governance/SCHWAB_V4_REVIEW_MEMOS cone walk
65d0d74bc8cc3326760e,py,call_engine.py,391,0,TEXT_LINE_MARKET_TOKEN,"        return headline, reasoning",return,instruments.*.fundamental.returnOnAssets;instruments.*.fundamental.returnOnEquity;instruments.*.fundamental.returnOnInvestment,quotes.regular.regularMarketLastSize;chains.callExpDateMap.*.rho;chains.callExpDateMap.*.theta,V3-B universal catch-all (CSV-derived vocabulary),NOT_MARKET_DATA,,,NOT_MARKET_DATA: scoped mechanical classifier tail; production wire reads tracked in governance/SCHWAB_V4_REVIEW_MEMOS cone walk
6ae2aa699a40fbf270c1,py,call_engine.py,393,0,TEXT_LINE_MARKET_TOKEN,"    dir_word = ""LONG"" if final_signal == ""long"" else ""SHORT""",long short,chains.callExpDateMap.*.quoteTimeInLong;chains.callExpDateMap.*.tradeTimeInLong;chains.putExpDateMap.*.quoteTimeInLong;chains.putExpDateMap.*.tradeTimeInLong;instruments.*.fundamental.shortIntDayToCover;instruments.*.fundamental.shortIntToFloat,chains.underlying.bidSize;quotes.quote.bidSize;chains.underlying.askSize,V3-B universal catch-all (CSV-derived vocabulary),NOT_MARKET_DATA,,,NOT_MARKET_DATA: scoped mechanical classifier tail; production wire reads tracked in governance/SCHWAB_V4_REVIEW_MEMOS cone walk
c9f8e3e2e32deb378ca7,py,call_engine.py,409,0,TEXT_LINE_MARKET_TOKEN,"            f""High conviction — {type_label} setup with multiple confirmations.""",high,chains.callExpDateMap.*.highPrice;chains.putExpDateMap.*.highPrice;chains.underlying.fiftyTwoWeekHigh;chains.underlying.highPrice;pricehistory.candles.*.high;quotes.quote.52WeekHigh;quotes.quote.highPrice;streaming.content.*.HIGH_PRICE;streaming.content.*.HIGH_PRICE_52_WEEK,chains.volatility;chains.putExpDateMap.*.theoreticalVolatility;chains.putExpDateMap.*.volatility,V3-B universal catch-all (CSV-derived vocabulary),NOT_MARKET_DATA,,,NOT_MARKET_DATA: scoped mechanical classifier tail; production wire reads tracked in governance/SCHWAB_V4_REVIEW_MEMOS cone walk
34c7dc707ce7eca295aa,py,call_engine.py,414,0,TEXT_LINE_MARKET_TOKEN,"            f""Solid setup — trade with confidence but manage risk.""",trade risk,chains.callExpDateMap.*.tradeTimeInLong;chains.putExpDateMap.*.tradeTimeInLong;chains.underlying.tradeTime;quotes.extended.tradeTime;quotes.quote.tradeTime;quotes.regular.regularMarketTradeTime;streaming.content.*.REGULAR_MARKET_TRADE;streaming.content.*.REGULAR_MARKET_TRADE_MILLIS;streaming.content.*.TRADE_TIME_MILLIS,chains.putExpDateMap.*.bidSize;quotes.quote.bidSize;chains.putExpDateMap.*.askSize,V3-B universal catch-all (CSV-derived vocabulary),NOT_MARKET_DATA,,,NOT_MARKET_DATA: scoped mechanical classifier tail; production wire reads tracked in governance/SCHWAB_V4_REVIEW_MEMOS cone walk
584d9d81753ede06eba2,py,call_engine.py,418,0,TEXT_LINE_MARKET_TOKEN,"            f""Only {confluence_count} of {confluence_total} aligned: {confluence_detail}. """,only,,quotes.fundamental.fundLeverageFactor;chains.underlying.totalVolume;quotes.fundamental.declarationDate,V3-B universal catch-all (CSV-derived vocabulary),NOT_MARKET_DATA,,,NOT_MARKET_DATA: scoped mechanical classifier tail; production wire reads tracked in governance/SCHWAB_V4_REVIEW_MEMOS cone walk
5bce0e2dde5663043bfb,py,call_engine.py,419,0,TEXT_LINE_MARKET_TOKEN,"            f""{'Forward stack disagrees — trade smaller. ' if not pred_agrees and pred.forward_confidence != 'low' else ''}""",trade low,chains.callExpDateMap.*.tradeTimeInLong;chains.putExpDateMap.*.tradeTimeInLong;chains.underlying.tradeTime;quotes.extended.tradeTime;quotes.quote.tradeTime;quotes.regular.regularMarketTradeTime;streaming.content.*.REGULAR_MARKET_TRADE;streaming.content.*.REGULAR_MARKET_TRADE_MILLIS;streaming.content.*.TRADE_TIME_MILLIS;chains.callExpDateMap.*.lowPrice;chains.putExpDateMap.*.lowPrice;chains.underlying.fiftyTwoWeekLow;chains.underlying.lowPrice;pricehistory.candles.*.low;quotes.quote.52WeekLow;quotes.quote.lowPrice;streaming.content.*.LOW_PRICE;streaming.content.*.LOW_PRICE_52_WEEK,quotes.extended.askSize;chains.callExpDateMap.*.askSize;chains.callExpDateMap.*.vega,V3-B universal catch-all (CSV-derived vocabulary),NOT_MARKET_DATA,,,NOT_MARKET_DATA: scoped mechanical classifier tail; production wire reads tracked in governance/SCHWAB_V4_REVIEW_MEMOS cone walk
c6a0bd328dddd3ce86ea,py,call_engine.py,420,0,TEXT_LINE_MARKET_TOKEN,"            f""Wait for more confirmation or reduce size.""",size,chains.callExpDateMap.*.askSize;chains.callExpDateMap.*.bidAskSize;chains.callExpDateMap.*.bidSize;chains.callExpDateMap.*.lastSize;chains.putExpDateMap.*.askSize;chains.putExpDateMap.*.bidAskSize;chains.putExpDateMap.*.bidSize;chains.putExpDateMap.*.lastSize;chains.underlying.askSize;chains.underlying.bidSize;quotes.extended.askSize;quotes.extended.bidSize;quotes.extended.lastSize;quotes.quote.askSize;quotes.quote.bidSize;quotes.quote.lastSize;quotes.regular.regularMarketLastSize;streaming.content.*.ASK_SIZE;streaming.content.*.BID_SIZE;streaming.content.*.LAST_SIZE;streaming.content.*.REGULAR_MARKET_LAST_SIZE,quotes.quote.bidSize;streaming.content.*.BIDS;quotes.quote.askSize,V3-B universal catch-all (CSV-derived vocabulary),NOT_MARKET_DATA,,,NOT_MARKET_DATA: scoped mechanical classifier tail; production wire reads tracked in governance/SCHWAB_V4_REVIEW_MEMOS cone walk
678082cba75a9b0819bd,py,call_engine.py,429,0,TEXT_LINE_MARKET_TOKEN,"    return headline, reasoning",return,instruments.*.fundamental.returnOnAssets;instruments.*.fundamental.returnOnEquity;instruments.*.fundamental.returnOnInvestment,quotes.regular.regularMarketLastSize;chains.callExpDateMap.*.rho;chains.callExpDateMap.*.theta,V3-B universal catch-all (CSV-derived vocabulary),NOT_MARKET_DATA,,,NOT_MARKET_DATA: scoped mechanical classifier tail; production wire reads tracked in governance/SCHWAB_V4_REVIEW_MEMOS cone walk
c55171e604f59310923d,py,call_engine.py,431,0,TEXT_LINE_MARKET_TOKEN,def _greek_notes(inp: SignalInput) -> list:,list,chains.callExpDateMap.*.optionDeliverablesList;chains.callExpDateMap.*.optionDeliverablesList.*;chains.callExpDateMap.*.optionDeliverablesList.*.assetType;chains.callExpDateMap.*.optionDeliverablesList.*.currencyType;chains.callExpDateMap.*.optionDeliverablesList.*.deliverableUnits;chains.callExpDateMap.*.optionDeliverablesList.*.symbol;chains.putExpDateMap.*.optionDeliverablesList;chains.putExpDateMap.*.optionDeliverablesList.*;chains.putExpDateMap.*.optionDeliverablesList.*.assetType;chains.putExpDateMap.*.optionDeliverablesList.*.currencyType;chains.putExpDateMap.*.optionDeliverablesList.*.deliverableUnits;chains.putExpDateMap.*.optionDeliverablesList.*.symbol,chains.putExpDateMap.*.bidSize;chains.putExpDateMap.*.askSize;streaming.content.*.BID_SIZE,V3-B universal catch-all (CSV-derived vocabulary),NOT_MARKET_DATA,,,NOT_MARKET_DATA: scoped mechanical classifier tail; production wire reads tracked in governance/SCHWAB_V4_REVIEW_MEMOS cone walk
8510c7ed81e3eee6f941,py,call_engine.py,432,0,TEXT_LINE_MARKET_TOKEN,"    """"""Translate key Greeks into plain English bullet notes.""""""",key greeks,streaming.content.*.key,chains.callExpDateMap.*.theta;chains.putExpDateMap.*.delta;chains.putExpDateMap.*.theta,V3-B universal catch-all (CSV-derived vocabulary),NOT_MARKET_DATA,,,NOT_MARKET_DATA: scoped mechanical classifier tail; production wire reads tracked in governance/SCHWAB_V4_REVIEW_MEMOS cone walk
58270a479aec8f54db80,py,call_engine.py,442,0,TEXT_LINE_MARKET_TOKEN,"        notes.append(f""Time decay pushing dealers to {inp.charm_direction} toward {inp.charm_drift_toward:.2f}"")",time,chains.callExpDateMap.*.quoteTimeInLong;chains.callExpDateMap.*.timeValue;chains.callExpDateMap.*.tradeTimeInLong;chains.putExpDateMap.*.quoteTimeInLong;chains.putExpDateMap.*.timeValue;chains.putExpDateMap.*.tradeTimeInLong;chains.underlying.quoteTime;chains.underlying.tradeTime;quotes.extended.quoteTime;quotes.extended.tradeTime;quotes.quote.askTime;quotes.quote.bidTime;quotes.quote.quoteTime;quotes.quote.tradeTime;quotes.regular.regularMarketTradeTime;streaming.content.*.ASK_TIME_MILLIS;streaming.content.*.BID_TIME_MILLIS;streaming.content.*.BOOK_TIME;streaming.content.*.CHART_TIME_MILLIS;streaming.content.*.QUOTE_TIME_MILLIS;streaming.content.*.TRADE_TIME_MILLIS,chains.putExpDateMap.*.bidSize;chains.putExpDateMap.*.askSize;chains.callExpDateMap.*.bidSize,V3-B universal catch-all (CSV-derived vocabulary),NOT_MARKET_DATA,,,NOT_MARKET_DATA: scoped mechanical classifier tail; production wire reads tracked in governance/SCHWAB_V4_REVIEW_MEMOS cone walk
6dc16ab55056c71ddac9,py,call_engine.py,445,0,TEXT_LINE_MARKET_TOKEN,"        notes.append(""Volatility rising — moves may be larger than expected"")",volatility,chains.callExpDateMap.*.theoreticalVolatility;chains.callExpDateMap.*.volatility;chains.putExpDateMap.*.theoreticalVolatility;chains.putExpDateMap.*.volatility;chains.volatility,chains.putExpDateMap.*.volatility;chains.putExpDateMap.*.theoreticalVolatility;chains.callExpDateMap.*.volatility,V3-B universal catch-all (CSV-derived vocabulary),NOT_MARKET_DATA,,,NOT_MARKET_DATA: scoped mechanical classifier tail; production wire reads tracked in governance/SCHWAB_V4_REVIEW_MEMOS cone walk
beede3a384ab3fb1bbf6,py,call_engine.py,447,0,TEXT_LINE_MARKET_TOKEN,"        notes.append(""Volatility falling — moves may be smaller than expected"")",volatility,chains.callExpDateMap.*.theoreticalVolatility;chains.callExpDateMap.*.volatility;chains.putExpDateMap.*.theoreticalVolatility;chains.putExpDateMap.*.volatility;chains.volatility,chains.putExpDateMap.*.theoreticalVolatility;chains.callExpDateMap.*.volatility;chains.callExpDateMap.*.theoreticalVolatility,V3-B universal catch-all (CSV-derived vocabulary),NOT_MARKET_DATA,,,NOT_MARKET_DATA: scoped mechanical classifier tail; production wire reads tracked in governance/SCHWAB_V4_REVIEW_MEMOS cone walk
48f58fc8cedc2ec31edc,py,call_engine.py,450,0,TEXT_LINE_MARKET_TOKEN,"        notes.append(f""VIX at {inp.vix_level:.1f} — high vol, widen stops"")",high,chains.callExpDateMap.*.highPrice;chains.putExpDateMap.*.highPrice;chains.underlying.fiftyTwoWeekHigh;chains.underlying.highPrice;pricehistory.candles.*.high;quotes.quote.52WeekHigh;quotes.quote.highPrice;streaming.content.*.HIGH_PRICE;streaming.content.*.HIGH_PRICE_52_WEEK,chains.putExpDateMap.*.optionDeliverablesList.*.deliverableUnits;chains.putExpDateMap.*.optionDeliverablesList;chains.callExpDateMap.*.optionDeliverablesList.*.deliverableUnits,V3-B universal catch-all (CSV-derived vocabulary),NOT_MARKET_DATA,,,NOT_MARKET_DATA: scoped mechanical classifier tail; production wire reads tracked in governance/SCHWAB_V4_REVIEW_MEMOS cone walk
1a94b798ddd5400888c5,py,call_engine.py,452,0,TEXT_LINE_MARKET_TOKEN,    return notes,return,instruments.*.fundamental.returnOnAssets;instruments.*.fundamental.returnOnEquity;instruments.*.fundamental.returnOnInvestment,market_hours.future.RTY.isOpen;market_hours.future.ETH.isOpen;market_hours.future.MET.isOpen,V3-B universal catch-all (CSV-derived vocabulary),NOT_MARKET_DATA,,,NOT_MARKET_DATA: scoped mechanical classifier tail; production wire reads tracked in governance/SCHWAB_V4_REVIEW_MEMOS cone walk
83f86d6756ff37b3b003,py,call_engine.py,454,0,TEXT_LINE_MARKET_TOKEN,"def _add_greek_color(detail: str, greek_notes: list) -> str:",list,chains.callExpDateMap.*.optionDeliverablesList;chains.callExpDateMap.*.optionDeliverablesList.*;chains.callExpDateMap.*.optionDeliverablesList.*.assetType;chains.callExpDateMap.*.optionDeliverablesList.*.currencyType;chains.callExpDateMap.*.optionDeliverablesList.*.deliverableUnits;chains.callExpDateMap.*.optionDeliverablesList.*.symbol;chains.putExpDateMap.*.optionDeliverablesList;chains.putExpDateMap.*.optionDeliverablesList.*;chains.putExpDateMap.*.optionDeliverablesList.*.assetType;chains.putExpDateMap.*.optionDeliverablesList.*.currencyType;chains.putExpDateMap.*.optionDeliverablesList.*.deliverableUnits;chains.putExpDateMap.*.optionDeliverablesList.*.symbol,quotes.extended.askSize;quotes.quote.askSize;quotes.quote.bidSize,V3-B universal catch-all (CSV-derived vocabulary),NOT_MARKET_DATA,,,NOT_MARKET_DATA: scoped mechanical classifier tail; production wire reads tracked in governance/SCHWAB_V4_REVIEW_MEMOS cone walk
96a243d9968a755d19ce,py,call_engine.py,455,0,TEXT_LINE_MARKET_TOKEN,"    """"""Append the most relevant Greek note to a detail string.""""""",the note,chains.callExpDateMap.*.inTheMoney;chains.putExpDateMap.*.inTheMoney;chains.callExpDateMap.*.deliverableNote;chains.putExpDateMap.*.deliverableNote,chains.putExpDateMap.*.theta;chains.putExpDateMap.*.delta;chains.callExpDateMap.*.theta,V3-B universal catch-all (CSV-derived vocabulary),NOT_MARKET_DATA,,,NOT_MARKET_DATA: scoped mechanical classifier tail; production wire reads tracked in governance/SCHWAB_V4_REVIEW_MEMOS cone walk
dcd90e0849a56ea0c801,py,call_engine.py,457,0,TEXT_LINE_MARKET_TOKEN,"        return detail + "" "" + greek_notes[0] + "".""",return,instruments.*.fundamental.returnOnAssets;instruments.*.fundamental.returnOnEquity;instruments.*.fundamental.returnOnInvestment,quotes.quote.askSize;quotes.extended.askSize;quotes.quote.bidSize,V3-B universal catch-all (CSV-derived vocabulary),NOT_MARKET_DATA,,,NOT_MARKET_DATA: scoped mechanical classifier tail; production wire reads tracked in governance/SCHWAB_V4_REVIEW_MEMOS cone walk
d2c97af2785254dec41d,py,call_engine.py,458,0,TEXT_LINE_MARKET_TOKEN,    return detail,return,instruments.*.fundamental.returnOnAssets;instruments.*.fundamental.returnOnEquity;instruments.*.fundamental.returnOnInvestment,quotes.fundamental.peRatio;quotes.regular.regularMarketLastSize;streaming.content.*.REGULAR_MARKET_TRADE_MILLIS,V3-B universal catch-all (CSV-derived vocabulary),NOT_MARKET_DATA,,,NOT_MARKET_DATA: scoped mechanical classifier tail; production wire reads tracked in governance/SCHWAB_V4_REVIEW_MEMOS cone walk
80c66581d24cdedd0901,py,call_engine.py,460,0,TEXT_LINE_MARKET_TOKEN,def _canonical_stack_vote(canonical: CanonicalForecast) -> int:,int,instruments.*.fundamental.shortIntDayToCover;instruments.*.fundamental.shortIntToFloat,chains.callExpDateMap.*.theoreticalOptionValue;chains.callExpDateMap.*.description;chains.callExpDateMap.*.askSize,V3-B universal catch-all (CSV-derived vocabulary),NOT_MARKET_DATA,,,NOT_MARKET_DATA: scoped mechanical classifier tail; production wire reads tracked in governance/SCHWAB_V4_REVIEW_MEMOS cone walk
b4c46d60f737ad63655d,py,call_engine.py,461,0,TEXT_LINE_MARKET_TOKEN,"    """"""Stack vote from CanonicalForecast only (fusion forward triplet — Issue 13).""""""",only,,quotes.quote.askSize;quotes.quote.bidSize;streaming.content.*.BIDS,V3-B universal catch-all (CSV-derived vocabulary),NOT_MARKET_DATA,,,NOT_MARKET_DATA: scoped mechanical classifier tail; production wire reads tracked in governance/SCHWAB_V4_REVIEW_MEMOS cone walk
4b351ba5e6c3742922c9,py,call_engine.py,465,0,TEXT_LINE_MARKET_TOKEN,        dom_p = float(canonical.dominant_probability()),float,instruments.*.fundamental.marketCapFloat;instruments.*.fundamental.shortIntToFloat,chains.callExpDateMap.*.description;chains.callExpDateMap.*.theoreticalVolatility;chains.putExpDateMap.*.theoreticalVolatility,V3-B universal catch-all (CSV-derived vocabulary),NOT_MARKET_DATA,,,NOT_MARKET_DATA: scoped mechanical classifier tail; production wire reads tracked in governance/SCHWAB_V4_REVIEW_MEMOS cone walk
8d3dc64132c41a859d8f,py,call_engine.py,469,0,TEXT_LINE_MARKET_TOKEN,"        if pred_conf != ""low"" or dom_p >= CANONICAL_DOM_PROB_STACK_VOTE_MIN:",low,chains.callExpDateMap.*.lowPrice;chains.putExpDateMap.*.lowPrice;chains.underlying.fiftyTwoWeekLow;chains.underlying.lowPrice;pricehistory.candles.*.low;quotes.quote.52WeekLow;quotes.quote.lowPrice;streaming.content.*.LOW_PRICE;streaming.content.*.LOW_PRICE_52_WEEK,chains.callExpDateMap.*.totalVolume;chains.callExpDateMap.*.bidSize;chains.putExpDateMap.*.totalVolume,V3-B universal catch-all (CSV-derived vocabulary),NOT_MARKET_DATA,,,NOT_MARKET_DATA: scoped mechanical classifier tail; production wire reads tracked in governance/SCHWAB_V4_REVIEW_MEMOS cone walk
c450338332bd5680cd1d,py,call_engine.py,470,0,TEXT_LINE_MARKET_TOKEN,            return 1,return,instruments.*.fundamental.returnOnAssets;instruments.*.fundamental.returnOnEquity;instruments.*.fundamental.returnOnInvestment,quotes.regular.regularMarketTradeTime;market_hours.future.RTY.isOpen;market_hours.future.SR1.isOpen,V3-B universal catch-all (CSV-derived vocabulary),NOT_MARKET_DATA,,,NOT_MARKET_DATA: scoped mechanical classifier tail; production wire reads tracked in governance/SCHWAB_V4_REVIEW_MEMOS cone walk
a878f57baf94be029377,py,call_engine.py,472,0,TEXT_LINE_MARKET_TOKEN,"        if pred_conf != ""low"" or dom_p >= CANONICAL_DOM_PROB_STACK_VOTE_MIN:",low,chains.callExpDateMap.*.lowPrice;chains.putExpDateMap.*.lowPrice;chains.underlying.fiftyTwoWeekLow;chains.underlying.lowPrice;pricehistory.candles.*.low;quotes.quote.52WeekLow;quotes.quote.lowPrice;streaming.content.*.LOW_PRICE;streaming.content.*.LOW_PRICE_52_WEEK,chains.callExpDateMap.*.totalVolume;chains.callExpDateMap.*.bidSize;chains.putExpDateMap.*.totalVolume,V3-B universal catch-all (CSV-derived vocabulary),NOT_MARKET_DATA,,,NOT_MARKET_DATA: scoped mechanical classifier tail; production wire reads tracked in governance/SCHWAB_V4_REVIEW_MEMOS cone walk
1a58a309ebc0b349c3cf,py,call_engine.py,473,0,TEXT_LINE_MARKET_TOKEN,            return -1,return,instruments.*.fundamental.returnOnAssets;instruments.*.fundamental.returnOnEquity;instruments.*.fundamental.returnOnInvestment,quotes.regular.regularMarketTradeTime;market_hours.future.RME.isOpen;market_hours.future.MRB.isOpen,V3-B universal catch-all (CSV-derived vocabulary),NOT_MARKET_DATA,,,NOT_MARKET_DATA: scoped mechanical classifier tail; production wire reads tracked in governance/SCHWAB_V4_REVIEW_MEMOS cone walk
6df808321794cb58dffe,py,call_engine.py,474,0,TEXT_LINE_MARKET_TOKEN,    return 0,return,instruments.*.fundamental.returnOnAssets;instruments.*.fundamental.returnOnEquity;instruments.*.fundamental.returnOnInvestment,market_hours.future.XRP.isOpen;market_hours.future.RTY.isOpen;market_hours.future.RME.isOpen,V3-B universal catch-all (CSV-derived vocabulary),NOT_MARKET_DATA,,,NOT_MARKET_DATA: scoped mechanical classifier tail; production wire reads tracked in governance/SCHWAB_V4_REVIEW_MEMOS cone walk
af8dc3b52ed378b973e3,py,call_engine.py,478,0,TEXT_LINE_MARKET_TOKEN,"    fusion_available: bool, fusion_dom_vote: int, canonical: CanonicalForecast",int,instruments.*.fundamental.shortIntDayToCover;instruments.*.fundamental.shortIntToFloat,chains.callExpDateMap.*.theoreticalVolatility;chains.callExpDateMap.*.totalVolume;chains.callExpDateMap.*.optionDeliverablesList,V3-B universal catch-all (CSV-derived vocabulary),NOT_MARKET_DATA,,,NOT_MARKET_DATA: scoped mechanical classifier tail; production wire reads tracked in governance/SCHWAB_V4_REVIEW_MEMOS cone walk
8c4a8109a8b782ea04ab,py,call_engine.py,479,0,TEXT_LINE_MARKET_TOKEN,) -> int:,int,instruments.*.fundamental.shortIntDayToCover;instruments.*.fundamental.shortIntToFloat,chains.volatility;streaming.content.*.CHART_TIME_MILLIS;streaming.content.*.TRADE_TIME_MILLIS,V3-B universal catch-all (CSV-derived vocabulary),NOT_MARKET_DATA,,,NOT_MARKET_DATA: scoped mechanical classifier tail; production wire reads tracked in governance/SCHWAB_V4_REVIEW_MEMOS cone walk
d523ac1fba61e2fac134,py,call_engine.py,481,0,TEXT_LINE_MARKET_TOKEN,    Single model-direction slot: live fusion dominant when non-flat; else canonical weak-lean,model non,chains.callExpDateMap.*.nonStandard;chains.putExpDateMap.*.nonStandard,chains.callExpDateMap.*.delta;chains.callExpDateMap.*.optionDeliverablesList.*.deliverableUnits;chains.callExpDateMap.*.volatility,V3-B universal catch-all (CSV-derived vocabulary),NOT_MARKET_DATA,,,NOT_MARKET_DATA: scoped mechanical classifier tail; production wire reads tracked in governance/SCHWAB_V4_REVIEW_MEMOS cone walk
81a75f1e2dfa2c36ddc5,py,call_engine.py,482,0,TEXT_LINE_MARKET_TOKEN,    (same lane as former duplicate 'prediction' + redundant fusion when both matched).,prediction,,chains.putExpDateMap.*.theta;chains.putExpDateMap.*.rho;chains.putExpDateMap.*.delta,V3-B universal catch-all (CSV-derived vocabulary),NOT_MARKET_DATA,,,NOT_MARKET_DATA: scoped mechanical classifier tail; production wire reads tracked in governance/SCHWAB_V4_REVIEW_MEMOS cone walk
1d477e5f1dfdaeb77af5,py,call_engine.py,485,0,TEXT_LINE_MARKET_TOKEN,        return fusion_dom_vote,return,instruments.*.fundamental.returnOnAssets;instruments.*.fundamental.returnOnEquity;instruments.*.fundamental.returnOnInvestment,quotes.quote.totalVolume;quotes.extended.totalVolume;movers.screeners.*.totalVolume,V3-B universal catch-all (CSV-derived vocabulary),NOT_MARKET_DATA,,,NOT_MARKET_DATA: scoped mechanical classifier tail; production wire reads tracked in governance/SCHWAB_V4_REVIEW_MEMOS cone walk
af5a6dcecd3f409b9a2a,py,call_engine.py,486,0,TEXT_LINE_MARKET_TOKEN,    return _canonical_stack_vote(canonical),return,instruments.*.fundamental.returnOnAssets;instruments.*.fundamental.returnOnEquity;instruments.*.fundamental.returnOnInvestment,chains.callExpDateMap.*.theoreticalOptionValue;chains.callExpDateMap.*.description;chains.callExpDateMap.*.extrinsicValue,V3-B universal catch-all (CSV-derived vocabulary),NOT_MARKET_DATA,,,NOT_MARKET_DATA: scoped mechanical classifier tail; production wire reads tracked in governance/SCHWAB_V4_REVIEW_MEMOS cone walk
8acb549cad40a4732c0b,py,call_engine.py,490,0,TEXT_LINE_MARKET_TOKEN,"    weighted_push: float | None,",float,instruments.*.fundamental.marketCapFloat;instruments.*.fundamental.shortIntToFloat,chains.putExpDateMap.*.totalVolume;quotes.extended.totalVolume;chains.putExpDateMap.*.high52Week,V3-B universal catch-all (CSV-derived vocabulary),NOT_MARKET_DATA,,,NOT_MARKET_DATA: scoped mechanical classifier tail; production wire reads tracked in governance/SCHWAB_V4_REVIEW_MEMOS cone walk
035f55504284e1051942,py,call_engine.py,491,0,TEXT_LINE_MARKET_TOKEN,"    etf_chg_pct: float | None,",float,instruments.*.fundamental.marketCapFloat;instruments.*.fundamental.shortIntToFloat,chains.callExpDateMap.*.totalVolume;chains.putExpDateMap.*.totalVolume;streaming.content.*.ASKS.*.TOTAL_VOLUME,V3-B universal catch-all (CSV-derived vocabulary),NOT_MARKET_DATA,,,NOT_MARKET_DATA: scoped mechanical classifier tail; production wire reads tracked in governance/SCHWAB_V4_REVIEW_MEMOS cone walk
8a6b82376959474b0492,py,call_engine.py,493,0,TEXT_LINE_MARKET_TOKEN,"    min_lean: float = 0.08,",float,instruments.*.fundamental.marketCapFloat;instruments.*.fundamental.shortIntToFloat,chains.callExpDateMap.*.totalVolume;chains.callExpDateMap.*.lastSize;chains.callExpDateMap.*.multiplier,V3-B universal catch-all (CSV-derived vocabulary),NOT_MARKET_DATA,,,NOT_MARKET_DATA: scoped mechanical classifier tail; production wire reads tracked in governance/SCHWAB_V4_REVIEW_MEMOS cone walk
ea4b68d41bc340c6cdb6,py,call_engine.py,494,0,TEXT_LINE_MARKET_TOKEN,) -> int:,int,instruments.*.fundamental.shortIntDayToCover;instruments.*.fundamental.shortIntToFloat,chains.volatility;streaming.content.*.CHART_TIME_MILLIS;streaming.content.*.TRADE_TIME_MILLIS,V3-B universal catch-all (CSV-derived vocabulary),NOT_MARKET_DATA,,,NOT_MARKET_DATA: scoped mechanical classifier tail; production wire reads tracked in governance/SCHWAB_V4_REVIEW_MEMOS cone walk
4c1d8543aa4640e741d0,py,call_engine.py,496,0,TEXT_LINE_MARKET_TOKEN,"    One index, one vote: cap-weighted basket push if present, else that index's ETF session %.",index cap session,chains.isIndex;instruments.*.fundamental.marketCap;instruments.*.fundamental.marketCapFloat;market_hours.bond.BON.sessionHours;market_hours.bond.BON.sessionHours.postMarket;market_hours.bond.BON.sessionHours.postMarket.*;market_hours.bond.BON.sessionHours.postMarket.*.end;market_hours.bond.BON.sessionHours.postMarket.*.start;market_hours.bond.BON.sessionHours.preMarket;market_hours.bond.BON.sessionHours.preMarket.*;market_hours.bond.BON.sessionHours.preMarket.*.end;market_hours.bond.BON.sessionHours.preMarket.*.start;market_hours.bond.BON.sessionHours.regularMarket;market_hours.bond.BON.sessionHours.regularMarket.*;market_hours.bond.BON.sessionHours.regularMarket.*.end;market_hours.bond.BON.sessionHours.regularMarket.*.start;market_hours.equity.EQ.sessionHours;market_hours.equity.EQ.sessionHours.postMarket;market_hours.equity.EQ.sessionHours.postMarket.*;market_hours.equity.EQ.sessionHours.postMarket.*.end;market_hours.equity.EQ.sessionHours.postMarket.*.start;market_hours.equity.EQ.sessionHours.preMarket;market_hours.equity.EQ.sessionHours.preMarket.*;market_hours.equity.EQ.sessionHours.preMarket.*.end;market_hours.equity.EQ.sessionHours.preMarket.*.start,chains.putExpDateMap.*.theta;chains.putExpDateMap.*.delta;chains.putExpDateMap.*.vega,V3-B universal catch-all (CSV-derived vocabulary),NOT_MARKET_DATA,,,NOT_MARKET_DATA: scoped mechanical classifier tail; production wire reads tracked in governance/SCHWAB_V4_REVIEW_MEMOS cone walk
fd4ae887ebf29aac6c6c,py,call_engine.py,497,0,TEXT_LINE_MARKET_TOKEN,    No other instrument can veto this vote (cross-ETF veto removed by policy).,instrument,,quotes.extended.totalVolume;movers.screeners.*.totalVolume;quotes.quote.totalVolume,V3-B universal catch-all (CSV-derived vocabulary),NOT_MARKET_DATA,,,NOT_MARKET_DATA: scoped mechanical classifier tail; production wire reads tracked in governance/SCHWAB_V4_REVIEW_MEMOS cone walk
2ac1bf32d3a73a82a6db,py,call_engine.py,498,0,TEXT_LINE_MARKET_TOKEN,"    Returns: 1 (long lean), -1 (short lean), 0 (flat / insufficient lean).",long short,chains.callExpDateMap.*.quoteTimeInLong;chains.callExpDateMap.*.tradeTimeInLong;chains.putExpDateMap.*.quoteTimeInLong;chains.putExpDateMap.*.tradeTimeInLong;instruments.*.fundamental.shortIntDayToCover;instruments.*.fundamental.shortIntToFloat,chains.volatility;chains.callExpDateMap.*.theoreticalVolatility;chains.putExpDateMap.*.theoreticalVolatility,V3-B universal catch-all (CSV-derived vocabulary),NOT_MARKET_DATA,,,NOT_MARKET_DATA: scoped mechanical classifier tail; production wire reads tracked in governance/SCHWAB_V4_REVIEW_MEMOS cone walk
a1331c4250630d83b6dc,py,call_engine.py,502,0,TEXT_LINE_MARKET_TOKEN,            p = float(weighted_push),float,instruments.*.fundamental.marketCapFloat;instruments.*.fundamental.shortIntToFloat,chains.putExpDateMap.*.theoreticalVolatility;chains.putExpDateMap.*.volatility;chains.putExpDateMap.*.theta,V3-B universal catch-all (CSV-derived vocabulary),NOT_MARKET_DATA,,,NOT_MARKET_DATA: scoped mechanical classifier tail; production wire reads tracked in governance/SCHWAB_V4_REVIEW_MEMOS cone walk
952193df4bd11b01afdc,py,call_engine.py,504,0,TEXT_LINE_MARKET_TOKEN,                return 1,return,instruments.*.fundamental.returnOnAssets;instruments.*.fundamental.returnOnEquity;instruments.*.fundamental.returnOnInvestment,quotes.regular.regularMarketTradeTime;market_hours.future.RTY.isOpen;market_hours.future.SR1.isOpen,V3-B universal catch-all (CSV-derived vocabulary),NOT_MARKET_DATA,,,NOT_MARKET_DATA: scoped mechanical classifier tail; production wire reads tracked in governance/SCHWAB_V4_REVIEW_MEMOS cone walk
09b1d4a8f22d1a3e6099,py,call_engine.py,506,0,TEXT_LINE_MARKET_TOKEN,                return -1,return,instruments.*.fundamental.returnOnAssets;instruments.*.fundamental.returnOnEquity;instruments.*.fundamental.returnOnInvestment,quotes.regular.regularMarketTradeTime;market_hours.future.RME.isOpen;market_hours.future.MRB.isOpen,V3-B universal catch-all (CSV-derived vocabulary),NOT_MARKET_DATA,,,NOT_MARKET_DATA: scoped mechanical classifier tail; production wire reads tracked in governance/SCHWAB_V4_REVIEW_MEMOS cone walk
6f3274848f8f6c3d85bb,py,call_engine.py,510,0,TEXT_LINE_MARKET_TOKEN,        return 0,return,instruments.*.fundamental.returnOnAssets;instruments.*.fundamental.returnOnEquity;instruments.*.fundamental.returnOnInvestment,market_hours.future.XRP.isOpen;market_hours.future.RTY.isOpen;market_hours.future.RME.isOpen,V3-B universal catch-all (CSV-derived vocabulary),NOT_MARKET_DATA,,,NOT_MARKET_DATA: scoped mechanical classifier tail; production wire reads tracked in governance/SCHWAB_V4_REVIEW_MEMOS cone walk
c9e0e4529d20c6a2dd76,py,call_engine.py,512,0,TEXT_LINE_MARKET_TOKEN,        c = float(etf_chg_pct),float,instruments.*.fundamental.marketCapFloat;instruments.*.fundamental.shortIntToFloat,chains.putExpDateMap.*.theoreticalVolatility;chains.callExpDateMap.*.theoreticalVolatility;chains.volatility,V3-B universal catch-all (CSV-derived vocabulary),NOT_MARKET_DATA,,,NOT_MARKET_DATA: scoped mechanical classifier tail; production wire reads tracked in governance/SCHWAB_V4_REVIEW_MEMOS cone walk
4121aaabaaf28c4e4e54,py,call_engine.py,514,0,TEXT_LINE_MARKET_TOKEN,        return 0,return,instruments.*.fundamental.returnOnAssets;instruments.*.fundamental.returnOnEquity;instruments.*.fundamental.returnOnInvestment,market_hours.future.XRP.isOpen;market_hours.future.RTY.isOpen;market_hours.future.RME.isOpen,V3-B universal catch-all (CSV-derived vocabulary),NOT_MARKET_DATA,,,NOT_MARKET_DATA: scoped mechanical classifier tail; production wire reads tracked in governance/SCHWAB_V4_REVIEW_MEMOS cone walk
e8f02a87eefc7ab4d8dc,py,call_engine.py,516,0,TEXT_LINE_MARKET_TOKEN,        return 1,return,instruments.*.fundamental.returnOnAssets;instruments.*.fundamental.returnOnEquity;instruments.*.fundamental.returnOnInvestment,quotes.regular.regularMarketTradeTime;market_hours.future.RTY.isOpen;market_hours.future.SR1.isOpen,V3-B universal catch-all (CSV-derived vocabulary),NOT_MARKET_DATA,,,NOT_MARKET_DATA: scoped mechanical classifier tail; production wire reads tracked in governance/SCHWAB_V4_REVIEW_MEMOS cone walk
966b4b2692c8590c4447,py,call_engine.py,518,0,TEXT_LINE_MARKET_TOKEN,        return -1,return,instruments.*.fundamental.returnOnAssets;instruments.*.fundamental.returnOnEquity;instruments.*.fundamental.returnOnInvestment,quotes.regular.regularMarketTradeTime;market_hours.future.RME.isOpen;market_hours.future.MRB.isOpen,V3-B universal catch-all (CSV-derived vocabulary),NOT_MARKET_DATA,,,NOT_MARKET_DATA: scoped mechanical classifier tail; production wire reads tracked in governance/SCHWAB_V4_REVIEW_MEMOS cone walk
40bc187d1dfb19f29b4f,py,call_engine.py,519,0,TEXT_LINE_MARKET_TOKEN,    return 0,return,instruments.*.fundamental.returnOnAssets;instruments.*.fundamental.returnOnEquity;instruments.*.fundamental.returnOnInvestment,market_hours.future.XRP.isOpen;market_hours.future.RTY.isOpen;market_hours.future.RME.isOpen,V3-B universal catch-all (CSV-derived vocabulary),NOT_MARKET_DATA,,,NOT_MARKET_DATA: scoped mechanical classifier tail; production wire reads tracked in governance/SCHWAB_V4_REVIEW_MEMOS cone walk
c3ae2c486c43aa6618b6,py,call_engine.py,524,0,TEXT_LINE_MARKET_TOKEN,    Continuous cross-instrument alignment score for **narrative / notes** only,instrument only,,streaming.content.*.ASKS.*.TOTAL_VOLUME;streaming.content.*.ASKS.*;streaming.content.*.ASKS,V3-B universal catch-all (CSV-derived vocabulary),NOT_MARKET_DATA,,,NOT_MARKET_DATA: scoped mechanical classifier tail; production wire reads tracked in governance/SCHWAB_V4_REVIEW_MEMOS cone walk
bdbc88204811b712b0c2,py,call_engine.py,525,0,TEXT_LINE_MARKET_TOKEN,"    (e.g. `_cross_instrument_notes`, regime copy) — **not** used for stack_vote;",regime,,streaming.content.*.ASK_SIZE;streaming.content.*.ASKS.*.TOTAL_VOLUME;quotes.quote.askSize,V3-B universal catch-all (CSV-derived vocabulary),NOT_MARKET_DATA,,,NOT_MARKET_DATA: scoped mechanical classifier tail; production wire reads tracked in governance/SCHWAB_V4_REVIEW_MEMOS cone walk
40d411135f013a8afbfa,py,call_engine.py,526,0,TEXT_LINE_MARKET_TOKEN,    see `_index_basket_vote` (three independent index votes) for The Call tape layer.,index the call,chains.isIndex;chains.callExpDateMap.*.inTheMoney;chains.putExpDateMap.*.inTheMoney;chains.callExpDateMap;chains.callExpDateMap.*;chains.callExpDateMap.*.ask;chains.callExpDateMap.*.askSize;chains.callExpDateMap.*.bid;chains.callExpDateMap.*.bidAskSize;chains.callExpDateMap.*.bidSize;chains.callExpDateMap.*.closePrice;chains.callExpDateMap.*.daysToExpiration;chains.callExpDateMap.*.deliverableNote;chains.callExpDateMap.*.delta;chains.callExpDateMap.*.description;chains.callExpDateMap.*.exchangeName;chains.callExpDateMap.*.exerciseType;chains.callExpDateMap.*.expirationDate;chains.callExpDateMap.*.expirationType;chains.callExpDateMap.*.extrinsicValue;chains.callExpDateMap.*.gamma;chains.callExpDateMap.*.high52Week;chains.callExpDateMap.*.highPrice;chains.callExpDateMap.*.intrinsicValue;chains.callExpDateMap.*.last,quotes.extended.askSize;chains.putExpDateMap.*.high52Week;chains.putExpDateMap.*.theta,V3-B universal catch-all (CSV-derived vocabulary),NOT_MARKET_DATA,,,NOT_MARKET_DATA: scoped mechanical classifier tail; production wire reads tracked in governance/SCHWAB_V4_REVIEW_MEMOS cone walk
01b722820ba1fdd80200,py,call_engine.py,529,0,TEXT_LINE_MARKET_TOKEN,    a strong contextual label; divergence is a warning in text — not a hard gate.,hard,quotes.reference.isHardToBorrow;streaming.content.*.HARD_TO_BORROW,chains.callExpDateMap.*.theta;chains.putExpDateMap.*.theta;chains.putExpDateMap.*.volatility,V3-B universal catch-all (CSV-derived vocabulary),NOT_MARKET_DATA,,,NOT_MARKET_DATA: scoped mechanical classifier tail; production wire reads tracked in governance/SCHWAB_V4_REVIEW_MEMOS cone walk
c18d849de7b366df196e,py,call_engine.py,536,0,TEXT_LINE_MARKET_TOKEN,        return None,return,instruments.*.fundamental.returnOnAssets;instruments.*.fundamental.returnOnEquity;instruments.*.fundamental.returnOnInvestment,quotes.reference.htbRate;quotes.reference.isHardToBorrow;market_hours.future.RME.category,V3-B universal catch-all (CSV-derived vocabulary),NOT_MARKET_DATA,,,NOT_MARKET_DATA: scoped mechanical classifier tail; production wire reads tracked in governance/SCHWAB_V4_REVIEW_MEMOS cone walk
29857cbc17d2f95a64ad,py,call_engine.py,538,0,TEXT_LINE_MARKET_TOKEN,    # Directions for instruments with data (chg_pct in percentage points),instruments,instruments.*;instruments.*.assetType;instruments.*.cusip;instruments.*.description;instruments.*.exchange;instruments.*.fundamental.avg10DaysVolume;instruments.*.fundamental.avg1DayVolume;instruments.*.fundamental.avg3MonthVolume;instruments.*.fundamental.beta;instruments.*.fundamental.bookValuePerShare;instruments.*.fundamental.currentRatio;instruments.*.fundamental.declarationDate;instruments.*.fundamental.divGrowthRate3Year;instruments.*.fundamental.dividendAmount;instruments.*.fundamental.dividendDate;instruments.*.fundamental.dividendFreq;instruments.*.fundamental.dividendPayAmount;instruments.*.fundamental.dividendPayDate;instruments.*.fundamental.dividendYield;instruments.*.fundamental.dtnVolume;instruments.*.fundamental.eps;instruments.*.fundamental.epsChange;instruments.*.fundamental.epsChangePercentTTM;instruments.*.fundamental.epsChangeYear;instruments.*.fundamental.epsTTM,chains.putExpDateMap.*.volatility;chains.volatility;streaming.content.*.BID_SIZE,V3-B universal catch-all (CSV-derived vocabulary),NOT_MARKET_DATA,,,NOT_MARKET_DATA: scoped mechanical classifier tail; production wire reads tracked in governance/SCHWAB_V4_REVIEW_MEMOS cone walk
775e451b2fec208ea634,py,call_engine.py,550,0,TEXT_LINE_MARKET_TOKEN,"        return ""neutral""",return,instruments.*.fundamental.returnOnAssets;instruments.*.fundamental.returnOnEquity;instruments.*.fundamental.returnOnInvestment,quotes.regular.regularMarketTradeTime;quotes.regular.regularMarketLastSize;quotes.regular.regularMarketLastPrice,V3-B universal catch-all (CSV-derived vocabulary),NOT_MARKET_DATA,,,NOT_MARKET_DATA: scoped mechanical classifier tail; production wire reads tracked in governance/SCHWAB_V4_REVIEW_MEMOS cone walk
19c458a28dff7fb4e457,py,call_engine.py,557,0,TEXT_LINE_MARKET_TOKEN,"        return ""strong_diverge"" if avg_mag >= CROSS_INSTRUMENT_STRONG_THRESHOLD else ""diverging""",return,instruments.*.fundamental.returnOnAssets;instruments.*.fundamental.returnOnEquity;instruments.*.fundamental.returnOnInvestment,streaming.content.*.BID_SIZE;streaming.content.*.ASK_SIZE;streaming.content.*.BIDS,V3-B universal catch-all (CSV-derived vocabulary),NOT_MARKET_DATA,,,NOT_MARKET_DATA: scoped mechanical classifier tail; production wire reads tracked in governance/SCHWAB_V4_REVIEW_MEMOS cone walk
39c4c1db3f44d0e15afd,py,call_engine.py,559,0,TEXT_LINE_MARKET_TOKEN,"        return ""strong_confirm"" if avg_mag >= CROSS_INSTRUMENT_STRONG_THRESHOLD else ""confirming""",return,instruments.*.fundamental.returnOnAssets;instruments.*.fundamental.returnOnEquity;instruments.*.fundamental.returnOnInvestment,streaming.content.*.BIDS;streaming.content.*.ASKS;streaming.content.*.ASK_SIZE,V3-B universal catch-all (CSV-derived vocabulary),NOT_MARKET_DATA,,,NOT_MARKET_DATA: scoped mechanical classifier tail; production wire reads tracked in governance/SCHWAB_V4_REVIEW_MEMOS cone walk
8d290478836936b77b0d,py,call_engine.py,560,0,TEXT_LINE_MARKET_TOKEN,"    return ""neutral""",return,instruments.*.fundamental.returnOnAssets;instruments.*.fundamental.returnOnEquity;instruments.*.fundamental.returnOnInvestment,quotes.regular.regularMarketTradeTime;quotes.regular.regularMarketLastSize;quotes.regular.regularMarketLastPrice,V3-B universal catch-all (CSV-derived vocabulary),NOT_MARKET_DATA,,,NOT_MARKET_DATA: scoped mechanical classifier tail; production wire reads tracked in governance/SCHWAB_V4_REVIEW_MEMOS cone walk
f7826a3057c75cfca281,py,call_engine.py,562,0,TEXT_LINE_MARKET_TOKEN,def _cross_instrument_notes(inp: SignalInput) -> list:,list,chains.callExpDateMap.*.optionDeliverablesList;chains.callExpDateMap.*.optionDeliverablesList.*;chains.callExpDateMap.*.optionDeliverablesList.*.assetType;chains.callExpDateMap.*.optionDeliverablesList.*.currencyType;chains.callExpDateMap.*.optionDeliverablesList.*.deliverableUnits;chains.callExpDateMap.*.optionDeliverablesList.*.symbol;chains.putExpDateMap.*.optionDeliverablesList;chains.putExpDateMap.*.optionDeliverablesList.*;chains.putExpDateMap.*.optionDeliverablesList.*.assetType;chains.putExpDateMap.*.optionDeliverablesList.*.currencyType;chains.putExpDateMap.*.optionDeliverablesList.*.deliverableUnits;chains.putExpDateMap.*.optionDeliverablesList.*.symbol,streaming.content.*.ASK_SIZE;streaming.content.*.DESCRIPTION;streaming.content.*.BID_SIZE,V3-B universal catch-all (CSV-derived vocabulary),NOT_MARKET_DATA,,,NOT_MARKET_DATA: scoped mechanical classifier tail; production wire reads tracked in governance/SCHWAB_V4_REVIEW_MEMOS cone walk
c6b96e02d3d91019dce1,py,call_engine.py,563,0,TEXT_LINE_MARKET_TOKEN,"    """"""Plain English notes from cross-instrument reads with magnitude context.""""""",instrument,,streaming.content.*.BIDS;streaming.content.*.BIDS.*.BIDS;streaming.content.*.ASKS,V3-B universal catch-all (CSV-derived vocabulary),NOT_MARKET_DATA,,,NOT_MARKET_DATA: scoped mechanical classifier tail; production wire reads tracked in governance/SCHWAB_V4_REVIEW_MEMOS cone walk
7e91146bafe85b6ce689,py,call_engine.py,571,0,TEXT_LINE_MARKET_TOKEN,        delta = qqq - spy,delta,chains.callExpDateMap.*.delta;chains.putExpDateMap.*.delta,chains.putExpDateMap.*.delta;quotes.quote.askSize;chains.callExpDateMap.*.delta,V3-B universal catch-all (CSV-derived vocabulary),NOT_MARKET_DATA,,,NOT_MARKET_DATA: scoped mechanical classifier tail; production wire reads tracked in governance/SCHWAB_V4_REVIEW_MEMOS cone walk
d0641ae17ac58a4e982f,py,call_engine.py,572,0,TEXT_LINE_MARKET_TOKEN,        if abs(delta) > CROSS_INSTRUMENT_QQQ_LEAD_THRESHOLD:,delta,chains.callExpDateMap.*.delta;chains.putExpDateMap.*.delta,quotes.quote.askSize;quotes.quote.bidSize;quotes.extended.askSize,V3-B universal catch-all (CSV-derived vocabulary),NOT_MARKET_DATA,,,NOT_MARKET_DATA: scoped mechanical classifier tail; production wire reads tracked in governance/SCHWAB_V4_REVIEW_MEMOS cone walk
f996cfa979a79ece7c9c,py,call_engine.py,573,0,TEXT_LINE_MARKET_TOKEN,            if delta > 0:,delta,chains.callExpDateMap.*.delta;chains.putExpDateMap.*.delta,chains.putExpDateMap.*.theoreticalVolatility;chains.callExpDateMap.*.bidSize;chains.putExpDateMap.*.bidSize,V3-B universal catch-all (CSV-derived vocabulary),NOT_MARKET_DATA,,,NOT_MARKET_DATA: scoped mechanical classifier tail; production wire reads tracked in governance/SCHWAB_V4_REVIEW_MEMOS cone walk
48dfcbfabddd8a7c8025,py,call_engine.py,574,0,TEXT_LINE_MARKET_TOKEN,"                notes.append(f""QQQ leading SPY by {abs(delta):.2f}% — tech pulling market up"")",delta market,chains.callExpDateMap.*.delta;chains.putExpDateMap.*.delta;instruments.*.fundamental.marketCap;instruments.*.fundamental.marketCapFloat;market_hours.bond;market_hours.bond.BON;market_hours.bond.BON.date;market_hours.bond.BON.isOpen;market_hours.bond.BON.marketType;market_hours.bond.BON.product;market_hours.bond.BON.productName;market_hours.bond.BON.sessionHours;market_hours.bond.BON.sessionHours.postMarket;market_hours.bond.BON.sessionHours.postMarket.*;market_hours.bond.BON.sessionHours.postMarket.*.end;market_hours.bond.BON.sessionHours.postMarket.*.start;market_hours.bond.BON.sessionHours.preMarket;market_hours.bond.BON.sessionHours.preMarket.*;market_hours.bond.BON.sessionHours.preMarket.*.end;market_hours.bond.BON.sessionHours.preMarket.*.start;market_hours.bond.BON.sessionHours.regularMarket;market_hours.bond.BON.sessionHours.regularMarket.*;market_hours.bond.BON.sessionHours.regularMarket.*.end;market_hours.bond.BON.sessionHours.regularMarket.*.start;market_hours.equity,chains.putExpDateMap.*.delta;chains.putExpDateMap.*.theta;chains.callExpDateMap.*.theta,V3-B universal catch-all (CSV-derived vocabulary),NOT_MARKET_DATA,,,NOT_MARKET_DATA: scoped mechanical classifier tail; production wire reads tracked in governance/SCHWAB_V4_REVIEW_MEMOS cone walk
4d9341e23b1db4730853,py,call_engine.py,576,0,TEXT_LINE_MARKET_TOKEN,"                notes.append(f""QQQ lagging SPY by {abs(delta):.2f}% — tech is a drag"")",delta,chains.callExpDateMap.*.delta;chains.putExpDateMap.*.delta,chains.callExpDateMap.*.theta;chains.putExpDateMap.*.bidSize;chains.putExpDateMap.*.askSize,V3-B universal catch-all (CSV-derived vocabulary),NOT_MARKET_DATA,,,NOT_MARKET_DATA: scoped mechanical classifier tail; production wire reads tracked in governance/SCHWAB_V4_REVIEW_MEMOS cone walk
c194c2c68567fd04da13,py,call_engine.py,579,0,TEXT_LINE_MARKET_TOKEN,"        notes.append(f""Small caps down {abs(iwm):.2f}% — risk-off, be careful with longs"")",risk,,chains.callExpDateMap.*.askSize;chains.callExpDateMap.*.bidSize;chains.putExpDateMap.*.askSize,V3-B universal catch-all (CSV-derived vocabulary),NOT_MARKET_DATA,,,NOT_MARKET_DATA: scoped mechanical classifier tail; production wire reads tracked in governance/SCHWAB_V4_REVIEW_MEMOS cone walk
13ac3ccc9b755baf0240,py,call_engine.py,581,0,TEXT_LINE_MARKET_TOKEN,"        notes.append(f""Small caps up {iwm:.2f}% — risk-on, longs favored"")",risk,,chains.callExpDateMap.*.rho;chains.putExpDateMap.*.rho;chains.callExpDateMap.*.askSize,V3-B universal catch-all (CSV-derived vocabulary),NOT_MARKET_DATA,,,NOT_MARKET_DATA: scoped mechanical classifier tail; production wire reads tracked in governance/SCHWAB_V4_REVIEW_MEMOS cone walk
336b449430144d164bc9,py,call_engine.py,586,0,TEXT_LINE_MARKET_TOKEN,"        notes.append(f""SPY/QQQ/IWM all moving strongly {avg_dir} — broad market conviction"")",market,instruments.*.fundamental.marketCap;instruments.*.fundamental.marketCapFloat;market_hours.bond;market_hours.bond.BON;market_hours.bond.BON.date;market_hours.bond.BON.isOpen;market_hours.bond.BON.marketType;market_hours.bond.BON.product;market_hours.bond.BON.productName;market_hours.bond.BON.sessionHours;market_hours.bond.BON.sessionHours.postMarket;market_hours.bond.BON.sessionHours.postMarket.*;market_hours.bond.BON.sessionHours.postMarket.*.end;market_hours.bond.BON.sessionHours.postMarket.*.start;market_hours.bond.BON.sessionHours.preMarket;market_hours.bond.BON.sessionHours.preMarket.*;market_hours.bond.BON.sessionHours.preMarket.*.end;market_hours.bond.BON.sessionHours.preMarket.*.start;market_hours.bond.BON.sessionHours.regularMarket;market_hours.bond.BON.sessionHours.regularMarket.*;market_hours.bond.BON.sessionHours.regularMarket.*.end;market_hours.bond.BON.sessionHours.regularMarket.*.start;market_hours.equity;market_hours.equity.EQ;market_hours.equity.EQ.date,chains.putExpDateMap.*.theoreticalVolatility;streaming.content.*.BIDS;chains.volatility,V3-B universal catch-all (CSV-derived vocabulary),NOT_MARKET_DATA,,,NOT_MARKET_DATA: scoped mechanical classifier tail; production wire reads tracked in governance/SCHWAB_V4_REVIEW_MEMOS cone walk
d05f045368605050083a,py,call_engine.py,588,0,TEXT_LINE_MARKET_TOKEN,"        notes.append(""Index instruments diverging — mixed signals, reduce sizing"")",index instruments,chains.isIndex;instruments.*;instruments.*.assetType;instruments.*.cusip;instruments.*.description;instruments.*.exchange;instruments.*.fundamental.avg10DaysVolume;instruments.*.fundamental.avg1DayVolume;instruments.*.fundamental.avg3MonthVolume;instruments.*.fundamental.beta;instruments.*.fundamental.bookValuePerShare;instruments.*.fundamental.currentRatio;instruments.*.fundamental.declarationDate;instruments.*.fundamental.divGrowthRate3Year;instruments.*.fundamental.dividendAmount;instruments.*.fundamental.dividendDate;instruments.*.fundamental.dividendFreq;instruments.*.fundamental.dividendPayAmount;instruments.*.fundamental.dividendPayDate;instruments.*.fundamental.dividendYield;instruments.*.fundamental.dtnVolume;instruments.*.fundamental.eps;instruments.*.fundamental.epsChange;instruments.*.fundamental.epsChangePercentTTM;instruments.*.fundamental.epsChangeYear,chains.putExpDateMap.*.bidSize;chains.underlying.bidSize;chains.putExpDateMap.*.vega,V3-B universal catch-all (CSV-derived vocabulary),NOT_MARKET_DATA,,,NOT_MARKET_DATA: scoped mechanical classifier tail; production wire reads tracked in governance/SCHWAB_V4_REVIEW_MEMOS cone walk
f006b3425e16163f2bd8,py,call_engine.py,590,0,TEXT_LINE_MARKET_TOKEN,    return notes,return,instruments.*.fundamental.returnOnAssets;instruments.*.fundamental.returnOnEquity;instruments.*.fundamental.returnOnInvestment,market_hours.future.RTY.isOpen;market_hours.future.ETH.isOpen;market_hours.future.MET.isOpen,V3-B universal catch-all (CSV-derived vocabulary),NOT_MARKET_DATA,,,NOT_MARKET_DATA: scoped mechanical classifier tail; production wire reads tracked in governance/SCHWAB_V4_REVIEW_MEMOS cone walk
da7bc2b2b9b184bbe0e7,py,call_engine.py,592,0,TEXT_LINE_MARKET_TOKEN,"def _stop_distance(inp: SignalInput, risk_multiplier: float = 1.0) -> float:",float,instruments.*.fundamental.marketCapFloat;instruments.*.fundamental.shortIntToFloat,chains.putExpDateMap.*.theoreticalVolatility;chains.callExpDateMap.*.theoreticalVolatility;chains.putExpDateMap.*.volatility,V3-B universal catch-all (CSV-derived vocabulary),NOT_MARKET_DATA,,,NOT_MARKET_DATA: scoped mechanical classifier tail; production wire reads tracked in governance/SCHWAB_V4_REVIEW_MEMOS cone walk
9d7ee5235034ee06d8fa,py,call_engine.py,594,0,TEXT_LINE_MARKET_TOKEN,"    Time-aware, VIX-aware stop distance for 0DTE trading.",time trading,chains.callExpDateMap.*.quoteTimeInLong;chains.callExpDateMap.*.timeValue;chains.callExpDateMap.*.tradeTimeInLong;chains.putExpDateMap.*.quoteTimeInLong;chains.putExpDateMap.*.timeValue;chains.putExpDateMap.*.tradeTimeInLong;chains.underlying.quoteTime;chains.underlying.tradeTime;quotes.extended.quoteTime;quotes.extended.tradeTime;quotes.quote.askTime;quotes.quote.bidTime;quotes.quote.quoteTime;quotes.quote.tradeTime;quotes.regular.regularMarketTradeTime;streaming.content.*.ASK_TIME_MILLIS;streaming.content.*.BID_TIME_MILLIS;streaming.content.*.BOOK_TIME;streaming.content.*.CHART_TIME_MILLIS;streaming.content.*.QUOTE_TIME_MILLIS;streaming.content.*.TRADE_TIME_MILLIS;chains.callExpDateMap.*.lastTradingDay;chains.putExpDateMap.*.lastTradingDay;market_hours.future.ADA.sessionHours.noTrading;market_hours.future.ADA.sessionHours.noTrading.*,chains.putExpDateMap.*.askSize;chains.putExpDateMap.*.theta;chains.putExpDateMap.*.delta,V3-B universal catch-all (CSV-derived vocabulary),NOT_MARKET_DATA,,,NOT_MARKET_DATA: scoped mechanical classifier tail; production wire reads tracked in governance/SCHWAB_V4_REVIEW_MEMOS cone walk
7e45524cbbe54fde897d,py,call_engine.py,597,0,TEXT_LINE_MARKET_TOKEN,    risk_multiplier: from volatility regime — scales stop in expansion/unstable,volatility regime,chains.callExpDateMap.*.theoreticalVolatility;chains.callExpDateMap.*.volatility;chains.putExpDateMap.*.theoreticalVolatility;chains.putExpDateMap.*.volatility;chains.volatility,chains.putExpDateMap.*.theoreticalVolatility;chains.callExpDateMap.*.theoreticalVolatility;chains.volatility,V3-B universal catch-all (CSV-derived vocabulary),NOT_MARKET_DATA,,,NOT_MARKET_DATA: scoped mechanical classifier tail; production wire reads tracked in governance/SCHWAB_V4_REVIEW_MEMOS cone walk
dd6b57f7fb015e39ef63,py,call_engine.py,603,0,TEXT_LINE_MARKET_TOKEN,"            ""call_engine._stop_distance: et_hour/et_minute missing — using mins_elapsed=0 (open default)""",open,chains.callExpDateMap.*.openInterest;chains.callExpDateMap.*.openPrice;chains.putExpDateMap.*.openInterest;chains.putExpDateMap.*.openPrice;chains.underlying.openPrice;market_hours.bond.BON.isOpen;market_hours.equity.EQ.isOpen;market_hours.forex.forex.isOpen;market_hours.future.ADA.isOpen;market_hours.future.AW.isOpen;market_hours.future.BFF.isOpen;market_hours.future.BTC.isOpen;market_hours.future.BZ.isOpen;market_hours.future.CB.isOpen;market_hours.future.CL.isOpen;market_hours.future.CZK.isOpen;market_hours.future.DC.isOpen;market_hours.future.E7.isOpen;market_hours.future.ECK.isOpen;market_hours.future.EHF.isOpen;market_hours.future.EMD.isOpen;market_hours.future.ES.isOpen;market_hours.future.ETH.isOpen;market_hours.future.GC.isOpen;market_hours.future.GF.isOpen,chains.putExpDateMap.*.bidSize;chains.putExpDateMap.*.askSize;streaming.content.*.BID_SIZE,V3-B universal catch-all (CSV-derived vocabulary),NOT_MARKET_DATA,,,NOT_MARKET_DATA: scoped mechanical classifier tail; production wire reads tracked in governance/SCHWAB_V4_REVIEW_MEMOS cone walk
dddfc49ef7f40e520cee,py,call_engine.py,616,0,TEXT_LINE_MARKET_TOKEN,"    return round(stop_distance.final_pct * spot, 2)",return,instruments.*.fundamental.returnOnAssets;instruments.*.fundamental.returnOnEquity;instruments.*.fundamental.returnOnInvestment,chains.putExpDateMap.*.openInterest;chains.callExpDateMap.*.openInterest;chains.putExpDateMap.*.askSize,V3-B universal catch-all (CSV-derived vocabulary),NOT_MARKET_DATA,,,NOT_MARKET_DATA: scoped mechanical classifier tail; production wire reads tracked in governance/SCHWAB_V4_REVIEW_MEMOS cone walk
14dfb8558f36a74a7784,py,call_engine.py,623,0,TEXT_LINE_MARKET_TOKEN,"    risk_multiplier: float = 1.0,",float,instruments.*.fundamental.marketCapFloat;instruments.*.fundamental.shortIntToFloat,chains.putExpDateMap.*.theoreticalVolatility;chains.callExpDateMap.*.theoreticalVolatility;chains.callExpDateMap.*.volatility,V3-B universal catch-all (CSV-derived vocabulary),NOT_MARKET_DATA,,,NOT_MARKET_DATA: scoped mechanical classifier tail; production wire reads tracked in governance/SCHWAB_V4_REVIEW_MEMOS cone walk
7994586c2d9b40a7a22c,py,call_engine.py,628,0,TEXT_LINE_MARKET_TOKEN,"    Compute entry, stop, target based on signal, zone, and key levels.",key levels,streaming.content.*.key,chains.callExpDateMap.*.delta;chains.callExpDateMap.*.theta;chains.putExpDateMap.*.delta,V3-B universal catch-all (CSV-derived vocabulary),NOT_MARKET_DATA,,,NOT_MARKET_DATA: scoped mechanical classifier tail; production wire reads tracked in governance/SCHWAB_V4_REVIEW_MEMOS cone walk
1030566c9106bc897e83,py,call_engine.py,629,0,TEXT_LINE_MARKET_TOKEN,    risk_multiplier: from volatility regime — scales stop distance.,volatility regime,chains.callExpDateMap.*.theoreticalVolatility;chains.callExpDateMap.*.volatility;chains.putExpDateMap.*.theoreticalVolatility;chains.putExpDateMap.*.volatility;chains.volatility,chains.putExpDateMap.*.theoreticalVolatility;chains.callExpDateMap.*.theoreticalVolatility;chains.volatility,V3-B universal catch-all (CSV-derived vocabulary),NOT_MARKET_DATA,,,NOT_MARKET_DATA: scoped mechanical classifier tail; production wire reads tracked in governance/SCHWAB_V4_REVIEW_MEMOS cone walk
4e40a3b9989cb21a9135,py,call_engine.py,632,0,TEXT_LINE_MARKET_TOKEN,    The primary target comes from the PREDICTION ENGINE (avg expected move,the prediction avg,chains.callExpDateMap.*.inTheMoney;chains.putExpDateMap.*.inTheMoney;instruments.*.fundamental.vol10DayAvg;instruments.*.fundamental.vol1DayAvg;instruments.*.fundamental.vol3MonthAvg,chains.putExpDateMap.*.theta;chains.putExpDateMap.*.vega;chains.putExpDateMap.*.rho,V3-B universal catch-all (CSV-derived vocabulary),NOT_MARKET_DATA,,,NOT_MARKET_DATA: scoped mechanical classifier tail; production wire reads tracked in governance/SCHWAB_V4_REVIEW_MEMOS cone walk
7f03bfd3ea38add60a57,py,call_engine.py,633,0,TEXT_LINE_MARKET_TOKEN,"    from similar historical setups). Structural levels (gamma walls, OI walls,",levels gamma,chains.callExpDateMap.*.gamma;chains.putExpDateMap.*.gamma,chains.callExpDateMap.*.theoreticalVolatility;chains.putExpDateMap.*.theoreticalVolatility;chains.callExpDateMap.*.totalVolume,V3-B universal catch-all (CSV-derived vocabulary),NOT_MARKET_DATA,,,NOT_MARKET_DATA: scoped mechanical classifier tail; production wire reads tracked in governance/SCHWAB_V4_REVIEW_MEMOS cone walk
2a002a36381848d509ca,py,call_engine.py,634,0,TEXT_LINE_MARKET_TOKEN,    VWAP) act as CONFIRMATION — if a structural level is near the predicted,the,chains.callExpDateMap.*.inTheMoney;chains.putExpDateMap.*.inTheMoney,chains.putExpDateMap.*.theoreticalVolatility;chains.callExpDateMap.*.theoreticalVolatility;chains.putExpDateMap.*.volatility,V3-B universal catch-all (CSV-derived vocabulary),NOT_MARKET_DATA,,,NOT_MARKET_DATA: scoped mechanical classifier tail; production wire reads tracked in governance/SCHWAB_V4_REVIEW_MEMOS cone walk
f1d6ef7844fff4d472aa,py,call_engine.py,635,0,TEXT_LINE_MARKET_TOKEN,"    move, snap to it. If no structural level is nearby, use the predicted move.",the,chains.callExpDateMap.*.inTheMoney;chains.putExpDateMap.*.inTheMoney,chains.putExpDateMap.*.theoreticalVolatility;chains.putExpDateMap.*.delta;chains.putExpDateMap.*.totalVolume,V3-B universal catch-all (CSV-derived vocabulary),NOT_MARKET_DATA,,,NOT_MARKET_DATA: scoped mechanical classifier tail; production wire reads tracked in governance/SCHWAB_V4_REVIEW_MEMOS cone walk
33ff067309320fbbe62d,py,call_engine.py,637,0,TEXT_LINE_MARKET_TOKEN,    This prevents the old bug where the call gamma wall at 595 becomes the,the call gamma,chains.callExpDateMap.*.inTheMoney;chains.putExpDateMap.*.inTheMoney;chains.callExpDateMap;chains.callExpDateMap.*;chains.callExpDateMap.*.ask;chains.callExpDateMap.*.askSize;chains.callExpDateMap.*.bid;chains.callExpDateMap.*.bidAskSize;chains.callExpDateMap.*.bidSize;chains.callExpDateMap.*.closePrice;chains.callExpDateMap.*.daysToExpiration;chains.callExpDateMap.*.deliverableNote;chains.callExpDateMap.*.delta;chains.callExpDateMap.*.description;chains.callExpDateMap.*.exchangeName;chains.callExpDateMap.*.exerciseType;chains.callExpDateMap.*.expirationDate;chains.callExpDateMap.*.expirationType;chains.callExpDateMap.*.extrinsicValue;chains.callExpDateMap.*.gamma;chains.callExpDateMap.*.high52Week;chains.callExpDateMap.*.highPrice;chains.callExpDateMap.*.intrinsicValue;chains.callExpDateMap.*.last;chains.callExpDateMap.*.lastSize,chains.callExpDateMap.*.theta;chains.putExpDateMap.*.high52Week;chains.callExpDateMap.*.high52Week,V3-B universal catch-all (CSV-derived vocabulary),NOT_MARKET_DATA,,,NOT_MARKET_DATA: scoped mechanical classifier tail; production wire reads tracked in governance/SCHWAB_V4_REVIEW_MEMOS cone walk
3b8fbde448eb5f4ed85c,py,call_engine.py,638,0,TEXT_LINE_MARKET_TOKEN,"    target when spot is 580, giving a fantasy 14:1 R:R on a 25-minute trade.",trade,chains.callExpDateMap.*.tradeTimeInLong;chains.putExpDateMap.*.tradeTimeInLong;chains.underlying.tradeTime;quotes.extended.tradeTime;quotes.quote.tradeTime;quotes.regular.regularMarketTradeTime;streaming.content.*.REGULAR_MARKET_TRADE;streaming.content.*.REGULAR_MARKET_TRADE_MILLIS;streaming.content.*.TRADE_TIME_MILLIS,streaming.timestamp;chains.putExpDateMap.*.theta;streaming.service,V3-B universal catch-all (CSV-derived vocabulary),NOT_MARKET_DATA,,,NOT_MARKET_DATA: scoped mechanical classifier tail; production wire reads tracked in governance/SCHWAB_V4_REVIEW_MEMOS cone walk
3ce3da0b570943d42afa,py,call_engine.py,643,0,TEXT_LINE_MARKET_TOKEN,"    3. T1 = predicted avg move (5-bar horizon), snapped to nearby structural",avg bar,instruments.*.fundamental.vol10DayAvg;instruments.*.fundamental.vol1DayAvg;instruments.*.fundamental.vol3MonthAvg,chains.putExpDateMap.*.rho;chains.putExpDateMap.*.totalVolume;chains.putExpDateMap.*.askSize,V3-B universal catch-all (CSV-derived vocabulary),NOT_MARKET_DATA,,,NOT_MARKET_DATA: scoped mechanical classifier tail; production wire reads tracked in governance/SCHWAB_V4_REVIEW_MEMOS cone walk
d31e95cb690825c43419,py,call_engine.py,644,0,TEXT_LINE_MARKET_TOKEN,       level if one exists within ±30% of the predicted distance.,the,chains.callExpDateMap.*.inTheMoney;chains.putExpDateMap.*.inTheMoney,quotes.extended.bidSize;quotes.extended.askSize;quotes.quote.bidSize,V3-B universal catch-all (CSV-derived vocabulary),NOT_MARKET_DATA,,,NOT_MARKET_DATA: scoped mechanical classifier tail; production wire reads tracked in governance/SCHWAB_V4_REVIEW_MEMOS cone walk
759ad87cc32f35f2cdc4,py,call_engine.py,645,0,TEXT_LINE_MARKET_TOKEN,    4. T2 = predicted move at **primary** horizons (15c / 60c empirical) only — not 3c/8c/13c secondary.,only,,pricehistory.candles.*.volume;chains.callExpDateMap.*.openInterest;pricehistory.candles,V3-B universal catch-all (CSV-derived vocabulary),NOT_MARKET_DATA,,,NOT_MARKET_DATA: scoped mechanical classifier tail; production wire reads tracked in governance/SCHWAB_V4_REVIEW_MEMOS cone walk
43fe898f6572f93e7d44,py,call_engine.py,646,0,TEXT_LINE_MARKET_TOKEN,"    5. Maximum R:R cap = 5:1 for T1, 8:1 for T2. Anything beyond is unrealistic",cap,instruments.*.fundamental.marketCap;instruments.*.fundamental.marketCapFloat,pricehistory.candles;pricehistory.candles.*;quotes.regular.regularMarketLastSize,V3-B universal catch-all (CSV-derived vocabulary),NOT_MARKET_DATA,,,NOT_MARKET_DATA: scoped mechanical classifier tail; production wire reads tracked in governance/SCHWAB_V4_REVIEW_MEMOS cone walk
6a9c1cf8eaec3b414534,py,call_engine.py,658,0,TEXT_LINE_MARKET_TOKEN,    # ── Prediction-based move distances (primary horizons for tradable targets only) ──,prediction only,,chains.putExpDateMap.*.askSize;chains.putExpDateMap.*.bidSize;chains.callExpDateMap.*.bidSize,V3-B universal catch-all (CSV-derived vocabulary),NOT_MARKET_DATA,,,NOT_MARKET_DATA: scoped mechanical classifier tail; production wire reads tracked in governance/SCHWAB_V4_REVIEW_MEMOS cone walk
59fe8f7f40bbe09bb77e,py,call_engine.py,664,0,TEXT_LINE_MARKET_TOKEN,"        if direction == ""long"":",long,chains.callExpDateMap.*.quoteTimeInLong;chains.callExpDateMap.*.tradeTimeInLong;chains.putExpDateMap.*.quoteTimeInLong;chains.putExpDateMap.*.tradeTimeInLong,chains.underlying.bidSize;quotes.quote.bidSize;chains.volatility,V3-B universal catch-all (CSV-derived vocabulary),NOT_MARKET_DATA,,,NOT_MARKET_DATA: scoped mechanical classifier tail; production wire reads tracked in governance/SCHWAB_V4_REVIEW_MEMOS cone walk
3bb7a054a3f8bccb1b84,py,call_engine.py,665,0,TEXT_LINE_MARKET_TOKEN,"            return [level for level in (vwap, cgw, coi) if level and level > spot]",return,instruments.*.fundamental.returnOnAssets;instruments.*.fundamental.returnOnEquity;instruments.*.fundamental.returnOnInvestment,chains.callExpDateMap.*.low52Week;chains.callExpDateMap.*.high52Week;chains.putExpDateMap.*.low52Week,V3-B universal catch-all (CSV-derived vocabulary),NOT_MARKET_DATA,,,NOT_MARKET_DATA: scoped mechanical classifier tail; production wire reads tracked in governance/SCHWAB_V4_REVIEW_MEMOS cone walk
c0d74c1c6381d963405d,py,call_engine.py,666,0,TEXT_LINE_MARKET_TOKEN,"        return [level for level in (vwap, pgw, poi) if level and level < spot]",return,instruments.*.fundamental.returnOnAssets;instruments.*.fundamental.returnOnEquity;instruments.*.fundamental.returnOnInvestment,chains.callExpDateMap.*.low52Week;chains.putExpDateMap.*.low52Week;chains.callExpDateMap.*.high52Week,V3-B universal catch-all (CSV-derived vocabulary),NOT_MARKET_DATA,,,NOT_MARKET_DATA: scoped mechanical classifier tail; production wire reads tracked in governance/SCHWAB_V4_REVIEW_MEMOS cone walk
1de26a25854685b34132,py,call_engine.py,668,0,TEXT_LINE_MARKET_TOKEN,"    def _targets(entry, direction, risk):",risk,,streaming.content.*.BID_SIZE;quotes.extended.askSize;quotes.quote.bidSize,V3-B universal catch-all (CSV-derived vocabulary),NOT_MARKET_DATA,,,NOT_MARKET_DATA: scoped mechanical classifier tail; production wire reads tracked in governance/SCHWAB_V4_REVIEW_MEMOS cone walk
fbd24d44c5fec2137eb9,py,call_engine.py,669,0,TEXT_LINE_MARKET_TOKEN,        return derive_target_levels(,return,instruments.*.fundamental.returnOnAssets;instruments.*.fundamental.returnOnEquity;instruments.*.fundamental.returnOnInvestment,quotes.quote.52WeekHigh;chains.putExpDateMap.*.high52Week;quotes.quote.52WeekLow,V3-B universal catch-all (CSV-derived vocabulary),NOT_MARKET_DATA,,,NOT_MARKET_DATA: scoped mechanical classifier tail; production wire reads tracked in governance/SCHWAB_V4_REVIEW_MEMOS cone walk
1faa6f679758b83d0096,py,call_engine.py,672,0,TEXT_LINE_MARKET_TOKEN,"            risk=risk,",risk,,chains.underlying.askSize;chains.underlying.bidSize;quotes.quote.askSize,V3-B universal catch-all (CSV-derived vocabulary),NOT_MARKET_DATA,,,NOT_MARKET_DATA: scoped mechanical classifier tail; production wire reads tracked in governance/SCHWAB_V4_REVIEW_MEMOS cone walk
92111c4bbd27f25bffc5,py,call_engine.py,682,0,TEXT_LINE_MARKET_TOKEN,"        risk  = round(entry - stop, 2)",risk,,pricehistory.candles.*.volume;market_hours.future.RTY.isOpen;market_hours.future.SIL.isOpen,V3-B universal catch-all (CSV-derived vocabulary),NOT_MARKET_DATA,,,NOT_MARKET_DATA: scoped mechanical classifier tail; production wire reads tracked in governance/SCHWAB_V4_REVIEW_MEMOS cone walk
041e7173d61bd91babb0,py,call_engine.py,683,0,TEXT_LINE_MARKET_TOKEN,        if risk <= 0:,risk,,chains.underlying.askSize;chains.underlying.bidSize;chains.putExpDateMap.*.askSize,V3-B universal catch-all (CSV-derived vocabulary),NOT_MARKET_DATA,,,NOT_MARKET_DATA: scoped mechanical classifier tail; production wire reads tracked in governance/SCHWAB_V4_REVIEW_MEMOS cone walk
22e63efa52f320fc6242,py,call_engine.py,684,0,TEXT_LINE_MARKET_TOKEN,            risk = stop_dist,risk,,quotes.quote.askSize;quotes.quote.bidSize;chains.putExpDateMap.*.askSize,V3-B universal catch-all (CSV-derived vocabulary),NOT_MARKET_DATA,,,NOT_MARKET_DATA: scoped mechanical classifier tail; production wire reads tracked in governance/SCHWAB_V4_REVIEW_MEMOS cone walk
be113368760977b2e0c2,py,call_engine.py,686,0,TEXT_LINE_MARKET_TOKEN,"        targets = _targets(entry, ""long"", risk)",long risk,chains.callExpDateMap.*.quoteTimeInLong;chains.callExpDateMap.*.tradeTimeInLong;chains.putExpDateMap.*.quoteTimeInLong;chains.putExpDateMap.*.tradeTimeInLong,streaming.content.*.ASK_SIZE;streaming.content.*.ASKS;streaming.content.*.REGULAR_MARKET_TRADE_MILLIS,V3-B universal catch-all (CSV-derived vocabulary),NOT_MARKET_DATA,,,NOT_MARKET_DATA: scoped mechanical classifier tail; production wire reads tracked in governance/SCHWAB_V4_REVIEW_MEMOS cone walk
a6e4eed93149d58bbff9,py,call_engine.py,687,0,TEXT_LINE_MARKET_TOKEN,"        return entry, stop, targets.target, targets.target2",return,instruments.*.fundamental.returnOnAssets;instruments.*.fundamental.returnOnEquity;instruments.*.fundamental.returnOnInvestment,streaming.content.*.REGULAR_MARKET_TRADE;streaming.content.*.REGULAR_MARKET_LAST_PRICE;streaming.content.*.REGULAR_MARKET_TRADE_MILLIS,V3-B universal catch-all (CSV-derived vocabulary),NOT_MARKET_DATA,,,NOT_MARKET_DATA: scoped mechanical classifier tail; production wire reads tracked in governance/SCHWAB_V4_REVIEW_MEMOS cone walk
ed256bbaef8772c929d1,py,call_engine.py,692,0,TEXT_LINE_MARKET_TOKEN,"        risk  = round(stop - entry, 2)",risk,,pricehistory.candles.*.volume;market_hours.future.RTY.isOpen;market_hours.future.SIL.isOpen,V3-B universal catch-all (CSV-derived vocabulary),NOT_MARKET_DATA,,,NOT_MARKET_DATA: scoped mechanical classifier tail; production wire reads tracked in governance/SCHWAB_V4_REVIEW_MEMOS cone walk
e9c7d92dc0cbd76af66e,py,call_engine.py,693,0,TEXT_LINE_MARKET_TOKEN,        if risk <= 0:,risk,,chains.underlying.askSize;chains.underlying.bidSize;chains.putExpDateMap.*.askSize,V3-B universal catch-all (CSV-derived vocabulary),NOT_MARKET_DATA,,,NOT_MARKET_DATA: scoped mechanical classifier tail; production wire reads tracked in governance/SCHWAB_V4_REVIEW_MEMOS cone walk
6fd87b443467be0fa60f,py,call_engine.py,694,0,TEXT_LINE_MARKET_TOKEN,            risk = stop_dist,risk,,quotes.quote.askSize;quotes.quote.bidSize;chains.putExpDateMap.*.askSize,V3-B universal catch-all (CSV-derived vocabulary),NOT_MARKET_DATA,,,NOT_MARKET_DATA: scoped mechanical classifier tail; production wire reads tracked in governance/SCHWAB_V4_REVIEW_MEMOS cone walk
3d3c5c99935236caec12,py,call_engine.py,696,0,TEXT_LINE_MARKET_TOKEN,"        targets = _targets(entry, ""short"", risk)",short risk,instruments.*.fundamental.shortIntDayToCover;instruments.*.fundamental.shortIntToFloat,streaming.content.*.ASK_SIZE;streaming.content.*.ASKS;quotes.quote.askSize,V3-B universal catch-all (CSV-derived vocabulary),NOT_MARKET_DATA,,,NOT_MARKET_DATA: scoped mechanical classifier tail; production wire reads tracked in governance/SCHWAB_V4_REVIEW_MEMOS cone walk
39e253690e486e3ff3b6,py,call_engine.py,697,0,TEXT_LINE_MARKET_TOKEN,"        return entry, stop, targets.target, targets.target2",return,instruments.*.fundamental.returnOnAssets;instruments.*.fundamental.returnOnEquity;instruments.*.fundamental.returnOnInvestment,streaming.content.*.REGULAR_MARKET_TRADE;streaming.content.*.REGULAR_MARKET_LAST_PRICE;streaming.content.*.REGULAR_MARKET_TRADE_MILLIS,V3-B universal catch-all (CSV-derived vocabulary),NOT_MARKET_DATA,,,NOT_MARKET_DATA: scoped mechanical classifier tail; production wire reads tracked in governance/SCHWAB_V4_REVIEW_MEMOS cone walk
c5bb1e14c0830210bb47,py,call_engine.py,699,0,TEXT_LINE_MARKET_TOKEN,    # ── PIN ZONE: fade the walls ──────────────────────────────────────────────,the,chains.callExpDateMap.*.inTheMoney;chains.putExpDateMap.*.inTheMoney,quotes.quote.mark;pricehistory.candles;quotes.quote.lowPrice,V3-B universal catch-all (CSV-derived vocabulary),NOT_MARKET_DATA,,,NOT_MARKET_DATA: scoped mechanical classifier tail; production wire reads tracked in governance/SCHWAB_V4_REVIEW_MEMOS cone walk
687943c83fcb36139407,py,call_engine.py,700,0,TEXT_LINE_MARKET_TOKEN,"    if signal == ""short"" and is_pin_zone(zone) and cgw:",short,instruments.*.fundamental.shortIntDayToCover;instruments.*.fundamental.shortIntToFloat,chains.underlying.askSize;chains.underlying.bidSize;chains.putExpDateMap.*.bidSize,V3-B universal catch-all (CSV-derived vocabulary),NOT_MARKET_DATA,,,NOT_MARKET_DATA: scoped mechanical classifier tail; production wire reads tracked in governance/SCHWAB_V4_REVIEW_MEMOS cone walk
3d279cfa88da5da3f5c2,py,call_engine.py,701,0,TEXT_LINE_MARKET_TOKEN,        return _short_levels(anchor=cgw),return,instruments.*.fundamental.returnOnAssets;instruments.*.fundamental.returnOnEquity;instruments.*.fundamental.returnOnInvestment,pricehistory.candles.*.volume;movers.screeners.*.totalVolume;streaming.content.*.ASK_SIZE,V3-B universal catch-all (CSV-derived vocabulary),NOT_MARKET_DATA,,,NOT_MARKET_DATA: scoped mechanical classifier tail; production wire reads tracked in governance/SCHWAB_V4_REVIEW_MEMOS cone walk
9e83584cfd65850aa72a,py,call_engine.py,703,0,TEXT_LINE_MARKET_TOKEN,"    if signal == ""long"" and is_pin_zone(zone) and pgw:",long,chains.callExpDateMap.*.quoteTimeInLong;chains.callExpDateMap.*.tradeTimeInLong;chains.putExpDateMap.*.quoteTimeInLong;chains.putExpDateMap.*.tradeTimeInLong,chains.underlying.bidSize;chains.callExpDateMap.*.bidAskSize;chains.underlying.askSize,V3-B universal catch-all (CSV-derived vocabulary),NOT_MARKET_DATA,,,NOT_MARKET_DATA: scoped mechanical classifier tail; production wire reads tracked in governance/SCHWAB_V4_REVIEW_MEMOS cone walk
6af199bd710a59d3f759,py,call_engine.py,704,0,TEXT_LINE_MARKET_TOKEN,        return _long_levels(anchor=pgw),return,instruments.*.fundamental.returnOnAssets;instruments.*.fundamental.returnOnEquity;instruments.*.fundamental.returnOnInvestment,chains.underlying.totalVolume;pricehistory.candles.*.volume;movers.screeners.*.totalVolume,V3-B universal catch-all (CSV-derived vocabulary),NOT_MARKET_DATA,,,NOT_MARKET_DATA: scoped mechanical classifier tail; production wire reads tracked in governance/SCHWAB_V4_REVIEW_MEMOS cone walk
09541f14272231da8174,py,call_engine.py,706,0,TEXT_LINE_MARKET_TOKEN,    # ── BREAKOUT: momentum long above CGW ────────────────────────────────────,long,chains.callExpDateMap.*.quoteTimeInLong;chains.callExpDateMap.*.tradeTimeInLong;chains.putExpDateMap.*.quoteTimeInLong;chains.putExpDateMap.*.tradeTimeInLong,quotes.quote.mark;quotes.quote.lowPrice;quotes.quote.lastPrice,V3-B universal catch-all (CSV-derived vocabulary),NOT_MARKET_DATA,,,NOT_MARKET_DATA: scoped mechanical classifier tail; production wire reads tracked in governance/SCHWAB_V4_REVIEW_MEMOS cone walk
4754759a723b3ace634e,py,call_engine.py,707,0,TEXT_LINE_MARKET_TOKEN,"    if signal == ""long"" and zone == ""breakout"" and cgw:",long,chains.callExpDateMap.*.quoteTimeInLong;chains.callExpDateMap.*.tradeTimeInLong;chains.putExpDateMap.*.quoteTimeInLong;chains.putExpDateMap.*.tradeTimeInLong,chains.callExpDateMap.*.bid;quotes.quote.bidPrice;chains.callExpDateMap.*.bidSize,V3-B universal catch-all (CSV-derived vocabulary),NOT_MARKET_DATA,,,NOT_MARKET_DATA: scoped mechanical classifier tail; production wire reads tracked in governance/SCHWAB_V4_REVIEW_MEMOS cone walk
002aa8f909d6720134b4,py,call_engine.py,708,0,TEXT_LINE_MARKET_TOKEN,        return _long_levels(anchor=cgw),return,instruments.*.fundamental.returnOnAssets;instruments.*.fundamental.returnOnEquity;instruments.*.fundamental.returnOnInvestment,chains.underlying.totalVolume;pricehistory.candles.*.volume;movers.screeners.*.totalVolume,V3-B universal catch-all (CSV-derived vocabulary),NOT_MARKET_DATA,,,NOT_MARKET_DATA: scoped mechanical classifier tail; production wire reads tracked in governance/SCHWAB_V4_REVIEW_MEMOS cone walk
b515a4fb603dc5b95084,py,call_engine.py,710,0,TEXT_LINE_MARKET_TOKEN,    # ── BREAKDOWN: momentum short below PGW ──────────────────────────────────,short,instruments.*.fundamental.shortIntDayToCover;instruments.*.fundamental.shortIntToFloat,quotes.quote.mark;quotes.quote.lowPrice;quotes.quote.highPrice,V3-B universal catch-all (CSV-derived vocabulary),NOT_MARKET_DATA,,,NOT_MARKET_DATA: scoped mechanical classifier tail; production wire reads tracked in governance/SCHWAB_V4_REVIEW_MEMOS cone walk
964d70feef276b958608,py,call_engine.py,711,0,TEXT_LINE_MARKET_TOKEN,"    if signal == ""short"" and zone == ""breakdown"" and pgw:",short,instruments.*.fundamental.shortIntDayToCover;instruments.*.fundamental.shortIntToFloat,chains.callExpDateMap.*.bidSize;chains.putExpDateMap.*.bidSize;chains.underlying.bidSize,V3-B universal catch-all (CSV-derived vocabulary),NOT_MARKET_DATA,,,NOT_MARKET_DATA: scoped mechanical classifier tail; production wire reads tracked in governance/SCHWAB_V4_REVIEW_MEMOS cone walk
316c7335bc431d2440f2,py,call_engine.py,712,0,TEXT_LINE_MARKET_TOKEN,        return _short_levels(anchor=pgw),return,instruments.*.fundamental.returnOnAssets;instruments.*.fundamental.returnOnEquity;instruments.*.fundamental.returnOnInvestment,pricehistory.candles.*.volume;movers.screeners.*.totalVolume;chains.underlying.totalVolume,V3-B universal catch-all (CSV-derived vocabulary),NOT_MARKET_DATA,,,NOT_MARKET_DATA: scoped mechanical classifier tail; production wire reads tracked in governance/SCHWAB_V4_REVIEW_MEMOS cone walk
dfade533c89e9d0f7807,py,call_engine.py,715,0,TEXT_LINE_MARKET_TOKEN,"    if signal == ""short"":",short,instruments.*.fundamental.shortIntDayToCover;instruments.*.fundamental.shortIntToFloat,chains.underlying.askSize;chains.underlying.bidSize;quotes.quote.bidSize,V3-B universal catch-all (CSV-derived vocabulary),NOT_MARKET_DATA,,,NOT_MARKET_DATA: scoped mechanical classifier tail; production wire reads tracked in governance/SCHWAB_V4_REVIEW_MEMOS cone walk
9d444737c1bc5a7345be,py,call_engine.py,716,0,TEXT_LINE_MARKET_TOKEN,        return _short_levels(anchor=spot + 0.25),return,instruments.*.fundamental.returnOnAssets;instruments.*.fundamental.returnOnEquity;instruments.*.fundamental.returnOnInvestment,market_hours.future.SR3.isOpen;market_hours.future.SOL.isOpen;market_hours.future.ETH.isOpen,V3-B universal catch-all (CSV-derived vocabulary),NOT_MARKET_DATA,,,NOT_MARKET_DATA: scoped mechanical classifier tail; production wire reads tracked in governance/SCHWAB_V4_REVIEW_MEMOS cone walk
b24bb3b7ea0e76ce210c,py,call_engine.py,718,0,TEXT_LINE_MARKET_TOKEN,"    if signal == ""long"":",long,chains.callExpDateMap.*.quoteTimeInLong;chains.callExpDateMap.*.tradeTimeInLong;chains.putExpDateMap.*.quoteTimeInLong;chains.putExpDateMap.*.tradeTimeInLong,chains.underlying.bidSize;chains.underlying.bid;chains.underlying.lowPrice,V3-B universal catch-all (CSV-derived vocabulary),NOT_MARKET_DATA,,,NOT_MARKET_DATA: scoped mechanical classifier tail; production wire reads tracked in governance/SCHWAB_V4_REVIEW_MEMOS cone walk
78a7e9ad1d27906d7360,py,call_engine.py,719,0,TEXT_LINE_MARKET_TOKEN,        return _long_levels(anchor=spot - 0.25),return,instruments.*.fundamental.returnOnAssets;instruments.*.fundamental.returnOnEquity;instruments.*.fundamental.returnOnInvestment,pricehistory.candles.*.volume;chains.underlying.totalVolume;movers.screeners.*.totalVolume,V3-B universal catch-all (CSV-derived vocabulary),NOT_MARKET_DATA,,,NOT_MARKET_DATA: scoped mechanical classifier tail; production wire reads tracked in governance/SCHWAB_V4_REVIEW_MEMOS cone walk
03518e8d86f00264f45d,py,call_engine.py,721,0,TEXT_LINE_MARKET_TOKEN,"    return None, None, None, None",return,instruments.*.fundamental.returnOnAssets;instruments.*.fundamental.returnOnEquity;instruments.*.fundamental.returnOnInvestment,quotes.reference.optionable;quotes.reference.isShortable;quotes.reference.exchangeName,V3-B universal catch-all (CSV-derived vocabulary),NOT_MARKET_DATA,,,NOT_MARKET_DATA: scoped mechanical classifier tail; production wire reads tracked in governance/SCHWAB_V4_REVIEW_MEMOS cone walk
66cf0fb5fa5e8fb18979,py,call_engine.py,724,0,TEXT_LINE_MARKET_TOKEN,"    if conviction == ""high"":   return ""medium""",high return,chains.callExpDateMap.*.highPrice;chains.putExpDateMap.*.highPrice;chains.underlying.fiftyTwoWeekHigh;chains.underlying.highPrice;pricehistory.candles.*.high;quotes.quote.52WeekHigh;quotes.quote.highPrice;streaming.content.*.HIGH_PRICE;streaming.content.*.HIGH_PRICE_52_WEEK;instruments.*.fundamental.returnOnAssets;instruments.*.fundamental.returnOnEquity;instruments.*.fundamental.returnOnInvestment,quotes.quote.bidSize;chains.underlying.bidSize;quotes.quote.highPrice,V3-B universal catch-all (CSV-derived vocabulary),NOT_MARKET_DATA,,,NOT_MARKET_DATA: scoped mechanical classifier tail; production wire reads tracked in governance/SCHWAB_V4_REVIEW_MEMOS cone walk
3a1c9fcde91093dbc402,py,call_engine.py,725,0,TEXT_LINE_MARKET_TOKEN,"    if conviction == ""medium"": return ""low""",return low,instruments.*.fundamental.returnOnAssets;instruments.*.fundamental.returnOnEquity;instruments.*.fundamental.returnOnInvestment;chains.callExpDateMap.*.lowPrice;chains.putExpDateMap.*.lowPrice;chains.underlying.fiftyTwoWeekLow;chains.underlying.lowPrice;pricehistory.candles.*.low;quotes.quote.52WeekLow;quotes.quote.lowPrice;streaming.content.*.LOW_PRICE;streaming.content.*.LOW_PRICE_52_WEEK,quotes.quote.bidSize;streaming.content.*.BIDS.*.BIDS.*.BID_VOLUME;quotes.quote.bidPrice,V3-B universal catch-all (CSV-derived vocabulary),NOT_MARKET_DATA,,,NOT_MARKET_DATA: scoped mechanical classifier tail; production wire reads tracked in governance/SCHWAB_V4_REVIEW_MEMOS cone walk
2f38902798ffa1682f5b,py,call_engine.py,726,0,TEXT_LINE_MARKET_TOKEN,"    return ""low""",return low,instruments.*.fundamental.returnOnAssets;instruments.*.fundamental.returnOnEquity;instruments.*.fundamental.returnOnInvestment;chains.callExpDateMap.*.lowPrice;chains.putExpDateMap.*.lowPrice;chains.underlying.fiftyTwoWeekLow;chains.underlying.lowPrice;pricehistory.candles.*.low;quotes.quote.52WeekLow;quotes.quote.lowPrice;streaming.content.*.LOW_PRICE;streaming.content.*.LOW_PRICE_52_WEEK,movers.screeners.*.totalVolume;quotes.regular.regularMarketLastSize;quotes.quote.totalVolume,V3-B universal catch-all (CSV-derived vocabulary),NOT_MARKET_DATA,,,NOT_MARKET_DATA: scoped mechanical classifier tail; production wire reads tracked in governance/SCHWAB_V4_REVIEW_MEMOS cone walk
253b7f936a51705166e2,py,call_engine.py,729,0,TEXT_LINE_MARKET_TOKEN,# Issue 13 closeout: directional trades require a real posterior; uniform fallback is non-tradable.,trades non,movers.screeners.*.trades;chains.callExpDateMap.*.nonStandard;chains.putExpDateMap.*.nonStandard,quotes.quote.askSize;quotes.quote.bidSize;chains.callExpDateMap.*.askSize,V3-B universal catch-all (CSV-derived vocabulary),NOT_MARKET_DATA,,,NOT_MARKET_DATA: scoped mechanical classifier tail; production wire reads tracked in governance/SCHWAB_V4_REVIEW_MEMOS cone walk
da8560b1ee241a324cef,py,call_engine.py,732,0,TEXT_LINE_MARKET_TOKEN,"_CONV_ORDER = {""low"": 0, ""medium"": 1, ""high"": 2}",low high,chains.callExpDateMap.*.lowPrice;chains.putExpDateMap.*.lowPrice;chains.underlying.fiftyTwoWeekLow;chains.underlying.lowPrice;pricehistory.candles.*.low;quotes.quote.52WeekLow;quotes.quote.lowPrice;streaming.content.*.LOW_PRICE;streaming.content.*.LOW_PRICE_52_WEEK;chains.callExpDateMap.*.highPrice;chains.putExpDateMap.*.highPrice;chains.underlying.fiftyTwoWeekHigh;chains.underlying.highPrice;pricehistory.candles.*.high;quotes.quote.52WeekHigh;quotes.quote.highPrice;streaming.content.*.HIGH_PRICE;streaming.content.*.HIGH_PRICE_52_WEEK,quotes.quote.bidSize;pricehistory.candles.*.volume;chains.underlying.bidSize,V3-B universal catch-all (CSV-derived vocabulary),NOT_MARKET_DATA,,,NOT_MARKET_DATA: scoped mechanical classifier tail; production wire reads tracked in governance/SCHWAB_V4_REVIEW_MEMOS cone walk
03477472b9a614e4b070,py,call_engine.py,742,0,TEXT_LINE_MARKET_TOKEN,    Base call.conviction tier from canonical confidence + marginal probability only.,call only,chains.callExpDateMap;chains.callExpDateMap.*;chains.callExpDateMap.*.ask;chains.callExpDateMap.*.askSize;chains.callExpDateMap.*.bid;chains.callExpDateMap.*.bidAskSize;chains.callExpDateMap.*.bidSize;chains.callExpDateMap.*.closePrice;chains.callExpDateMap.*.daysToExpiration;chains.callExpDateMap.*.deliverableNote;chains.callExpDateMap.*.delta;chains.callExpDateMap.*.description;chains.callExpDateMap.*.exchangeName;chains.callExpDateMap.*.exerciseType;chains.callExpDateMap.*.expirationDate;chains.callExpDateMap.*.expirationType;chains.callExpDateMap.*.extrinsicValue;chains.callExpDateMap.*.gamma;chains.callExpDateMap.*.high52Week;chains.callExpDateMap.*.highPrice;chains.callExpDateMap.*.inTheMoney;chains.callExpDateMap.*.intrinsicValue;chains.callExpDateMap.*.last;chains.callExpDateMap.*.lastSize;chains.callExpDateMap.*.lastTradingDay,chains.callExpDateMap.*.description;chains.callExpDateMap.*.theoreticalVolatility;chains.callExpDateMap.*.volatility,V3-B universal catch-all (CSV-derived vocabulary),NOT_MARKET_DATA,,,NOT_MARKET_DATA: scoped mechanical classifier tail; production wire reads tracked in governance/SCHWAB_V4_REVIEW_MEMOS cone walk
04b1bed113bae139a355,py,call_engine.py,747,0,TEXT_LINE_MARKET_TOKEN,"        return ""low""",return low,instruments.*.fundamental.returnOnAssets;instruments.*.fundamental.returnOnEquity;instruments.*.fundamental.returnOnInvestment;chains.callExpDateMap.*.lowPrice;chains.putExpDateMap.*.lowPrice;chains.underlying.fiftyTwoWeekLow;chains.underlying.lowPrice;pricehistory.candles.*.low;quotes.quote.52WeekLow;quotes.quote.lowPrice;streaming.content.*.LOW_PRICE;streaming.content.*.LOW_PRICE_52_WEEK,movers.screeners.*.totalVolume;quotes.regular.regularMarketLastSize;quotes.quote.totalVolume,V3-B universal catch-all (CSV-derived vocabulary),NOT_MARKET_DATA,,,NOT_MARKET_DATA: scoped mechanical classifier tail; production wire reads tracked in governance/SCHWAB_V4_REVIEW_MEMOS cone walk
f2d4c8238424f0d0c01c,py,call_engine.py,748,0,TEXT_LINE_MARKET_TOKEN,"    c = str(getattr(canonical, ""confidence"", ""low"") or ""low"").strip().lower()",low,chains.callExpDateMap.*.lowPrice;chains.putExpDateMap.*.lowPrice;chains.underlying.fiftyTwoWeekLow;chains.underlying.lowPrice;pricehistory.candles.*.low;quotes.quote.52WeekLow;quotes.quote.lowPrice;streaming.content.*.LOW_PRICE;streaming.content.*.LOW_PRICE_52_WEEK,chains.callExpDateMap.*.theoreticalVolatility;chains.volatility;chains.putExpDateMap.*.theoreticalVolatility,V3-B universal catch-all (CSV-derived vocabulary),NOT_MARKET_DATA,,,NOT_MARKET_DATA: scoped mechanical classifier tail; production wire reads tracked in governance/SCHWAB_V4_REVIEW_MEMOS cone walk
0a94f16feb13d948eb17,py,call_engine.py,751,0,TEXT_LINE_MARKET_TOKEN,"            ""call_engine._conviction_from_canonical_forecast: invalid confidence %r — using low"",",low,chains.callExpDateMap.*.lowPrice;chains.putExpDateMap.*.lowPrice;chains.underlying.fiftyTwoWeekLow;chains.underlying.lowPrice;pricehistory.candles.*.low;quotes.quote.52WeekLow;quotes.quote.lowPrice;streaming.content.*.LOW_PRICE;streaming.content.*.LOW_PRICE_52_WEEK,chains.callExpDateMap.*.bidSize;chains.callExpDateMap.*.description;chains.callExpDateMap.*.optionDeliverablesList,V3-B universal catch-all (CSV-derived vocabulary),NOT_MARKET_DATA,,,NOT_MARKET_DATA: scoped mechanical classifier tail; production wire reads tracked in governance/SCHWAB_V4_REVIEW_MEMOS cone walk
41f1229f2fa25750ceac,py,call_engine.py,754,0,TEXT_LINE_MARKET_TOKEN,"        c = ""low""",low,chains.callExpDateMap.*.lowPrice;chains.putExpDateMap.*.lowPrice;chains.underlying.fiftyTwoWeekLow;chains.underlying.lowPrice;pricehistory.candles.*.low;quotes.quote.52WeekLow;quotes.quote.lowPrice;streaming.content.*.LOW_PRICE;streaming.content.*.LOW_PRICE_52_WEEK,quotes.quote.lowPrice;chains.callExpDateMap.*.totalVolume;quotes.quote.bidSize,V3-B universal catch-all (CSV-derived vocabulary),NOT_MARKET_DATA,,,NOT_MARKET_DATA: scoped mechanical classifier tail; production wire reads tracked in governance/SCHWAB_V4_REVIEW_MEMOS cone walk
a34b985b6f6309cbab30,py,call_engine.py,756,0,TEXT_LINE_MARKET_TOKEN,        dom_p = float(canonical.dominant_probability()),float,instruments.*.fundamental.marketCapFloat;instruments.*.fundamental.shortIntToFloat,chains.callExpDateMap.*.description;chains.callExpDateMap.*.theoreticalVolatility;chains.putExpDateMap.*.theoreticalVolatility,V3-B universal catch-all (CSV-derived vocabulary),NOT_MARKET_DATA,,,NOT_MARKET_DATA: scoped mechanical classifier tail; production wire reads tracked in governance/SCHWAB_V4_REVIEW_MEMOS cone walk
d1d54507568b67265a3e,py,call_engine.py,762,0,TEXT_LINE_MARKET_TOKEN,    margin = dom_p - (1.0 / 3.0),margin,instruments.*.fundamental.grossMarginMRQ;instruments.*.fundamental.grossMarginTTM;instruments.*.fundamental.netProfitMarginMRQ;instruments.*.fundamental.netProfitMarginTTM;instruments.*.fundamental.operatingMarginMRQ;instruments.*.fundamental.operatingMarginTTM,chains.putExpDateMap.*.gamma;chains.putExpDateMap.*.rho;chains.putExpDateMap,V3-B universal catch-all (CSV-derived vocabulary),NOT_MARKET_DATA,,,NOT_MARKET_DATA: scoped mechanical classifier tail; production wire reads tracked in governance/SCHWAB_V4_REVIEW_MEMOS cone walk
b25793c67f15bbcff60e,py,call_engine.py,765,0,TEXT_LINE_MARKET_TOKEN,"    if c == ""high"":",high,chains.callExpDateMap.*.highPrice;chains.putExpDateMap.*.highPrice;chains.underlying.fiftyTwoWeekHigh;chains.underlying.highPrice;pricehistory.candles.*.high;quotes.quote.52WeekHigh;quotes.quote.highPrice;streaming.content.*.HIGH_PRICE;streaming.content.*.HIGH_PRICE_52_WEEK,chains.underlying.bidSize;chains.underlying.highPrice;pricehistory.candles.*.high,V3-B universal catch-all (CSV-derived vocabulary),NOT_MARKET_DATA,,,NOT_MARKET_DATA: scoped mechanical classifier tail; production wire reads tracked in governance/SCHWAB_V4_REVIEW_MEMOS cone walk
0342f401f917120a3fd9,py,call_engine.py,766,0,TEXT_LINE_MARKET_TOKEN,        base_ord = 2 if margin >= CONVICTION_HIGH_MARGIN_HIGH else (,margin,instruments.*.fundamental.grossMarginMRQ;instruments.*.fundamental.grossMarginTTM;instruments.*.fundamental.netProfitMarginMRQ;instruments.*.fundamental.netProfitMarginTTM;instruments.*.fundamental.operatingMarginMRQ;instruments.*.fundamental.operatingMarginTTM,chains.underlying.bidSize;chains.underlying.askSize;chains.callExpDateMap.*.bidSize,V3-B universal catch-all (CSV-derived vocabulary),NOT_MARKET_DATA,,,NOT_MARKET_DATA: scoped mechanical classifier tail; production wire reads tracked in governance/SCHWAB_V4_REVIEW_MEMOS cone walk
cd9d1c014368eeb663f8,py,call_engine.py,767,0,TEXT_LINE_MARKET_TOKEN,            1 if margin >= CONVICTION_HIGH_MARGIN_MEDIUM else 0,margin,instruments.*.fundamental.grossMarginMRQ;instruments.*.fundamental.grossMarginTTM;instruments.*.fundamental.netProfitMarginMRQ;instruments.*.fundamental.netProfitMarginTTM;instruments.*.fundamental.operatingMarginMRQ;instruments.*.fundamental.operatingMarginTTM,chains.volatility;chains.underlying.bidSize;chains.putExpDateMap.*.bidSize,V3-B universal catch-all (CSV-derived vocabulary),NOT_MARKET_DATA,,,NOT_MARKET_DATA: scoped mechanical classifier tail; production wire reads tracked in governance/SCHWAB_V4_REVIEW_MEMOS cone walk
eb8f51d1b79cc43c50a3,py,call_engine.py,770,0,TEXT_LINE_MARKET_TOKEN,        base_ord = 1 if margin >= CONVICTION_MEDIUM_MARGIN else 0,margin,instruments.*.fundamental.grossMarginMRQ;instruments.*.fundamental.grossMarginTTM;instruments.*.fundamental.netProfitMarginMRQ;instruments.*.fundamental.netProfitMarginTTM;instruments.*.fundamental.operatingMarginMRQ;instruments.*.fundamental.operatingMarginTTM,chains.putExpDateMap.*.bidSize;chains.callExpDateMap.*.bidSize;chains.underlying.bidSize,V3-B universal catch-all (CSV-derived vocabulary),NOT_MARKET_DATA,,,NOT_MARKET_DATA: scoped mechanical classifier tail; production wire reads tracked in governance/SCHWAB_V4_REVIEW_MEMOS cone walk
7e77da1a170f206ffc85,py,call_engine.py,777,0,TEXT_LINE_MARKET_TOKEN,            return label,return,instruments.*.fundamental.returnOnAssets;instruments.*.fundamental.returnOnEquity;instruments.*.fundamental.returnOnInvestment,quotes.regular.regularMarketLastSize;quotes.regular.regularMarketLastPrice;quotes.regular.regularMarketTradeTime,V3-B universal catch-all (CSV-derived vocabulary),NOT_MARKET_DATA,,,NOT_MARKET_DATA: scoped mechanical classifier tail; production wire reads tracked in governance/SCHWAB_V4_REVIEW_MEMOS cone walk
1bd389a3f54d899c52d9,py,call_engine.py,778,0,TEXT_LINE_MARKET_TOKEN,"    return ""low""",return low,instruments.*.fundamental.returnOnAssets;instruments.*.fundamental.returnOnEquity;instruments.*.fundamental.returnOnInvestment;chains.callExpDateMap.*.lowPrice;chains.putExpDateMap.*.lowPrice;chains.underlying.fiftyTwoWeekLow;chains.underlying.lowPrice;pricehistory.candles.*.low;quotes.quote.52WeekLow;quotes.quote.lowPrice;streaming.content.*.LOW_PRICE;streaming.content.*.LOW_PRICE_52_WEEK,movers.screeners.*.totalVolume;quotes.regular.regularMarketLastSize;quotes.quote.totalVolume,V3-B universal catch-all (CSV-derived vocabulary),NOT_MARKET_DATA,,,NOT_MARKET_DATA: scoped mechanical classifier tail; production wire reads tracked in governance/SCHWAB_V4_REVIEW_MEMOS cone walk
1606d089bf3dbf126b67,py,call_engine.py,781,0,TEXT_LINE_MARKET_TOKEN,"def _size_note(conviction: str, mins_to_close: float | None, vix: Optional[float]) -> str:",float,instruments.*.fundamental.marketCapFloat;instruments.*.fundamental.shortIntToFloat,chains.volatility;chains.putExpDateMap.*.theoreticalVolatility;chains.callExpDateMap.*.theoreticalVolatility,V3-B universal catch-all (CSV-derived vocabulary),NOT_MARKET_DATA,,,NOT_MARKET_DATA: scoped mechanical classifier tail; production wire reads tracked in governance/SCHWAB_V4_REVIEW_MEMOS cone walk
5369875905d1ee017c8b,py,call_engine.py,784,0,TEXT_LINE_MARKET_TOKEN,"        return ""Session close time unknown — size conservatively.""",return session close time unknown size,instruments.*.fundamental.returnOnAssets;instruments.*.fundamental.returnOnEquity;instruments.*.fundamental.returnOnInvestment;market_hours.bond.BON.sessionHours;market_hours.bond.BON.sessionHours.postMarket;market_hours.bond.BON.sessionHours.postMarket.*;market_hours.bond.BON.sessionHours.postMarket.*.end;market_hours.bond.BON.sessionHours.postMarket.*.start;market_hours.bond.BON.sessionHours.preMarket;market_hours.bond.BON.sessionHours.preMarket.*;market_hours.bond.BON.sessionHours.preMarket.*.end;market_hours.bond.BON.sessionHours.preMarket.*.start;market_hours.bond.BON.sessionHours.regularMarket;market_hours.bond.BON.sessionHours.regularMarket.*;market_hours.bond.BON.sessionHours.regularMarket.*.end;market_hours.bond.BON.sessionHours.regularMarket.*.start;market_hours.equity.EQ.sessionHours;market_hours.equity.EQ.sessionHours.postMarket;market_hours.equity.EQ.sessionHours.postMarket.*;market_hours.equity.EQ.sessionHours.postMarket.*.end;market_hours.equity.EQ.sessionHours.postMarket.*.start;market_hours.equity.EQ.sessionHours.preMarket;market_hours.equity.EQ.sessionHours.preMarket.*;market_hours.equity.EQ.sessionHours.preMarket.*.end;market_hours.equity.EQ.sessionHours.preMarket.*.start,streaming.service;movers.screeners.*.lastPrice;quotes.quote.closePrice,V3-B universal catch-all (CSV-derived vocabulary),NOT_MARKET_DATA,,,NOT_MARKET_DATA: scoped mechanical classifier tail; production wire reads tracked in governance/SCHWAB_V4_REVIEW_MEMOS cone walk
0abfbbdcece3a7afc2ee,py,call_engine.py,786,0,TEXT_LINE_MARKET_TOKEN,"        return ""No new positions — too close to close.""",return close,instruments.*.fundamental.returnOnAssets;instruments.*.fundamental.returnOnEquity;instruments.*.fundamental.returnOnInvestment;chains.callExpDateMap.*.closePrice;chains.putExpDateMap.*.closePrice;chains.underlying.close;pricehistory.candles.*.close;quotes.quote.closePrice;streaming.content.*.CLOSE_PRICE,quotes.quote.closePrice;quotes.quote.totalVolume;quotes.quote.lowPrice,V3-B universal catch-all (CSV-derived vocabulary),NOT_MARKET_DATA,,,NOT_MARKET_DATA: scoped mechanical classifier tail; production wire reads tracked in governance/SCHWAB_V4_REVIEW_MEMOS cone walk
a36a1afbfb4380d1daae,py,call_engine.py,788,0,TEXT_LINE_MARKET_TOKEN,"        base = ""Quick trades only — half size, take profits fast.""",quick trades only size,instruments.*.fundamental.quickRatio;movers.screeners.*.trades;chains.callExpDateMap.*.askSize;chains.callExpDateMap.*.bidAskSize;chains.callExpDateMap.*.bidSize;chains.callExpDateMap.*.lastSize;chains.putExpDateMap.*.askSize;chains.putExpDateMap.*.bidAskSize;chains.putExpDateMap.*.bidSize;chains.putExpDateMap.*.lastSize;chains.underlying.askSize;chains.underlying.bidSize;quotes.extended.askSize;quotes.extended.bidSize;quotes.extended.lastSize;quotes.quote.askSize;quotes.quote.bidSize;quotes.quote.lastSize;quotes.regular.regularMarketLastSize;streaming.content.*.ASK_SIZE;streaming.content.*.BID_SIZE;streaming.content.*.LAST_SIZE;streaming.content.*.REGULAR_MARKET_LAST_SIZE,quotes.quote.askSize;chains.putExpDateMap.*.askSize;chains.callExpDateMap.*.askSize,V3-B universal catch-all (CSV-derived vocabulary),NOT_MARKET_DATA,,,NOT_MARKET_DATA: scoped mechanical classifier tail; production wire reads tracked in governance/SCHWAB_V4_REVIEW_MEMOS cone walk
3ffa68c24ec811ea41d9,py,call_engine.py,789,0,TEXT_LINE_MARKET_TOKEN,"    elif conviction == ""high"":",high,chains.callExpDateMap.*.highPrice;chains.putExpDateMap.*.highPrice;chains.underlying.fiftyTwoWeekHigh;chains.underlying.highPrice;pricehistory.candles.*.high;quotes.quote.52WeekHigh;quotes.quote.highPrice;streaming.content.*.HIGH_PRICE;streaming.content.*.HIGH_PRICE_52_WEEK,chains.volatility;chains.underlying.bidSize;chains.callExpDateMap.*.volatility,V3-B universal catch-all (CSV-derived vocabulary),NOT_MARKET_DATA,,,NOT_MARKET_DATA: scoped mechanical classifier tail; production wire reads tracked in governance/SCHWAB_V4_REVIEW_MEMOS cone walk
9a5db95557f9d55959c1,py,call_engine.py,790,0,TEXT_LINE_MARKET_TOKEN,"        base = ""Full size appropriate — high conviction setup.""",size high,chains.callExpDateMap.*.askSize;chains.callExpDateMap.*.bidAskSize;chains.callExpDateMap.*.bidSize;chains.callExpDateMap.*.lastSize;chains.putExpDateMap.*.askSize;chains.putExpDateMap.*.bidAskSize;chains.putExpDateMap.*.bidSize;chains.putExpDateMap.*.lastSize;chains.underlying.askSize;chains.underlying.bidSize;quotes.extended.askSize;quotes.extended.bidSize;quotes.extended.lastSize;quotes.quote.askSize;quotes.quote.bidSize;quotes.quote.lastSize;quotes.regular.regularMarketLastSize;streaming.content.*.ASK_SIZE;streaming.content.*.BID_SIZE;streaming.content.*.LAST_SIZE;streaming.content.*.REGULAR_MARKET_LAST_SIZE;chains.callExpDateMap.*.highPrice;chains.putExpDateMap.*.highPrice;chains.underlying.fiftyTwoWeekHigh;chains.underlying.highPrice,chains.putExpDateMap.*.theoreticalVolatility;chains.putExpDateMap.*.volatility;chains.putExpDateMap.*.bidSize,V3-B universal catch-all (CSV-derived vocabulary),NOT_MARKET_DATA,,,NOT_MARKET_DATA: scoped mechanical classifier tail; production wire reads tracked in governance/SCHWAB_V4_REVIEW_MEMOS cone walk
7aff4ed36d2ff1aabd84,py,call_engine.py,792,0,TEXT_LINE_MARKET_TOKEN,"        base = ""Half to three-quarter size — medium conviction.""",size,chains.callExpDateMap.*.askSize;chains.callExpDateMap.*.bidAskSize;chains.callExpDateMap.*.bidSize;chains.callExpDateMap.*.lastSize;chains.putExpDateMap.*.askSize;chains.putExpDateMap.*.bidAskSize;chains.putExpDateMap.*.bidSize;chains.putExpDateMap.*.lastSize;chains.underlying.askSize;chains.underlying.bidSize;quotes.extended.askSize;quotes.extended.bidSize;quotes.extended.lastSize;quotes.quote.askSize;quotes.quote.bidSize;quotes.quote.lastSize;quotes.regular.regularMarketLastSize;streaming.content.*.ASK_SIZE;streaming.content.*.BID_SIZE;streaming.content.*.LAST_SIZE;streaming.content.*.REGULAR_MARKET_LAST_SIZE,quotes.quote.bidSize;quotes.quote.askSize;streaming.content.*.BID_SIZE,V3-B universal catch-all (CSV-derived vocabulary),NOT_MARKET_DATA,,,NOT_MARKET_DATA: scoped mechanical classifier tail; production wire reads tracked in governance/SCHWAB_V4_REVIEW_MEMOS cone walk
066683e16eec2c392a0f,py,call_engine.py,794,0,TEXT_LINE_MARKET_TOKEN,"        base = ""Small size or skip — low conviction. Wait for better setup.""",size low,chains.callExpDateMap.*.askSize;chains.callExpDateMap.*.bidAskSize;chains.callExpDateMap.*.bidSize;chains.callExpDateMap.*.lastSize;chains.putExpDateMap.*.askSize;chains.putExpDateMap.*.bidAskSize;chains.putExpDateMap.*.bidSize;chains.putExpDateMap.*.lastSize;chains.underlying.askSize;chains.underlying.bidSize;quotes.extended.askSize;quotes.extended.bidSize;quotes.extended.lastSize;quotes.quote.askSize;quotes.quote.bidSize;quotes.quote.lastSize;quotes.regular.regularMarketLastSize;streaming.content.*.ASK_SIZE;streaming.content.*.BID_SIZE;streaming.content.*.LAST_SIZE;streaming.content.*.REGULAR_MARKET_LAST_SIZE;chains.callExpDateMap.*.lowPrice;chains.putExpDateMap.*.lowPrice;chains.underlying.fiftyTwoWeekLow;chains.underlying.lowPrice,quotes.quote.askSize;quotes.quote.bidSize;chains.volatility,V3-B universal catch-all (CSV-derived vocabulary),NOT_MARKET_DATA,,,NOT_MARKET_DATA: scoped mechanical classifier tail; production wire reads tracked in governance/SCHWAB_V4_REVIEW_MEMOS cone walk
58c14afc6660ae69279f,py,call_engine.py,797,0,TEXT_LINE_MARKET_TOKEN,"        base += f"" VIX at {vix:.1f} — widen stops, reduce size further.""",size,chains.callExpDateMap.*.askSize;chains.callExpDateMap.*.bidAskSize;chains.callExpDateMap.*.bidSize;chains.callExpDateMap.*.lastSize;chains.putExpDateMap.*.askSize;chains.putExpDateMap.*.bidAskSize;chains.putExpDateMap.*.bidSize;chains.putExpDateMap.*.lastSize;chains.underlying.askSize;chains.underlying.bidSize;quotes.extended.askSize;quotes.extended.bidSize;quotes.extended.lastSize;quotes.quote.askSize;quotes.quote.bidSize;quotes.quote.lastSize;quotes.regular.regularMarketLastSize;streaming.content.*.ASK_SIZE;streaming.content.*.BID_SIZE;streaming.content.*.LAST_SIZE;streaming.content.*.REGULAR_MARKET_LAST_SIZE,quotes.quote.askSize;quotes.quote.bidSize;quotes.extended.askSize,V3-B universal catch-all (CSV-derived vocabulary),NOT_MARKET_DATA,,,NOT_MARKET_DATA: scoped mechanical classifier tail; production wire reads tracked in governance/SCHWAB_V4_REVIEW_MEMOS cone walk
b0bf667509cbe6b6115d,py,call_engine.py,798,0,TEXT_LINE_MARKET_TOKEN,    return base,return,instruments.*.fundamental.returnOnAssets;instruments.*.fundamental.returnOnEquity;instruments.*.fundamental.returnOnInvestment,quotes.regular.regularMarketLastSize;quotes.regular.regularMarketTradeTime;market_hours.future.RB.isOpen,V3-B universal catch-all (CSV-derived vocabulary),NOT_MARKET_DATA,,,NOT_MARKET_DATA: scoped mechanical classifier tail; production wire reads tracked in governance/SCHWAB_V4_REVIEW_MEMOS cone walk
02a848067d8b47447060,py,call_engine.py,806,0,TEXT_LINE_MARKET_TOKEN,"    ""STANDARD"": (0.56, 1.00),",standard,chains.callExpDateMap.*.nonStandard;chains.putExpDateMap.*.nonStandard,chains.callExpDateMap.*.bid;chains.putExpDateMap.*.bid;chains.putExpDateMap.*.lowPrice,V3-B universal catch-all (CSV-derived vocabulary),NOT_MARKET_DATA,,,NOT_MARKET_DATA: scoped mechanical classifier tail; production wire reads tracked in governance/SCHWAB_V4_REVIEW_MEMOS cone walk
5b1e3e87f492de994047,py,call_engine.py,811,0,TEXT_LINE_MARKET_TOKEN,def _exec_mode_for_r_units(r_units: float) -> str:,float,instruments.*.fundamental.marketCapFloat;instruments.*.fundamental.shortIntToFloat,quotes.quote.askSize;quotes.quote.bidSize;streaming.content.*.BID_SIZE,V3-B universal catch-all (CSV-derived vocabulary),NOT_MARKET_DATA,,,NOT_MARKET_DATA: scoped mechanical classifier tail; production wire reads tracked in governance/SCHWAB_V4_REVIEW_MEMOS cone walk
fe8abaf185d9b096e9ff,py,call_engine.py,812,0,TEXT_LINE_MARKET_TOKEN,"    """"""Map r_units to execution mode (chained <= semantics via EXEC_MODES upper bounds).""""""",map,chains.callExpDateMap;chains.callExpDateMap.*;chains.callExpDateMap.*.ask;chains.callExpDateMap.*.askSize;chains.callExpDateMap.*.bid;chains.callExpDateMap.*.bidAskSize;chains.callExpDateMap.*.bidSize;chains.callExpDateMap.*.closePrice;chains.callExpDateMap.*.daysToExpiration;chains.callExpDateMap.*.deliverableNote;chains.callExpDateMap.*.delta;chains.callExpDateMap.*.description;chains.callExpDateMap.*.exchangeName;chains.callExpDateMap.*.exerciseType;chains.callExpDateMap.*.expirationDate;chains.callExpDateMap.*.expirationType;chains.callExpDateMap.*.extrinsicValue;chains.callExpDateMap.*.gamma;chains.callExpDateMap.*.high52Week;chains.callExpDateMap.*.highPrice;chains.callExpDateMap.*.inTheMoney;chains.callExpDateMap.*.intrinsicValue;chains.callExpDateMap.*.last;chains.callExpDateMap.*.lastSize;chains.callExpDateMap.*.lastTradingDay,chains.putExpDateMap.*.bidSize;quotes.quote.bidSize;chains.putExpDateMap.*.askSize,V3-B universal catch-all (CSV-derived vocabulary),NOT_MARKET_DATA,,,NOT_MARKET_DATA: scoped mechanical classifier tail; production wire reads tracked in governance/SCHWAB_V4_REVIEW_MEMOS cone walk
da3d1e85d434b7d2ffab,py,call_engine.py,814,0,TEXT_LINE_MARKET_TOKEN,"        return ""NO_TRADE""",return,instruments.*.fundamental.returnOnAssets;instruments.*.fundamental.returnOnEquity;instruments.*.fundamental.returnOnInvestment,streaming.content.*.BIDS;streaming.content.*.REGULAR_MARKET_TRADE;streaming.content.*.BIDS.*.BID_PRICE,V3-B universal catch-all (CSV-derived vocabulary),NOT_MARKET_DATA,,,NOT_MARKET_DATA: scoped mechanical classifier tail; production wire reads tracked in governance/SCHWAB_V4_REVIEW_MEMOS cone walk
4d64c097fa9b2241b0a3,py,call_engine.py,816,0,TEXT_LINE_MARKET_TOKEN,"        return ""PROBE""",return,instruments.*.fundamental.returnOnAssets;instruments.*.fundamental.returnOnEquity;instruments.*.fundamental.returnOnInvestment,market_hours.future.RB.isOpen;market_hours.future.MRB.isOpen;movers.screeners.*.totalVolume,V3-B universal catch-all (CSV-derived vocabulary),NOT_MARKET_DATA,,,NOT_MARKET_DATA: scoped mechanical classifier tail; production wire reads tracked in governance/SCHWAB_V4_REVIEW_MEMOS cone walk
fe6a11af9524150f1148,py,call_engine.py,818,0,TEXT_LINE_MARKET_TOKEN,"        return ""REDUCED""",return,instruments.*.fundamental.returnOnAssets;instruments.*.fundamental.returnOnEquity;instruments.*.fundamental.returnOnInvestment,quotes.extended.bidSize;quotes.quote.bidSize;quotes.extended.askSize,V3-B universal catch-all (CSV-derived vocabulary),NOT_MARKET_DATA,,,NOT_MARKET_DATA: scoped mechanical classifier tail; production wire reads tracked in governance/SCHWAB_V4_REVIEW_MEMOS cone walk
e8ff7c2d4f8c3d0baa64,py,call_engine.py,819,0,TEXT_LINE_MARKET_TOKEN,"    if r_units <= EXEC_MODES[""STANDARD""][1]:",standard,chains.callExpDateMap.*.nonStandard;chains.putExpDateMap.*.nonStandard,quotes.quote.bidSize;quotes.extended.askSize;quotes.extended.bidSize,V3-B universal catch-all (CSV-derived vocabulary),NOT_MARKET_DATA,,,NOT_MARKET_DATA: scoped mechanical classifier tail; production wire reads tracked in governance/SCHWAB_V4_REVIEW_MEMOS cone walk
915f78baf4dfc690e347,py,call_engine.py,820,0,TEXT_LINE_MARKET_TOKEN,"        return ""STANDARD""",return standard,instruments.*.fundamental.returnOnAssets;instruments.*.fundamental.returnOnEquity;instruments.*.fundamental.returnOnInvestment;chains.callExpDateMap.*.nonStandard;chains.putExpDateMap.*.nonStandard,chains.putExpDateMap.*.bidSize;market_hours.future.ADA.sessionHours.regularMarket.*.start;streaming.content.*.REGULAR_MARKET_TRADE,V3-B universal catch-all (CSV-derived vocabulary),NOT_MARKET_DATA,,,NOT_MARKET_DATA: scoped mechanical classifier tail; production wire reads tracked in governance/SCHWAB_V4_REVIEW_MEMOS cone walk
02c6ab62fd10ff6be896,py,call_engine.py,821,0,TEXT_LINE_MARKET_TOKEN,"    return ""MAX""",return,instruments.*.fundamental.returnOnAssets;instruments.*.fundamental.returnOnEquity;instruments.*.fundamental.returnOnInvestment,market_hours.future.MRB.isOpen;quotes.regular.regularMarketTradeTime;market_hours.future.RB.isOpen,V3-B universal catch-all (CSV-derived vocabulary),NOT_MARKET_DATA,,,NOT_MARKET_DATA: scoped mechanical classifier tail; production wire reads tracked in governance/SCHWAB_V4_REVIEW_MEMOS cone walk
dd0c2e92858710fae59d,py,call_engine.py,829,0,TEXT_LINE_MARKET_TOKEN,"    confluence_count: int,",int,instruments.*.fundamental.shortIntDayToCover;instruments.*.fundamental.shortIntToFloat,quotes.reference.cusip;quotes.reference.description;quotes.fundamental.fundLeverageFactor,V3-B universal catch-all (CSV-derived vocabulary),NOT_MARKET_DATA,,,NOT_MARKET_DATA: scoped mechanical classifier tail; production wire reads tracked in governance/SCHWAB_V4_REVIEW_MEMOS cone walk
fad3259475e56a905517,py,call_engine.py,830,0,TEXT_LINE_MARKET_TOKEN,"    confluence_total: int,",int,instruments.*.fundamental.shortIntDayToCover;instruments.*.fundamental.shortIntToFloat,chains.callExpDateMap.*.volatility;instruments.*.fundamental.totalDebtToCapital;chains.callExpDateMap.*.theoreticalVolatility,V3-B universal catch-all (CSV-derived vocabulary),NOT_MARKET_DATA,,,NOT_MARKET_DATA: scoped mechanical classifier tail; production wire reads tracked in governance/SCHWAB_V4_REVIEW_MEMOS cone walk
d9a449f292c0b21ef73c,py,call_engine.py,831,0,TEXT_LINE_MARKET_TOKEN,    # Regime,regime,,chains.callExpDateMap.*.vega;chains.putExpDateMap.*.vega;streaming.content.*.BID_SIZE,V3-B universal catch-all (CSV-derived vocabulary),NOT_MARKET_DATA,,,NOT_MARKET_DATA: scoped mechanical classifier tail; production wire reads tracked in governance/SCHWAB_V4_REVIEW_MEMOS cone walk
091298c79afa58de5b0a,py,call_engine.py,832,0,TEXT_LINE_MARKET_TOKEN,"    regime_label: str = ""unknown"",",unknown,,quotes.regular.regularMarketLastSize;quotes.regular.regularMarketLastPrice;streaming.content.*.REGULAR_MARKET_TRADE_MILLIS,V3-B universal catch-all (CSV-derived vocabulary),NOT_MARKET_DATA,,,NOT_MARKET_DATA: scoped mechanical classifier tail; production wire reads tracked in governance/SCHWAB_V4_REVIEW_MEMOS cone walk
c544f1c6f00c223d013d,py,call_engine.py,833,0,TEXT_LINE_MARKET_TOKEN,"    regime_confidence: str = ""low"",",low,chains.callExpDateMap.*.lowPrice;chains.putExpDateMap.*.lowPrice;chains.underlying.fiftyTwoWeekLow;chains.underlying.lowPrice;pricehistory.candles.*.low;quotes.quote.52WeekLow;quotes.quote.lowPrice;streaming.content.*.LOW_PRICE;streaming.content.*.LOW_PRICE_52_WEEK,quotes.quote.bidSize;quotes.extended.bidSize;streaming.content.*.BID_SIZE,V3-B universal catch-all (CSV-derived vocabulary),NOT_MARKET_DATA,,,NOT_MARKET_DATA: scoped mechanical classifier tail; production wire reads tracked in governance/SCHWAB_V4_REVIEW_MEMOS cone walk
25d6af21ad994a2dd23a,py,call_engine.py,834,0,TEXT_LINE_MARKET_TOKEN,    # Volatility,volatility,chains.callExpDateMap.*.theoreticalVolatility;chains.callExpDateMap.*.volatility;chains.putExpDateMap.*.theoreticalVolatility;chains.putExpDateMap.*.volatility;chains.volatility,chains.volatility;chains.callExpDateMap.*.theoreticalVolatility;chains.putExpDateMap.*.theoreticalVolatility,V3-B universal catch-all (CSV-derived vocabulary),NOT_MARKET_DATA,,,NOT_MARKET_DATA: scoped mechanical classifier tail; production wire reads tracked in governance/SCHWAB_V4_REVIEW_MEMOS cone walk
7939169d69612a62486b,py,call_engine.py,835,0,TEXT_LINE_MARKET_TOKEN,"    atr: float | None = None,",float,instruments.*.fundamental.marketCapFloat;instruments.*.fundamental.shortIntToFloat,streaming.content.*.VOLUME;chains.callExpDateMap.*.totalVolume;chains.underlying.totalVolume,V3-B universal catch-all (CSV-derived vocabulary),NOT_MARKET_DATA,,,NOT_MARKET_DATA: scoped mechanical classifier tail; production wire reads tracked in governance/SCHWAB_V4_REVIEW_MEMOS cone walk
bc1e9785f675e1187776,py,call_engine.py,836,0,TEXT_LINE_MARKET_TOKEN,"    iv_level: float | None = None,",float,instruments.*.fundamental.marketCapFloat;instruments.*.fundamental.shortIntToFloat,chains.underlying.totalVolume;quotes.extended.totalVolume;chains.callExpDateMap.*.totalVolume,V3-B universal catch-all (CSV-derived vocabulary),NOT_MARKET_DATA,,,NOT_MARKET_DATA: scoped mechanical classifier tail; production wire reads tracked in governance/SCHWAB_V4_REVIEW_MEMOS cone walk
4b495b0b1e5936640c8c,py,call_engine.py,837,0,TEXT_LINE_MARKET_TOKEN,"    vix: float | None = None,",float,instruments.*.fundamental.marketCapFloat;instruments.*.fundamental.shortIntToFloat,streaming.content.*.VOLUME;chains.underlying.totalVolume;quotes.quote.lastSize,V3-B universal catch-all (CSV-derived vocabulary),NOT_MARKET_DATA,,,NOT_MARKET_DATA: scoped mechanical classifier tail; production wire reads tracked in governance/SCHWAB_V4_REVIEW_MEMOS cone walk
45910dc68ac728141231,py,call_engine.py,838,0,TEXT_LINE_MARKET_TOKEN,"    stop_distance: float | None = None,",float,instruments.*.fundamental.marketCapFloat;instruments.*.fundamental.shortIntToFloat,chains.callExpDateMap.*.openInterest;quotes.fundamental.declarationDate;quotes.fundamental.lastEarningsDate,V3-B universal catch-all (CSV-derived vocabulary),NOT_MARKET_DATA,,,NOT_MARKET_DATA: scoped mechanical classifier tail; production wire reads tracked in governance/SCHWAB_V4_REVIEW_MEMOS cone walk
df765c605184d66058c1,py,call_engine.py,840,0,TEXT_LINE_MARKET_TOKEN,"    mc_eae: float | None = None,",float,instruments.*.fundamental.marketCapFloat;instruments.*.fundamental.shortIntToFloat,chains.callExpDateMap.*.totalVolume;streaming.content.*.VOLUME;quotes.reference.exchangeName,V3-B universal catch-all (CSV-derived vocabulary),NOT_MARKET_DATA,,,NOT_MARKET_DATA: scoped mechanical classifier tail; production wire reads tracked in governance/SCHWAB_V4_REVIEW_MEMOS cone walk
3d39f880bdf0c78a58e7,py,call_engine.py,841,0,TEXT_LINE_MARKET_TOKEN,"    mc_efe: float | None = None,",float,instruments.*.fundamental.marketCapFloat;instruments.*.fundamental.shortIntToFloat,streaming.content.*.VOLUME;quotes.extended.totalVolume;quotes.fundamental.fundLeverageFactor,V3-B universal catch-all (CSV-derived vocabulary),NOT_MARKET_DATA,,,NOT_MARKET_DATA: scoped mechanical classifier tail; production wire reads tracked in governance/SCHWAB_V4_REVIEW_MEMOS cone walk
d4c667e6f1ffaad64926,py,call_engine.py,842,0,TEXT_LINE_MARKET_TOKEN,"    mc_containment: float | None = None,",float,instruments.*.fundamental.marketCapFloat;instruments.*.fundamental.shortIntToFloat,streaming.content.*.TOTAL_VOLUME;chains.callExpDateMap.*.quoteTimeInLong;streaming.content.*.BOOK_TIME,V3-B universal catch-all (CSV-derived vocabulary),NOT_MARKET_DATA,,,NOT_MARKET_DATA: scoped mechanical classifier tail; production wire reads tracked in governance/SCHWAB_V4_REVIEW_MEMOS cone walk
24d021d7df03c9e75673,py,call_engine.py,843,0,TEXT_LINE_MARKET_TOKEN,"    mc_expansion: float | None = None,",float,instruments.*.fundamental.marketCapFloat;instruments.*.fundamental.shortIntToFloat,chains.callExpDateMap.*.deliverableNote;chains.callExpDateMap.*.lastSize;chains.callExpDateMap.*.optionRoot,V3-B universal catch-all (CSV-derived vocabulary),NOT_MARKET_DATA,,,NOT_MARKET_DATA: scoped mechanical classifier tail; production wire reads tracked in governance/SCHWAB_V4_REVIEW_MEMOS cone walk
67806f7929f320b8f1d6,py,call_engine.py,845,0,TEXT_LINE_MARKET_TOKEN,"    model_agreement: float | None = None,",float,instruments.*.fundamental.marketCapFloat;instruments.*.fundamental.shortIntToFloat,quotes.extended.totalVolume;streaming.content.*.VOLUME;quotes.fundamental.fundLeverageFactor,V3-B universal catch-all (CSV-derived vocabulary),NOT_MARKET_DATA,,,NOT_MARKET_DATA: scoped mechanical classifier tail; production wire reads tracked in governance/SCHWAB_V4_REVIEW_MEMOS cone walk
3c2b77a1724be49973c5,py,call_engine.py,846,0,TEXT_LINE_MARKET_TOKEN,"    fusion_confidence: str = ""low"",",low,chains.callExpDateMap.*.lowPrice;chains.putExpDateMap.*.lowPrice;chains.underlying.fiftyTwoWeekLow;chains.underlying.lowPrice;pricehistory.candles.*.low;quotes.quote.52WeekLow;quotes.quote.lowPrice;streaming.content.*.LOW_PRICE;streaming.content.*.LOW_PRICE_52_WEEK,quotes.quote.bidSize;quotes.quote.askSize;quotes.quote.closePrice,V3-B universal catch-all (CSV-derived vocabulary),NOT_MARKET_DATA,,,NOT_MARKET_DATA: scoped mechanical classifier tail; production wire reads tracked in governance/SCHWAB_V4_REVIEW_MEMOS cone walk
d136772d4db42bd86edf,py,call_engine.py,847,0,TEXT_LINE_MARKET_TOKEN,"    n_models_active: int = 0,",int,instruments.*.fundamental.shortIntDayToCover;instruments.*.fundamental.shortIntToFloat,chains.callExpDateMap.*.volatility;chains.volatility;chains.putExpDateMap.*.volatility,V3-B universal catch-all (CSV-derived vocabulary),NOT_MARKET_DATA,,,NOT_MARKET_DATA: scoped mechanical classifier tail; production wire reads tracked in governance/SCHWAB_V4_REVIEW_MEMOS cone walk
a20afe14bd00a685b7e8,py,call_engine.py,849,0,TEXT_LINE_MARKET_TOKEN,"    dist_to_nearest_opposing_wall: float | None = None,",float,instruments.*.fundamental.marketCapFloat;instruments.*.fundamental.shortIntToFloat,chains.callExpDateMap.*.openInterest;streaming.content.*.ASKS.*.TOTAL_VOLUME;chains.putExpDateMap.*.totalVolume,V3-B universal catch-all (CSV-derived vocabulary),NOT_MARKET_DATA,,,NOT_MARKET_DATA: scoped mechanical classifier tail; production wire reads tracked in governance/SCHWAB_V4_REVIEW_MEMOS cone walk
a894de1508910c9dc9e9,py,call_engine.py,851,0,TEXT_LINE_MARKET_TOKEN,    # Risk,risk,,chains.underlying.askSize;chains.underlying.bidSize;quotes.quote.askSize,V3-B universal catch-all (CSV-derived vocabulary),NOT_MARKET_DATA,,,NOT_MARKET_DATA: scoped mechanical classifier tail; production wire reads tracked in governance/SCHWAB_V4_REVIEW_MEMOS cone walk
05ae0b74b9e5c2b2f9ab,py,call_engine.py,852,0,TEXT_LINE_MARKET_TOKEN,"    reward_risk: float | None = None,",float,instruments.*.fundamental.marketCapFloat;instruments.*.fundamental.shortIntToFloat,quotes.quote.askSize;pricehistory.candles.*.volume;chains.underlying.totalVolume,V3-B universal catch-all (CSV-derived vocabulary),NOT_MARKET_DATA,,,NOT_MARKET_DATA: scoped mechanical classifier tail; production wire reads tracked in governance/SCHWAB_V4_REVIEW_MEMOS cone walk
dc29e07cf1dabe7fa979,py,call_engine.py,854,0,TEXT_LINE_MARKET_TOKEN,    # Time,time,chains.callExpDateMap.*.quoteTimeInLong;chains.callExpDateMap.*.timeValue;chains.callExpDateMap.*.tradeTimeInLong;chains.putExpDateMap.*.quoteTimeInLong;chains.putExpDateMap.*.timeValue;chains.putExpDateMap.*.tradeTimeInLong;chains.underlying.quoteTime;chains.underlying.tradeTime;quotes.extended.quoteTime;quotes.extended.tradeTime;quotes.quote.askTime;quotes.quote.bidTime;quotes.quote.quoteTime;quotes.quote.tradeTime;quotes.regular.regularMarketTradeTime;streaming.content.*.ASK_TIME_MILLIS;streaming.content.*.BID_TIME_MILLIS;streaming.content.*.BOOK_TIME;streaming.content.*.CHART_TIME_MILLIS;streaming.content.*.QUOTE_TIME_MILLIS;streaming.content.*.TRADE_TIME_MILLIS,chains.volatility;chains.putExpDateMap.*.volatility;chains.callExpDateMap.*.volatility,V3-B universal catch-all (CSV-derived vocabulary),NOT_MARKET_DATA,,,NOT_MARKET_DATA: scoped mechanical classifier tail; production wire reads tracked in governance/SCHWAB_V4_REVIEW_MEMOS cone walk
bcd4819ca132dde7bbc6,py,call_engine.py,855,0,TEXT_LINE_MARKET_TOKEN,"    mins_to_close: float | None = None,",float,instruments.*.fundamental.marketCapFloat;instruments.*.fundamental.shortIntToFloat,streaming.content.*.VOLUME;chains.underlying.totalVolume;quotes.quote.lastSize,V3-B universal catch-all (CSV-derived vocabulary),NOT_MARKET_DATA,,,NOT_MARKET_DATA: scoped mechanical classifier tail; production wire reads tracked in governance/SCHWAB_V4_REVIEW_MEMOS cone walk
88951eb161898f28d104,py,call_engine.py,856,0,TEXT_LINE_MARKET_TOKEN,    # Volatility regime: risk_multiplier > 1 = wider stops → reduce position for same $ risk,volatility regime risk,chains.callExpDateMap.*.theoreticalVolatility;chains.callExpDateMap.*.volatility;chains.putExpDateMap.*.theoreticalVolatility;chains.putExpDateMap.*.volatility;chains.volatility,quotes.quote.bidSize;quotes.quote.askSize;quotes.extended.askSize,V3-B universal catch-all (CSV-derived vocabulary),NOT_MARKET_DATA,,,NOT_MARKET_DATA: scoped mechanical classifier tail; production wire reads tracked in governance/SCHWAB_V4_REVIEW_MEMOS cone walk
fb7f86eaa6fce555dcc7,py,call_engine.py,857,0,TEXT_LINE_MARKET_TOKEN,"    vol_regime_risk_multiplier: float = 1.0,",float,instruments.*.fundamental.marketCapFloat;instruments.*.fundamental.shortIntToFloat,chains.callExpDateMap.*.theoreticalVolatility;chains.putExpDateMap.*.theoreticalVolatility;chains.callExpDateMap.*.totalVolume,V3-B universal catch-all (CSV-derived vocabulary),NOT_MARKET_DATA,,,NOT_MARKET_DATA: scoped mechanical classifier tail; production wire reads tracked in governance/SCHWAB_V4_REVIEW_MEMOS cone walk
60d2d536da4c43f0042a,py,call_engine.py,860,0,TEXT_LINE_MARKET_TOKEN,    Formal position sizing per Trade Execution & Position Sizing Framework v1.,per trade,instruments.*.fundamental.bookValuePerShare;chains.callExpDateMap.*.tradeTimeInLong;chains.putExpDateMap.*.tradeTimeInLong;chains.underlying.tradeTime;quotes.extended.tradeTime;quotes.quote.tradeTime;quotes.regular.regularMarketTradeTime;streaming.content.*.REGULAR_MARKET_TRADE;streaming.content.*.REGULAR_MARKET_TRADE_MILLIS;streaming.content.*.TRADE_TIME_MILLIS,quotes.quote.askSize;quotes.quote.bidSize;streaming.content.*.BIDS,V3-B universal catch-all (CSV-derived vocabulary),NOT_MARKET_DATA,,,NOT_MARKET_DATA: scoped mechanical classifier tail; production wire reads tracked in governance/SCHWAB_V4_REVIEW_MEMOS cone walk
db95ecf10d4ccaf2919c,py,call_engine.py,863,0,TEXT_LINE_MARKET_TOKEN,        r_units:            float (0.00 to 1.25),float,instruments.*.fundamental.marketCapFloat;instruments.*.fundamental.shortIntToFloat,quotes.quote.lastPrice;quotes.quote.highPrice;quotes.quote.lowPrice,V3-B universal catch-all (CSV-derived vocabulary),NOT_MARKET_DATA,,,NOT_MARKET_DATA: scoped mechanical classifier tail; production wire reads tracked in governance/SCHWAB_V4_REVIEW_MEMOS cone walk
3f0d34edf5c9f6c35b50,py,call_engine.py,864,0,TEXT_LINE_MARKET_TOKEN,"        execution_mode:     str ('NO_TRADE', 'PROBE', 'REDUCED', 'STANDARD', 'MAX')",standard,chains.callExpDateMap.*.nonStandard;chains.putExpDateMap.*.nonStandard,chains.callExpDateMap.*.vega;chains.putExpDateMap.*.vega;chains.putExpDateMap.*.delta,V3-B universal catch-all (CSV-derived vocabulary),NOT_MARKET_DATA,,,NOT_MARKET_DATA: scoped mechanical classifier tail; production wire reads tracked in governance/SCHWAB_V4_REVIEW_MEMOS cone walk
bad03de7e33f71185d98,py,call_engine.py,865,0,TEXT_LINE_MARKET_TOKEN,        multipliers:        dict of each factor,factor,instruments.*.fundamental.fundLeverageFactor;quotes.fundamental.fundLeverageFactor,chains.volatility;chains.putExpDateMap.*.theoreticalVolatility;chains.callExpDateMap.*.theoreticalVolatility,V3-B universal catch-all (CSV-derived vocabulary),NOT_MARKET_DATA,,,NOT_MARKET_DATA: scoped mechanical classifier tail; production wire reads tracked in governance/SCHWAB_V4_REVIEW_MEMOS cone walk
4aa1818495f7ee8bf686,py,call_engine.py,867,0,TEXT_LINE_MARKET_TOKEN,        reduction_reasons:  list of strings explaining each cut,list,chains.callExpDateMap.*.optionDeliverablesList;chains.callExpDateMap.*.optionDeliverablesList.*;chains.callExpDateMap.*.optionDeliverablesList.*.assetType;chains.callExpDateMap.*.optionDeliverablesList.*.currencyType;chains.callExpDateMap.*.optionDeliverablesList.*.deliverableUnits;chains.callExpDateMap.*.optionDeliverablesList.*.symbol;chains.putExpDateMap.*.optionDeliverablesList;chains.putExpDateMap.*.optionDeliverablesList.*;chains.putExpDateMap.*.optionDeliverablesList.*.assetType;chains.putExpDateMap.*.optionDeliverablesList.*.currencyType;chains.putExpDateMap.*.optionDeliverablesList.*.deliverableUnits;chains.putExpDateMap.*.optionDeliverablesList.*.symbol,quotes.quote.askSize;chains.putExpDateMap.*.askSize;streaming.content.*.ASK_SIZE,V3-B universal catch-all (CSV-derived vocabulary),NOT_MARKET_DATA,,,NOT_MARKET_DATA: scoped mechanical classifier tail; production wire reads tracked in governance/SCHWAB_V4_REVIEW_MEMOS cone walk
530a36de37ac764dbd44,py,call_engine.py,871,0,TEXT_LINE_MARKET_TOKEN,        return {,return,instruments.*.fundamental.returnOnAssets;instruments.*.fundamental.returnOnEquity;instruments.*.fundamental.returnOnInvestment,quotes.regular.regularMarketTradeTime;market_hours.future.RTY.isOpen;market_hours.future.RME.isOpen,V3-B universal catch-all (CSV-derived vocabulary),NOT_MARKET_DATA,,,NOT_MARKET_DATA: scoped mechanical classifier tail; production wire reads tracked in governance/SCHWAB_V4_REVIEW_MEMOS cone walk
eb827c7709385f5dbea1,py,call_engine.py,876,0,TEXT_LINE_MARKET_TOKEN,"            ""reduction_reasons"": [""no active trade"" if signal == ""wait"" else ""validation gate failed""],",trade,chains.callExpDateMap.*.tradeTimeInLong;chains.putExpDateMap.*.tradeTimeInLong;chains.underlying.tradeTime;quotes.extended.tradeTime;quotes.quote.tradeTime;quotes.regular.regularMarketTradeTime;streaming.content.*.REGULAR_MARKET_TRADE;streaming.content.*.REGULAR_MARKET_TRADE_MILLIS;streaming.content.*.TRADE_TIME_MILLIS,chains.callExpDateMap.*.bidSize;chains.putExpDateMap.*.bidSize;chains.callExpDateMap.*.askSize,V3-B universal catch-all (CSV-derived vocabulary),NOT_MARKET_DATA,,,NOT_MARKET_DATA: scoped mechanical classifier tail; production wire reads tracked in governance/SCHWAB_V4_REVIEW_MEMOS cone walk
a478b8ae1817f04c418f,py,call_engine.py,877,0,TEXT_LINE_MARKET_TOKEN,"            ""summary"": ""No trade."",",trade,chains.callExpDateMap.*.tradeTimeInLong;chains.putExpDateMap.*.tradeTimeInLong;chains.underlying.tradeTime;quotes.extended.tradeTime;quotes.quote.tradeTime;quotes.regular.regularMarketTradeTime;streaming.content.*.REGULAR_MARKET_TRADE;streaming.content.*.REGULAR_MARKET_TRADE_MILLIS;streaming.content.*.TRADE_TIME_MILLIS,streaming.content.*.BIDS.*.BIDS.*.BID_VOLUME;streaming.content.*.BIDS.*.NUM_BIDS;quotes.regular.regularMarketLastSize,V3-B universal catch-all (CSV-derived vocabulary),NOT_MARKET_DATA,,,NOT_MARKET_DATA: scoped mechanical classifier tail; production wire reads tracked in governance/SCHWAB_V4_REVIEW_MEMOS cone walk
f6a113024ba7203e0acf,py,call_engine.py,881,0,TEXT_LINE_MARKET_TOKEN,        return {,return,instruments.*.fundamental.returnOnAssets;instruments.*.fundamental.returnOnEquity;instruments.*.fundamental.returnOnInvestment,quotes.regular.regularMarketTradeTime;market_hours.future.RTY.isOpen;market_hours.future.RME.isOpen,V3-B universal catch-all (CSV-derived vocabulary),NOT_MARKET_DATA,,,NOT_MARKET_DATA: scoped mechanical classifier tail; production wire reads tracked in governance/SCHWAB_V4_REVIEW_MEMOS cone walk
20d5973c6291aa4fc19b,py,call_engine.py,887,0,TEXT_LINE_MARKET_TOKEN,"            ""summary"": ""No trade — session close time unknown."",",trade session close time unknown,chains.callExpDateMap.*.tradeTimeInLong;chains.putExpDateMap.*.tradeTimeInLong;chains.underlying.tradeTime;quotes.extended.tradeTime;quotes.quote.tradeTime;quotes.regular.regularMarketTradeTime;streaming.content.*.REGULAR_MARKET_TRADE;streaming.content.*.REGULAR_MARKET_TRADE_MILLIS;streaming.content.*.TRADE_TIME_MILLIS;market_hours.bond.BON.sessionHours;market_hours.bond.BON.sessionHours.postMarket;market_hours.bond.BON.sessionHours.postMarket.*;market_hours.bond.BON.sessionHours.postMarket.*.end;market_hours.bond.BON.sessionHours.postMarket.*.start;market_hours.bond.BON.sessionHours.preMarket;market_hours.bond.BON.sessionHours.preMarket.*;market_hours.bond.BON.sessionHours.preMarket.*.end;market_hours.bond.BON.sessionHours.preMarket.*.start;market_hours.bond.BON.sessionHours.regularMarket;market_hours.bond.BON.sessionHours.regularMarket.*;market_hours.bond.BON.sessionHours.regularMarket.*.end;market_hours.bond.BON.sessionHours.regularMarket.*.start;market_hours.equity.EQ.sessionHours;market_hours.equity.EQ.sessionHours.postMarket;market_hours.equity.EQ.sessionHours.postMarket.*,quotes.quote.lastPrice;quotes.quote.closePrice;quotes.quote.askSize,V3-B universal catch-all (CSV-derived vocabulary),NOT_MARKET_DATA,,,NOT_MARKET_DATA: scoped mechanical classifier tail; production wire reads tracked in governance/SCHWAB_V4_REVIEW_MEMOS cone walk
d6f0742dd743f1f31ec4,py,call_engine.py,892,0,TEXT_LINE_MARKET_TOKEN,    # == 1. CONFIDENCE MULTIPLIER =============================================,multiplier,chains.callExpDateMap.*.multiplier;chains.putExpDateMap.*.multiplier,pricehistory.candles.*.datetime;quotes.reference.description;chains.volatility,V3-B universal catch-all (CSV-derived vocabulary),NOT_MARKET_DATA,,,NOT_MARKET_DATA: scoped mechanical classifier tail; production wire reads tracked in governance/SCHWAB_V4_REVIEW_MEMOS cone walk
24a8866f2e19c351c983,py,call_engine.py,893,0,TEXT_LINE_MARKET_TOKEN,"    # COH-SA queue: conf_mult buckets, VIX/ATR vol_mult, mc_mult branches — policy table slice next.",next,instruments.*.fundamental.nextDividendDate;instruments.*.fundamental.nextDividendPayDate;quotes.fundamental.nextDivExDate;quotes.fundamental.nextDivPayDate,chains.callExpDateMap.*.totalVolume;chains.callExpDateMap.*.theoreticalVolatility;chains.putExpDateMap.*.theoreticalVolatility,V3-B universal catch-all (CSV-derived vocabulary),NOT_MARKET_DATA,,,NOT_MARKET_DATA: scoped mechanical classifier tail; production wire reads tracked in governance/SCHWAB_V4_REVIEW_MEMOS cone walk
2ee13bec6d33e2876292,py,call_engine.py,894,0,TEXT_LINE_MARKET_TOKEN,    # From fusion confidence + model agreement + confluence,model,,quotes.fundamental.fundLeverageFactor;pricehistory.candles.*.volume;quotes.reference.description,V3-B universal catch-all (CSV-derived vocabulary),NOT_MARKET_DATA,,,NOT_MARKET_DATA: scoped mechanical classifier tail; production wire reads tracked in governance/SCHWAB_V4_REVIEW_MEMOS cone walk
4fd27f9e1be5419ddcea,py,call_engine.py,895,0,TEXT_LINE_MARKET_TOKEN,"    if conviction == ""high"" and confluence_count >= CONF_MULT_HIGH_CONFLUENCE_MIN:",high,chains.callExpDateMap.*.highPrice;chains.putExpDateMap.*.highPrice;chains.underlying.fiftyTwoWeekHigh;chains.underlying.highPrice;pricehistory.candles.*.high;quotes.quote.52WeekHigh;quotes.quote.highPrice;streaming.content.*.HIGH_PRICE;streaming.content.*.HIGH_PRICE_52_WEEK,chains.callExpDateMap.*.description;quotes.quote.highPrice;streaming.content.*.cusip,V3-B universal catch-all (CSV-derived vocabulary),NOT_MARKET_DATA,,,NOT_MARKET_DATA: scoped mechanical classifier tail; production wire reads tracked in governance/SCHWAB_V4_REVIEW_MEMOS cone walk
62f8a8b5e0e18aedeb96,py,call_engine.py,897,0,TEXT_LINE_MARKET_TOKEN,"    elif conviction == ""high"":",high,chains.callExpDateMap.*.highPrice;chains.putExpDateMap.*.highPrice;chains.underlying.fiftyTwoWeekHigh;chains.underlying.highPrice;pricehistory.candles.*.high;quotes.quote.52WeekHigh;quotes.quote.highPrice;streaming.content.*.HIGH_PRICE;streaming.content.*.HIGH_PRICE_52_WEEK,chains.volatility;chains.underlying.bidSize;chains.callExpDateMap.*.volatility,V3-B universal catch-all (CSV-derived vocabulary),NOT_MARKET_DATA,,,NOT_MARKET_DATA: scoped mechanical classifier tail; production wire reads tracked in governance/SCHWAB_V4_REVIEW_MEMOS cone walk
6761efbaf3b157157e34,py,call_engine.py,901,0,TEXT_LINE_MARKET_TOKEN,"    elif conviction == ""low"":",low,chains.callExpDateMap.*.lowPrice;chains.putExpDateMap.*.lowPrice;chains.underlying.fiftyTwoWeekLow;chains.underlying.lowPrice;pricehistory.candles.*.low;quotes.quote.52WeekLow;quotes.quote.lowPrice;streaming.content.*.LOW_PRICE;streaming.content.*.LOW_PRICE_52_WEEK,chains.volatility;chains.callExpDateMap.*.volatility;chains.callExpDateMap.*.theoreticalVolatility,V3-B universal catch-all (CSV-derived vocabulary),NOT_MARKET_DATA,,,NOT_MARKET_DATA: scoped mechanical classifier tail; production wire reads tracked in governance/SCHWAB_V4_REVIEW_MEMOS cone walk
adce68470f0a5c9a291e,py,call_engine.py,903,0,TEXT_LINE_MARKET_TOKEN,"        reasons.append(""low conviction"")",low,chains.callExpDateMap.*.lowPrice;chains.putExpDateMap.*.lowPrice;chains.underlying.fiftyTwoWeekLow;chains.underlying.lowPrice;pricehistory.candles.*.low;quotes.quote.52WeekLow;quotes.quote.lowPrice;streaming.content.*.LOW_PRICE;streaming.content.*.LOW_PRICE_52_WEEK,chains.callExpDateMap.*.optionDeliverablesList;chains.callExpDateMap.*.optionDeliverablesList.*.symbol;chains.putExpDateMap.*.optionDeliverablesList.*.symbol,V3-B universal catch-all (CSV-derived vocabulary),NOT_MARKET_DATA,,,NOT_MARKET_DATA: scoped mechanical classifier tail; production wire reads tracked in governance/SCHWAB_V4_REVIEW_MEMOS cone walk
d8c0b05ddf8d45774bdc,py,call_engine.py,906,0,TEXT_LINE_MARKET_TOKEN,"        reasons.append(""very low conviction"")",low,chains.callExpDateMap.*.lowPrice;chains.putExpDateMap.*.lowPrice;chains.underlying.fiftyTwoWeekLow;chains.underlying.lowPrice;pricehistory.candles.*.low;quotes.quote.52WeekLow;quotes.quote.lowPrice;streaming.content.*.LOW_PRICE;streaming.content.*.LOW_PRICE_52_WEEK,chains.callExpDateMap.*.openInterest;chains.callExpDateMap.*.optionDeliverablesList.*.currencyType;chains.callExpDateMap.*.optionDeliverablesList,V3-B universal catch-all (CSV-derived vocabulary),NOT_MARKET_DATA,,,NOT_MARKET_DATA: scoped mechanical classifier tail; production wire reads tracked in governance/SCHWAB_V4_REVIEW_MEMOS cone walk
061f78d72be71d709753,py,call_engine.py,908,0,TEXT_LINE_MARKET_TOKEN,    # Model agreement boost/cut,model,,quotes.extended.totalVolume;quotes.quote.totalVolume;movers.screeners.*.totalVolume,V3-B universal catch-all (CSV-derived vocabulary),NOT_MARKET_DATA,,,NOT_MARKET_DATA: scoped mechanical classifier tail; production wire reads tracked in governance/SCHWAB_V4_REVIEW_MEMOS cone walk
c9de72039d2de8b053ab,py,call_engine.py,914,0,TEXT_LINE_MARKET_TOKEN,"            reasons.append(f""model disagreement ({model_agreement:.0%})"")",model,,chains.putExpDateMap.*.delta;chains.putExpDateMap.*.vega;chains.putExpDateMap.*.theta,V3-B universal catch-all (CSV-derived vocabulary),NOT_MARKET_DATA,,,NOT_MARKET_DATA: scoped mechanical classifier tail; production wire reads tracked in governance/SCHWAB_V4_REVIEW_MEMOS cone walk
24d881ef5f44f69e30ae,py,call_engine.py,917,0,TEXT_LINE_MARKET_TOKEN,"    if fusion_confidence == ""high"" and conf_mult < 1.0:",high,chains.callExpDateMap.*.highPrice;chains.putExpDateMap.*.highPrice;chains.underlying.fiftyTwoWeekHigh;chains.underlying.highPrice;pricehistory.candles.*.high;quotes.quote.52WeekHigh;quotes.quote.highPrice;streaming.content.*.HIGH_PRICE;streaming.content.*.HIGH_PRICE_52_WEEK,quotes.quote.highPrice;quotes.quote.bidPrice;chains.underlying.bidSize,V3-B universal catch-all (CSV-derived vocabulary),NOT_MARKET_DATA,,,NOT_MARKET_DATA: scoped mechanical classifier tail; production wire reads tracked in governance/SCHWAB_V4_REVIEW_MEMOS cone walk
e6daec36158c7816f444,py,call_engine.py,920,0,TEXT_LINE_MARKET_TOKEN,    # == 2. REGIME MULTIPLIER =================================================,regime multiplier,chains.callExpDateMap.*.multiplier;chains.putExpDateMap.*.multiplier,chains.volatility;pricehistory.candles.*.volume;chains.callExpDateMap.*.rho,V3-B universal catch-all (CSV-derived vocabulary),NOT_MARKET_DATA,,,NOT_MARKET_DATA: scoped mechanical classifier tail; production wire reads tracked in governance/SCHWAB_V4_REVIEW_MEMOS cone walk
7ff89c9daea4d8f67534,py,call_engine.py,922,0,TEXT_LINE_MARKET_TOKEN,"    if regime_confidence == ""low"":",low,chains.callExpDateMap.*.lowPrice;chains.putExpDateMap.*.lowPrice;chains.underlying.fiftyTwoWeekLow;chains.underlying.lowPrice;pricehistory.candles.*.low;quotes.quote.52WeekLow;quotes.quote.lowPrice;streaming.content.*.LOW_PRICE;streaming.content.*.LOW_PRICE_52_WEEK,quotes.extended.bidSize;quotes.quote.bidSize;chains.underlying.bidSize,V3-B universal catch-all (CSV-derived vocabulary),NOT_MARKET_DATA,,,NOT_MARKET_DATA: scoped mechanical classifier tail; production wire reads tracked in governance/SCHWAB_V4_REVIEW_MEMOS cone walk
110d55130665064d2906,py,call_engine.py,923,0,TEXT_LINE_MARKET_TOKEN,"        reasons.append(""low regime confidence"")",low regime,chains.callExpDateMap.*.lowPrice;chains.putExpDateMap.*.lowPrice;chains.underlying.fiftyTwoWeekLow;chains.underlying.lowPrice;pricehistory.candles.*.low;quotes.quote.52WeekLow;quotes.quote.lowPrice;streaming.content.*.LOW_PRICE;streaming.content.*.LOW_PRICE_52_WEEK,chains.callExpDateMap.*.rho;chains.callExpDateMap.*.bidSize;chains.putExpDateMap.*.bidSize,V3-B universal catch-all (CSV-derived vocabulary),NOT_MARKET_DATA,,,NOT_MARKET_DATA: scoped mechanical classifier tail; production wire reads tracked in governance/SCHWAB_V4_REVIEW_MEMOS cone walk
b192ef6e7e6f7fc4c417,py,call_engine.py,926,0,TEXT_LINE_MARKET_TOKEN,"        reasons.append(f""{regime_label} regime"")",regime,,chains.callExpDateMap.*.vega;chains.putExpDateMap.*.vega;chains.callExpDateMap.*.rho,V3-B universal catch-all (CSV-derived vocabulary),NOT_MARKET_DATA,,,NOT_MARKET_DATA: scoped mechanical classifier tail; production wire reads tracked in governance/SCHWAB_V4_REVIEW_MEMOS cone walk
bbfa5bd430e01ddb90a3,py,call_engine.py,928,0,TEXT_LINE_MARKET_TOKEN,    # == 3. VOLATILITY MULTIPLIER =============================================,volatility multiplier,chains.callExpDateMap.*.theoreticalVolatility;chains.callExpDateMap.*.volatility;chains.putExpDateMap.*.theoreticalVolatility;chains.putExpDateMap.*.volatility;chains.volatility;chains.callExpDateMap.*.multiplier;chains.putExpDateMap.*.multiplier,chains.volatility;chains.callExpDateMap.*.theoreticalVolatility;chains.putExpDateMap.*.theoreticalVolatility,V3-B universal catch-all (CSV-derived vocabulary),NOT_MARKET_DATA,,,NOT_MARKET_DATA: scoped mechanical classifier tail; production wire reads tracked in governance/SCHWAB_V4_REVIEW_MEMOS cone walk
27111d9afa393915fd97,py,call_engine.py,942,0,TEXT_LINE_MARKET_TOKEN,"    # ATR-based: if stop distance < 0.5 ATR, trade is too tight",trade,chains.callExpDateMap.*.tradeTimeInLong;chains.putExpDateMap.*.tradeTimeInLong;chains.underlying.tradeTime;quotes.extended.tradeTime;quotes.quote.tradeTime;quotes.regular.regularMarketTradeTime;streaming.content.*.REGULAR_MARKET_TRADE;streaming.content.*.REGULAR_MARKET_TRADE_MILLIS;streaming.content.*.TRADE_TIME_MILLIS,chains.putExpDateMap.*.theoreticalVolatility;chains.putExpDateMap.*.volatility;chains.putExpDateMap.*.askSize,V3-B universal catch-all (CSV-derived vocabulary),NOT_MARKET_DATA,,,NOT_MARKET_DATA: scoped mechanical classifier tail; production wire reads tracked in governance/SCHWAB_V4_REVIEW_MEMOS cone walk
b0b036267f33031fb018,py,call_engine.py,952,0,TEXT_LINE_MARKET_TOKEN,    # == 4. MONTE CARLO RISK MULTIPLIER (regime-aware v2) =======================,risk multiplier regime,chains.callExpDateMap.*.multiplier;chains.putExpDateMap.*.multiplier,chains.callExpDateMap.*.rho;chains.putExpDateMap.*.theoreticalVolatility;chains.volatility,V3-B universal catch-all (CSV-derived vocabulary),NOT_MARKET_DATA,,,NOT_MARKET_DATA: scoped mechanical classifier tail; production wire reads tracked in governance/SCHWAB_V4_REVIEW_MEMOS cone walk
70b9c5c66f34c756b6ef,py,call_engine.py,956,0,TEXT_LINE_MARKET_TOKEN,    # tick — surface that to the operator via reduction_reasons (was a silent skip).,the,chains.callExpDateMap.*.inTheMoney;chains.putExpDateMap.*.inTheMoney,chains.putExpDateMap.*.theoreticalVolatility;quotes.quote.askSize;chains.putExpDateMap.*.askSize,V3-B universal catch-all (CSV-derived vocabulary),NOT_MARKET_DATA,,,NOT_MARKET_DATA: scoped mechanical classifier tail; production wire reads tracked in governance/SCHWAB_V4_REVIEW_MEMOS cone walk
c54cf2b618800a022f6d,py,call_engine.py,957,0,TEXT_LINE_MARKET_TOKEN,"    # The numeric size is unaffected (mc_mult stays 1.0), but the sizing summary now",the size,chains.callExpDateMap.*.inTheMoney;chains.putExpDateMap.*.inTheMoney;chains.callExpDateMap.*.askSize;chains.callExpDateMap.*.bidAskSize;chains.callExpDateMap.*.bidSize;chains.callExpDateMap.*.lastSize;chains.putExpDateMap.*.askSize;chains.putExpDateMap.*.bidAskSize;chains.putExpDateMap.*.bidSize;chains.putExpDateMap.*.lastSize;chains.underlying.askSize;chains.underlying.bidSize;quotes.extended.askSize;quotes.extended.bidSize;quotes.extended.lastSize;quotes.quote.askSize;quotes.quote.bidSize;quotes.quote.lastSize;quotes.regular.regularMarketLastSize;streaming.content.*.ASK_SIZE;streaming.content.*.BID_SIZE;streaming.content.*.LAST_SIZE;streaming.content.*.REGULAR_MARKET_LAST_SIZE,chains.putExpDateMap.*.theta;streaming.timestamp;quotes.quote.askSize,V3-B universal catch-all (CSV-derived vocabulary),NOT_MARKET_DATA,,,NOT_MARKET_DATA: scoped mechanical classifier tail; production wire reads tracked in governance/SCHWAB_V4_REVIEW_MEMOS cone walk
420ff40c38aaab9ccc5a,py,call_engine.py,958,0,TEXT_LINE_MARKET_TOKEN,"    # shows ""MC unavailable — sizing without MC risk validation"".",risk,,chains.volatility;chains.putExpDateMap.*.theoreticalVolatility;chains.callExpDateMap.*.theoreticalVolatility,V3-B universal catch-all (CSV-derived vocabulary),NOT_MARKET_DATA,,,NOT_MARKET_DATA: scoped mechanical classifier tail; production wire reads tracked in governance/SCHWAB_V4_REVIEW_MEMOS cone walk
9ef4d9e1577f27d835f7,py,call_engine.py,960,0,TEXT_LINE_MARKET_TOKEN,"        reasons.append(""MC unavailable — sizing without MC risk validation"")",risk,,chains.putExpDateMap.*.theoreticalVolatility;chains.callExpDateMap.*.theoreticalVolatility;chains.callExpDateMap.*.bidSize,V3-B universal catch-all (CSV-derived vocabulary),NOT_MARKET_DATA,,,NOT_MARKET_DATA: scoped mechanical classifier tail; production wire reads tracked in governance/SCHWAB_V4_REVIEW_MEMOS cone walk
6e01ead9adf9f5107567,py,call_engine.py,964,0,TEXT_LINE_MARKET_TOKEN,        # Regime-aware EAE thresholds: expansion regimes tolerate more,regime,,chains.callExpDateMap.*.theta;chains.callExpDateMap.*.rho;chains.putExpDateMap.*.vega,V3-B universal catch-all (CSV-derived vocabulary),NOT_MARKET_DATA,,,NOT_MARKET_DATA: scoped mechanical classifier tail; production wire reads tracked in governance/SCHWAB_V4_REVIEW_MEMOS cone walk
2434e18976a67e801de7,py,call_engine.py,976,0,TEXT_LINE_MARKET_TOKEN,"                reasons.append(f""MC EAE {eae_ratio:.1f}x stop in {regime_label} — risk elevated"")",risk,,chains.callExpDateMap.*.theta;chains.putExpDateMap.*.delta;chains.putExpDateMap.*.vega,V3-B universal catch-all (CSV-derived vocabulary),NOT_MARKET_DATA,,,NOT_MARKET_DATA: scoped mechanical classifier tail; production wire reads tracked in governance/SCHWAB_V4_REVIEW_MEMOS cone walk
3fbdc2b1722ed2bee706,py,call_engine.py,989,0,TEXT_LINE_MARKET_TOKEN,    # Containment vs expansion — regime-aware interpretation,regime,,chains.putExpDateMap.*.theta;streaming.timestamp;chains.putExpDateMap.*.volatility,V3-B universal catch-all (CSV-derived vocabulary),NOT_MARKET_DATA,,,NOT_MARKET_DATA: scoped mechanical classifier tail; production wire reads tracked in governance/SCHWAB_V4_REVIEW_MEMOS cone walk
f6a823c13c312acce173,py,call_engine.py,992,0,TEXT_LINE_MARKET_TOKEN,            # For breakouts: high containment = bad (expansion needed),high,chains.callExpDateMap.*.highPrice;chains.putExpDateMap.*.highPrice;chains.underlying.fiftyTwoWeekHigh;chains.underlying.highPrice;pricehistory.candles.*.high;quotes.quote.52WeekHigh;quotes.quote.highPrice;streaming.content.*.HIGH_PRICE;streaming.content.*.HIGH_PRICE_52_WEEK,chains.putExpDateMap.*.rho;chains.putExpDateMap.*.bidSize;chains.putExpDateMap.*.theta,V3-B universal catch-all (CSV-derived vocabulary),NOT_MARKET_DATA,,,NOT_MARKET_DATA: scoped mechanical classifier tail; production wire reads tracked in governance/SCHWAB_V4_REVIEW_MEMOS cone walk
165f7cd7eef4bcbdd3b8,py,call_engine.py,999,0,TEXT_LINE_MARKET_TOKEN,"            # Directional trade in pinning/MR: if containment is high, reduce size",trade high size,chains.callExpDateMap.*.tradeTimeInLong;chains.putExpDateMap.*.tradeTimeInLong;chains.underlying.tradeTime;quotes.extended.tradeTime;quotes.quote.tradeTime;quotes.regular.regularMarketTradeTime;streaming.content.*.REGULAR_MARKET_TRADE;streaming.content.*.REGULAR_MARKET_TRADE_MILLIS;streaming.content.*.TRADE_TIME_MILLIS;chains.callExpDateMap.*.highPrice;chains.putExpDateMap.*.highPrice;chains.underlying.fiftyTwoWeekHigh;chains.underlying.highPrice;pricehistory.candles.*.high;quotes.quote.52WeekHigh;quotes.quote.highPrice;streaming.content.*.HIGH_PRICE;streaming.content.*.HIGH_PRICE_52_WEEK;chains.callExpDateMap.*.askSize;chains.callExpDateMap.*.bidAskSize;chains.callExpDateMap.*.bidSize;chains.callExpDateMap.*.lastSize;chains.putExpDateMap.*.askSize;chains.putExpDateMap.*.bidAskSize;chains.putExpDateMap.*.bidSize,chains.volatility;chains.underlying.bidSize;pricehistory.candles.*.datetime,V3-B universal catch-all (CSV-derived vocabulary),NOT_MARKET_DATA,,,NOT_MARKET_DATA: scoped mechanical classifier tail; production wire reads tracked in governance/SCHWAB_V4_REVIEW_MEMOS cone walk
62caddae0ae927d6ea5b,py,call_engine.py,1002,0,TEXT_LINE_MARKET_TOKEN,"                reasons.append(f""MC containment {mc_containment:.0%} in {regime_label} — range trade better"")",trade,chains.callExpDateMap.*.tradeTimeInLong;chains.putExpDateMap.*.tradeTimeInLong;chains.underlying.tradeTime;quotes.extended.tradeTime;quotes.quote.tradeTime;quotes.regular.regularMarketTradeTime;streaming.content.*.REGULAR_MARKET_TRADE;streaming.content.*.REGULAR_MARKET_TRADE_MILLIS;streaming.content.*.TRADE_TIME_MILLIS,chains.putExpDateMap.*.theta;chains.callExpDateMap.*.theta;chains.putExpDateMap.*.delta,V3-B universal catch-all (CSV-derived vocabulary),NOT_MARKET_DATA,,,NOT_MARKET_DATA: scoped mechanical classifier tail; production wire reads tracked in governance/SCHWAB_V4_REVIEW_MEMOS cone walk
426e118706311b09be7b,py,call_engine.py,1007,0,TEXT_LINE_MARKET_TOKEN,"                reasons.append(f""MC EAE exceeds EFE by {(mc_eae/mc_efe - 1):.0%} — adverse tail risk"")",risk,,chains.putExpDateMap.*.high52Week;chains.putExpDateMap.*.vega;chains.callExpDateMap.*.vega,V3-B universal catch-all (CSV-derived vocabulary),NOT_MARKET_DATA,,,NOT_MARKET_DATA: scoped mechanical classifier tail; production wire reads tracked in governance/SCHWAB_V4_REVIEW_MEMOS cone walk
9c5df6bec5df250ca9d8,py,call_engine.py,1009,0,TEXT_LINE_MARKET_TOKEN,    # EFE too low relative to stop,low,chains.callExpDateMap.*.lowPrice;chains.putExpDateMap.*.lowPrice;chains.underlying.fiftyTwoWeekLow;chains.underlying.lowPrice;pricehistory.candles.*.low;quotes.quote.52WeekLow;quotes.quote.lowPrice;streaming.content.*.LOW_PRICE;streaming.content.*.LOW_PRICE_52_WEEK,quotes.quote.totalVolume;quotes.extended.totalVolume;chains.putExpDateMap.*.totalVolume,V3-B universal catch-all (CSV-derived vocabulary),NOT_MARKET_DATA,,,NOT_MARKET_DATA: scoped mechanical classifier tail; production wire reads tracked in governance/SCHWAB_V4_REVIEW_MEMOS cone walk
2da499520dd025081b29,py,call_engine.py,1013,0,TEXT_LINE_MARKET_TOKEN,"            reasons.append(""MC EFE too low for target"")",low,chains.callExpDateMap.*.lowPrice;chains.putExpDateMap.*.lowPrice;chains.underlying.fiftyTwoWeekLow;chains.underlying.lowPrice;pricehistory.candles.*.low;quotes.quote.52WeekLow;quotes.quote.lowPrice;streaming.content.*.LOW_PRICE;streaming.content.*.LOW_PRICE_52_WEEK,chains.putExpDateMap.*.totalVolume;chains.callExpDateMap.*.openInterest;chains.putExpDateMap.*.openInterest,V3-B universal catch-all (CSV-derived vocabulary),NOT_MARKET_DATA,,,NOT_MARKET_DATA: scoped mechanical classifier tail; production wire reads tracked in governance/SCHWAB_V4_REVIEW_MEMOS cone walk
6b6a6d9b16b8e0fb1658,py,call_engine.py,1015,0,TEXT_LINE_MARKET_TOKEN,    # == 5. LEVEL QUALITY MULTIPLIER ==========================================,multiplier,chains.callExpDateMap.*.multiplier;chains.putExpDateMap.*.multiplier,chains.callExpDateMap.*.theoreticalVolatility;chains.putExpDateMap.*.theoreticalVolatility;chains.volatility,V3-B universal catch-all (CSV-derived vocabulary),NOT_MARKET_DATA,,,NOT_MARKET_DATA: scoped mechanical classifier tail; production wire reads tracked in governance/SCHWAB_V4_REVIEW_MEMOS cone walk
eee1e86ef638c2257a6b,py,call_engine.py,1018,0,TEXT_LINE_MARKET_TOKEN,    # Opposing wall too close,close,chains.callExpDateMap.*.closePrice;chains.putExpDateMap.*.closePrice;chains.underlying.close;pricehistory.candles.*.close;quotes.quote.closePrice;streaming.content.*.CLOSE_PRICE,chains.callExpDateMap.*.totalVolume;quotes.quote.totalVolume;pricehistory.candles.*.volume,V3-B universal catch-all (CSV-derived vocabulary),NOT_MARKET_DATA,,,NOT_MARKET_DATA: scoped mechanical classifier tail; production wire reads tracked in governance/SCHWAB_V4_REVIEW_MEMOS cone walk
bf6290e0fdb0af058ffc,py,call_engine.py,1027,0,TEXT_LINE_MARKET_TOKEN,    # Void ahead supports larger size,size,chains.callExpDateMap.*.askSize;chains.callExpDateMap.*.bidAskSize;chains.callExpDateMap.*.bidSize;chains.callExpDateMap.*.lastSize;chains.putExpDateMap.*.askSize;chains.putExpDateMap.*.bidAskSize;chains.putExpDateMap.*.bidSize;chains.putExpDateMap.*.lastSize;chains.underlying.askSize;chains.underlying.bidSize;quotes.extended.askSize;quotes.extended.bidSize;quotes.extended.lastSize;quotes.quote.askSize;quotes.quote.bidSize;quotes.quote.lastSize;quotes.regular.regularMarketLastSize;streaming.content.*.ASK_SIZE;streaming.content.*.BID_SIZE;streaming.content.*.LAST_SIZE;streaming.content.*.REGULAR_MARKET_LAST_SIZE,chains.putExpDateMap.*.askSize;chains.callExpDateMap.*.askSize;quotes.quote.askSize,V3-B universal catch-all (CSV-derived vocabulary),NOT_MARKET_DATA,,,NOT_MARKET_DATA: scoped mechanical classifier tail; production wire reads tracked in governance/SCHWAB_V4_REVIEW_MEMOS cone walk
a377b35e41037ff64af6,py,call_engine.py,1031,0,TEXT_LINE_MARKET_TOKEN,    # == 6. RISK/REWARD FLOOR =================================================,risk,,pricehistory.candles.*.volume;movers.screeners.*.totalVolume;movers.screeners.*.volume,V3-B universal catch-all (CSV-derived vocabulary),NOT_MARKET_DATA,,,NOT_MARKET_DATA: scoped mechanical classifier tail; production wire reads tracked in governance/SCHWAB_V4_REVIEW_MEMOS cone walk
b0cf91e2ad7478892827,py,call_engine.py,1041,0,TEXT_LINE_MARKET_TOKEN,    # == 7. TIME ADJUSTMENT ===================================================,time,chains.callExpDateMap.*.quoteTimeInLong;chains.callExpDateMap.*.timeValue;chains.callExpDateMap.*.tradeTimeInLong;chains.putExpDateMap.*.quoteTimeInLong;chains.putExpDateMap.*.timeValue;chains.putExpDateMap.*.tradeTimeInLong;chains.underlying.quoteTime;chains.underlying.tradeTime;quotes.extended.quoteTime;quotes.extended.tradeTime;quotes.quote.askTime;quotes.quote.bidTime;quotes.quote.quoteTime;quotes.quote.tradeTime;quotes.regular.regularMarketTradeTime;streaming.content.*.ASK_TIME_MILLIS;streaming.content.*.BID_TIME_MILLIS;streaming.content.*.BOOK_TIME;streaming.content.*.CHART_TIME_MILLIS;streaming.content.*.QUOTE_TIME_MILLIS;streaming.content.*.TRADE_TIME_MILLIS,quotes.quote.tradeTime;streaming.timestamp;quotes.extended.tradeTime,V3-B universal catch-all (CSV-derived vocabulary),NOT_MARKET_DATA,,,NOT_MARKET_DATA: scoped mechanical classifier tail; production wire reads tracked in governance/SCHWAB_V4_REVIEW_MEMOS cone walk
f7e963df80e3a212fc63,py,call_engine.py,1045,0,TEXT_LINE_MARKET_TOKEN,"        reasons.append(""market closing"")",market,instruments.*.fundamental.marketCap;instruments.*.fundamental.marketCapFloat;market_hours.bond;market_hours.bond.BON;market_hours.bond.BON.date;market_hours.bond.BON.isOpen;market_hours.bond.BON.marketType;market_hours.bond.BON.product;market_hours.bond.BON.productName;market_hours.bond.BON.sessionHours;market_hours.bond.BON.sessionHours.postMarket;market_hours.bond.BON.sessionHours.postMarket.*;market_hours.bond.BON.sessionHours.postMarket.*.end;market_hours.bond.BON.sessionHours.postMarket.*.start;market_hours.bond.BON.sessionHours.preMarket;market_hours.bond.BON.sessionHours.preMarket.*;market_hours.bond.BON.sessionHours.preMarket.*.end;market_hours.bond.BON.sessionHours.preMarket.*.start;market_hours.bond.BON.sessionHours.regularMarket;market_hours.bond.BON.sessionHours.regularMarket.*;market_hours.bond.BON.sessionHours.regularMarket.*.end;market_hours.bond.BON.sessionHours.regularMarket.*.start;market_hours.equity;market_hours.equity.EQ;market_hours.equity.EQ.date,chains.callExpDateMap.*.rho;chains.putExpDateMap.*.rho;chains.putExpDateMap.*.askSize,V3-B universal catch-all (CSV-derived vocabulary),NOT_MARKET_DATA,,,NOT_MARKET_DATA: scoped mechanical classifier tail; production wire reads tracked in governance/SCHWAB_V4_REVIEW_MEMOS cone walk
408a2f7b71c2686925d9,py,call_engine.py,1048,0,TEXT_LINE_MARKET_TOKEN,"        reasons.append(f""{int(mins_to_close)}min to close"")",int close,instruments.*.fundamental.shortIntDayToCover;instruments.*.fundamental.shortIntToFloat;chains.callExpDateMap.*.closePrice;chains.putExpDateMap.*.closePrice;chains.underlying.close;pricehistory.candles.*.close;quotes.quote.closePrice;streaming.content.*.CLOSE_PRICE,chains.putExpDateMap.*.optionDeliverablesList.*.symbol;chains.callExpDateMap.*.optionDeliverablesList.*.symbol;chains.putExpDateMap.*.optionDeliverablesList,V3-B universal catch-all (CSV-derived vocabulary),NOT_MARKET_DATA,,,NOT_MARKET_DATA: scoped mechanical classifier tail; production wire reads tracked in governance/SCHWAB_V4_REVIEW_MEMOS cone walk
4fe87eeb7e8713ecffc3,py,call_engine.py,1051,0,TEXT_LINE_MARKET_TOKEN,"        reasons.append(f""{int(mins_to_close)}min to close"")",int close,instruments.*.fundamental.shortIntDayToCover;instruments.*.fundamental.shortIntToFloat;chains.callExpDateMap.*.closePrice;chains.putExpDateMap.*.closePrice;chains.underlying.close;pricehistory.candles.*.close;quotes.quote.closePrice;streaming.content.*.CLOSE_PRICE,chains.putExpDateMap.*.optionDeliverablesList.*.symbol;chains.callExpDateMap.*.optionDeliverablesList.*.symbol;chains.putExpDateMap.*.optionDeliverablesList,V3-B universal catch-all (CSV-derived vocabulary),NOT_MARKET_DATA,,,NOT_MARKET_DATA: scoped mechanical classifier tail; production wire reads tracked in governance/SCHWAB_V4_REVIEW_MEMOS cone walk
1cf0968e027932d41f83,py,call_engine.py,1053,0,TEXT_LINE_MARKET_TOKEN,    # == 8. VOLATILITY REGIME RISK MULTIPLIER ==================================,volatility regime risk multiplier,chains.callExpDateMap.*.theoreticalVolatility;chains.callExpDateMap.*.volatility;chains.putExpDateMap.*.theoreticalVolatility;chains.putExpDateMap.*.volatility;chains.volatility;chains.callExpDateMap.*.multiplier;chains.putExpDateMap.*.multiplier,chains.volatility;chains.putExpDateMap.*.theoreticalVolatility;chains.callExpDateMap.*.theoreticalVolatility,V3-B universal catch-all (CSV-derived vocabulary),NOT_MARKET_DATA,,,NOT_MARKET_DATA: scoped mechanical classifier tail; production wire reads tracked in governance/SCHWAB_V4_REVIEW_MEMOS cone walk
2cddd6b4964d464665f1,py,call_engine.py,1054,0,TEXT_LINE_MARKET_TOKEN,"    # When vol regime widens stops (risk_mult > 1), reduce position for same $ risk",regime risk,,quotes.quote.askSize;quotes.quote.bidSize;quotes.extended.askSize,V3-B universal catch-all (CSV-derived vocabulary),NOT_MARKET_DATA,,,NOT_MARKET_DATA: scoped mechanical classifier tail; production wire reads tracked in governance/SCHWAB_V4_REVIEW_MEMOS cone walk
b66599b3c9eb1d7e951e,py,call_engine.py,1058,0,TEXT_LINE_MARKET_TOKEN,"        reasons.append(f""vol regime wider stops ({vol_regime_risk_multiplier:.2f}x)"")",regime,,chains.putExpDateMap.*.bidSize;quotes.quote.bidSize;chains.callExpDateMap.*.bidSize,V3-B universal catch-all (CSV-derived vocabulary),NOT_MARKET_DATA,,,NOT_MARKET_DATA: scoped mechanical classifier tail; production wire reads tracked in governance/SCHWAB_V4_REVIEW_MEMOS cone walk
ba92413dc7adde34ab15,py,call_engine.py,1061,0,TEXT_LINE_MARKET_TOKEN,"    # FINAL SIZE = product of all multipliers, clamped to 0-1.25",size product,chains.callExpDateMap.*.askSize;chains.callExpDateMap.*.bidAskSize;chains.callExpDateMap.*.bidSize;chains.callExpDateMap.*.lastSize;chains.putExpDateMap.*.askSize;chains.putExpDateMap.*.bidAskSize;chains.putExpDateMap.*.bidSize;chains.putExpDateMap.*.lastSize;chains.underlying.askSize;chains.underlying.bidSize;quotes.extended.askSize;quotes.extended.bidSize;quotes.extended.lastSize;quotes.quote.askSize;quotes.quote.bidSize;quotes.quote.lastSize;quotes.regular.regularMarketLastSize;streaming.content.*.ASK_SIZE;streaming.content.*.BID_SIZE;streaming.content.*.LAST_SIZE;streaming.content.*.REGULAR_MARKET_LAST_SIZE;market_hours.bond.BON.product;market_hours.bond.BON.productName;market_hours.equity.EQ.product;market_hours.equity.EQ.productName,chains.callExpDateMap.*.totalVolume;chains.callExpDateMap.*.theoreticalVolatility;chains.putExpDateMap.*.theoreticalVolatility,V3-B universal catch-all (CSV-derived vocabulary),NOT_MARKET_DATA,,,NOT_MARKET_DATA: scoped mechanical classifier tail; production wire reads tracked in governance/SCHWAB_V4_REVIEW_MEMOS cone walk
e6968f4ff959869be723,py,call_engine.py,1068,0,TEXT_LINE_MARKET_TOKEN,    # Map to size cue for backward compatibility,map size,chains.callExpDateMap;chains.callExpDateMap.*;chains.callExpDateMap.*.ask;chains.callExpDateMap.*.askSize;chains.callExpDateMap.*.bid;chains.callExpDateMap.*.bidAskSize;chains.callExpDateMap.*.bidSize;chains.callExpDateMap.*.closePrice;chains.callExpDateMap.*.daysToExpiration;chains.callExpDateMap.*.deliverableNote;chains.callExpDateMap.*.delta;chains.callExpDateMap.*.description;chains.callExpDateMap.*.exchangeName;chains.callExpDateMap.*.exerciseType;chains.callExpDateMap.*.expirationDate;chains.callExpDateMap.*.expirationType;chains.callExpDateMap.*.extrinsicValue;chains.callExpDateMap.*.gamma;chains.callExpDateMap.*.high52Week;chains.callExpDateMap.*.highPrice;chains.callExpDateMap.*.inTheMoney;chains.callExpDateMap.*.intrinsicValue;chains.callExpDateMap.*.last;chains.callExpDateMap.*.lastSize;chains.callExpDateMap.*.lastTradingDay,chains.putExpDateMap.*.theoreticalVolatility;chains.callExpDateMap.*.theoreticalVolatility;chains.callExpDateMap.*.bidSize,V3-B universal catch-all (CSV-derived vocabulary),NOT_MARKET_DATA,,,NOT_MARKET_DATA: scoped mechanical classifier tail; production wire reads tracked in governance/SCHWAB_V4_REVIEW_MEMOS cone walk
12626c0d933459cafc23,py,call_engine.py,1084,0,TEXT_LINE_MARKET_TOKEN,    return {,return,instruments.*.fundamental.returnOnAssets;instruments.*.fundamental.returnOnEquity;instruments.*.fundamental.returnOnInvestment,quotes.regular.regularMarketTradeTime;market_hours.future.RTY.isOpen;market_hours.future.RME.isOpen,V3-B universal catch-all (CSV-derived vocabulary),NOT_MARKET_DATA,,,NOT_MARKET_DATA: scoped mechanical classifier tail; production wire reads tracked in governance/SCHWAB_V4_REVIEW_MEMOS cone walk
307d40e711430b03053b,py,call_engine.py,1090,0,TEXT_LINE_MARKET_TOKEN,"            ""regime"": round(regime_mult, 2),",regime,,quotes.regular.regularMarketLastSize;pricehistory.candles.*.volume;chains.underlying.totalVolume,V3-B universal catch-all (CSV-derived vocabulary),NOT_MARKET_DATA,,,NOT_MARKET_DATA: scoped mechanical classifier tail; production wire reads tracked in governance/SCHWAB_V4_REVIEW_MEMOS cone walk
586f6bfa323d70bf96f7,py,call_engine.py,1091,0,TEXT_LINE_MARKET_TOKEN,"            ""volatility"": round(vol_mult, 2),",volatility,chains.callExpDateMap.*.theoreticalVolatility;chains.callExpDateMap.*.volatility;chains.putExpDateMap.*.theoreticalVolatility;chains.putExpDateMap.*.volatility;chains.volatility,chains.callExpDateMap.*.theoreticalVolatility;chains.putExpDateMap.*.theoreticalVolatility;chains.underlying.totalVolume,V3-B universal catch-all (CSV-derived vocabulary),NOT_MARKET_DATA,,,NOT_MARKET_DATA: scoped mechanical classifier tail; production wire reads tracked in governance/SCHWAB_V4_REVIEW_MEMOS cone walk
eeba0249f8f37a3c7b1e,py,call_engine.py,1096,0,TEXT_LINE_MARKET_TOKEN,"            ""time"": round(time_mult, 2),",time,chains.callExpDateMap.*.quoteTimeInLong;chains.callExpDateMap.*.timeValue;chains.callExpDateMap.*.tradeTimeInLong;chains.putExpDateMap.*.quoteTimeInLong;chains.putExpDateMap.*.timeValue;chains.putExpDateMap.*.tradeTimeInLong;chains.underlying.quoteTime;chains.underlying.tradeTime;quotes.extended.quoteTime;quotes.extended.tradeTime;quotes.quote.askTime;quotes.quote.bidTime;quotes.quote.quoteTime;quotes.quote.tradeTime;quotes.regular.regularMarketTradeTime;streaming.content.*.ASK_TIME_MILLIS;streaming.content.*.BID_TIME_MILLIS;streaming.content.*.BOOK_TIME;streaming.content.*.CHART_TIME_MILLIS;streaming.content.*.QUOTE_TIME_MILLIS;streaming.content.*.TRADE_TIME_MILLIS,chains.putExpDateMap.*.theoreticalVolatility;chains.volatility;chains.callExpDateMap.*.theoreticalVolatility,V3-B universal catch-all (CSV-derived vocabulary),NOT_MARKET_DATA,,,NOT_MARKET_DATA: scoped mechanical classifier tail; production wire reads tracked in governance/SCHWAB_V4_REVIEW_MEMOS cone walk
7b32b4d8b01dcba250e9,py,call_engine.py,1113,0,TEXT_LINE_MARKET_TOKEN,"    regime,",regime,,chains.callExpDateMap.*.high52Week;quotes.quote.52WeekHigh;chains.putExpDateMap.*.high52Week,V3-B universal catch-all (CSV-derived vocabulary),NOT_MARKET_DATA,,,NOT_MARKET_DATA: scoped mechanical classifier tail; production wire reads tracked in governance/SCHWAB_V4_REVIEW_MEMOS cone walk
c7f298aafc6e3336d96c,py,call_engine.py,1116,0,TEXT_LINE_MARKET_TOKEN,"    confluence_count: int = 0,",int,instruments.*.fundamental.shortIntDayToCover;instruments.*.fundamental.shortIntToFloat,quotes.reference.cusip;quotes.quote.closePrice;quotes.reference.description,V3-B universal catch-all (CSV-derived vocabulary),NOT_MARKET_DATA,,,NOT_MARKET_DATA: scoped mechanical classifier tail; production wire reads tracked in governance/SCHWAB_V4_REVIEW_MEMOS cone walk
5982f91e5446bda8ab05,py,call_engine.py,1120,0,TEXT_LINE_MARKET_TOKEN,    Trade Validation Gate — 3-layer pass/fail per Trade Validation Gate Matrix v1.,trade per,chains.callExpDateMap.*.tradeTimeInLong;chains.putExpDateMap.*.tradeTimeInLong;chains.underlying.tradeTime;quotes.extended.tradeTime;quotes.quote.tradeTime;quotes.regular.regularMarketTradeTime;streaming.content.*.REGULAR_MARKET_TRADE;streaming.content.*.REGULAR_MARKET_TRADE_MILLIS;streaming.content.*.TRADE_TIME_MILLIS;instruments.*.fundamental.bookValuePerShare,chains.putExpDateMap.*.theoreticalVolatility;chains.callExpDateMap.*.theoreticalVolatility;chains.callExpDateMap.*.volatility,V3-B universal catch-all (CSV-derived vocabulary),NOT_MARKET_DATA,,,NOT_MARKET_DATA: scoped mechanical classifier tail; production wire reads tracked in governance/SCHWAB_V4_REVIEW_MEMOS cone walk
0ba33825d49d8b32e4a7,py,call_engine.py,1122,0,TEXT_LINE_MARKET_TOKEN,    Layer 1 — Structural Validity: market structure supports the trade,market the trade,instruments.*.fundamental.marketCap;instruments.*.fundamental.marketCapFloat;market_hours.bond;market_hours.bond.BON;market_hours.bond.BON.date;market_hours.bond.BON.isOpen;market_hours.bond.BON.marketType;market_hours.bond.BON.product;market_hours.bond.BON.productName;market_hours.bond.BON.sessionHours;market_hours.bond.BON.sessionHours.postMarket;market_hours.bond.BON.sessionHours.postMarket.*;market_hours.bond.BON.sessionHours.postMarket.*.end;market_hours.bond.BON.sessionHours.postMarket.*.start;market_hours.bond.BON.sessionHours.preMarket;market_hours.bond.BON.sessionHours.preMarket.*;market_hours.bond.BON.sessionHours.preMarket.*.end;market_hours.bond.BON.sessionHours.preMarket.*.start;market_hours.bond.BON.sessionHours.regularMarket;market_hours.bond.BON.sessionHours.regularMarket.*;market_hours.bond.BON.sessionHours.regularMarket.*.end;market_hours.bond.BON.sessionHours.regularMarket.*.start;market_hours.equity;market_hours.equity.EQ;market_hours.equity.EQ.date,chains.putExpDateMap.*.theoreticalVolatility;quotes.regular.regularMarketLastSize;quotes.quote.askSize,V3-B universal catch-all (CSV-derived vocabulary),NOT_MARKET_DATA,,,NOT_MARKET_DATA: scoped mechanical classifier tail; production wire reads tracked in governance/SCHWAB_V4_REVIEW_MEMOS cone walk
cf8addcff29f156411d6,py,call_engine.py,1124,0,TEXT_LINE_MARKET_TOKEN,    Layer 3 — Risk Validity: risk environment acceptable,risk,,chains.putExpDateMap.*.theoreticalVolatility;chains.callExpDateMap.*.theoreticalVolatility;chains.volatility,V3-B universal catch-all (CSV-derived vocabulary),NOT_MARKET_DATA,,,NOT_MARKET_DATA: scoped mechanical classifier tail; production wire reads tracked in governance/SCHWAB_V4_REVIEW_MEMOS cone walk
ecc7c4be159532a8df4f,py,call_engine.py,1146,0,TEXT_LINE_MARKET_TOKEN,        return result  # nothing to validate,return,instruments.*.fundamental.returnOnAssets;instruments.*.fundamental.returnOnEquity;instruments.*.fundamental.returnOnInvestment,chains.volatility;chains.putExpDateMap.*.theoreticalVolatility;chains.putExpDateMap.*.volatility,V3-B universal catch-all (CSV-derived vocabulary),NOT_MARKET_DATA,,,NOT_MARKET_DATA: scoped mechanical classifier tail; production wire reads tracked in governance/SCHWAB_V4_REVIEW_MEMOS cone walk
65300b35ce8827ac2ce1,py,call_engine.py,1153,0,TEXT_LINE_MARKET_TOKEN,        return result,return,instruments.*.fundamental.returnOnAssets;instruments.*.fundamental.returnOnEquity;instruments.*.fundamental.returnOnInvestment,quotes.regular.regularMarketLastSize;quotes.regular.regularMarketTradeTime;market_hours.future.RTY.isOpen,V3-B universal catch-all (CSV-derived vocabulary),NOT_MARKET_DATA,,,NOT_MARKET_DATA: scoped mechanical classifier tail; production wire reads tracked in governance/SCHWAB_V4_REVIEW_MEMOS cone walk
f95d16ba08d7f6a0d941,py,call_engine.py,1161,0,TEXT_LINE_MARKET_TOKEN,"    # 1a. Trading directly into a strong wall (long toward call wall, short toward put wall)",trading long call short put,chains.callExpDateMap.*.lastTradingDay;chains.putExpDateMap.*.lastTradingDay;market_hours.future.ADA.sessionHours.noTrading;market_hours.future.ADA.sessionHours.noTrading.*;market_hours.future.ADA.sessionHours.noTrading.*.end;market_hours.future.ADA.sessionHours.noTrading.*.start;market_hours.future.AW.sessionHours.noTrading;market_hours.future.AW.sessionHours.noTrading.*;market_hours.future.AW.sessionHours.noTrading.*.end;market_hours.future.AW.sessionHours.noTrading.*.start;market_hours.future.BFF.sessionHours.noTrading;market_hours.future.BFF.sessionHours.noTrading.*;market_hours.future.BFF.sessionHours.noTrading.*.end;market_hours.future.BFF.sessionHours.noTrading.*.start;market_hours.future.BTC.sessionHours.noTrading;market_hours.future.BTC.sessionHours.noTrading.*;market_hours.future.BTC.sessionHours.noTrading.*.end;market_hours.future.BTC.sessionHours.noTrading.*.start;market_hours.future.BZ.sessionHours.noTrading;market_hours.future.BZ.sessionHours.noTrading.*;market_hours.future.BZ.sessionHours.noTrading.*.end;market_hours.future.BZ.sessionHours.noTrading.*.start;market_hours.future.CB.sessionHours.noTrading;market_hours.future.CB.sessionHours.noTrading.*;market_hours.future.CB.sessionHours.noTrading.*.end,chains.callExpDateMap.*.theoreticalVolatility;chains.putExpDateMap.*.theoreticalVolatility;chains.callExpDateMap.*.totalVolume,V3-B universal catch-all (CSV-derived vocabulary),NOT_MARKET_DATA,,,NOT_MARKET_DATA: scoped mechanical classifier tail; production wire reads tracked in governance/SCHWAB_V4_REVIEW_MEMOS cone walk
80898cd0ed172248b57f,py,call_engine.py,1162,0,TEXT_LINE_MARKET_TOKEN,"    if final_signal == ""long"" and inp.call_gamma_wall:",long,chains.callExpDateMap.*.quoteTimeInLong;chains.callExpDateMap.*.tradeTimeInLong;chains.putExpDateMap.*.quoteTimeInLong;chains.putExpDateMap.*.tradeTimeInLong,chains.callExpDateMap.*.lowPrice;chains.callExpDateMap.*.bid;chains.callExpDateMap.*.gamma,V3-B universal catch-all (CSV-derived vocabulary),NOT_MARKET_DATA,,,NOT_MARKET_DATA: scoped mechanical classifier tail; production wire reads tracked in governance/SCHWAB_V4_REVIEW_MEMOS cone walk
84069b96c05516c82486,py,call_engine.py,1165,0,TEXT_LINE_MARKET_TOKEN,"            structure_fails.append(f""long into call wall ({inp.call_gamma_wall:.0f}) only {dist_to_wall:.1f}pts away"")",long call only,chains.callExpDateMap.*.quoteTimeInLong;chains.callExpDateMap.*.tradeTimeInLong;chains.putExpDateMap.*.quoteTimeInLong;chains.putExpDateMap.*.tradeTimeInLong;chains.callExpDateMap;chains.callExpDateMap.*;chains.callExpDateMap.*.ask;chains.callExpDateMap.*.askSize;chains.callExpDateMap.*.bid;chains.callExpDateMap.*.bidAskSize;chains.callExpDateMap.*.bidSize;chains.callExpDateMap.*.closePrice;chains.callExpDateMap.*.daysToExpiration;chains.callExpDateMap.*.deliverableNote;chains.callExpDateMap.*.delta;chains.callExpDateMap.*.description;chains.callExpDateMap.*.exchangeName;chains.callExpDateMap.*.exerciseType;chains.callExpDateMap.*.expirationDate;chains.callExpDateMap.*.expirationType;chains.callExpDateMap.*.extrinsicValue;chains.callExpDateMap.*.gamma;chains.callExpDateMap.*.high52Week;chains.callExpDateMap.*.highPrice;chains.callExpDateMap.*.inTheMoney,chains.callExpDateMap.*.theoreticalVolatility;chains.putExpDateMap.*.theoreticalVolatility;chains.callExpDateMap.*.totalVolume,V3-B universal catch-all (CSV-derived vocabulary),NOT_MARKET_DATA,,,NOT_MARKET_DATA: scoped mechanical classifier tail; production wire reads tracked in governance/SCHWAB_V4_REVIEW_MEMOS cone walk
ea7518366518d7a83e26,py,call_engine.py,1167,0,TEXT_LINE_MARKET_TOKEN,"    if final_signal == ""short"" and inp.put_gamma_wall:",short,instruments.*.fundamental.shortIntDayToCover;instruments.*.fundamental.shortIntToFloat,chains.callExpDateMap.*.lastTradingDay;chains.callExpDateMap.*.askSize;chains.callExpDateMap.*.bidSize,V3-B universal catch-all (CSV-derived vocabulary),NOT_MARKET_DATA,,,NOT_MARKET_DATA: scoped mechanical classifier tail; production wire reads tracked in governance/SCHWAB_V4_REVIEW_MEMOS cone walk
64ce3c4e6bd868df093f,py,call_engine.py,1170,0,TEXT_LINE_MARKET_TOKEN,"            structure_fails.append(f""short into put wall ({inp.put_gamma_wall:.0f}) only {dist_to_wall:.1f}pts away"")",short put only,instruments.*.fundamental.shortIntDayToCover;instruments.*.fundamental.shortIntToFloat;chains.callExpDateMap.*.putCall;chains.putExpDateMap;chains.putExpDateMap.*;chains.putExpDateMap.*.ask;chains.putExpDateMap.*.askSize;chains.putExpDateMap.*.bid;chains.putExpDateMap.*.bidAskSize;chains.putExpDateMap.*.bidSize;chains.putExpDateMap.*.closePrice;chains.putExpDateMap.*.daysToExpiration;chains.putExpDateMap.*.deliverableNote;chains.putExpDateMap.*.delta;chains.putExpDateMap.*.description;chains.putExpDateMap.*.exchangeName;chains.putExpDateMap.*.exerciseType;chains.putExpDateMap.*.expirationDate;chains.putExpDateMap.*.expirationType;chains.putExpDateMap.*.extrinsicValue;chains.putExpDateMap.*.gamma;chains.putExpDateMap.*.high52Week;chains.putExpDateMap.*.highPrice;chains.putExpDateMap.*.inTheMoney;chains.putExpDateMap.*.intrinsicValue,chains.putExpDateMap.*.theoreticalVolatility;chains.callExpDateMap.*.theoreticalVolatility;chains.putExpDateMap.*.volatility,V3-B universal catch-all (CSV-derived vocabulary),NOT_MARKET_DATA,,,NOT_MARKET_DATA: scoped mechanical classifier tail; production wire reads tracked in governance/SCHWAB_V4_REVIEW_MEMOS cone walk
09781f510961359b6d9f,py,call_engine.py,1172,0,TEXT_LINE_MARKET_TOKEN,    # 1b. Pinning regime conflicting with breakout trade type,regime trade type,chains.callExpDateMap.*.tradeTimeInLong;chains.putExpDateMap.*.tradeTimeInLong;chains.underlying.tradeTime;quotes.extended.tradeTime;quotes.quote.tradeTime;quotes.regular.regularMarketTradeTime;streaming.content.*.REGULAR_MARKET_TRADE;streaming.content.*.REGULAR_MARKET_TRADE_MILLIS;streaming.content.*.TRADE_TIME_MILLIS;chains.assetMainType;chains.assetSubType;chains.callExpDateMap.*.exerciseType;chains.callExpDateMap.*.expirationType;chains.callExpDateMap.*.optionDeliverablesList.*.assetType;chains.callExpDateMap.*.optionDeliverablesList.*.currencyType;chains.callExpDateMap.*.settlementType;chains.putExpDateMap.*.exerciseType;chains.putExpDateMap.*.expirationType;chains.putExpDateMap.*.optionDeliverablesList.*.assetType;chains.putExpDateMap.*.optionDeliverablesList.*.currencyType;chains.putExpDateMap.*.settlementType;instruments.*.assetType;market_hours.bond.BON.marketType;market_hours.equity.EQ.marketType;market_hours.forex.forex.marketType,chains.volatility;chains.putExpDateMap.*.volatility;pricehistory.candles.*.datetime,V3-B universal catch-all (CSV-derived vocabulary),NOT_MARKET_DATA,,,NOT_MARKET_DATA: scoped mechanical classifier tail; production wire reads tracked in governance/SCHWAB_V4_REVIEW_MEMOS cone walk
0846563647144d1cfc72,py,call_engine.py,1174,0,TEXT_LINE_MARKET_TOKEN,"        structure_fails.append(""breakout structure in pinning regime — likely false breakout"")",regime,,quotes.regular.regularMarketLastSize;chains.putExpDateMap.*.theta;quotes.quote.askSize,V3-B universal catch-all (CSV-derived vocabulary),NOT_MARKET_DATA,,,NOT_MARKET_DATA: scoped mechanical classifier tail; production wire reads tracked in governance/SCHWAB_V4_REVIEW_MEMOS cone walk
649f7b401b524142e93c,py,call_engine.py,1176,0,TEXT_LINE_MARKET_TOKEN,    # 1c. Chop regime — low structure quality; allow strong stack to proceed,regime low,chains.callExpDateMap.*.lowPrice;chains.putExpDateMap.*.lowPrice;chains.underlying.fiftyTwoWeekLow;chains.underlying.lowPrice;pricehistory.candles.*.low;quotes.quote.52WeekLow;quotes.quote.lowPrice;streaming.content.*.LOW_PRICE;streaming.content.*.LOW_PRICE_52_WEEK,quotes.quote.totalVolume;quotes.quote.askSize;chains.putExpDateMap.*.totalVolume,V3-B universal catch-all (CSV-derived vocabulary),NOT_MARKET_DATA,,,NOT_MARKET_DATA: scoped mechanical classifier tail; production wire reads tracked in governance/SCHWAB_V4_REVIEW_MEMOS cone walk
34ab604af6fb2bf4afe3,py,call_engine.py,1177,0,TEXT_LINE_MARKET_TOKEN,"    if micro_regime == R_CHOP and final_signal in (""long"", ""short""):",long short,chains.callExpDateMap.*.quoteTimeInLong;chains.callExpDateMap.*.tradeTimeInLong;chains.putExpDateMap.*.quoteTimeInLong;chains.putExpDateMap.*.tradeTimeInLong;instruments.*.fundamental.shortIntDayToCover;instruments.*.fundamental.shortIntToFloat,chains.underlying.bidSize;chains.callExpDateMap.*.bidSize;chains.underlying.askSize,V3-B universal catch-all (CSV-derived vocabulary),NOT_MARKET_DATA,,,NOT_MARKET_DATA: scoped mechanical classifier tail; production wire reads tracked in governance/SCHWAB_V4_REVIEW_MEMOS cone walk
aa0bec5dc73a4bba7006,py,call_engine.py,1183,0,TEXT_LINE_MARKET_TOKEN,"                ""chop regime — need 4+ stack sources or 3+ with prediction agreement for a directional call""",regime prediction call,chains.callExpDateMap;chains.callExpDateMap.*;chains.callExpDateMap.*.ask;chains.callExpDateMap.*.askSize;chains.callExpDateMap.*.bid;chains.callExpDateMap.*.bidAskSize;chains.callExpDateMap.*.bidSize;chains.callExpDateMap.*.closePrice;chains.callExpDateMap.*.daysToExpiration;chains.callExpDateMap.*.deliverableNote;chains.callExpDateMap.*.delta;chains.callExpDateMap.*.description;chains.callExpDateMap.*.exchangeName;chains.callExpDateMap.*.exerciseType;chains.callExpDateMap.*.expirationDate;chains.callExpDateMap.*.expirationType;chains.callExpDateMap.*.extrinsicValue;chains.callExpDateMap.*.gamma;chains.callExpDateMap.*.high52Week;chains.callExpDateMap.*.highPrice;chains.callExpDateMap.*.inTheMoney;chains.callExpDateMap.*.intrinsicValue;chains.callExpDateMap.*.last;chains.callExpDateMap.*.lastSize;chains.callExpDateMap.*.lastTradingDay,quotes.quote.askSize;chains.callExpDateMap.*.theta;quotes.quote.bidSize,V3-B universal catch-all (CSV-derived vocabulary),NOT_MARKET_DATA,,,NOT_MARKET_DATA: scoped mechanical classifier tail; production wire reads tracked in governance/SCHWAB_V4_REVIEW_MEMOS cone walk
f7169800c702e7a0cef9,py,call_engine.py,1197,0,TEXT_LINE_MARKET_TOKEN,    # Slightly lenient in normal vol: 0.25 veto'd almost all multi-model splits; stack still needs 2+ votes.,model,,chains.callExpDateMap.*.theoreticalVolatility;chains.putExpDateMap.*.theoreticalVolatility;chains.volatility,V3-B universal catch-all (CSV-derived vocabulary),NOT_MARKET_DATA,,,NOT_MARKET_DATA: scoped mechanical classifier tail; production wire reads tracked in governance/SCHWAB_V4_REVIEW_MEMOS cone walk
61c893e9fbf84ed69e1f,py,call_engine.py,1200,0,TEXT_LINE_MARKET_TOKEN,    # 2a. Model agreement strongly disagrees (threshold raised in unstable vol regime),model regime,,chains.callExpDateMap.*.rho;chains.callExpDateMap.*.theta;chains.callExpDateMap.*.delta,V3-B universal catch-all (CSV-derived vocabulary),NOT_MARKET_DATA,,,NOT_MARKET_DATA: scoped mechanical classifier tail; production wire reads tracked in governance/SCHWAB_V4_REVIEW_MEMOS cone walk
89b89e0060542beaf8e1,py,call_engine.py,1210,0,TEXT_LINE_MARKET_TOKEN,"            prob_fails.append(f""model agreement below threshold ({agree:.0%} < {_agree_threshold:.0%}) with {n_active} models active"")",model,,chains.callExpDateMap.*.theta;chains.putExpDateMap.*.high52Week;chains.putExpDateMap.*.theta,V3-B universal catch-all (CSV-derived vocabulary),NOT_MARKET_DATA,,,NOT_MARKET_DATA: scoped mechanical classifier tail; production wire reads tracked in governance/SCHWAB_V4_REVIEW_MEMOS cone walk
a324e8311e6ae214a466,py,call_engine.py,1212,0,TEXT_LINE_MARKET_TOKEN,    # 2b. Canonical forward forecast opposes the call with sufficient marginal probability,the call,chains.callExpDateMap.*.inTheMoney;chains.putExpDateMap.*.inTheMoney;chains.callExpDateMap;chains.callExpDateMap.*;chains.callExpDateMap.*.ask;chains.callExpDateMap.*.askSize;chains.callExpDateMap.*.bid;chains.callExpDateMap.*.bidAskSize;chains.callExpDateMap.*.bidSize;chains.callExpDateMap.*.closePrice;chains.callExpDateMap.*.daysToExpiration;chains.callExpDateMap.*.deliverableNote;chains.callExpDateMap.*.delta;chains.callExpDateMap.*.description;chains.callExpDateMap.*.exchangeName;chains.callExpDateMap.*.exerciseType;chains.callExpDateMap.*.expirationDate;chains.callExpDateMap.*.expirationType;chains.callExpDateMap.*.extrinsicValue;chains.callExpDateMap.*.gamma;chains.callExpDateMap.*.high52Week;chains.callExpDateMap.*.highPrice;chains.callExpDateMap.*.intrinsicValue;chains.callExpDateMap.*.last;chains.callExpDateMap.*.lastSize,chains.callExpDateMap.*.theoreticalVolatility;chains.callExpDateMap.*.askSize;chains.putExpDateMap.*.theoreticalVolatility,V3-B universal catch-all (CSV-derived vocabulary),NOT_MARKET_DATA,,,NOT_MARKET_DATA: scoped mechanical classifier tail; production wire reads tracked in governance/SCHWAB_V4_REVIEW_MEMOS cone walk
05e53df532c38e7a7736,py,call_engine.py,1213,0,TEXT_LINE_MARKET_TOKEN,"    if canonical and str(canonical.confidence or """").lower() not in (""low"", """"):",low,chains.callExpDateMap.*.lowPrice;chains.putExpDateMap.*.lowPrice;chains.underlying.fiftyTwoWeekLow;chains.underlying.lowPrice;pricehistory.candles.*.low;quotes.quote.52WeekLow;quotes.quote.lowPrice;streaming.content.*.LOW_PRICE;streaming.content.*.LOW_PRICE_52_WEEK,pricehistory.candles.*.low;pricehistory.candles;chains.callExpDateMap.*.optionDeliverablesList,V3-B universal catch-all (CSV-derived vocabulary),NOT_MARKET_DATA,,,NOT_MARKET_DATA: scoped mechanical classifier tail; production wire reads tracked in governance/SCHWAB_V4_REVIEW_MEMOS cone walk
e6e7e9cc846cc398ac00,py,call_engine.py,1214,0,TEXT_LINE_MARKET_TOKEN,        pdn = float(canonical.probability_down),float,instruments.*.fundamental.marketCapFloat;instruments.*.fundamental.shortIntToFloat,chains.callExpDateMap.*.description;chains.callExpDateMap.*.optionDeliverablesList;chains.callExpDateMap.*.daysToExpiration,V3-B universal catch-all (CSV-derived vocabulary),NOT_MARKET_DATA,,,NOT_MARKET_DATA: scoped mechanical classifier tail; production wire reads tracked in governance/SCHWAB_V4_REVIEW_MEMOS cone walk
899af58f05c0db9429ca,py,call_engine.py,1215,0,TEXT_LINE_MARKET_TOKEN,        pup = float(canonical.probability_up),float,instruments.*.fundamental.marketCapFloat;instruments.*.fundamental.shortIntToFloat,chains.callExpDateMap.*.description;chains.putExpDateMap.*.theoreticalVolatility;chains.callExpDateMap.*.theoreticalOptionValue,V3-B universal catch-all (CSV-derived vocabulary),NOT_MARKET_DATA,,,NOT_MARKET_DATA: scoped mechanical classifier tail; production wire reads tracked in governance/SCHWAB_V4_REVIEW_MEMOS cone walk
49b0f594e77a9c53ca3b,py,call_engine.py,1217,0,TEXT_LINE_MARKET_TOKEN,"        if final_signal == ""long"" and cdir == ""down"" and pdn >= CANONICAL_OPPOSE_THRESHOLD:",long,chains.callExpDateMap.*.quoteTimeInLong;chains.callExpDateMap.*.tradeTimeInLong;chains.putExpDateMap.*.quoteTimeInLong;chains.putExpDateMap.*.tradeTimeInLong,chains.callExpDateMap.*.bidSize;chains.callExpDateMap.*.askSize;chains.putExpDateMap.*.bidSize,V3-B universal catch-all (CSV-derived vocabulary),NOT_MARKET_DATA,,,NOT_MARKET_DATA: scoped mechanical classifier tail; production wire reads tracked in governance/SCHWAB_V4_REVIEW_MEMOS cone walk
a4671ce4b205221bf31d,py,call_engine.py,1218,0,TEXT_LINE_MARKET_TOKEN,"            prob_fails.append(f""canonical forward DOWN {pdn:.0%} vs long call"")",long call,chains.callExpDateMap.*.quoteTimeInLong;chains.callExpDateMap.*.tradeTimeInLong;chains.putExpDateMap.*.quoteTimeInLong;chains.putExpDateMap.*.tradeTimeInLong;chains.callExpDateMap;chains.callExpDateMap.*;chains.callExpDateMap.*.ask;chains.callExpDateMap.*.askSize;chains.callExpDateMap.*.bid;chains.callExpDateMap.*.bidAskSize;chains.callExpDateMap.*.bidSize;chains.callExpDateMap.*.closePrice;chains.callExpDateMap.*.daysToExpiration;chains.callExpDateMap.*.deliverableNote;chains.callExpDateMap.*.delta;chains.callExpDateMap.*.description;chains.callExpDateMap.*.exchangeName;chains.callExpDateMap.*.exerciseType;chains.callExpDateMap.*.expirationDate;chains.callExpDateMap.*.expirationType;chains.callExpDateMap.*.extrinsicValue;chains.callExpDateMap.*.gamma;chains.callExpDateMap.*.high52Week;chains.callExpDateMap.*.highPrice;chains.callExpDateMap.*.inTheMoney,chains.callExpDateMap.*.lowPrice;chains.callExpDateMap.*.bidSize;chains.callExpDateMap.*.closePrice,V3-B universal catch-all (CSV-derived vocabulary),NOT_MARKET_DATA,,,NOT_MARKET_DATA: scoped mechanical classifier tail; production wire reads tracked in governance/SCHWAB_V4_REVIEW_MEMOS cone walk
42d28b8ed69358b035de,py,call_engine.py,1219,0,TEXT_LINE_MARKET_TOKEN,"        elif final_signal == ""short"" and cdir == ""up"" and pup >= CANONICAL_OPPOSE_THRESHOLD:",short,instruments.*.fundamental.shortIntDayToCover;instruments.*.fundamental.shortIntToFloat,chains.callExpDateMap.*.bidSize;chains.callExpDateMap.*.askSize;chains.putExpDateMap.*.bidSize,V3-B universal catch-all (CSV-derived vocabulary),NOT_MARKET_DATA,,,NOT_MARKET_DATA: scoped mechanical classifier tail; production wire reads tracked in governance/SCHWAB_V4_REVIEW_MEMOS cone walk
45dcaf4309cf8680f33c,py,call_engine.py,1220,0,TEXT_LINE_MARKET_TOKEN,"            prob_fails.append(f""canonical forward UP {pup:.0%} vs short call"")",short call,instruments.*.fundamental.shortIntDayToCover;instruments.*.fundamental.shortIntToFloat;chains.callExpDateMap;chains.callExpDateMap.*;chains.callExpDateMap.*.ask;chains.callExpDateMap.*.askSize;chains.callExpDateMap.*.bid;chains.callExpDateMap.*.bidAskSize;chains.callExpDateMap.*.bidSize;chains.callExpDateMap.*.closePrice;chains.callExpDateMap.*.daysToExpiration;chains.callExpDateMap.*.deliverableNote;chains.callExpDateMap.*.delta;chains.callExpDateMap.*.description;chains.callExpDateMap.*.exchangeName;chains.callExpDateMap.*.exerciseType;chains.callExpDateMap.*.expirationDate;chains.callExpDateMap.*.expirationType;chains.callExpDateMap.*.extrinsicValue;chains.callExpDateMap.*.gamma;chains.callExpDateMap.*.high52Week;chains.callExpDateMap.*.highPrice;chains.callExpDateMap.*.inTheMoney;chains.callExpDateMap.*.intrinsicValue;chains.callExpDateMap.*.last,chains.callExpDateMap.*.openInterest;chains.callExpDateMap.*.askSize;chains.callExpDateMap.*.bidSize,V3-B universal catch-all (CSV-derived vocabulary),NOT_MARKET_DATA,,,NOT_MARKET_DATA: scoped mechanical classifier tail; production wire reads tracked in governance/SCHWAB_V4_REVIEW_MEMOS cone walk
9cc8522c12232a164a15,py,call_engine.py,1223,0,TEXT_LINE_MARKET_TOKEN,"    symbol = getattr(inp, 'ticker', '?') or '?'",symbol,chains.callExpDateMap.*.optionDeliverablesList.*.symbol;chains.callExpDateMap.*.symbol;chains.putExpDateMap.*.optionDeliverablesList.*.symbol;chains.putExpDateMap.*.symbol;chains.symbol;chains.underlying.symbol;instruments.*.fundamental.symbol;instruments.*.symbol;movers.screeners.*.symbol;quotes.symbol,chains.volatility;chains.putExpDateMap.*.theoreticalVolatility;streaming.content.*.BIDS,V3-B universal catch-all (CSV-derived vocabulary),NOT_MARKET_DATA,,,NOT_MARKET_DATA: scoped mechanical classifier tail; production wire reads tracked in governance/SCHWAB_V4_REVIEW_MEMOS cone walk
4e4d8d52433d42747b3d,py,call_engine.py,1226,0,TEXT_LINE_MARKET_TOKEN,"            if final_signal == ""long"":",long,chains.callExpDateMap.*.quoteTimeInLong;chains.callExpDateMap.*.tradeTimeInLong;chains.putExpDateMap.*.quoteTimeInLong;chains.putExpDateMap.*.tradeTimeInLong,chains.underlying.bidSize;chains.underlying.askSize;chains.callExpDateMap.*.optionDeliverablesList.*.symbol,V3-B universal catch-all (CSV-derived vocabulary),NOT_MARKET_DATA,,,NOT_MARKET_DATA: scoped mechanical classifier tail; production wire reads tracked in governance/SCHWAB_V4_REVIEW_MEMOS cone walk
0cf2b0acf248b3076164,py,call_engine.py,1230,0,TEXT_LINE_MARKET_TOKEN,"                        ""fusion reversal posterior unavailable — cannot validate long safety""",long,chains.callExpDateMap.*.quoteTimeInLong;chains.callExpDateMap.*.tradeTimeInLong;chains.putExpDateMap.*.quoteTimeInLong;chains.putExpDateMap.*.tradeTimeInLong,chains.callExpDateMap.*.theoreticalVolatility;chains.putExpDateMap.*.theoreticalVolatility;chains.callExpDateMap.*.volatility,V3-B universal catch-all (CSV-derived vocabulary),NOT_MARKET_DATA,,,NOT_MARKET_DATA: scoped mechanical classifier tail; production wire reads tracked in governance/SCHWAB_V4_REVIEW_MEMOS cone walk
a056f6c22b498a983114,py,call_engine.py,1233,0,TEXT_LINE_MARKET_TOKEN,"                    prob_fails.append(f""fusion reversal posterior {reversal_p:.0%} — high reversal risk for longs"")",high risk,chains.callExpDateMap.*.highPrice;chains.putExpDateMap.*.highPrice;chains.underlying.fiftyTwoWeekHigh;chains.underlying.highPrice;pricehistory.candles.*.high;quotes.quote.52WeekHigh;quotes.quote.highPrice;streaming.content.*.HIGH_PRICE;streaming.content.*.HIGH_PRICE_52_WEEK,pricehistory.candles.*.volume;chains.putExpDateMap.*.rho;chains.callExpDateMap.*.rho,V3-B universal catch-all (CSV-derived vocabulary),NOT_MARKET_DATA,,,NOT_MARKET_DATA: scoped mechanical classifier tail; production wire reads tracked in governance/SCHWAB_V4_REVIEW_MEMOS cone walk
8a08ccce664e74116a88,py,call_engine.py,1237,0,TEXT_LINE_MARKET_TOKEN,"                        symbol, reversal_p, final_signal",symbol,chains.callExpDateMap.*.optionDeliverablesList.*.symbol;chains.callExpDateMap.*.symbol;chains.putExpDateMap.*.optionDeliverablesList.*.symbol;chains.putExpDateMap.*.symbol;chains.symbol;chains.underlying.symbol;instruments.*.fundamental.symbol;instruments.*.symbol;movers.screeners.*.symbol;quotes.symbol,chains.callExpDateMap.*.theoreticalVolatility;chains.callExpDateMap.*.low52Week;chains.callExpDateMap.*.totalVolume,V3-B universal catch-all (CSV-derived vocabulary),NOT_MARKET_DATA,,,NOT_MARKET_DATA: scoped mechanical classifier tail; production wire reads tracked in governance/SCHWAB_V4_REVIEW_MEMOS cone walk
210aa026e02a1de73ce6,py,call_engine.py,1239,0,TEXT_LINE_MARKET_TOKEN,"            elif final_signal == ""short"":",short,instruments.*.fundamental.shortIntDayToCover;instruments.*.fundamental.shortIntToFloat,chains.callExpDateMap.*.bidSize;chains.callExpDateMap.*.theoreticalVolatility;chains.underlying.askSize,V3-B universal catch-all (CSV-derived vocabulary),NOT_MARKET_DATA,,,NOT_MARKET_DATA: scoped mechanical classifier tail; production wire reads tracked in governance/SCHWAB_V4_REVIEW_MEMOS cone walk
c73fafd59e4a6b44bdf1,py,call_engine.py,1244,0,TEXT_LINE_MARKET_TOKEN,"                        ""fusion continuation/breakout posteriors unavailable — cannot validate short safety""",short,instruments.*.fundamental.shortIntDayToCover;instruments.*.fundamental.shortIntToFloat,chains.putExpDateMap.*.theoreticalVolatility;chains.callExpDateMap.*.theoreticalVolatility;chains.putExpDateMap.*.volatility,V3-B universal catch-all (CSV-derived vocabulary),NOT_MARKET_DATA,,,NOT_MARKET_DATA: scoped mechanical classifier tail; production wire reads tracked in governance/SCHWAB_V4_REVIEW_MEMOS cone walk
e838804aa7850bed8917,py,call_engine.py,1254,0,TEXT_LINE_MARKET_TOKEN,"                        ""continuation=%.2f breakout=%.2f blocking short"",",short,instruments.*.fundamental.shortIntDayToCover;instruments.*.fundamental.shortIntToFloat,streaming.content.*.BIDS;streaming.content.*.BIDS.*;streaming.content.*.ASKS,V3-B universal catch-all (CSV-derived vocabulary),NOT_MARKET_DATA,,,NOT_MARKET_DATA: scoped mechanical classifier tail; production wire reads tracked in governance/SCHWAB_V4_REVIEW_MEMOS cone walk
e6bedae0268bf611c230,py,call_engine.py,1255,0,TEXT_LINE_MARKET_TOKEN,"                        symbol, continuation_p, breakout_p",symbol,chains.callExpDateMap.*.optionDeliverablesList.*.symbol;chains.callExpDateMap.*.symbol;chains.putExpDateMap.*.optionDeliverablesList.*.symbol;chains.putExpDateMap.*.symbol;chains.symbol;chains.underlying.symbol;instruments.*.fundamental.symbol;instruments.*.symbol;movers.screeners.*.symbol;quotes.symbol,chains.putExpDateMap.*.totalVolume;chains.callExpDateMap.*.totalVolume;chains.putExpDateMap.*.theoreticalVolatility,V3-B universal catch-all (CSV-derived vocabulary),NOT_MARKET_DATA,,,NOT_MARKET_DATA: scoped mechanical classifier tail; production wire reads tracked in governance/SCHWAB_V4_REVIEW_MEMOS cone walk
c914e427801380101f75,py,call_engine.py,1266,0,TEXT_LINE_MARKET_TOKEN,    # LAYER 3 — RISK VALIDITY,risk,,chains.volatility;chains.callExpDateMap.*.theoreticalVolatility;chains.putExpDateMap.*.theoreticalVolatility,V3-B universal catch-all (CSV-derived vocabulary),NOT_MARKET_DATA,,,NOT_MARKET_DATA: scoped mechanical classifier tail; production wire reads tracked in governance/SCHWAB_V4_REVIEW_MEMOS cone walk
7f716bee93fc0461fce7,py,call_engine.py,1270,0,TEXT_LINE_MARKET_TOKEN,    # 3a. MC adverse excursion exceeds stop distance — regime-aware threshold,regime,,chains.callExpDateMap.*.theta;quotes.extended.askSize;chains.putExpDateMap.*.delta,V3-B universal catch-all (CSV-derived vocabulary),NOT_MARKET_DATA,,,NOT_MARKET_DATA: scoped mechanical classifier tail; production wire reads tracked in governance/SCHWAB_V4_REVIEW_MEMOS cone walk
52cc5aceb1d23fb7526f,py,call_engine.py,1278,0,TEXT_LINE_MARKET_TOKEN,            # Regime-aware EAE threshold: breakout/expansion tolerate larger EAE,regime,,chains.callExpDateMap.*.theta;chains.callExpDateMap.*.vega;chains.callExpDateMap.*.delta,V3-B universal catch-all (CSV-derived vocabulary),NOT_MARKET_DATA,,,NOT_MARKET_DATA: scoped mechanical classifier tail; production wire reads tracked in governance/SCHWAB_V4_REVIEW_MEMOS cone walk
0c43d452013ba2d8e0f1,py,call_engine.py,1287,0,TEXT_LINE_MARKET_TOKEN,"                risk_fails.append(f""MC EAE ({mc_eae:.1f}pts) exceeds {eae_gate_mult:.1f}x stop ({stop_dist:.1f}pts) for {regime_label} regime"")",regime,,chains.putExpDateMap.*.askSize;chains.putExpDateMap.*.theta;chains.putExpDateMap.*.bidSize,V3-B universal catch-all (CSV-derived vocabulary),NOT_MARKET_DATA,,,NOT_MARKET_DATA: scoped mechanical classifier tail; production wire reads tracked in governance/SCHWAB_V4_REVIEW_MEMOS cone walk
46ef7604fd3e949aac69,py,call_engine.py,1289,0,TEXT_LINE_MARKET_TOKEN,    # 3b. VIX extreme — risk environment hostile,risk,,streaming.service;streaming.content.*.BID_SIZE;streaming.content.*.ASK_SIZE,V3-B universal catch-all (CSV-derived vocabulary),NOT_MARKET_DATA,,,NOT_MARKET_DATA: scoped mechanical classifier tail; production wire reads tracked in governance/SCHWAB_V4_REVIEW_MEMOS cone walk
c6428faefb4cd95eb1d4,py,call_engine.py,1292,0,TEXT_LINE_MARKET_TOKEN,"        risk_fails.append(f""VIX at {vix:.1f} — extreme volatility, reduced reliability"")",volatility,chains.callExpDateMap.*.theoreticalVolatility;chains.callExpDateMap.*.volatility;chains.putExpDateMap.*.theoreticalVolatility;chains.putExpDateMap.*.volatility;chains.volatility,chains.putExpDateMap.*.theoreticalVolatility;chains.callExpDateMap.*.theoreticalVolatility;chains.volatility,V3-B universal catch-all (CSV-derived vocabulary),NOT_MARKET_DATA,,,NOT_MARKET_DATA: scoped mechanical classifier tail; production wire reads tracked in governance/SCHWAB_V4_REVIEW_MEMOS cone walk
dddf54cb25686a4533fc,py,call_engine.py,1294,0,TEXT_LINE_MARKET_TOKEN,    # 3c. Compression detected — risk of violent breakout in either direction,risk,,quotes.quote.bidSize;quotes.quote.askSize;quotes.extended.askSize,V3-B universal catch-all (CSV-derived vocabulary),NOT_MARKET_DATA,,,NOT_MARKET_DATA: scoped mechanical classifier tail; production wire reads tracked in governance/SCHWAB_V4_REVIEW_MEMOS cone walk
6efc3fc2d993e0e579f8,py,call_engine.py,1298,0,TEXT_LINE_MARKET_TOKEN,"            risk_fails.append(f""compression ({comp_bars} bars) — risk of unpredictable breakout"")",risk,,chains.putExpDateMap.*.askSize;chains.putExpDateMap.*.bidSize;chains.callExpDateMap.*.askSize,V3-B universal catch-all (CSV-derived vocabulary),NOT_MARKET_DATA,,,NOT_MARKET_DATA: scoped mechanical classifier tail; production wire reads tracked in governance/SCHWAB_V4_REVIEW_MEMOS cone walk
bbd5c1a192b43363d149,py,call_engine.py,1320,0,TEXT_LINE_MARKET_TOKEN,"            layers_failed.append(""risk"")",risk,,chains.callExpDateMap.*.bidSize;chains.callExpDateMap.*.askSize;chains.putExpDateMap.*.bidSize,V3-B universal catch-all (CSV-derived vocabulary),NOT_MARKET_DATA,,,NOT_MARKET_DATA: scoped mechanical classifier tail; production wire reads tracked in governance/SCHWAB_V4_REVIEW_MEMOS cone walk
b9a08188e6b3cd7e27e0,py,call_engine.py,1325,0,TEXT_LINE_MARKET_TOKEN,    return result,return,instruments.*.fundamental.returnOnAssets;instruments.*.fundamental.returnOnEquity;instruments.*.fundamental.returnOnInvestment,quotes.regular.regularMarketLastSize;quotes.regular.regularMarketTradeTime;market_hours.future.RTY.isOpen,V3-B universal catch-all (CSV-derived vocabulary),NOT_MARKET_DATA,,,NOT_MARKET_DATA: scoped mechanical classifier tail; production wire reads tracked in governance/SCHWAB_V4_REVIEW_MEMOS cone walk
cd03d4d56022c8636673,py,call_engine.py,1332,0,TEXT_LINE_MARKET_TOKEN,"    regime=None,",regime,,quotes.reference.exchangeName;movers.screeners.*.volume;streaming.content.*.VOLUME,V3-B universal catch-all (CSV-derived vocabulary),NOT_MARKET_DATA,,,NOT_MARKET_DATA: scoped mechanical classifier tail; production wire reads tracked in governance/SCHWAB_V4_REVIEW_MEMOS cone walk
6909615e79f94f0eeef7,py,call_engine.py,1341,0,TEXT_LINE_MARKET_TOKEN,"    The Call — implements STACK ORDER 8, 9, 10:",the call order,chains.callExpDateMap.*.inTheMoney;chains.putExpDateMap.*.inTheMoney;chains.callExpDateMap;chains.callExpDateMap.*;chains.callExpDateMap.*.ask;chains.callExpDateMap.*.askSize;chains.callExpDateMap.*.bid;chains.callExpDateMap.*.bidAskSize;chains.callExpDateMap.*.bidSize;chains.callExpDateMap.*.closePrice;chains.callExpDateMap.*.daysToExpiration;chains.callExpDateMap.*.deliverableNote;chains.callExpDateMap.*.delta;chains.callExpDateMap.*.description;chains.callExpDateMap.*.exchangeName;chains.callExpDateMap.*.exerciseType;chains.callExpDateMap.*.expirationDate;chains.callExpDateMap.*.expirationType;chains.callExpDateMap.*.extrinsicValue;chains.callExpDateMap.*.gamma;chains.callExpDateMap.*.high52Week;chains.callExpDateMap.*.highPrice;chains.callExpDateMap.*.intrinsicValue;chains.callExpDateMap.*.last;chains.callExpDateMap.*.lastSize,chains.callExpDateMap.*.theoreticalVolatility;chains.callExpDateMap.*.theta;chains.callExpDateMap.*.delta,V3-B universal catch-all (CSV-derived vocabulary),NOT_MARKET_DATA,,,NOT_MARKET_DATA: scoped mechanical classifier tail; production wire reads tracked in governance/SCHWAB_V4_REVIEW_MEMOS cone walk
7c029f39a8631859c85b,py,call_engine.py,1342,0,TEXT_LINE_MARKET_TOKEN,"      8. Decision Policy Layer (The Call): signal, conviction, trade interpretation",the call trade,chains.callExpDateMap.*.inTheMoney;chains.putExpDateMap.*.inTheMoney;chains.callExpDateMap;chains.callExpDateMap.*;chains.callExpDateMap.*.ask;chains.callExpDateMap.*.askSize;chains.callExpDateMap.*.bid;chains.callExpDateMap.*.bidAskSize;chains.callExpDateMap.*.bidSize;chains.callExpDateMap.*.closePrice;chains.callExpDateMap.*.daysToExpiration;chains.callExpDateMap.*.deliverableNote;chains.callExpDateMap.*.delta;chains.callExpDateMap.*.description;chains.callExpDateMap.*.exchangeName;chains.callExpDateMap.*.exerciseType;chains.callExpDateMap.*.expirationDate;chains.callExpDateMap.*.expirationType;chains.callExpDateMap.*.extrinsicValue;chains.callExpDateMap.*.gamma;chains.callExpDateMap.*.high52Week;chains.callExpDateMap.*.highPrice;chains.callExpDateMap.*.intrinsicValue;chains.callExpDateMap.*.last;chains.callExpDateMap.*.lastSize,chains.volatility;chains.callExpDateMap.*.theoreticalVolatility;chains.callExpDateMap.*.volatility,V3-B universal catch-all (CSV-derived vocabulary),NOT_MARKET_DATA,,,NOT_MARKET_DATA: scoped mechanical classifier tail; production wire reads tracked in governance/SCHWAB_V4_REVIEW_MEMOS cone walk
13c50c47234cd0aaeca2,py,call_engine.py,1343,0,TEXT_LINE_MARKET_TOKEN,"      9. Risk Engine: _validate_trade (structure, probability, risk gates)",risk,,chains.putExpDateMap.*.theoreticalVolatility;chains.volatility;chains.callExpDateMap.*.theoreticalVolatility,V3-B universal catch-all (CSV-derived vocabulary),NOT_MARKET_DATA,,,NOT_MARKET_DATA: scoped mechanical classifier tail; production wire reads tracked in governance/SCHWAB_V4_REVIEW_MEMOS cone walk
63a5ef72e604cd809341,py,call_engine.py,1346,0,TEXT_LINE_MARKET_TOKEN,"    vol_regime is REQUIRED input; influences trade permissibility, conviction,",trade,chains.callExpDateMap.*.tradeTimeInLong;chains.putExpDateMap.*.tradeTimeInLong;chains.underlying.tradeTime;quotes.extended.tradeTime;quotes.quote.tradeTime;quotes.regular.regularMarketTradeTime;streaming.content.*.REGULAR_MARKET_TRADE;streaming.content.*.REGULAR_MARKET_TRADE_MILLIS;streaming.content.*.TRADE_TIME_MILLIS,chains.volatility;quotes.quote.bidSize;chains.putExpDateMap.*.volatility,V3-B universal catch-all (CSV-derived vocabulary),NOT_MARKET_DATA,,,NOT_MARKET_DATA: scoped mechanical classifier tail; production wire reads tracked in governance/SCHWAB_V4_REVIEW_MEMOS cone walk
329cc1ca56c5767b66aa,py,call_engine.py,1347,0,TEXT_LINE_MARKET_TOKEN,"    probability gating, stop/risk scaling, and size impact.",risk size,chains.callExpDateMap.*.askSize;chains.callExpDateMap.*.bidAskSize;chains.callExpDateMap.*.bidSize;chains.callExpDateMap.*.lastSize;chains.putExpDateMap.*.askSize;chains.putExpDateMap.*.bidAskSize;chains.putExpDateMap.*.bidSize;chains.putExpDateMap.*.lastSize;chains.underlying.askSize;chains.underlying.bidSize;quotes.extended.askSize;quotes.extended.bidSize;quotes.extended.lastSize;quotes.quote.askSize;quotes.quote.bidSize;quotes.quote.lastSize;quotes.regular.regularMarketLastSize;streaming.content.*.ASK_SIZE;streaming.content.*.BID_SIZE;streaming.content.*.LAST_SIZE;streaming.content.*.REGULAR_MARKET_LAST_SIZE,chains.putExpDateMap.*.theoreticalVolatility;chains.callExpDateMap.*.theoreticalVolatility;chains.volatility,V3-B universal catch-all (CSV-derived vocabulary),NOT_MARKET_DATA,,,NOT_MARKET_DATA: scoped mechanical classifier tail; production wire reads tracked in governance/SCHWAB_V4_REVIEW_MEMOS cone walk
fbed0986278a80a0d1e0,py,call_engine.py,1366,0,TEXT_LINE_MARKET_TOKEN,"            confidence=""low"",",low,chains.callExpDateMap.*.lowPrice;chains.putExpDateMap.*.lowPrice;chains.underlying.fiftyTwoWeekLow;chains.underlying.lowPrice;pricehistory.candles.*.low;quotes.quote.52WeekLow;quotes.quote.lowPrice;streaming.content.*.LOW_PRICE;streaming.content.*.LOW_PRICE_52_WEEK,pricehistory.candles.*.volume;chains.callExpDateMap.*.optionDeliverablesList.*.deliverableUnits;chains.callExpDateMap.*.optionDeliverablesList.*.symbol,V3-B universal catch-all (CSV-derived vocabulary),NOT_MARKET_DATA,,,NOT_MARKET_DATA: scoped mechanical classifier tail; production wire reads tracked in governance/SCHWAB_V4_REVIEW_MEMOS cone walk
94fa6c6f8da02b4d9056,py,call_engine.py,1376,0,TEXT_LINE_MARKET_TOKEN,    micro_regime = micro.regime if micro else R_UNKNOWN,regime,,pricehistory.candles.*.volume;movers.screeners.*.volume;streaming.content.*.BID_SIZE,V3-B universal catch-all (CSV-derived vocabulary),NOT_MARKET_DATA,,,NOT_MARKET_DATA: scoped mechanical classifier tail; production wire reads tracked in governance/SCHWAB_V4_REVIEW_MEMOS cone walk
9533283cc266b11172ce,py,call_engine.py,1378,0,TEXT_LINE_MARKET_TOKEN,    # ── STACK ORDER 8: Decision Policy Layer (The Call) ────────────────────────,order the call,chains.callExpDateMap.*.inTheMoney;chains.putExpDateMap.*.inTheMoney;chains.callExpDateMap;chains.callExpDateMap.*;chains.callExpDateMap.*.ask;chains.callExpDateMap.*.askSize;chains.callExpDateMap.*.bid;chains.callExpDateMap.*.bidAskSize;chains.callExpDateMap.*.bidSize;chains.callExpDateMap.*.closePrice;chains.callExpDateMap.*.daysToExpiration;chains.callExpDateMap.*.deliverableNote;chains.callExpDateMap.*.delta;chains.callExpDateMap.*.description;chains.callExpDateMap.*.exchangeName;chains.callExpDateMap.*.exerciseType;chains.callExpDateMap.*.expirationDate;chains.callExpDateMap.*.expirationType;chains.callExpDateMap.*.extrinsicValue;chains.callExpDateMap.*.gamma;chains.callExpDateMap.*.high52Week;chains.callExpDateMap.*.highPrice;chains.callExpDateMap.*.intrinsicValue;chains.callExpDateMap.*.last;chains.callExpDateMap.*.lastSize,chains.callExpDateMap.*.rho;pricehistory.candles;quotes.quote.askSize,V3-B universal catch-all (CSV-derived vocabulary),NOT_MARKET_DATA,,,NOT_MARKET_DATA: scoped mechanical classifier tail; production wire reads tracked in governance/SCHWAB_V4_REVIEW_MEMOS cone walk
03811aef313104cf53b0,py,call_engine.py,1379,0,TEXT_LINE_MARKET_TOKEN,"    # Consumes vol_regime for trade permissibility, conviction, probability gating.",trade,chains.callExpDateMap.*.tradeTimeInLong;chains.putExpDateMap.*.tradeTimeInLong;chains.underlying.tradeTime;quotes.extended.tradeTime;quotes.quote.tradeTime;quotes.regular.regularMarketTradeTime;streaming.content.*.REGULAR_MARKET_TRADE;streaming.content.*.REGULAR_MARKET_TRADE_MILLIS;streaming.content.*.TRADE_TIME_MILLIS,chains.volatility;chains.putExpDateMap.*.theoreticalVolatility;chains.callExpDateMap.*.theoreticalVolatility,V3-B universal catch-all (CSV-derived vocabulary),NOT_MARKET_DATA,,,NOT_MARKET_DATA: scoped mechanical classifier tail; production wire reads tracked in governance/SCHWAB_V4_REVIEW_MEMOS cone walk
e380434c3143b5b1e5cf,py,call_engine.py,1380,0,TEXT_LINE_MARKET_TOKEN,"    _vol_regime   = getattr(vol_regime, 'vol_regime', 'unknown') if vol_regime else 'unknown'",unknown,,chains.underlying.totalVolume;streaming.content.*.VOLUME;quotes.quote.52WeekHigh,V3-B universal catch-all (CSV-derived vocabulary),NOT_MARKET_DATA,,,NOT_MARKET_DATA: scoped mechanical classifier tail; production wire reads tracked in governance/SCHWAB_V4_REVIEW_MEMOS cone walk
9f441a88b0dc9cced5f0,py,call_engine.py,1392,0,TEXT_LINE_MARKET_TOKEN,"    _regime_label = getattr(regime, 'primary', 'unknown') if regime else 'unknown'",regime unknown,,quotes.regular.regularMarketLastSize;streaming.content.*.REGULAR_MARKET_TRADE_MILLIS;chains.putExpDateMap.*.vega,V3-B universal catch-all (CSV-derived vocabulary),NOT_MARKET_DATA,,,NOT_MARKET_DATA: scoped mechanical classifier tail; production wire reads tracked in governance/SCHWAB_V4_REVIEW_MEMOS cone walk
a5ea9098b41abeb20972,py,call_engine.py,1398,0,TEXT_LINE_MARKET_TOKEN,"    # Broad tape: three independent basket/ETF reads (SPY, QQQ, IWM) — no cross-index veto.",index,chains.isIndex,quotes.extended.askSize;quotes.quote.askSize;chains.putExpDateMap.*.theta,V3-B universal catch-all (CSV-derived vocabulary),NOT_MARKET_DATA,,,NOT_MARKET_DATA: scoped mechanical classifier tail; production wire reads tracked in governance/SCHWAB_V4_REVIEW_MEMOS cone walk
43d2bdfbf61f960eee28,py,call_engine.py,1403,0,TEXT_LINE_MARKET_TOKEN,    # Order flow direction from SignalInput (stack layer),order flow,,chains.putExpDateMap.*.theoreticalVolatility;chains.callExpDateMap.*.bidSize;chains.callExpDateMap.*.theoreticalVolatility,V3-B universal catch-all (CSV-derived vocabulary),NOT_MARKET_DATA,,,NOT_MARKET_DATA: scoped mechanical classifier tail; production wire reads tracked in governance/SCHWAB_V4_REVIEW_MEMOS cone walk
60239d8b8eeae4628d13,py,call_engine.py,1405,0,TEXT_LINE_MARKET_TOKEN,"    of_vote = 1 if _of_dir in (""bullish"", ""call"", ""long"") else (-1 if _of_dir in (""bearish"", ""put"", ""short"") else 0)",call long put short,chains.callExpDateMap;chains.callExpDateMap.*;chains.callExpDateMap.*.ask;chains.callExpDateMap.*.askSize;chains.callExpDateMap.*.bid;chains.callExpDateMap.*.bidAskSize;chains.callExpDateMap.*.bidSize;chains.callExpDateMap.*.closePrice;chains.callExpDateMap.*.daysToExpiration;chains.callExpDateMap.*.deliverableNote;chains.callExpDateMap.*.delta;chains.callExpDateMap.*.description;chains.callExpDateMap.*.exchangeName;chains.callExpDateMap.*.exerciseType;chains.callExpDateMap.*.expirationDate;chains.callExpDateMap.*.expirationType;chains.callExpDateMap.*.extrinsicValue;chains.callExpDateMap.*.gamma;chains.callExpDateMap.*.high52Week;chains.callExpDateMap.*.highPrice;chains.callExpDateMap.*.inTheMoney;chains.callExpDateMap.*.intrinsicValue;chains.callExpDateMap.*.last;chains.callExpDateMap.*.lastSize;chains.callExpDateMap.*.lastTradingDay,quotes.quote.bidSize;chains.callExpDateMap.*.bidSize;chains.underlying.bidSize,V3-B universal catch-all (CSV-derived vocabulary),NOT_MARKET_DATA,,,NOT_MARKET_DATA: scoped mechanical classifier tail; production wire reads tracked in governance/SCHWAB_V4_REVIEW_MEMOS cone walk
e2ec27af9ed8215754c5,py,call_engine.py,1407,0,TEXT_LINE_MARKET_TOKEN,    # Live-horizon Bayesian fusion dominant direction (authoritative model-stack direction; canonical triplet matches this path),model,,chains.putExpDateMap.*.theoreticalVolatility;chains.volatility;chains.putExpDateMap.*.volatility,V3-B universal catch-all (CSV-derived vocabulary),NOT_MARKET_DATA,,,NOT_MARKET_DATA: scoped mechanical classifier tail; production wire reads tracked in governance/SCHWAB_V4_REVIEW_MEMOS cone walk
8d8c46cb6fba129f5e00,py,call_engine.py,1413,0,TEXT_LINE_MARKET_TOKEN,    mh_vote = int(mh_policy.mh_directional_vote()) if mh_policy is not None else 0,int,instruments.*.fundamental.shortIntDayToCover;instruments.*.fundamental.shortIntToFloat,chains.volatility;chains.putExpDateMap.*.theoreticalVolatility;chains.putExpDateMap.*.volatility,V3-B universal catch-all (CSV-derived vocabulary),NOT_MARKET_DATA,,,NOT_MARKET_DATA: scoped mechanical classifier tail; production wire reads tracked in governance/SCHWAB_V4_REVIEW_MEMOS cone walk
53d831977cb98c6028e9,py,call_engine.py,1416,0,TEXT_LINE_MARKET_TOKEN,    # Regime + zone directional bias (breakout/breakdown from derive_zone),regime,,quotes.quote.bidSize;quotes.quote.askSize;quotes.extended.askSize,V3-B universal catch-all (CSV-derived vocabulary),NOT_MARKET_DATA,,,NOT_MARKET_DATA: scoped mechanical classifier tail; production wire reads tracked in governance/SCHWAB_V4_REVIEW_MEMOS cone walk
a79e0d08e5b124b23d0f,py,call_engine.py,1427,0,TEXT_LINE_MARKET_TOKEN,"    # Stack votes: 1=long, -1=short, 0=abstain (CONFLUENCE_TOTAL_SOURCES; fusion slot = authoritative model dir)",long short model,chains.callExpDateMap.*.quoteTimeInLong;chains.callExpDateMap.*.tradeTimeInLong;chains.putExpDateMap.*.quoteTimeInLong;chains.putExpDateMap.*.tradeTimeInLong;instruments.*.fundamental.shortIntDayToCover;instruments.*.fundamental.shortIntToFloat,chains.putExpDateMap.*.theoreticalVolatility;quotes.quote.askSize;chains.callExpDateMap.*.theoreticalVolatility,V3-B universal catch-all (CSV-derived vocabulary),NOT_MARKET_DATA,,,NOT_MARKET_DATA: scoped mechanical classifier tail; production wire reads tracked in governance/SCHWAB_V4_REVIEW_MEMOS cone walk
aef71928c46e946ebd46,py,call_engine.py,1429,0,TEXT_LINE_MARKET_TOKEN,"        ""micro"":   1 if rules_signal == ""long"" else (-1 if rules_signal == ""short"" else 0),",long short,chains.callExpDateMap.*.quoteTimeInLong;chains.callExpDateMap.*.tradeTimeInLong;chains.putExpDateMap.*.quoteTimeInLong;chains.putExpDateMap.*.tradeTimeInLong;instruments.*.fundamental.shortIntDayToCover;instruments.*.fundamental.shortIntToFloat,quotes.quote.bidSize;quotes.quote.askSize;chains.callExpDateMap.*.rho,V3-B universal catch-all (CSV-derived vocabulary),NOT_MARKET_DATA,,,NOT_MARKET_DATA: scoped mechanical classifier tail; production wire reads tracked in governance/SCHWAB_V4_REVIEW_MEMOS cone walk
d8ebb0edce6c25929f84,py,call_engine.py,1430,0,TEXT_LINE_MARKET_TOKEN,"        ""Greeks"":  1 if greek_b == ""bullish"" else (-1 if greek_b == ""bearish"" else 0),",greeks,,quotes.quote.52WeekHigh;chains.callExpDateMap.*.high52Week;chains.putExpDateMap.*.high52Week,V3-B universal catch-all (CSV-derived vocabulary),NOT_MARKET_DATA,,,NOT_MARKET_DATA: scoped mechanical classifier tail; production wire reads tracked in governance/SCHWAB_V4_REVIEW_MEMOS cone walk
602e2a35d869f028552b,py,call_engine.py,1434,0,TEXT_LINE_MARKET_TOKEN,"        ""regime"": regime_vote,",regime,,quotes.quote.52WeekHigh;streaming.content.*.BID_SIZE;quotes.extended.bidSize,V3-B universal catch-all (CSV-derived vocabulary),NOT_MARKET_DATA,,,NOT_MARKET_DATA: scoped mechanical classifier tail; production wire reads tracked in governance/SCHWAB_V4_REVIEW_MEMOS cone walk
5d9a0a185f13e3f39b6a,py,call_engine.py,1446,0,TEXT_LINE_MARKET_TOKEN,"    if _evt in (""elevated"", ""high""):",high,chains.callExpDateMap.*.highPrice;chains.putExpDateMap.*.highPrice;chains.underlying.fiftyTwoWeekHigh;chains.underlying.highPrice;pricehistory.candles.*.high;quotes.quote.52WeekHigh;quotes.quote.highPrice;streaming.content.*.HIGH_PRICE;streaming.content.*.HIGH_PRICE_52_WEEK,chains.volatility;chains.callExpDateMap.*.volatility;chains.putExpDateMap.*.volatility,V3-B universal catch-all (CSV-derived vocabulary),NOT_MARKET_DATA,,,NOT_MARKET_DATA: scoped mechanical classifier tail; production wire reads tracked in governance/SCHWAB_V4_REVIEW_MEMOS cone walk
dc2f97ee64e14e31fb6d,py,call_engine.py,1451,0,TEXT_LINE_MARKET_TOKEN,"        final_signal = ""long""",long,chains.callExpDateMap.*.quoteTimeInLong;chains.callExpDateMap.*.tradeTimeInLong;chains.putExpDateMap.*.quoteTimeInLong;chains.putExpDateMap.*.tradeTimeInLong,chains.callExpDateMap.*.optionDeliverablesList.*.symbol;chains.callExpDateMap.*.bid;chains.callExpDateMap.*.optionDeliverablesList,V3-B universal catch-all (CSV-derived vocabulary),NOT_MARKET_DATA,,,NOT_MARKET_DATA: scoped mechanical classifier tail; production wire reads tracked in governance/SCHWAB_V4_REVIEW_MEMOS cone walk
4bcebb425e05e3d3afbd,py,call_engine.py,1453,0,TEXT_LINE_MARKET_TOKEN,"        final_signal = ""short""",short,instruments.*.fundamental.shortIntDayToCover;instruments.*.fundamental.shortIntToFloat,chains.underlying.askSize;chains.callExpDateMap.*.askSize;chains.callExpDateMap.*.bidSize,V3-B universal catch-all (CSV-derived vocabulary),NOT_MARKET_DATA,,,NOT_MARKET_DATA: scoped mechanical classifier tail; production wire reads tracked in governance/SCHWAB_V4_REVIEW_MEMOS cone walk
88bdeb229bea5cf9e53e,py,call_engine.py,1457,0,TEXT_LINE_MARKET_TOKEN,    # Confluence: sources agreeing with the stack-derived final signal,the,chains.callExpDateMap.*.inTheMoney;chains.putExpDateMap.*.inTheMoney,chains.callExpDateMap.*.theta;chains.callExpDateMap.*.vega;chains.callExpDateMap.*.rho,V3-B universal catch-all (CSV-derived vocabulary),NOT_MARKET_DATA,,,NOT_MARKET_DATA: scoped mechanical classifier tail; production wire reads tracked in governance/SCHWAB_V4_REVIEW_MEMOS cone walk
e33454af490729a63a54,py,call_engine.py,1459,0,TEXT_LINE_MARKET_TOKEN,"    if final_signal == ""long"":",long,chains.callExpDateMap.*.quoteTimeInLong;chains.callExpDateMap.*.tradeTimeInLong;chains.putExpDateMap.*.quoteTimeInLong;chains.putExpDateMap.*.tradeTimeInLong,chains.underlying.bidSize;chains.underlying.askSize;chains.callExpDateMap.*.optionDeliverablesList.*.symbol,V3-B universal catch-all (CSV-derived vocabulary),NOT_MARKET_DATA,,,NOT_MARKET_DATA: scoped mechanical classifier tail; production wire reads tracked in governance/SCHWAB_V4_REVIEW_MEMOS cone walk
99a27ed9b3e9ae76a8bf,py,call_engine.py,1461,0,TEXT_LINE_MARKET_TOKEN,"    elif final_signal == ""short"":",short,instruments.*.fundamental.shortIntDayToCover;instruments.*.fundamental.shortIntToFloat,chains.callExpDateMap.*.bidSize;chains.callExpDateMap.*.theoreticalVolatility;chains.underlying.askSize,V3-B universal catch-all (CSV-derived vocabulary),NOT_MARKET_DATA,,,NOT_MARKET_DATA: scoped mechanical classifier tail; production wire reads tracked in governance/SCHWAB_V4_REVIEW_MEMOS cone walk
f3dd7986644ce6d9e56d,py,call_engine.py,1468,0,TEXT_LINE_MARKET_TOKEN,"    # Uniform max-entropy posterior is not a tradable forecast — force WAIT, not a parallel stack call.",call,chains.callExpDateMap;chains.callExpDateMap.*;chains.callExpDateMap.*.ask;chains.callExpDateMap.*.askSize;chains.callExpDateMap.*.bid;chains.callExpDateMap.*.bidAskSize;chains.callExpDateMap.*.bidSize;chains.callExpDateMap.*.closePrice;chains.callExpDateMap.*.daysToExpiration;chains.callExpDateMap.*.deliverableNote;chains.callExpDateMap.*.delta;chains.callExpDateMap.*.description;chains.callExpDateMap.*.exchangeName;chains.callExpDateMap.*.exerciseType;chains.callExpDateMap.*.expirationDate;chains.callExpDateMap.*.expirationType;chains.callExpDateMap.*.extrinsicValue;chains.callExpDateMap.*.gamma;chains.callExpDateMap.*.high52Week;chains.callExpDateMap.*.highPrice;chains.callExpDateMap.*.inTheMoney;chains.callExpDateMap.*.intrinsicValue;chains.callExpDateMap.*.last;chains.callExpDateMap.*.lastSize;chains.callExpDateMap.*.lastTradingDay,chains.callExpDateMap.*.totalVolume;chains.callExpDateMap.*.theoreticalVolatility;chains.putExpDateMap.*.theoreticalVolatility,V3-B universal catch-all (CSV-derived vocabulary),NOT_MARKET_DATA,,,NOT_MARKET_DATA: scoped mechanical classifier tail; production wire reads tracked in governance/SCHWAB_V4_REVIEW_MEMOS cone walk
026c444b6b2f1473cd3f,py,call_engine.py,1473,0,TEXT_LINE_MARKET_TOKEN,"        and final_signal in (""long"", ""short"")",long short,chains.callExpDateMap.*.quoteTimeInLong;chains.callExpDateMap.*.tradeTimeInLong;chains.putExpDateMap.*.quoteTimeInLong;chains.putExpDateMap.*.tradeTimeInLong;instruments.*.fundamental.shortIntDayToCover;instruments.*.fundamental.shortIntToFloat,chains.callExpDateMap.*.optionDeliverablesList.*.symbol;chains.callExpDateMap.*.optionDeliverablesList;chains.underlying.bidSize,V3-B universal catch-all (CSV-derived vocabulary),NOT_MARKET_DATA,,,NOT_MARKET_DATA: scoped mechanical classifier tail; production wire reads tracked in governance/SCHWAB_V4_REVIEW_MEMOS cone walk
b3cc3ff56859f8fd1f06,py,call_engine.py,1477,0,TEXT_LINE_MARKET_TOKEN,"            f""canonical provenance={_prov} — directional trades require an active fusion posterior""",trades,movers.screeners.*.trades,chains.callExpDateMap.*.openInterest;chains.putExpDateMap.*.askSize;chains.putExpDateMap.*.bidSize,V3-B universal catch-all (CSV-derived vocabulary),NOT_MARKET_DATA,,,NOT_MARKET_DATA: scoped mechanical classifier tail; production wire reads tracked in governance/SCHWAB_V4_REVIEW_MEMOS cone walk
ad5ff6dd6c6447e7b478,py,call_engine.py,1486,0,TEXT_LINE_MARKET_TOKEN,"    pred_agrees = (final_signal == ""long"" and canonical.direction == ""up"") or (",long,chains.callExpDateMap.*.quoteTimeInLong;chains.callExpDateMap.*.tradeTimeInLong;chains.putExpDateMap.*.quoteTimeInLong;chains.putExpDateMap.*.tradeTimeInLong,chains.callExpDateMap.*.bidSize;chains.underlying.bidSize;chains.underlying.askSize,V3-B universal catch-all (CSV-derived vocabulary),NOT_MARKET_DATA,,,NOT_MARKET_DATA: scoped mechanical classifier tail; production wire reads tracked in governance/SCHWAB_V4_REVIEW_MEMOS cone walk
a97f3dac361e4ac39ed5,py,call_engine.py,1487,0,TEXT_LINE_MARKET_TOKEN,"        final_signal == ""short"" and canonical.direction == ""down""",short,instruments.*.fundamental.shortIntDayToCover;instruments.*.fundamental.shortIntToFloat,chains.callExpDateMap.*.bidSize;chains.callExpDateMap.*.bid;pricehistory.candles,V3-B universal catch-all (CSV-derived vocabulary),NOT_MARKET_DATA,,,NOT_MARKET_DATA: scoped mechanical classifier tail; production wire reads tracked in governance/SCHWAB_V4_REVIEW_MEMOS cone walk
c8e637624763a7da4fef,py,call_engine.py,1490,0,TEXT_LINE_MARKET_TOKEN,    # ── Multi-horizon policy (pre-risk): veto or promote inside The Call (not post-hoc in signals) ─,pre risk the call post,market_hours.bond.BON.sessionHours.preMarket;market_hours.bond.BON.sessionHours.preMarket.*;market_hours.bond.BON.sessionHours.preMarket.*.end;market_hours.bond.BON.sessionHours.preMarket.*.start;market_hours.equity.EQ.sessionHours.preMarket;market_hours.equity.EQ.sessionHours.preMarket.*;market_hours.equity.EQ.sessionHours.preMarket.*.end;market_hours.equity.EQ.sessionHours.preMarket.*.start;chains.callExpDateMap.*.inTheMoney;chains.putExpDateMap.*.inTheMoney;chains.callExpDateMap;chains.callExpDateMap.*;chains.callExpDateMap.*.ask;chains.callExpDateMap.*.askSize;chains.callExpDateMap.*.bid;chains.callExpDateMap.*.bidAskSize;chains.callExpDateMap.*.bidSize;chains.callExpDateMap.*.closePrice;chains.callExpDateMap.*.daysToExpiration;chains.callExpDateMap.*.deliverableNote;chains.callExpDateMap.*.delta;chains.callExpDateMap.*.description;chains.callExpDateMap.*.exchangeName;chains.callExpDateMap.*.exerciseType;chains.callExpDateMap.*.expirationDate,chains.volatility;chains.putExpDateMap.*.theoreticalVolatility;pricehistory.candles.*.volume,V3-B universal catch-all (CSV-derived vocabulary),NOT_MARKET_DATA,,,NOT_MARKET_DATA: scoped mechanical classifier tail; production wire reads tracked in governance/SCHWAB_V4_REVIEW_MEMOS cone walk
b1b609baff07dcb064c8,py,call_engine.py,1505,0,TEXT_LINE_MARKET_TOKEN,"            final_signal = ""long"" if mh_policy.final_bias == ""long"" else ""short""",long short,chains.callExpDateMap.*.quoteTimeInLong;chains.callExpDateMap.*.tradeTimeInLong;chains.putExpDateMap.*.quoteTimeInLong;chains.putExpDateMap.*.tradeTimeInLong;instruments.*.fundamental.shortIntDayToCover;instruments.*.fundamental.shortIntToFloat,chains.callExpDateMap.*.optionDeliverablesList.*.symbol;chains.callExpDateMap.*.bidSize;chains.callExpDateMap.*.optionDeliverablesList,V3-B universal catch-all (CSV-derived vocabulary),NOT_MARKET_DATA,,,NOT_MARKET_DATA: scoped mechanical classifier tail; production wire reads tracked in governance/SCHWAB_V4_REVIEW_MEMOS cone walk
512e9207a6a10fbc94de,py,call_engine.py,1511,0,TEXT_LINE_MARKET_TOKEN,"    pred_agrees = (final_signal == ""long"" and canonical.direction == ""up"") or (",long,chains.callExpDateMap.*.quoteTimeInLong;chains.callExpDateMap.*.tradeTimeInLong;chains.putExpDateMap.*.quoteTimeInLong;chains.putExpDateMap.*.tradeTimeInLong,chains.callExpDateMap.*.bidSize;chains.underlying.bidSize;chains.underlying.askSize,V3-B universal catch-all (CSV-derived vocabulary),NOT_MARKET_DATA,,,NOT_MARKET_DATA: scoped mechanical classifier tail; production wire reads tracked in governance/SCHWAB_V4_REVIEW_MEMOS cone walk
964dfa2dd84b73eafa25,py,call_engine.py,1512,0,TEXT_LINE_MARKET_TOKEN,"        final_signal == ""short"" and canonical.direction == ""down""",short,instruments.*.fundamental.shortIntDayToCover;instruments.*.fundamental.shortIntToFloat,chains.callExpDateMap.*.bidSize;chains.callExpDateMap.*.bid;pricehistory.candles,V3-B universal catch-all (CSV-derived vocabulary),NOT_MARKET_DATA,,,NOT_MARKET_DATA: scoped mechanical classifier tail; production wire reads tracked in governance/SCHWAB_V4_REVIEW_MEMOS cone walk
7802072d3c64883f4ae2,py,call_engine.py,1525,0,TEXT_LINE_MARKET_TOKEN,    # 2. CONVICTION — canonical forecast (confidence + marginal p) + env downgrades only,only,,pricehistory.candles;pricehistory.candles.*;pricehistory.candles.*.low,V3-B universal catch-all (CSV-derived vocabulary),NOT_MARKET_DATA,,,NOT_MARKET_DATA: scoped mechanical classifier tail; production wire reads tracked in governance/SCHWAB_V4_REVIEW_MEMOS cone walk
6a20bcd309e51b937a86,py,call_engine.py,1528,0,TEXT_LINE_MARKET_TOKEN,    zone_stable_bars_5m = inp.zone_since_bars_5m                                 # structure persistence (None if unknown),unknown,,quotes.quote.askSize;quotes.quote.lastPrice;quotes.quote.closePrice,V3-B universal catch-all (CSV-derived vocabulary),NOT_MARKET_DATA,,,NOT_MARKET_DATA: scoped mechanical classifier tail; production wire reads tracked in governance/SCHWAB_V4_REVIEW_MEMOS cone walk
429ef86f1563a127c35e,py,call_engine.py,1532,0,TEXT_LINE_MARKET_TOKEN,"        conviction = ""low""",low,chains.callExpDateMap.*.lowPrice;chains.putExpDateMap.*.lowPrice;chains.underlying.fiftyTwoWeekLow;chains.underlying.lowPrice;pricehistory.candles.*.low;quotes.quote.52WeekLow;quotes.quote.lowPrice;streaming.content.*.LOW_PRICE;streaming.content.*.LOW_PRICE_52_WEEK,chains.callExpDateMap.*.optionRoot;chains.volatility;quotes.quote.lowPrice,V3-B universal catch-all (CSV-derived vocabulary),NOT_MARKET_DATA,,,NOT_MARKET_DATA: scoped mechanical classifier tail; production wire reads tracked in governance/SCHWAB_V4_REVIEW_MEMOS cone walk
97b3144a42b40b82d346,py,call_engine.py,1538,0,TEXT_LINE_MARKET_TOKEN,    # Cross-instrument divergence → downgrade (SPY/QQQ/IWM disagree),instrument,,quotes.quote.askSize;quotes.quote.bidSize;quotes.extended.askSize,V3-B universal catch-all (CSV-derived vocabulary),NOT_MARKET_DATA,,,NOT_MARKET_DATA: scoped mechanical classifier tail; production wire reads tracked in governance/SCHWAB_V4_REVIEW_MEMOS cone walk
3e84777fb20875cf7f3b,py,call_engine.py,1542,0,TEXT_LINE_MARKET_TOKEN,"    # Issuer earnings (or similar) on the traded symbol — extra caution beyond macro ""elevated""",earnings the symbol,quotes.fundamental.lastEarningsDate;chains.callExpDateMap.*.inTheMoney;chains.putExpDateMap.*.inTheMoney;chains.callExpDateMap.*.optionDeliverablesList.*.symbol;chains.callExpDateMap.*.symbol;chains.putExpDateMap.*.optionDeliverablesList.*.symbol;chains.putExpDateMap.*.symbol;chains.symbol;chains.underlying.symbol;instruments.*.fundamental.symbol;instruments.*.symbol;movers.screeners.*.symbol;quotes.symbol,quotes.quote.askSize;quotes.quote.bidSize;chains.callExpDateMap.*.bidSize,V3-B universal catch-all (CSV-derived vocabulary),NOT_MARKET_DATA,,,NOT_MARKET_DATA: scoped mechanical classifier tail; production wire reads tracked in governance/SCHWAB_V4_REVIEW_MEMOS cone walk
11cd0669755749f918b6,py,call_engine.py,1543,0,TEXT_LINE_MARKET_TOKEN,"    if _evt == ""high"" and final_signal != ""wait"":",high,chains.callExpDateMap.*.highPrice;chains.putExpDateMap.*.highPrice;chains.underlying.fiftyTwoWeekHigh;chains.underlying.highPrice;pricehistory.candles.*.high;quotes.quote.52WeekHigh;quotes.quote.highPrice;streaming.content.*.HIGH_PRICE;streaming.content.*.HIGH_PRICE_52_WEEK,chains.callExpDateMap.*.bidSize;chains.volatility;chains.putExpDateMap.*.bidSize,V3-B universal catch-all (CSV-derived vocabulary),NOT_MARKET_DATA,,,NOT_MARKET_DATA: scoped mechanical classifier tail; production wire reads tracked in governance/SCHWAB_V4_REVIEW_MEMOS cone walk
ea25ea77c78ab37a869d,py,call_engine.py,1546,0,TEXT_LINE_MARKET_TOKEN,    # ── Regime conviction adjustment ──────────────────────────────────────────,regime,,quotes.quote.highPrice;quotes.quote.bidPrice;quotes.quote.mark,V3-B universal catch-all (CSV-derived vocabulary),NOT_MARKET_DATA,,,NOT_MARKET_DATA: scoped mechanical classifier tail; production wire reads tracked in governance/SCHWAB_V4_REVIEW_MEMOS cone walk
39bdc9317d16b040ab1e,py,call_engine.py,1548,0,TEXT_LINE_MARKET_TOKEN,        conviction = _downgrade(conviction)  # reversal risk → reduce conviction,risk,,chains.underlying.bidSize;pricehistory.candles;streaming.content.*.BIDS,V3-B universal catch-all (CSV-derived vocabulary),NOT_MARKET_DATA,,,NOT_MARKET_DATA: scoped mechanical classifier tail; production wire reads tracked in governance/SCHWAB_V4_REVIEW_MEMOS cone walk
840742990a75e837123a,py,call_engine.py,1550,0,TEXT_LINE_MARKET_TOKEN,    # ── Volatility regime: conviction multiplier ──────────────────────────────,volatility regime multiplier,chains.callExpDateMap.*.theoreticalVolatility;chains.callExpDateMap.*.volatility;chains.putExpDateMap.*.theoreticalVolatility;chains.putExpDateMap.*.volatility;chains.volatility;chains.callExpDateMap.*.multiplier;chains.putExpDateMap.*.multiplier,chains.volatility;quotes.quote.bidSize;pricehistory.candles,V3-B universal catch-all (CSV-derived vocabulary),NOT_MARKET_DATA,,,NOT_MARKET_DATA: scoped mechanical classifier tail; production wire reads tracked in governance/SCHWAB_V4_REVIEW_MEMOS cone walk
b912beac38abc89d897f,py,call_engine.py,1551,0,TEXT_LINE_MARKET_TOKEN,    # Policy layer — vol regime scales effective conviction (unstable = reduce),regime,,chains.volatility;chains.callExpDateMap.*.volatility;chains.callExpDateMap.*.theoreticalVolatility,V3-B universal catch-all (CSV-derived vocabulary),NOT_MARKET_DATA,,,NOT_MARKET_DATA: scoped mechanical classifier tail; production wire reads tracked in governance/SCHWAB_V4_REVIEW_MEMOS cone walk
161b426d389ceba03a86,py,call_engine.py,1557,0,TEXT_LINE_MARKET_TOKEN,    # ── Zone transition: downgrades only (no confluence/fusion upgrades) ───────,only,,quotes.quote.closePrice;quotes.quote.lowPrice;quotes.quote.highPrice,V3-B universal catch-all (CSV-derived vocabulary),NOT_MARKET_DATA,,,NOT_MARKET_DATA: scoped mechanical classifier tail; production wire reads tracked in governance/SCHWAB_V4_REVIEW_MEMOS cone walk
b74f5aab051b84c60ad0,py,call_engine.py,1563,0,TEXT_LINE_MARKET_TOKEN,"        conviction = ""low""",low,chains.callExpDateMap.*.lowPrice;chains.putExpDateMap.*.lowPrice;chains.underlying.fiftyTwoWeekLow;chains.underlying.lowPrice;pricehistory.candles.*.low;quotes.quote.52WeekLow;quotes.quote.lowPrice;streaming.content.*.LOW_PRICE;streaming.content.*.LOW_PRICE_52_WEEK,chains.callExpDateMap.*.optionRoot;chains.volatility;quotes.quote.lowPrice,V3-B universal catch-all (CSV-derived vocabulary),NOT_MARKET_DATA,,,NOT_MARKET_DATA: scoped mechanical classifier tail; production wire reads tracked in governance/SCHWAB_V4_REVIEW_MEMOS cone walk
6e824eb99f823eb49b7d,py,call_engine.py,1568,0,TEXT_LINE_MARKET_TOKEN,    # ── Volatility regime: required for directional trades (Layer 5 CE6) ───────,volatility regime trades,chains.callExpDateMap.*.theoreticalVolatility;chains.callExpDateMap.*.volatility;chains.putExpDateMap.*.theoreticalVolatility;chains.putExpDateMap.*.volatility;chains.volatility;movers.screeners.*.trades,chains.volatility;quotes.quote.bidSize;quotes.quote.askSize,V3-B universal catch-all (CSV-derived vocabulary),NOT_MARKET_DATA,,,NOT_MARKET_DATA: scoped mechanical classifier tail; production wire reads tracked in governance/SCHWAB_V4_REVIEW_MEMOS cone walk
1de31774619ddeb37dfb,py,call_engine.py,1569,0,TEXT_LINE_MARKET_TOKEN,"    if vol_regime is None and final_signal in (""long"", ""short""):",long short,chains.callExpDateMap.*.quoteTimeInLong;chains.callExpDateMap.*.tradeTimeInLong;chains.putExpDateMap.*.quoteTimeInLong;chains.putExpDateMap.*.tradeTimeInLong;instruments.*.fundamental.shortIntDayToCover;instruments.*.fundamental.shortIntToFloat,chains.underlying.bidSize;chains.underlying.askSize;chains.callExpDateMap.*.bidSize,V3-B universal catch-all (CSV-derived vocabulary),NOT_MARKET_DATA,,,NOT_MARKET_DATA: scoped mechanical classifier tail; production wire reads tracked in governance/SCHWAB_V4_REVIEW_MEMOS cone walk
b4006599bab2cb6231c6,py,call_engine.py,1571,0,TEXT_LINE_MARKET_TOKEN,"        conviction = ""low""",low,chains.callExpDateMap.*.lowPrice;chains.putExpDateMap.*.lowPrice;chains.underlying.fiftyTwoWeekLow;chains.underlying.lowPrice;pricehistory.candles.*.low;quotes.quote.52WeekLow;quotes.quote.lowPrice;streaming.content.*.LOW_PRICE;streaming.content.*.LOW_PRICE_52_WEEK,chains.callExpDateMap.*.optionRoot;chains.volatility;quotes.quote.lowPrice,V3-B universal catch-all (CSV-derived vocabulary),NOT_MARKET_DATA,,,NOT_MARKET_DATA: scoped mechanical classifier tail; production wire reads tracked in governance/SCHWAB_V4_REVIEW_MEMOS cone walk
f120e4705954eb22e8a6,py,call_engine.py,1576,0,TEXT_LINE_MARKET_TOKEN,"            ""full_detail"": ""Vol regime unavailable — no directional trade."",",regime trade,chains.callExpDateMap.*.tradeTimeInLong;chains.putExpDateMap.*.tradeTimeInLong;chains.underlying.tradeTime;quotes.extended.tradeTime;quotes.quote.tradeTime;quotes.regular.regularMarketTradeTime;streaming.content.*.REGULAR_MARKET_TRADE;streaming.content.*.REGULAR_MARKET_TRADE_MILLIS;streaming.content.*.TRADE_TIME_MILLIS,chains.callExpDateMap.*.theoreticalVolatility;chains.callExpDateMap.*.volatility;chains.putExpDateMap.*.theoreticalVolatility,V3-B universal catch-all (CSV-derived vocabulary),NOT_MARKET_DATA,,,NOT_MARKET_DATA: scoped mechanical classifier tail; production wire reads tracked in governance/SCHWAB_V4_REVIEW_MEMOS cone walk
417e992b5750a0a6e360,py,call_engine.py,1579,0,TEXT_LINE_MARKET_TOKEN,    # ── Volatility regime: trade permissibility ───────────────────────────────,volatility regime trade,chains.callExpDateMap.*.theoreticalVolatility;chains.callExpDateMap.*.volatility;chains.putExpDateMap.*.theoreticalVolatility;chains.putExpDateMap.*.volatility;chains.volatility;chains.callExpDateMap.*.tradeTimeInLong;chains.putExpDateMap.*.tradeTimeInLong;chains.underlying.tradeTime;quotes.extended.tradeTime;quotes.quote.tradeTime;quotes.regular.regularMarketTradeTime;streaming.content.*.REGULAR_MARKET_TRADE;streaming.content.*.REGULAR_MARKET_TRADE_MILLIS;streaming.content.*.TRADE_TIME_MILLIS,chains.volatility;quotes.quote.bidSize;quotes.quote.askSize,V3-B universal catch-all (CSV-derived vocabulary),NOT_MARKET_DATA,,,NOT_MARKET_DATA: scoped mechanical classifier tail; production wire reads tracked in governance/SCHWAB_V4_REVIEW_MEMOS cone walk
31e4cf11c33003224176,py,call_engine.py,1581,0,TEXT_LINE_MARKET_TOKEN,    # unstable may require stricter model agreement or force WAIT.,model,,streaming.content.*.ASK_SIZE;quotes.regular.regularMarketLastSize;quotes.quote.askSize,V3-B universal catch-all (CSV-derived vocabulary),NOT_MARKET_DATA,,,NOT_MARKET_DATA: scoped mechanical classifier tail; production wire reads tracked in governance/SCHWAB_V4_REVIEW_MEMOS cone walk
589d85d6b7d06975335f,py,call_engine.py,1593,0,TEXT_LINE_MARKET_TOKEN,"                conviction = ""low""",low,chains.callExpDateMap.*.lowPrice;chains.putExpDateMap.*.lowPrice;chains.underlying.fiftyTwoWeekLow;chains.underlying.lowPrice;pricehistory.candles.*.low;quotes.quote.52WeekLow;quotes.quote.lowPrice;streaming.content.*.LOW_PRICE;streaming.content.*.LOW_PRICE_52_WEEK,chains.callExpDateMap.*.optionRoot;chains.volatility;quotes.quote.lowPrice,V3-B universal catch-all (CSV-derived vocabulary),NOT_MARKET_DATA,,,NOT_MARKET_DATA: scoped mechanical classifier tail; production wire reads tracked in governance/SCHWAB_V4_REVIEW_MEMOS cone walk
b28923278c981c85a3bf,py,call_engine.py,1594,0,TEXT_LINE_MARKET_TOKEN,"                confluence_detail = ""vol regime: unstable — require stronger confirmation""",regime,,streaming.content.*.BID_SIZE;quotes.quote.bidSize;streaming.content.*.ASK_SIZE,V3-B universal catch-all (CSV-derived vocabulary),NOT_MARKET_DATA,,,NOT_MARKET_DATA: scoped mechanical classifier tail; production wire reads tracked in governance/SCHWAB_V4_REVIEW_MEMOS cone walk
8f10ac3a8b2b540d9771,py,call_engine.py,1595,0,TEXT_LINE_MARKET_TOKEN,"                wait_blocker = {""reason"": WAIT_BLOCKER_REASON_VOL_REGIME, ""detail"": ""unstable — require 4+ confluence"", ""full_detail"": ""Vol regime: unstable — require 4+ confluence for directional trade.""}",regime trade,chains.callExpDateMap.*.tradeTimeInLong;chains.putExpDateMap.*.tradeTimeInLong;chains.underlying.tradeTime;quotes.extended.tradeTime;quotes.quote.tradeTime;quotes.regular.regularMarketTradeTime;streaming.content.*.REGULAR_MARKET_TRADE;streaming.content.*.REGULAR_MARKET_TRADE_MILLIS;streaming.content.*.TRADE_TIME_MILLIS,quotes.quote.bidSize;quotes.quote.askSize;quotes.extended.askSize,V3-B universal catch-all (CSV-derived vocabulary),NOT_MARKET_DATA,,,NOT_MARKET_DATA: scoped mechanical classifier tail; production wire reads tracked in governance/SCHWAB_V4_REVIEW_MEMOS cone walk
6e6ec513fb7989f8c47a,py,call_engine.py,1597,0,TEXT_LINE_MARKET_TOKEN,            # Compression + breakout setup: require stronger confirmation (breakout_bias low),low,chains.callExpDateMap.*.lowPrice;chains.putExpDateMap.*.lowPrice;chains.underlying.fiftyTwoWeekLow;chains.underlying.lowPrice;pricehistory.candles.*.low;quotes.quote.52WeekLow;quotes.quote.lowPrice;streaming.content.*.LOW_PRICE;streaming.content.*.LOW_PRICE_52_WEEK,quotes.quote.askSize;quotes.quote.bidSize;streaming.content.*.ASKS,V3-B universal catch-all (CSV-derived vocabulary),NOT_MARKET_DATA,,,NOT_MARKET_DATA: scoped mechanical classifier tail; production wire reads tracked in governance/SCHWAB_V4_REVIEW_MEMOS cone walk
fd838b6b0a3b0907096f,py,call_engine.py,1600,0,TEXT_LINE_MARKET_TOKEN,"                conviction = ""low""",low,chains.callExpDateMap.*.lowPrice;chains.putExpDateMap.*.lowPrice;chains.underlying.fiftyTwoWeekLow;chains.underlying.lowPrice;pricehistory.candles.*.low;quotes.quote.52WeekLow;quotes.quote.lowPrice;streaming.content.*.LOW_PRICE;streaming.content.*.LOW_PRICE_52_WEEK,chains.callExpDateMap.*.optionRoot;chains.volatility;quotes.quote.lowPrice,V3-B universal catch-all (CSV-derived vocabulary),NOT_MARKET_DATA,,,NOT_MARKET_DATA: scoped mechanical classifier tail; production wire reads tracked in governance/SCHWAB_V4_REVIEW_MEMOS cone walk
0cdec316151f1d421663,py,call_engine.py,1606,0,TEXT_LINE_MARKET_TOKEN,    # STACK ORDER 9: Risk Engine ────────────────────────────────────────────────,order risk,,pricehistory.candles;quotes.quote.mark;quotes.quote.askSize,V3-B universal catch-all (CSV-derived vocabulary),NOT_MARKET_DATA,,,NOT_MARKET_DATA: scoped mechanical classifier tail; production wire reads tracked in governance/SCHWAB_V4_REVIEW_MEMOS cone walk
a17549121e10e735f364,py,call_engine.py,1607,0,TEXT_LINE_MARKET_TOKEN,"    # MUST run after Decision Policy (8). Validates structure, probability, risk.",risk,,chains.putExpDateMap.*.theoreticalVolatility;chains.callExpDateMap.*.theoreticalVolatility;chains.volatility,V3-B universal catch-all (CSV-derived vocabulary),NOT_MARKET_DATA,,,NOT_MARKET_DATA: scoped mechanical classifier tail; production wire reads tracked in governance/SCHWAB_V4_REVIEW_MEMOS cone walk
07cf0fc31d2fad84beb9,py,call_engine.py,1608,0,TEXT_LINE_MARKET_TOKEN,    # If validation fails → trade rejected (WAIT). Position Sizing (10) runs after.,trade,chains.callExpDateMap.*.tradeTimeInLong;chains.putExpDateMap.*.tradeTimeInLong;chains.underlying.tradeTime;quotes.extended.tradeTime;quotes.quote.tradeTime;quotes.regular.regularMarketTradeTime;streaming.content.*.REGULAR_MARKET_TRADE;streaming.content.*.REGULAR_MARKET_TRADE_MILLIS;streaming.content.*.TRADE_TIME_MILLIS,chains.volatility;chains.putExpDateMap.*.bidSize;chains.putExpDateMap.*.theoreticalVolatility,V3-B universal catch-all (CSV-derived vocabulary),NOT_MARKET_DATA,,,NOT_MARKET_DATA: scoped mechanical classifier tail; production wire reads tracked in governance/SCHWAB_V4_REVIEW_MEMOS cone walk
67b987ce5525d2531a03,py,call_engine.py,1618,0,TEXT_LINE_MARKET_TOKEN,"        regime=regime,",regime,,quotes.quote.52WeekHigh;chains.putExpDateMap.*.high52Week;chains.callExpDateMap.*.high52Week,V3-B universal catch-all (CSV-derived vocabulary),NOT_MARKET_DATA,,,NOT_MARKET_DATA: scoped mechanical classifier tail; production wire reads tracked in governance/SCHWAB_V4_REVIEW_MEMOS cone walk
51334786ca4159863d2c,py,call_engine.py,1627,0,TEXT_LINE_MARKET_TOKEN,"        conviction = ""low""",low,chains.callExpDateMap.*.lowPrice;chains.putExpDateMap.*.lowPrice;chains.underlying.fiftyTwoWeekLow;chains.underlying.lowPrice;pricehistory.candles.*.low;quotes.quote.52WeekLow;quotes.quote.lowPrice;streaming.content.*.LOW_PRICE;streaming.content.*.LOW_PRICE_52_WEEK,chains.callExpDateMap.*.optionRoot;chains.volatility;quotes.quote.lowPrice,V3-B universal catch-all (CSV-derived vocabulary),NOT_MARKET_DATA,,,NOT_MARKET_DATA: scoped mechanical classifier tail; production wire reads tracked in governance/SCHWAB_V4_REVIEW_MEMOS cone walk
c48e5b33537629596aa8,py,call_engine.py,1634,0,TEXT_LINE_MARKET_TOKEN,"            _gate_reasons.append(gate_result.get(""risk_reason"", ""risk failed""))",risk,,chains.putExpDateMap.*.askSize;chains.callExpDateMap.*.askSize;chains.putExpDateMap.*.bidSize,V3-B universal catch-all (CSV-derived vocabulary),NOT_MARKET_DATA,,,NOT_MARKET_DATA: scoped mechanical classifier tail; production wire reads tracked in governance/SCHWAB_V4_REVIEW_MEMOS cone walk
0070f118c74e31e753f7,py,call_engine.py,1639,0,TEXT_LINE_MARKET_TOKEN,    # 3. TRADE TYPE — what kind of trade is this?,trade type,chains.callExpDateMap.*.tradeTimeInLong;chains.putExpDateMap.*.tradeTimeInLong;chains.underlying.tradeTime;quotes.extended.tradeTime;quotes.quote.tradeTime;quotes.regular.regularMarketTradeTime;streaming.content.*.REGULAR_MARKET_TRADE;streaming.content.*.REGULAR_MARKET_TRADE_MILLIS;streaming.content.*.TRADE_TIME_MILLIS;chains.assetMainType;chains.assetSubType;chains.callExpDateMap.*.exerciseType;chains.callExpDateMap.*.expirationType;chains.callExpDateMap.*.optionDeliverablesList.*.assetType;chains.callExpDateMap.*.optionDeliverablesList.*.currencyType;chains.callExpDateMap.*.settlementType;chains.putExpDateMap.*.exerciseType;chains.putExpDateMap.*.expirationType;chains.putExpDateMap.*.optionDeliverablesList.*.assetType;chains.putExpDateMap.*.optionDeliverablesList.*.currencyType;chains.putExpDateMap.*.settlementType;instruments.*.assetType;market_hours.bond.BON.marketType;market_hours.equity.EQ.marketType;market_hours.forex.forex.marketType,chains.putExpDateMap.*.askSize;chains.putExpDateMap.*.theta;chains.putExpDateMap.*.bidSize,V3-B universal catch-all (CSV-derived vocabulary),NOT_MARKET_DATA,,,NOT_MARKET_DATA: scoped mechanical classifier tail; production wire reads tracked in governance/SCHWAB_V4_REVIEW_MEMOS cone walk
35a1b8e9113ddad5d6e7,py,call_engine.py,1644,0,TEXT_LINE_MARKET_TOKEN,    # 4. ENTRY / STOP / T1 / T2 (stop scaled by vol regime risk_multiplier),regime,,chains.volatility;chains.putExpDateMap.*.theoreticalVolatility;quotes.quote.askSize,V3-B universal catch-all (CSV-derived vocabulary),NOT_MARKET_DATA,,,NOT_MARKET_DATA: scoped mechanical classifier tail; production wire reads tracked in governance/SCHWAB_V4_REVIEW_MEMOS cone walk
c18d975e659438f813d9,py,call_engine.py,1655,0,TEXT_LINE_MARKET_TOKEN,    # Reward/risk for T1 and T2,risk,,quotes.quote.askSize;quotes.quote.bidSize;pricehistory.candles,V3-B universal catch-all (CSV-derived vocabulary),NOT_MARKET_DATA,,,NOT_MARKET_DATA: scoped mechanical classifier tail; production wire reads tracked in governance/SCHWAB_V4_REVIEW_MEMOS cone walk
7aaafffa9b2fc4e892ce,py,call_engine.py,1658,0,TEXT_LINE_MARKET_TOKEN,        risk = abs(entry - stop),risk,,chains.putExpDateMap.*.rho;chains.putExpDateMap.*.askSize;quotes.quote.askSize,V3-B universal catch-all (CSV-derived vocabulary),NOT_MARKET_DATA,,,NOT_MARKET_DATA: scoped mechanical classifier tail; production wire reads tracked in governance/SCHWAB_V4_REVIEW_MEMOS cone walk
b72942258fd031982cf5,py,call_engine.py,1660,0,TEXT_LINE_MARKET_TOKEN,"            rr1 = round(abs(target - entry) / risk, 1)",risk,,quotes.quote.askSize;quotes.quote.bidSize;pricehistory.candles,V3-B universal catch-all (CSV-derived vocabulary),NOT_MARKET_DATA,,,NOT_MARKET_DATA: scoped mechanical classifier tail; production wire reads tracked in governance/SCHWAB_V4_REVIEW_MEMOS cone walk
ab3a41b0b67aa1bcc2ed,py,call_engine.py,1662,0,TEXT_LINE_MARKET_TOKEN,"            rr2 = round(abs(target2 - entry) / risk, 1)",risk,,pricehistory.candles;quotes.quote.askSize;market_hours.future.RTY.isOpen,V3-B universal catch-all (CSV-derived vocabulary),NOT_MARKET_DATA,,,NOT_MARKET_DATA: scoped mechanical classifier tail; production wire reads tracked in governance/SCHWAB_V4_REVIEW_MEMOS cone walk
38c26751b49c0d5d7efa,py,call_engine.py,1665,0,TEXT_LINE_MARKET_TOKEN,"    # 5. INVALIDATION — the reason, not just the price",the price,chains.callExpDateMap.*.inTheMoney;chains.putExpDateMap.*.inTheMoney;chains.callExpDateMap.*.closePrice;chains.callExpDateMap.*.highPrice;chains.callExpDateMap.*.lowPrice;chains.callExpDateMap.*.openPrice;chains.callExpDateMap.*.strikePrice;chains.putExpDateMap.*.closePrice;chains.putExpDateMap.*.highPrice;chains.putExpDateMap.*.lowPrice;chains.putExpDateMap.*.openPrice;chains.putExpDateMap.*.strikePrice;chains.underlying.highPrice;chains.underlying.lowPrice;chains.underlying.openPrice;chains.underlyingPrice;movers.screeners.*.lastPrice;quotes.extended.askPrice;quotes.extended.bidPrice;quotes.extended.lastPrice;quotes.quote.askPrice;quotes.quote.bidPrice;quotes.quote.closePrice;quotes.quote.highPrice;quotes.quote.lastPrice,chains.volatility;chains.putExpDateMap.*.volatility;chains.putExpDateMap.*.theoreticalVolatility,V3-B universal catch-all (CSV-derived vocabulary),NOT_MARKET_DATA,,,NOT_MARKET_DATA: scoped mechanical classifier tail; production wire reads tracked in governance/SCHWAB_V4_REVIEW_MEMOS cone walk
60b44382936f0a7da9ee,py,call_engine.py,1673,0,TEXT_LINE_MARKET_TOKEN,    # 6. TIME QUALIFIER — how long is this setup valid?,time long,chains.callExpDateMap.*.quoteTimeInLong;chains.callExpDateMap.*.timeValue;chains.callExpDateMap.*.tradeTimeInLong;chains.putExpDateMap.*.quoteTimeInLong;chains.putExpDateMap.*.timeValue;chains.putExpDateMap.*.tradeTimeInLong;chains.underlying.quoteTime;chains.underlying.tradeTime;quotes.extended.quoteTime;quotes.extended.tradeTime;quotes.quote.askTime;quotes.quote.bidTime;quotes.quote.quoteTime;quotes.quote.tradeTime;quotes.regular.regularMarketTradeTime;streaming.content.*.ASK_TIME_MILLIS;streaming.content.*.BID_TIME_MILLIS;streaming.content.*.BOOK_TIME;streaming.content.*.CHART_TIME_MILLIS;streaming.content.*.QUOTE_TIME_MILLIS;streaming.content.*.TRADE_TIME_MILLIS,chains.volatility;chains.putExpDateMap.*.theoreticalVolatility;chains.putExpDateMap.*.volatility,V3-B universal catch-all (CSV-derived vocabulary),NOT_MARKET_DATA,,,NOT_MARKET_DATA: scoped mechanical classifier tail; production wire reads tracked in governance/SCHWAB_V4_REVIEW_MEMOS cone walk
f632977017270923a5fa,py,call_engine.py,1679,0,TEXT_LINE_MARKET_TOKEN,    # STACK ORDER 10: Position Sizing / Execution ───────────────────────────────,order,,quotes.quote.askSize;quotes.quote.highPrice;quotes.quote.bidSize,V3-B universal catch-all (CSV-derived vocabulary),NOT_MARKET_DATA,,,NOT_MARKET_DATA: scoped mechanical classifier tail; production wire reads tracked in governance/SCHWAB_V4_REVIEW_MEMOS cone walk
8e5217824961c80548e8,py,call_engine.py,1680,0,TEXT_LINE_MARKET_TOKEN,"    # MUST run last, after Risk Engine (9). Produces r_units, execution_mode.",last risk,chains.callExpDateMap.*.last;chains.callExpDateMap.*.lastSize;chains.callExpDateMap.*.lastTradingDay;chains.putExpDateMap.*.last;chains.putExpDateMap.*.lastSize;chains.putExpDateMap.*.lastTradingDay;chains.underlying.last;movers.screeners.*.lastPrice;quotes.extended.lastPrice;quotes.extended.lastSize;quotes.fundamental.lastEarningsDate;quotes.quote.lastMICId;quotes.quote.lastPrice;quotes.quote.lastSize;quotes.regular.regularMarketLastPrice;quotes.regular.regularMarketLastSize;streaming.content.*.LAST_ID;streaming.content.*.LAST_MIC_ID;streaming.content.*.LAST_PRICE;streaming.content.*.LAST_SIZE;streaming.content.*.REGULAR_MARKET_LAST_PRICE;streaming.content.*.REGULAR_MARKET_LAST_SIZE,quotes.quote.askSize;streaming.content.*.ASK_SIZE;chains.putExpDateMap.*.rho,V3-B universal catch-all (CSV-derived vocabulary),NOT_MARKET_DATA,,,NOT_MARKET_DATA: scoped mechanical classifier tail; production wire reads tracked in governance/SCHWAB_V4_REVIEW_MEMOS cone walk
59b095b9379690992840,py,call_engine.py,1686,0,TEXT_LINE_MARKET_TOKEN,"    if final_signal == ""long"" and inp.call_gamma_wall:",long,chains.callExpDateMap.*.quoteTimeInLong;chains.callExpDateMap.*.tradeTimeInLong;chains.putExpDateMap.*.quoteTimeInLong;chains.putExpDateMap.*.tradeTimeInLong,chains.callExpDateMap.*.lowPrice;chains.callExpDateMap.*.bid;chains.callExpDateMap.*.gamma,V3-B universal catch-all (CSV-derived vocabulary),NOT_MARKET_DATA,,,NOT_MARKET_DATA: scoped mechanical classifier tail; production wire reads tracked in governance/SCHWAB_V4_REVIEW_MEMOS cone walk
51a958a2af7723e61dca,py,call_engine.py,1688,0,TEXT_LINE_MARKET_TOKEN,"    elif final_signal == ""short"" and inp.put_gamma_wall:",short,instruments.*.fundamental.shortIntDayToCover;instruments.*.fundamental.shortIntToFloat,chains.callExpDateMap.*.askSize;chains.callExpDateMap.*.bidSize;chains.callExpDateMap.*.theoreticalVolatility,V3-B universal catch-all (CSV-derived vocabulary),NOT_MARKET_DATA,,,NOT_MARKET_DATA: scoped mechanical classifier tail; production wire reads tracked in governance/SCHWAB_V4_REVIEW_MEMOS cone walk
dfea46c052c6a6da4c86,py,call_engine.py,1691,0,TEXT_LINE_MARKET_TOKEN,    # Check if void exists ahead of price in trade direction,price trade,chains.callExpDateMap.*.closePrice;chains.callExpDateMap.*.highPrice;chains.callExpDateMap.*.lowPrice;chains.callExpDateMap.*.openPrice;chains.callExpDateMap.*.strikePrice;chains.putExpDateMap.*.closePrice;chains.putExpDateMap.*.highPrice;chains.putExpDateMap.*.lowPrice;chains.putExpDateMap.*.openPrice;chains.putExpDateMap.*.strikePrice;chains.underlying.highPrice;chains.underlying.lowPrice;chains.underlying.openPrice;chains.underlyingPrice;movers.screeners.*.lastPrice;quotes.extended.askPrice;quotes.extended.bidPrice;quotes.extended.lastPrice;quotes.quote.askPrice;quotes.quote.bidPrice;quotes.quote.closePrice;quotes.quote.highPrice;quotes.quote.lastPrice;quotes.quote.lowPrice;quotes.quote.openPrice,chains.putExpDateMap.*.bidSize;chains.callExpDateMap.*.bidSize;quotes.quote.bidSize,V3-B universal catch-all (CSV-derived vocabulary),NOT_MARKET_DATA,,,NOT_MARKET_DATA: scoped mechanical classifier tail; production wire reads tracked in governance/SCHWAB_V4_REVIEW_MEMOS cone walk
c7de62ac45e90ca33b7b,py,call_engine.py,1694,0,TEXT_LINE_MARKET_TOKEN,    # (void detection already handled via sweep_score in server.py — approximate here),detection,,chains.putExpDateMap.*.bidSize;chains.putExpDateMap.*.askSize;chains.putExpDateMap.*.delta,V3-B universal catch-all (CSV-derived vocabulary),NOT_MARKET_DATA,,,NOT_MARKET_DATA: scoped mechanical classifier tail; production wire reads tracked in governance/SCHWAB_V4_REVIEW_MEMOS cone walk
b4d2a460d60c3eac2012,py,call_engine.py,1703,0,TEXT_LINE_MARKET_TOKEN,"        regime_confidence=getattr(regime, 'confidence', 'low') if regime else 'low',",regime low,chains.callExpDateMap.*.lowPrice;chains.putExpDateMap.*.lowPrice;chains.underlying.fiftyTwoWeekLow;chains.underlying.lowPrice;pricehistory.candles.*.low;quotes.quote.52WeekLow;quotes.quote.lowPrice;streaming.content.*.LOW_PRICE;streaming.content.*.LOW_PRICE_52_WEEK,streaming.content.*.BID_SIZE;chains.callExpDateMap.*.vega;chains.callExpDateMap.*.high52Week,V3-B universal catch-all (CSV-derived vocabulary),NOT_MARKET_DATA,,,NOT_MARKET_DATA: scoped mechanical classifier tail; production wire reads tracked in governance/SCHWAB_V4_REVIEW_MEMOS cone walk
41042cc465719bf7b2d8,py,call_engine.py,1713,0,TEXT_LINE_MARKET_TOKEN,"        fusion_confidence=getattr(fusion, 'fusion_confidence', 'low') if _fusion_available else 'low',",low,chains.callExpDateMap.*.lowPrice;chains.putExpDateMap.*.lowPrice;chains.underlying.fiftyTwoWeekLow;chains.underlying.lowPrice;pricehistory.candles.*.low;quotes.quote.52WeekLow;quotes.quote.lowPrice;streaming.content.*.LOW_PRICE;streaming.content.*.LOW_PRICE_52_WEEK,chains.underlying.totalVolume;chains.volatility;chains.underlying.askSize,V3-B universal catch-all (CSV-derived vocabulary),NOT_MARKET_DATA,,,NOT_MARKET_DATA: scoped mechanical classifier tail; production wire reads tracked in governance/SCHWAB_V4_REVIEW_MEMOS cone walk
309b9ab438fac7cf3612,py,call_engine.py,1728,0,TEXT_LINE_MARKET_TOKEN,"        and final_signal in (""long"", ""short"")",long short,chains.callExpDateMap.*.quoteTimeInLong;chains.callExpDateMap.*.tradeTimeInLong;chains.putExpDateMap.*.quoteTimeInLong;chains.putExpDateMap.*.tradeTimeInLong;instruments.*.fundamental.shortIntDayToCover;instruments.*.fundamental.shortIntToFloat,chains.callExpDateMap.*.optionDeliverablesList.*.symbol;chains.callExpDateMap.*.optionDeliverablesList;chains.underlying.bidSize,V3-B universal catch-all (CSV-derived vocabulary),NOT_MARKET_DATA,,,NOT_MARKET_DATA: scoped mechanical classifier tail; production wire reads tracked in governance/SCHWAB_V4_REVIEW_MEMOS cone walk
f4f9c0e6df5c55da0935,py,call_engine.py,1735,0,TEXT_LINE_MARKET_TOKEN,"    # 8. TIME WARNING (market close) — MUST run before headlines so final_signal,",time market close,chains.callExpDateMap.*.quoteTimeInLong;chains.callExpDateMap.*.timeValue;chains.callExpDateMap.*.tradeTimeInLong;chains.putExpDateMap.*.quoteTimeInLong;chains.putExpDateMap.*.timeValue;chains.putExpDateMap.*.tradeTimeInLong;chains.underlying.quoteTime;chains.underlying.tradeTime;quotes.extended.quoteTime;quotes.extended.tradeTime;quotes.quote.askTime;quotes.quote.bidTime;quotes.quote.quoteTime;quotes.quote.tradeTime;quotes.regular.regularMarketTradeTime;streaming.content.*.ASK_TIME_MILLIS;streaming.content.*.BID_TIME_MILLIS;streaming.content.*.BOOK_TIME;streaming.content.*.CHART_TIME_MILLIS;streaming.content.*.QUOTE_TIME_MILLIS;streaming.content.*.TRADE_TIME_MILLIS;instruments.*.fundamental.marketCap;instruments.*.fundamental.marketCapFloat;market_hours.bond;market_hours.bond.BON,chains.callExpDateMap.*.rho;chains.callExpDateMap.*.theta;chains.callExpDateMap.*.delta,V3-B universal catch-all (CSV-derived vocabulary),NOT_MARKET_DATA,,,NOT_MARKET_DATA: scoped mechanical classifier tail; production wire reads tracked in governance/SCHWAB_V4_REVIEW_MEMOS cone walk
fa1182d8c2b7a3211ba6,py,call_engine.py,1739,0,TEXT_LINE_MARKET_TOKEN,"        time_warning = f""{TIME_WARNING_PREFIX_STOP} Only {int(inp.mins_to_close)}min to close — no new entries.""",only int close,instruments.*.fundamental.shortIntDayToCover;instruments.*.fundamental.shortIntToFloat;chains.callExpDateMap.*.closePrice;chains.putExpDateMap.*.closePrice;chains.underlying.close;pricehistory.candles.*.close;quotes.quote.closePrice;streaming.content.*.CLOSE_PRICE,streaming.content.*.BID_TIME_MILLIS;streaming.content.*.BID_SIZE;streaming.content.*.DESCRIPTION,V3-B universal catch-all (CSV-derived vocabulary),NOT_MARKET_DATA,,,NOT_MARKET_DATA: scoped mechanical classifier tail; production wire reads tracked in governance/SCHWAB_V4_REVIEW_MEMOS cone walk
eac4dd966ec1f96a8a54,py,call_engine.py,1741,0,TEXT_LINE_MARKET_TOKEN,"        conviction   = ""low""",low,chains.callExpDateMap.*.lowPrice;chains.putExpDateMap.*.lowPrice;chains.underlying.fiftyTwoWeekLow;chains.underlying.lowPrice;pricehistory.candles.*.low;quotes.quote.52WeekLow;quotes.quote.lowPrice;streaming.content.*.LOW_PRICE;streaming.content.*.LOW_PRICE_52_WEEK,quotes.quote.lowPrice;chains.volatility;quotes.quote.bidPrice,V3-B universal catch-all (CSV-derived vocabulary),NOT_MARKET_DATA,,,NOT_MARKET_DATA: scoped mechanical classifier tail; production wire reads tracked in governance/SCHWAB_V4_REVIEW_MEMOS cone walk
e931a27b3866138e3fb7,py,call_engine.py,1745,0,TEXT_LINE_MARKET_TOKEN,"            ""detail"": f""≤{int(inp.mins_to_close)} min to close"",",int close,instruments.*.fundamental.shortIntDayToCover;instruments.*.fundamental.shortIntToFloat;chains.callExpDateMap.*.closePrice;chains.putExpDateMap.*.closePrice;chains.underlying.close;pricehistory.candles.*.close;quotes.quote.closePrice;streaming.content.*.CLOSE_PRICE,chains.volatility;chains.putExpDateMap.*.theoreticalVolatility;chains.callExpDateMap.*.bidSize,V3-B universal catch-all (CSV-derived vocabulary),NOT_MARKET_DATA,,,NOT_MARKET_DATA: scoped mechanical classifier tail; production wire reads tracked in governance/SCHWAB_V4_REVIEW_MEMOS cone walk
1126c7941aa8aa0dc07f,py,call_engine.py,1746,0,TEXT_LINE_MARKET_TOKEN,"            ""full_detail"": f""Only {int(inp.mins_to_close)} min to close — no new entries."",",only int close,instruments.*.fundamental.shortIntDayToCover;instruments.*.fundamental.shortIntToFloat;chains.callExpDateMap.*.closePrice;chains.putExpDateMap.*.closePrice;chains.underlying.close;pricehistory.candles.*.close;quotes.quote.closePrice;streaming.content.*.CLOSE_PRICE,chains.volatility;chains.callExpDateMap.*.optionDeliverablesList.*.symbol;chains.callExpDateMap.*.optionDeliverablesList.*.deliverableUnits,V3-B universal catch-all (CSV-derived vocabulary),NOT_MARKET_DATA,,,NOT_MARKET_DATA: scoped mechanical classifier tail; production wire reads tracked in governance/SCHWAB_V4_REVIEW_MEMOS cone walk
9f7b6fefa668b7a8c3eb,py,call_engine.py,1749,0,TEXT_LINE_MARKET_TOKEN,"        time_warning = f""{TIME_WARNING_PREFIX_ALERT} {int(inp.mins_to_close)}min to close — reduce size, quick trades only.""",int close size quick trades only,instruments.*.fundamental.shortIntDayToCover;instruments.*.fundamental.shortIntToFloat;chains.callExpDateMap.*.closePrice;chains.putExpDateMap.*.closePrice;chains.underlying.close;pricehistory.candles.*.close;quotes.quote.closePrice;streaming.content.*.CLOSE_PRICE;chains.callExpDateMap.*.askSize;chains.callExpDateMap.*.bidAskSize;chains.callExpDateMap.*.bidSize;chains.callExpDateMap.*.lastSize;chains.putExpDateMap.*.askSize;chains.putExpDateMap.*.bidAskSize;chains.putExpDateMap.*.bidSize;chains.putExpDateMap.*.lastSize;chains.underlying.askSize;chains.underlying.bidSize;quotes.extended.askSize;quotes.extended.bidSize;quotes.extended.lastSize;quotes.quote.askSize;quotes.quote.bidSize;quotes.quote.lastSize;quotes.regular.regularMarketLastSize,streaming.content.*.BID_SIZE;streaming.content.*.ASK_SIZE;streaming.content.*.BIDS.*.BID_PRICE,V3-B universal catch-all (CSV-derived vocabulary),NOT_MARKET_DATA,,,NOT_MARKET_DATA: scoped mechanical classifier tail; production wire reads tracked in governance/SCHWAB_V4_REVIEW_MEMOS cone walk
af03288839b5f0f6e785,py,call_engine.py,1752,0,TEXT_LINE_MARKET_TOKEN,"    elif inp.mins_to_close is None and final_signal in (""long"", ""short""):",long short,chains.callExpDateMap.*.quoteTimeInLong;chains.callExpDateMap.*.tradeTimeInLong;chains.putExpDateMap.*.quoteTimeInLong;chains.putExpDateMap.*.tradeTimeInLong;instruments.*.fundamental.shortIntDayToCover;instruments.*.fundamental.shortIntToFloat,chains.callExpDateMap.*.optionDeliverablesList.*.symbol;chains.callExpDateMap.*.optionDeliverablesList;chains.callExpDateMap.*.optionDeliverablesList.*,V3-B universal catch-all (CSV-derived vocabulary),NOT_MARKET_DATA,,,NOT_MARKET_DATA: scoped mechanical classifier tail; production wire reads tracked in governance/SCHWAB_V4_REVIEW_MEMOS cone walk
378f247ec16c685c6a81,py,call_engine.py,1753,0,TEXT_LINE_MARKET_TOKEN,"        time_warning = ""Session close time unknown — no new entries.""",session close time unknown,market_hours.bond.BON.sessionHours;market_hours.bond.BON.sessionHours.postMarket;market_hours.bond.BON.sessionHours.postMarket.*;market_hours.bond.BON.sessionHours.postMarket.*.end;market_hours.bond.BON.sessionHours.postMarket.*.start;market_hours.bond.BON.sessionHours.preMarket;market_hours.bond.BON.sessionHours.preMarket.*;market_hours.bond.BON.sessionHours.preMarket.*.end;market_hours.bond.BON.sessionHours.preMarket.*.start;market_hours.bond.BON.sessionHours.regularMarket;market_hours.bond.BON.sessionHours.regularMarket.*;market_hours.bond.BON.sessionHours.regularMarket.*.end;market_hours.bond.BON.sessionHours.regularMarket.*.start;market_hours.equity.EQ.sessionHours;market_hours.equity.EQ.sessionHours.postMarket;market_hours.equity.EQ.sessionHours.postMarket.*;market_hours.equity.EQ.sessionHours.postMarket.*.end;market_hours.equity.EQ.sessionHours.postMarket.*.start;market_hours.equity.EQ.sessionHours.preMarket;market_hours.equity.EQ.sessionHours.preMarket.*;market_hours.equity.EQ.sessionHours.preMarket.*.end;market_hours.equity.EQ.sessionHours.preMarket.*.start;market_hours.equity.EQ.sessionHours.regularMarket;market_hours.equity.EQ.sessionHours.regularMarket.*;market_hours.equity.EQ.sessionHours.regularMarket.*.end,streaming.service;pricehistory.candles.*.datetime;streaming.,V3-B universal catch-all (CSV-derived vocabulary),NOT_MARKET_DATA,,,NOT_MARKET_DATA: scoped mechanical classifier tail; production wire reads tracked in governance/SCHWAB_V4_REVIEW_MEMOS cone walk
8e0cc6d13b8442d7dd4a,py,call_engine.py,1755,0,TEXT_LINE_MARKET_TOKEN,"        conviction = ""low""",low,chains.callExpDateMap.*.lowPrice;chains.putExpDateMap.*.lowPrice;chains.underlying.fiftyTwoWeekLow;chains.underlying.lowPrice;pricehistory.candles.*.low;quotes.quote.52WeekLow;quotes.quote.lowPrice;streaming.content.*.LOW_PRICE;streaming.content.*.LOW_PRICE_52_WEEK,chains.callExpDateMap.*.optionRoot;chains.volatility;quotes.quote.lowPrice,V3-B universal catch-all (CSV-derived vocabulary),NOT_MARKET_DATA,,,NOT_MARKET_DATA: scoped mechanical classifier tail; production wire reads tracked in governance/SCHWAB_V4_REVIEW_MEMOS cone walk
2233068927b1b2600106,py,call_engine.py,1760,0,TEXT_LINE_MARKET_TOKEN,"            ""full_detail"": ""Session close time unknown — no new entries."",",session close time unknown,market_hours.bond.BON.sessionHours;market_hours.bond.BON.sessionHours.postMarket;market_hours.bond.BON.sessionHours.postMarket.*;market_hours.bond.BON.sessionHours.postMarket.*.end;market_hours.bond.BON.sessionHours.postMarket.*.start;market_hours.bond.BON.sessionHours.preMarket;market_hours.bond.BON.sessionHours.preMarket.*;market_hours.bond.BON.sessionHours.preMarket.*.end;market_hours.bond.BON.sessionHours.preMarket.*.start;market_hours.bond.BON.sessionHours.regularMarket;market_hours.bond.BON.sessionHours.regularMarket.*;market_hours.bond.BON.sessionHours.regularMarket.*.end;market_hours.bond.BON.sessionHours.regularMarket.*.start;market_hours.equity.EQ.sessionHours;market_hours.equity.EQ.sessionHours.postMarket;market_hours.equity.EQ.sessionHours.postMarket.*;market_hours.equity.EQ.sessionHours.postMarket.*.end;market_hours.equity.EQ.sessionHours.postMarket.*.start;market_hours.equity.EQ.sessionHours.preMarket;market_hours.equity.EQ.sessionHours.preMarket.*;market_hours.equity.EQ.sessionHours.preMarket.*.end;market_hours.equity.EQ.sessionHours.preMarket.*.start;market_hours.equity.EQ.sessionHours.regularMarket;market_hours.equity.EQ.sessionHours.regularMarket.*;market_hours.equity.EQ.sessionHours.regularMarket.*.end,quotes.extended.lastSize;quotes.quote.closePrice;quotes.extended.lastPrice,V3-B universal catch-all (CSV-derived vocabulary),NOT_MARKET_DATA,,,NOT_MARKET_DATA: scoped mechanical classifier tail; production wire reads tracked in governance/SCHWAB_V4_REVIEW_MEMOS cone walk
44b706365890c230b040,py,call_engine.py,1767,0,TEXT_LINE_MARKET_TOKEN,    # ── Diagnostics: log call decision bundle when signal=wait (set log level DEBUG to see),call,chains.callExpDateMap;chains.callExpDateMap.*;chains.callExpDateMap.*.ask;chains.callExpDateMap.*.askSize;chains.callExpDateMap.*.bid;chains.callExpDateMap.*.bidAskSize;chains.callExpDateMap.*.bidSize;chains.callExpDateMap.*.closePrice;chains.callExpDateMap.*.daysToExpiration;chains.callExpDateMap.*.deliverableNote;chains.callExpDateMap.*.delta;chains.callExpDateMap.*.description;chains.callExpDateMap.*.exchangeName;chains.callExpDateMap.*.exerciseType;chains.callExpDateMap.*.expirationDate;chains.callExpDateMap.*.expirationType;chains.callExpDateMap.*.extrinsicValue;chains.callExpDateMap.*.gamma;chains.callExpDateMap.*.high52Week;chains.callExpDateMap.*.highPrice;chains.callExpDateMap.*.inTheMoney;chains.callExpDateMap.*.intrinsicValue;chains.callExpDateMap.*.last;chains.callExpDateMap.*.lastSize;chains.callExpDateMap.*.lastTradingDay,chains.volatility;chains.callExpDateMap.*.delta;chains.callExpDateMap.*.volatility,V3-B universal catch-all (CSV-derived vocabulary),NOT_MARKET_DATA,,,NOT_MARKET_DATA: scoped mechanical classifier tail; production wire reads tracked in governance/SCHWAB_V4_REVIEW_MEMOS cone walk
fb06f434ff081795ef0d,python,call_engine.py,317,11,PYTHON_GETATTR_SETATTR,getattr(...),getattr,,chains.putExpDateMap.*.volatility;streaming.content.*.REGULAR_MARKET_TRADE;streaming.content.*.REGULAR_MARKET_LAST_PRICE,V3 G2 dynamic dispatch,NOT_MARKET_DATA,,,NOT_MARKET_DATA: scoped mechanical classifier tail; production wire reads tracked in governance/SCHWAB_V4_REVIEW_MEMOS cone walk
024cf149cd91288e9726,python,call_engine.py,318,10,PYTHON_GETATTR_SETATTR,getattr(...),getattr,,chains.putExpDateMap.*.volatility;streaming.content.*.REGULAR_MARKET_TRADE;streaming.content.*.REGULAR_MARKET_LAST_PRICE,V3 G2 dynamic dispatch,NOT_MARKET_DATA,,,NOT_MARKET_DATA: scoped mechanical classifier tail; production wire reads tracked in governance/SCHWAB_V4_REVIEW_MEMOS cone walk
b86964f7138badc98f3c,python,call_engine.py,319,13,PYTHON_GETATTR_SETATTR,getattr(...),getattr,,chains.putExpDateMap.*.volatility;streaming.content.*.REGULAR_MARKET_TRADE;streaming.content.*.REGULAR_MARKET_LAST_PRICE,V3 G2 dynamic dispatch,NOT_MARKET_DATA,,,NOT_MARKET_DATA: scoped mechanical classifier tail; production wire reads tracked in governance/SCHWAB_V4_REVIEW_MEMOS cone walk
05dab4675f51f953f0e2,python,call_engine.py,320,13,PYTHON_GETATTR_SETATTR,getattr(...),getattr,,chains.putExpDateMap.*.volatility;streaming.content.*.REGULAR_MARKET_TRADE;streaming.content.*.REGULAR_MARKET_LAST_PRICE,V3 G2 dynamic dispatch,NOT_MARKET_DATA,,,NOT_MARKET_DATA: scoped mechanical classifier tail; production wire reads tracked in governance/SCHWAB_V4_REVIEW_MEMOS cone walk
a76de392583b93c0cc1c,python,call_engine.py,1375,19,PYTHON_GETATTR_SETATTR,getattr(...),getattr,,chains.putExpDateMap.*.volatility;streaming.content.*.REGULAR_MARKET_TRADE;streaming.content.*.REGULAR_MARKET_LAST_PRICE,V3 G2 dynamic dispatch,NOT_MARKET_DATA,,,NOT_MARKET_DATA: scoped mechanical classifier tail; production wire reads tracked in governance/SCHWAB_V4_REVIEW_MEMOS cone walk
acb7eaf75763419331d8,python,call_engine.py,1202,16,PYTHON_GETATTR_SETATTR,getattr(...),getattr,,chains.putExpDateMap.*.volatility;streaming.content.*.REGULAR_MARKET_TRADE;streaming.content.*.REGULAR_MARKET_LAST_PRICE,V3 G2 dynamic dispatch,NOT_MARKET_DATA,,,NOT_MARKET_DATA: scoped mechanical classifier tail; production wire reads tracked in governance/SCHWAB_V4_REVIEW_MEMOS cone walk
8322141e931dccd4a2cc,python,call_engine.py,1203,19,PYTHON_GETATTR_SETATTR,getattr(...),getattr,,chains.putExpDateMap.*.volatility;streaming.content.*.REGULAR_MARKET_TRADE;streaming.content.*.REGULAR_MARKET_LAST_PRICE,V3 G2 dynamic dispatch,NOT_MARKET_DATA,,,NOT_MARKET_DATA: scoped mechanical classifier tail; production wire reads tracked in governance/SCHWAB_V4_REVIEW_MEMOS cone walk
9e51cdb9a0b556b639f1,python,call_engine.py,1223,13,PYTHON_GETATTR_SETATTR,getattr(...),getattr,,chains.putExpDateMap.*.volatility;streaming.content.*.REGULAR_MARKET_TRADE;streaming.content.*.REGULAR_MARKET_LAST_PRICE,V3 G2 dynamic dispatch,NOT_MARKET_DATA,,,NOT_MARKET_DATA: scoped mechanical classifier tail; production wire reads tracked in governance/SCHWAB_V4_REVIEW_MEMOS cone walk
2ba377488ac64b633f25,python,call_engine.py,1271,29,PYTHON_GETATTR_SETATTR,getattr(...),getattr,,chains.putExpDateMap.*.volatility;streaming.content.*.REGULAR_MARKET_TRADE;streaming.content.*.REGULAR_MARKET_LAST_PRICE,V3 G2 dynamic dispatch,NOT_MARKET_DATA,,,NOT_MARKET_DATA: scoped mechanical classifier tail; production wire reads tracked in governance/SCHWAB_V4_REVIEW_MEMOS cone walk
660259cbc65f5972d6d6,python,call_engine.py,1272,17,PYTHON_GETATTR_SETATTR,getattr(...),getattr,,chains.putExpDateMap.*.volatility;streaming.content.*.REGULAR_MARKET_TRADE;streaming.content.*.REGULAR_MARKET_LAST_PRICE,V3 G2 dynamic dispatch,NOT_MARKET_DATA,,,NOT_MARKET_DATA: scoped mechanical classifier tail; production wire reads tracked in governance/SCHWAB_V4_REVIEW_MEMOS cone walk
e093ba11429a84cab0b1,python,call_engine.py,1295,17,PYTHON_GETATTR_SETATTR,getattr(...),getattr,,chains.putExpDateMap.*.volatility;streaming.content.*.REGULAR_MARKET_TRADE;streaming.content.*.REGULAR_MARKET_LAST_PRICE,V3 G2 dynamic dispatch,NOT_MARKET_DATA,,,NOT_MARKET_DATA: scoped mechanical classifier tail; production wire reads tracked in governance/SCHWAB_V4_REVIEW_MEMOS cone walk
c8bb9b2e9bfd24bb689a,python,call_engine.py,1296,20,PYTHON_GETATTR_SETATTR,getattr(...),getattr,,chains.putExpDateMap.*.volatility;streaming.content.*.REGULAR_MARKET_TRADE;streaming.content.*.REGULAR_MARKET_LAST_PRICE,V3 G2 dynamic dispatch,NOT_MARKET_DATA,,,NOT_MARKET_DATA: scoped mechanical classifier tail; production wire reads tracked in governance/SCHWAB_V4_REVIEW_MEMOS cone walk
ac23e57635a0eeb9ee00,python,call_engine.py,1380,20,PYTHON_GETATTR_SETATTR,getattr(...),getattr,,chains.putExpDateMap.*.volatility;streaming.content.*.REGULAR_MARKET_TRADE;streaming.content.*.REGULAR_MARKET_LAST_PRICE,V3 G2 dynamic dispatch,NOT_MARKET_DATA,,,NOT_MARKET_DATA: scoped mechanical classifier tail; production wire reads tracked in governance/SCHWAB_V4_REVIEW_MEMOS cone walk
51b4002671afc24efd62,python,call_engine.py,1381,22,PYTHON_GETATTR_SETATTR,getattr(...),getattr,,chains.putExpDateMap.*.volatility;streaming.content.*.REGULAR_MARKET_TRADE;streaming.content.*.REGULAR_MARKET_LAST_PRICE,V3 G2 dynamic dispatch,NOT_MARKET_DATA,,,NOT_MARKET_DATA: scoped mechanical classifier tail; production wire reads tracked in governance/SCHWAB_V4_REVIEW_MEMOS cone walk
b416264f7508cce3080c,python,call_engine.py,1382,21,PYTHON_GETATTR_SETATTR,getattr(...),getattr,,chains.putExpDateMap.*.volatility;streaming.content.*.REGULAR_MARKET_TRADE;streaming.content.*.REGULAR_MARKET_LAST_PRICE,V3 G2 dynamic dispatch,NOT_MARKET_DATA,,,NOT_MARKET_DATA: scoped mechanical classifier tail; production wire reads tracked in governance/SCHWAB_V4_REVIEW_MEMOS cone walk
9c200d9500aea9911a55,python,call_engine.py,1383,21,PYTHON_GETATTR_SETATTR,getattr(...),getattr,,chains.putExpDateMap.*.volatility;streaming.content.*.REGULAR_MARKET_TRADE;streaming.content.*.REGULAR_MARKET_LAST_PRICE,V3 G2 dynamic dispatch,NOT_MARKET_DATA,,,NOT_MARKET_DATA: scoped mechanical classifier tail; production wire reads tracked in governance/SCHWAB_V4_REVIEW_MEMOS cone walk
deaeb9a962565a4e9ea6,python,call_engine.py,1384,26,PYTHON_GETATTR_SETATTR,getattr(...),getattr,,chains.putExpDateMap.*.volatility;streaming.content.*.REGULAR_MARKET_TRADE;streaming.content.*.REGULAR_MARKET_LAST_PRICE,V3 G2 dynamic dispatch,NOT_MARKET_DATA,,,NOT_MARKET_DATA: scoped mechanical classifier tail; production wire reads tracked in governance/SCHWAB_V4_REVIEW_MEMOS cone walk
8a19ac2a596db1ed11ea,python,call_engine.py,1385,26,PYTHON_GETATTR_SETATTR,getattr(...),getattr,,chains.putExpDateMap.*.volatility;streaming.content.*.REGULAR_MARKET_TRADE;streaming.content.*.REGULAR_MARKET_LAST_PRICE,V3 G2 dynamic dispatch,NOT_MARKET_DATA,,,NOT_MARKET_DATA: scoped mechanical classifier tail; production wire reads tracked in governance/SCHWAB_V4_REVIEW_MEMOS cone walk
422a3e8ace045c6424da,python,call_engine.py,1392,20,PYTHON_GETATTR_SETATTR,getattr(...),getattr,,chains.putExpDateMap.*.volatility;streaming.content.*.REGULAR_MARKET_TRADE;streaming.content.*.REGULAR_MARKET_LAST_PRICE,V3 G2 dynamic dispatch,NOT_MARKET_DATA,,,NOT_MARKET_DATA: scoped mechanical classifier tail; production wire reads tracked in governance/SCHWAB_V4_REVIEW_MEMOS cone walk
e3d3ad76996551bbb697,python,call_engine.py,1693,20,PYTHON_GETATTR_SETATTR,getattr(...),getattr,,chains.putExpDateMap.*.volatility;streaming.content.*.REGULAR_MARKET_TRADE;streaming.content.*.REGULAR_MARKET_LAST_PRICE,V3 G2 dynamic dispatch,NOT_MARKET_DATA,,,NOT_MARKET_DATA: scoped mechanical classifier tail; production wire reads tracked in governance/SCHWAB_V4_REVIEW_MEMOS cone walk
8efcd388f0a6410e7af2,python,call_engine.py,166,15,PYTHON_GETATTR_SETATTR,getattr(...),getattr,,chains.putExpDateMap.*.volatility;streaming.content.*.REGULAR_MARKET_TRADE;streaming.content.*.REGULAR_MARKET_LAST_PRICE,V3 G2 dynamic dispatch,NOT_MARKET_DATA,,,NOT_MARKET_DATA: scoped mechanical classifier tail; production wire reads tracked in governance/SCHWAB_V4_REVIEW_MEMOS cone walk
a9373bf62cc4fa1933c9,python,call_engine.py,315,25,PYTHON_GETATTR_SETATTR,getattr(...),getattr,,chains.putExpDateMap.*.volatility;streaming.content.*.REGULAR_MARKET_TRADE;streaming.content.*.REGULAR_MARKET_LAST_PRICE,V3 G2 dynamic dispatch,NOT_MARKET_DATA,,,NOT_MARKET_DATA: scoped mechanical classifier tail; production wire reads tracked in governance/SCHWAB_V4_REVIEW_MEMOS cone walk
720ac5819efae96ad75f,python,call_engine.py,752,12,PYTHON_GETATTR_SETATTR,getattr(...),getattr,,chains.putExpDateMap.*.volatility;streaming.content.*.REGULAR_MARKET_TRADE;streaming.content.*.REGULAR_MARKET_LAST_PRICE,V3 G2 dynamic dispatch,NOT_MARKET_DATA,,,NOT_MARKET_DATA: scoped mechanical classifier tail; production wire reads tracked in governance/SCHWAB_V4_REVIEW_MEMOS cone walk
c3a0ceaf213d1daf1951,python,call_engine.py,1196,35,PYTHON_GETATTR_SETATTR,getattr(...),getattr,,chains.putExpDateMap.*.volatility;streaming.content.*.REGULAR_MARKET_TRADE;streaming.content.*.REGULAR_MARKET_LAST_PRICE,V3 G2 dynamic dispatch,NOT_MARKET_DATA,,,NOT_MARKET_DATA: scoped mechanical classifier tail; production wire reads tracked in governance/SCHWAB_V4_REVIEW_MEMOS cone walk
3348b512ac7baec846ad,python,call_engine.py,1408,15,PYTHON_GETATTR_SETATTR,getattr(...),getattr,,chains.putExpDateMap.*.volatility;streaming.content.*.REGULAR_MARKET_TRADE;streaming.content.*.REGULAR_MARKET_LAST_PRICE,V3 G2 dynamic dispatch,NOT_MARKET_DATA,,,NOT_MARKET_DATA: scoped mechanical classifier tail; production wire reads tracked in governance/SCHWAB_V4_REVIEW_MEMOS cone walk
7af1a4cc30fb3d86ccf4,python,call_engine.py,1408,69,PYTHON_GETATTR_SETATTR,getattr(...),getattr,,chains.putExpDateMap.*.volatility;streaming.content.*.REGULAR_MARKET_TRADE;streaming.content.*.REGULAR_MARKET_LAST_PRICE,V3 G2 dynamic dispatch,NOT_MARKET_DATA,,,NOT_MARKET_DATA: scoped mechanical classifier tail; production wire reads tracked in governance/SCHWAB_V4_REVIEW_MEMOS cone walk
77cb7ba343a6b181d8f1,python,call_engine.py,1470,16,PYTHON_GETATTR_SETATTR,getattr(...),getattr,,chains.putExpDateMap.*.volatility;streaming.content.*.REGULAR_MARKET_TRADE;streaming.content.*.REGULAR_MARKET_LAST_PRICE,V3 G2 dynamic dispatch,NOT_MARKET_DATA,,,NOT_MARKET_DATA: scoped mechanical classifier tail; production wire reads tracked in governance/SCHWAB_V4_REVIEW_MEMOS cone walk
e8ad4c968dd8dbada0eb,python,call_engine.py,1227,29,PYTHON_GETATTR_SETATTR,getattr(...),getattr,,chains.putExpDateMap.*.volatility;streaming.content.*.REGULAR_MARKET_TRADE;streaming.content.*.REGULAR_MARKET_LAST_PRICE,V3 G2 dynamic dispatch,NOT_MARKET_DATA,,,NOT_MARKET_DATA: scoped mechanical classifier tail; production wire reads tracked in governance/SCHWAB_V4_REVIEW_MEMOS cone walk
f448bc99593ea1ebfb00,python,call_engine.py,1275,25,PYTHON_GETATTR_SETATTR,getattr(...),getattr,,chains.putExpDateMap.*.volatility;streaming.content.*.REGULAR_MARKET_TRADE;streaming.content.*.REGULAR_MARKET_LAST_PRICE,V3 G2 dynamic dispatch,NOT_MARKET_DATA,,,NOT_MARKET_DATA: scoped mechanical classifier tail; production wire reads tracked in governance/SCHWAB_V4_REVIEW_MEMOS cone walk
46bcf69d7446734de139,python,call_engine.py,1703,26,PYTHON_GETATTR_SETATTR,getattr(...),getattr,,chains.putExpDateMap.*.volatility;streaming.content.*.REGULAR_MARKET_TRADE;streaming.content.*.REGULAR_MARKET_LAST_PRICE,V3 G2 dynamic dispatch,NOT_MARKET_DATA,,,NOT_MARKET_DATA: scoped mechanical classifier tail; production wire reads tracked in governance/SCHWAB_V4_REVIEW_MEMOS cone walk
a3d3552d17ff58e4f59f,python,call_engine.py,1708,15,PYTHON_GETATTR_SETATTR,getattr(...),getattr,,chains.putExpDateMap.*.volatility;streaming.content.*.REGULAR_MARKET_TRADE;streaming.content.*.REGULAR_MARKET_LAST_PRICE,V3 G2 dynamic dispatch,NOT_MARKET_DATA,,,NOT_MARKET_DATA: scoped mechanical classifier tail; production wire reads tracked in governance/SCHWAB_V4_REVIEW_MEMOS cone walk
60da4495cadeb2900168,python,call_engine.py,1709,15,PYTHON_GETATTR_SETATTR,getattr(...),getattr,,chains.putExpDateMap.*.volatility;streaming.content.*.REGULAR_MARKET_TRADE;streaming.content.*.REGULAR_MARKET_LAST_PRICE,V3 G2 dynamic dispatch,NOT_MARKET_DATA,,,NOT_MARKET_DATA: scoped mechanical classifier tail; production wire reads tracked in governance/SCHWAB_V4_REVIEW_MEMOS cone walk
72e52293b1262aea1f0e,python,call_engine.py,1710,23,PYTHON_GETATTR_SETATTR,getattr(...),getattr,,chains.putExpDateMap.*.volatility;streaming.content.*.REGULAR_MARKET_TRADE;streaming.content.*.REGULAR_MARKET_LAST_PRICE,V3 G2 dynamic dispatch,NOT_MARKET_DATA,,,NOT_MARKET_DATA: scoped mechanical classifier tail; production wire reads tracked in governance/SCHWAB_V4_REVIEW_MEMOS cone walk
c5ee6268de8262065a78,python,call_engine.py,1711,21,PYTHON_GETATTR_SETATTR,getattr(...),getattr,,chains.putExpDateMap.*.volatility;streaming.content.*.REGULAR_MARKET_TRADE;streaming.content.*.REGULAR_MARKET_LAST_PRICE,V3 G2 dynamic dispatch,NOT_MARKET_DATA,,,NOT_MARKET_DATA: scoped mechanical classifier tail; production wire reads tracked in governance/SCHWAB_V4_REVIEW_MEMOS cone walk
3d785ac45e8bcb6b358f,python,call_engine.py,1712,24,PYTHON_GETATTR_SETATTR,getattr(...),getattr,,chains.putExpDateMap.*.volatility;streaming.content.*.REGULAR_MARKET_TRADE;streaming.content.*.REGULAR_MARKET_LAST_PRICE,V3 G2 dynamic dispatch,NOT_MARKET_DATA,,,NOT_MARKET_DATA: scoped mechanical classifier tail; production wire reads tracked in governance/SCHWAB_V4_REVIEW_MEMOS cone walk
9a86125c9ba94d809ce2,python,call_engine.py,1713,26,PYTHON_GETATTR_SETATTR,getattr(...),getattr,,chains.putExpDateMap.*.volatility;streaming.content.*.REGULAR_MARKET_TRADE;streaming.content.*.REGULAR_MARKET_LAST_PRICE,V3 G2 dynamic dispatch,NOT_MARKET_DATA,,,NOT_MARKET_DATA: scoped mechanical classifier tail; production wire reads tracked in governance/SCHWAB_V4_REVIEW_MEMOS cone walk
215d98a839300c6e1cdd,python,call_engine.py,1715,12,PYTHON_GETATTR_SETATTR,getattr(...),getattr,,chains.putExpDateMap.*.volatility;streaming.content.*.REGULAR_MARKET_TRADE;streaming.content.*.REGULAR_MARKET_LAST_PRICE,V3 G2 dynamic dispatch,NOT_MARKET_DATA,,,NOT_MARKET_DATA: scoped mechanical classifier tail; production wire reads tracked in governance/SCHWAB_V4_REVIEW_MEMOS cone walk
0c861f75eaab253909a5,python,call_engine.py,1240,33,PYTHON_GETATTR_SETATTR,getattr(...),getattr,,chains.putExpDateMap.*.volatility;streaming.content.*.REGULAR_MARKET_TRADE;streaming.content.*.REGULAR_MARKET_LAST_PRICE,V3 G2 dynamic dispatch,NOT_MARKET_DATA,,,NOT_MARKET_DATA: scoped mechanical classifier tail; production wire reads tracked in governance/SCHWAB_V4_REVIEW_MEMOS cone walk
203d17889890f286e654,python,call_engine.py,1241,29,PYTHON_GETATTR_SETATTR,getattr(...),getattr,,chains.putExpDateMap.*.volatility;streaming.content.*.REGULAR_MARKET_TRADE;streaming.content.*.REGULAR_MARKET_LAST_PRICE,V3 G2 dynamic dispatch,NOT_MARKET_DATA,,,NOT_MARKET_DATA: scoped mechanical classifier tail; production wire reads tracked in governance/SCHWAB_V4_REVIEW_MEMOS cone walk
0acb71270c6153cf54ef,python,call_engine.py,1445,12,PYTHON_GETATTR_SETATTR,getattr(...),getattr,,chains.putExpDateMap.*.volatility;streaming.content.*.REGULAR_MARKET_TRADE;streaming.content.*.REGULAR_MARKET_LAST_PRICE,V3 G2 dynamic dispatch,NOT_MARKET_DATA,,,NOT_MARKET_DATA: scoped mechanical classifier tail; production wire reads tracked in governance/SCHWAB_V4_REVIEW_MEMOS cone walk
bafe35e265e7413de636,python,call_engine.py,462,19,PYTHON_GETATTR_SETATTR,getattr(...),getattr,,chains.putExpDateMap.*.volatility;streaming.content.*.REGULAR_MARKET_TRADE;streaming.content.*.REGULAR_MARKET_LAST_PRICE,V3 G2 dynamic dispatch,NOT_MARKET_DATA,,,NOT_MARKET_DATA: scoped mechanical classifier tail; production wire reads tracked in governance/SCHWAB_V4_REVIEW_MEMOS cone walk
78e3f9ead0f49c27ed19,python,call_engine.py,463,20,PYTHON_GETATTR_SETATTR,getattr(...),getattr,,chains.putExpDateMap.*.volatility;streaming.content.*.REGULAR_MARKET_TRADE;streaming.content.*.REGULAR_MARKET_LAST_PRICE,V3 G2 dynamic dispatch,NOT_MARKET_DATA,,,NOT_MARKET_DATA: scoped mechanical classifier tail; production wire reads tracked in governance/SCHWAB_V4_REVIEW_MEMOS cone walk
bcc48a59c00ebc718cae,python,call_engine.py,748,12,PYTHON_GETATTR_SETATTR,getattr(...),getattr,,chains.putExpDateMap.*.volatility;streaming.content.*.REGULAR_MARKET_TRADE;streaming.content.*.REGULAR_MARKET_LAST_PRICE,V3 G2 dynamic dispatch,NOT_MARKET_DATA,,,NOT_MARKET_DATA: scoped mechanical classifier tail; production wire reads tracked in governance/SCHWAB_V4_REVIEW_MEMOS cone walk
5c67e647ee15fb744a0c,python,call_engine.py,1502,53,PYTHON_GETATTR_SETATTR,getattr(...),getattr,,chains.putExpDateMap.*.volatility;streaming.content.*.REGULAR_MARKET_TRADE;streaming.content.*.REGULAR_MARKET_LAST_PRICE,V3 G2 dynamic dispatch,NOT_MARKET_DATA,,,NOT_MARKET_DATA: scoped mechanical classifier tail; production wire reads tracked in governance/SCHWAB_V4_REVIEW_MEMOS cone walk
feb4c5d872a765e13803,python,call_engine.py,208,20,REGISTRY_DISPATCH,string-keyed dict len=6,trend_continuation breakout reversal fade mean_reversion none,,streaming.content.*.ASK_SIZE;streaming.content.*.BID_SIZE;streaming.content.*.ASKS.*.TOTAL_VOLUME,V3 G2 registry sweep,NOT_MARKET_DATA,,,NOT_MARKET_DATA: scoped mechanical classifier tail; production wire reads tracked in governance/SCHWAB_V4_REVIEW_MEMOS cone walk
b9be9bfe8ec85b5c3de5,python,call_engine.py,332,18,BINOP_MARKET_IDENT,BinOp with CSV-vocabulary identifiers,exp,chains.callExpDateMap;chains.callExpDateMap.*;chains.callExpDateMap.*.ask;chains.callExpDateMap.*.askSize;chains.callExpDateMap.*.bid;chains.callExpDateMap.*.bidAskSize;chains.callExpDateMap.*.bidSize;chains.callExpDateMap.*.closePrice;chains.callExpDateMap.*.daysToExpiration;chains.callExpDateMap.*.deliverableNote;chains.callExpDateMap.*.delta;chains.callExpDateMap.*.description;chains.callExpDateMap.*.exchangeName;chains.callExpDateMap.*.exerciseType;chains.callExpDateMap.*.expirationDate;chains.callExpDateMap.*.expirationType;chains.callExpDateMap.*.extrinsicValue;chains.callExpDateMap.*.gamma;chains.callExpDateMap.*.high52Week;chains.callExpDateMap.*.highPrice;chains.callExpDateMap.*.inTheMoney;chains.callExpDateMap.*.intrinsicValue;chains.callExpDateMap.*.last;chains.callExpDateMap.*.lastSize;chains.callExpDateMap.*.lastTradingDay,chains.putExpDateMap.*.high52Week;chains.putExpDateMap.*.low52Week;chains.callExpDateMap.*.high52Week,V3 G1 Python,NOT_MARKET_DATA,,,NOT_MARKET_DATA: scoped mechanical classifier tail; production wire reads tracked in governance/SCHWAB_V4_REVIEW_MEMOS cone walk
2b997ae2b93fe28a4b21,python,call_engine.py,363,17,DICT_GET_MARKET_DEFAULT,".get('long_count', default)",long_count get,,streaming.content.*.TOTAL_VOLUME;streaming.content.*.BIDS.*.TOTAL_VOLUME;streaming.content.*.ASKS.*.TOTAL_VOLUME,V3 G1 Python,NOT_MARKET_DATA,,,NOT_MARKET_DATA: scoped mechanical classifier tail; production wire reads tracked in governance/SCHWAB_V4_REVIEW_MEMOS cone walk
2722f33c0777a849eedf,python,call_engine.py,364,17,DICT_GET_MARKET_DEFAULT,".get('short_count', default)",short_count get,,streaming.content.*.ASKS.*.TOTAL_VOLUME;streaming.content.*.BIDS.*.TOTAL_VOLUME;streaming.content.*.SECURITY_STATUS,V3 G1 Python,NOT_MARKET_DATA,,,NOT_MARKET_DATA: scoped mechanical classifier tail; production wire reads tracked in governance/SCHWAB_V4_REVIEW_MEMOS cone walk
af68b3685e1350eb4213,python,call_engine.py,366,17,DICT_GET_MARKET_DEFAULT,".get('long_names', default)",long_names get,,streaming.content.*.REGULAR_MARKET_LAST_SIZE;streaming.content.*.REGULAR_MARKET_NET_CHANGE;streaming.content.*.ASKS.*.TOTAL_VOLUME,V3 G1 Python,NOT_MARKET_DATA,,,NOT_MARKET_DATA: scoped mechanical classifier tail; production wire reads tracked in governance/SCHWAB_V4_REVIEW_MEMOS cone walk
976cf12ed3834fef9923,python,call_engine.py,367,17,DICT_GET_MARKET_DEFAULT,".get('short_names', default)",short_names get,,streaming.content.*.ASK_SIZE;streaming.content.*.ASKS.*.TOTAL_VOLUME;chains.putExpDateMap.*.theta,V3 G1 Python,NOT_MARKET_DATA,,,NOT_MARKET_DATA: scoped mechanical classifier tail; production wire reads tracked in governance/SCHWAB_V4_REVIEW_MEMOS cone walk
37a1a5e36f90d080e98b,python,call_engine.py,490,19,BINOP_MARKET_IDENT,BinOp with CSV-vocabulary identifiers,float,instruments.*.fundamental.marketCapFloat;instruments.*.fundamental.shortIntToFloat,chains.callExpDateMap.*.theoreticalVolatility;chains.callExpDateMap.*.totalVolume;chains.putExpDateMap.*.theoreticalVolatility,V3 G1 Python,NOT_MARKET_DATA,,,NOT_MARKET_DATA: scoped mechanical classifier tail; production wire reads tracked in governance/SCHWAB_V4_REVIEW_MEMOS cone walk
bed550b28bbfeead011b,python,call_engine.py,491,17,BINOP_MARKET_IDENT,BinOp with CSV-vocabulary identifiers,float,instruments.*.fundamental.marketCapFloat;instruments.*.fundamental.shortIntToFloat,chains.callExpDateMap.*.theoreticalVolatility;chains.callExpDateMap.*.totalVolume;chains.putExpDateMap.*.theoreticalVolatility,V3 G1 Python,NOT_MARKET_DATA,,,NOT_MARKET_DATA: scoped mechanical classifier tail; production wire reads tracked in governance/SCHWAB_V4_REVIEW_MEMOS cone walk
58ef145a89c7bd91b483,python,call_engine.py,732,14,REGISTRY_DISPATCH,string-keyed dict len=3,low medium high,chains.callExpDateMap.*.lowPrice;chains.putExpDateMap.*.lowPrice;chains.underlying.fiftyTwoWeekLow;chains.underlying.lowPrice;pricehistory.candles.*.low;quotes.quote.52WeekLow;quotes.quote.lowPrice;streaming.content.*.LOW_PRICE;streaming.content.*.LOW_PRICE_52_WEEK;chains.callExpDateMap.*.highPrice;chains.putExpDateMap.*.highPrice;chains.underlying.fiftyTwoWeekHigh;chains.underlying.highPrice;pricehistory.candles.*.high;quotes.quote.52WeekHigh;quotes.quote.highPrice;streaming.content.*.HIGH_PRICE;streaming.content.*.HIGH_PRICE_52_WEEK,chains.volatility;chains.underlying.totalVolume;chains.putExpDateMap.*.theoreticalVolatility,V3 G2 registry sweep,NOT_MARKET_DATA,,,NOT_MARKET_DATA: scoped mechanical classifier tail; production wire reads tracked in governance/SCHWAB_V4_REVIEW_MEMOS cone walk
2b147211673fb0978a4a,python,call_engine.py,732,15,DICT_LITERAL_MARKET_KEY,dict key 'low',low,chains.callExpDateMap.*.lowPrice;chains.putExpDateMap.*.lowPrice;chains.underlying.fiftyTwoWeekLow;chains.underlying.lowPrice;pricehistory.candles.*.low;quotes.quote.52WeekLow;quotes.quote.lowPrice;streaming.content.*.LOW_PRICE;streaming.content.*.LOW_PRICE_52_WEEK,quotes.quote.totalVolume;chains.callExpDateMap.*.totalVolume;chains.underlying.totalVolume,V3 G1 Python,NOT_MARKET_DATA,,,NOT_MARKET_DATA: scoped mechanical classifier tail; production wire reads tracked in governance/SCHWAB_V4_REVIEW_MEMOS cone walk
12a47c5195c28ac682e7,python,call_engine.py,732,38,DICT_LITERAL_MARKET_KEY,dict key 'high',high,chains.callExpDateMap.*.highPrice;chains.putExpDateMap.*.highPrice;chains.underlying.fiftyTwoWeekHigh;chains.underlying.highPrice;pricehistory.candles.*.high;quotes.quote.52WeekHigh;quotes.quote.highPrice;streaming.content.*.HIGH_PRICE;streaming.content.*.HIGH_PRICE_52_WEEK,chains.underlying.highPrice;pricehistory.candles.*.high;chains.putExpDateMap.*.highPrice,V3 G1 Python,NOT_MARKET_DATA,,,NOT_MARKET_DATA: scoped mechanical classifier tail; production wire reads tracked in governance/SCHWAB_V4_REVIEW_MEMOS cone walk
0608755b484deec775e3,python,call_engine.py,781,47,BINOP_MARKET_IDENT,BinOp with CSV-vocabulary identifiers,float,instruments.*.fundamental.marketCapFloat;instruments.*.fundamental.shortIntToFloat,chains.callExpDateMap.*.theoreticalVolatility;chains.callExpDateMap.*.totalVolume;chains.putExpDateMap.*.theoreticalVolatility,V3 G1 Python,NOT_MARKET_DATA,,,NOT_MARKET_DATA: scoped mechanical classifier tail; production wire reads tracked in governance/SCHWAB_V4_REVIEW_MEMOS cone walk
e5b614f16f163034547e,python,call_engine.py,802,13,REGISTRY_DISPATCH,string-keyed dict len=5,NO_TRADE PROBE REDUCED STANDARD MAX,chains.callExpDateMap.*.nonStandard;chains.putExpDateMap.*.nonStandard,quotes.extended.askSize;chains.putExpDateMap.*.bidSize;chains.putExpDateMap.*.askSize,V3 G2 registry sweep,NOT_MARKET_DATA,,,NOT_MARKET_DATA: scoped mechanical classifier tail; production wire reads tracked in governance/SCHWAB_V4_REVIEW_MEMOS cone walk
6f993269c642a4e4cf88,python,call_engine.py,803,4,DICT_LITERAL_MARKET_KEY,dict key 'NO_TRADE',NO_TRADE,,streaming.content.*.BIDS.*.TOTAL_VOLUME;streaming.content.*.ASKS.*.TOTAL_VOLUME;streaming.content.*.ASK_SIZE,V3 G1 Python,NOT_MARKET_DATA,,,NOT_MARKET_DATA: scoped mechanical classifier tail; production wire reads tracked in governance/SCHWAB_V4_REVIEW_MEMOS cone walk
e039a5e9b09180744856,python,call_engine.py,806,4,DICT_LITERAL_MARKET_KEY,dict key 'STANDARD',STANDARD,chains.callExpDateMap.*.nonStandard;chains.putExpDateMap.*.nonStandard,chains.putExpDateMap.*.askSize;chains.callExpDateMap.*.askSize;quotes.fundamental.sharesOutstanding,V3 G1 Python,NOT_MARKET_DATA,,,NOT_MARKET_DATA: scoped mechanical classifier tail; production wire reads tracked in governance/SCHWAB_V4_REVIEW_MEMOS cone walk
ba7d873402e75b8900d1,python,call_engine.py,813,18,SUBSCRIPT_MARKET_KEY,"subscript[... ""NO_TRADE""]",NO_TRADE,,streaming.content.*.BIDS.*.TOTAL_VOLUME;streaming.content.*.ASKS.*.TOTAL_VOLUME;streaming.content.*.ASK_SIZE,V3 G1 Python,NOT_MARKET_DATA,,,NOT_MARKET_DATA: scoped mechanical classifier tail; production wire reads tracked in governance/SCHWAB_V4_REVIEW_MEMOS cone walk
6711b19429c46019ad6f,python,call_engine.py,819,18,SUBSCRIPT_MARKET_KEY,"subscript[... ""STANDARD""]",STANDARD,chains.callExpDateMap.*.nonStandard;chains.putExpDateMap.*.nonStandard,chains.putExpDateMap.*.askSize;chains.callExpDateMap.*.askSize;quotes.fundamental.sharesOutstanding,V3 G1 Python,NOT_MARKET_DATA,,,NOT_MARKET_DATA: scoped mechanical classifier tail; production wire reads tracked in governance/SCHWAB_V4_REVIEW_MEMOS cone walk
2e4fba4538c7c173fc47,python,call_engine.py,835,9,BINOP_MARKET_IDENT,BinOp with CSV-vocabulary identifiers,float,instruments.*.fundamental.marketCapFloat;instruments.*.fundamental.shortIntToFloat,chains.callExpDateMap.*.theoreticalVolatility;chains.callExpDateMap.*.totalVolume;chains.putExpDateMap.*.theoreticalVolatility,V3 G1 Python,NOT_MARKET_DATA,,,NOT_MARKET_DATA: scoped mechanical classifier tail; production wire reads tracked in governance/SCHWAB_V4_REVIEW_MEMOS cone walk
4c9930a768996169827b,python,call_engine.py,836,14,BINOP_MARKET_IDENT,BinOp with CSV-vocabulary identifiers,float,instruments.*.fundamental.marketCapFloat;instruments.*.fundamental.shortIntToFloat,chains.callExpDateMap.*.theoreticalVolatility;chains.callExpDateMap.*.totalVolume;chains.putExpDateMap.*.theoreticalVolatility,V3 G1 Python,NOT_MARKET_DATA,,,NOT_MARKET_DATA: scoped mechanical classifier tail; production wire reads tracked in governance/SCHWAB_V4_REVIEW_MEMOS cone walk
6c989922fc4baef897dd,python,call_engine.py,837,9,BINOP_MARKET_IDENT,BinOp with CSV-vocabulary identifiers,float,instruments.*.fundamental.marketCapFloat;instruments.*.fundamental.shortIntToFloat,chains.callExpDateMap.*.theoreticalVolatility;chains.callExpDateMap.*.totalVolume;chains.putExpDateMap.*.theoreticalVolatility,V3 G1 Python,NOT_MARKET_DATA,,,NOT_MARKET_DATA: scoped mechanical classifier tail; production wire reads tracked in governance/SCHWAB_V4_REVIEW_MEMOS cone walk
26c105e1fee68d52b753,python,call_engine.py,838,19,BINOP_MARKET_IDENT,BinOp with CSV-vocabulary identifiers,float,instruments.*.fundamental.marketCapFloat;instruments.*.fundamental.shortIntToFloat,chains.callExpDateMap.*.theoreticalVolatility;chains.callExpDateMap.*.totalVolume;chains.putExpDateMap.*.theoreticalVolatility,V3 G1 Python,NOT_MARKET_DATA,,,NOT_MARKET_DATA: scoped mechanical classifier tail; production wire reads tracked in governance/SCHWAB_V4_REVIEW_MEMOS cone walk
8827ab0602aad3c1d530,python,call_engine.py,840,12,BINOP_MARKET_IDENT,BinOp with CSV-vocabulary identifiers,float,instruments.*.fundamental.marketCapFloat;instruments.*.fundamental.shortIntToFloat,chains.callExpDateMap.*.theoreticalVolatility;chains.callExpDateMap.*.totalVolume;chains.putExpDateMap.*.theoreticalVolatility,V3 G1 Python,NOT_MARKET_DATA,,,NOT_MARKET_DATA: scoped mechanical classifier tail; production wire reads tracked in governance/SCHWAB_V4_REVIEW_MEMOS cone walk
8e550fd8b8cbd5127da7,python,call_engine.py,841,12,BINOP_MARKET_IDENT,BinOp with CSV-vocabulary identifiers,float,instruments.*.fundamental.marketCapFloat;instruments.*.fundamental.shortIntToFloat,chains.callExpDateMap.*.theoreticalVolatility;chains.callExpDateMap.*.totalVolume;chains.putExpDateMap.*.theoreticalVolatility,V3 G1 Python,NOT_MARKET_DATA,,,NOT_MARKET_DATA: scoped mechanical classifier tail; production wire reads tracked in governance/SCHWAB_V4_REVIEW_MEMOS cone walk
b93c8756b2a8b5c7e4e3,python,call_engine.py,842,20,BINOP_MARKET_IDENT,BinOp with CSV-vocabulary identifiers,float,instruments.*.fundamental.marketCapFloat;instruments.*.fundamental.shortIntToFloat,chains.callExpDateMap.*.theoreticalVolatility;chains.callExpDateMap.*.totalVolume;chains.putExpDateMap.*.theoreticalVolatility,V3 G1 Python,NOT_MARKET_DATA,,,NOT_MARKET_DATA: scoped mechanical classifier tail; production wire reads tracked in governance/SCHWAB_V4_REVIEW_MEMOS cone walk
8d79b364d97dbb3efb93,python,call_engine.py,843,18,BINOP_MARKET_IDENT,BinOp with CSV-vocabulary identifiers,float,instruments.*.fundamental.marketCapFloat;instruments.*.fundamental.shortIntToFloat,chains.callExpDateMap.*.theoreticalVolatility;chains.callExpDateMap.*.totalVolume;chains.putExpDateMap.*.theoreticalVolatility,V3 G1 Python,NOT_MARKET_DATA,,,NOT_MARKET_DATA: scoped mechanical classifier tail; production wire reads tracked in governance/SCHWAB_V4_REVIEW_MEMOS cone walk
affdb48e21e22cb90499,python,call_engine.py,845,21,BINOP_MARKET_IDENT,BinOp with CSV-vocabulary identifiers,float,instruments.*.fundamental.marketCapFloat;instruments.*.fundamental.shortIntToFloat,chains.callExpDateMap.*.theoreticalVolatility;chains.callExpDateMap.*.totalVolume;chains.putExpDateMap.*.theoreticalVolatility,V3 G1 Python,NOT_MARKET_DATA,,,NOT_MARKET_DATA: scoped mechanical classifier tail; production wire reads tracked in governance/SCHWAB_V4_REVIEW_MEMOS cone walk
14c22aaf34b2fc450c72,python,call_engine.py,849,35,BINOP_MARKET_IDENT,BinOp with CSV-vocabulary identifiers,float,instruments.*.fundamental.marketCapFloat;instruments.*.fundamental.shortIntToFloat,chains.callExpDateMap.*.theoreticalVolatility;chains.callExpDateMap.*.totalVolume;chains.putExpDateMap.*.theoreticalVolatility,V3 G1 Python,NOT_MARKET_DATA,,,NOT_MARKET_DATA: scoped mechanical classifier tail; production wire reads tracked in governance/SCHWAB_V4_REVIEW_MEMOS cone walk
e890f39b29d30ef34a87,python,call_engine.py,852,17,BINOP_MARKET_IDENT,BinOp with CSV-vocabulary identifiers,float,instruments.*.fundamental.marketCapFloat;instruments.*.fundamental.shortIntToFloat,chains.callExpDateMap.*.theoreticalVolatility;chains.callExpDateMap.*.totalVolume;chains.putExpDateMap.*.theoreticalVolatility,V3 G1 Python,NOT_MARKET_DATA,,,NOT_MARKET_DATA: scoped mechanical classifier tail; production wire reads tracked in governance/SCHWAB_V4_REVIEW_MEMOS cone walk
0154e5e0fe0d68e10fc9,python,call_engine.py,855,19,BINOP_MARKET_IDENT,BinOp with CSV-vocabulary identifiers,float,instruments.*.fundamental.marketCapFloat;instruments.*.fundamental.shortIntToFloat,chains.callExpDateMap.*.theoreticalVolatility;chains.callExpDateMap.*.totalVolume;chains.putExpDateMap.*.theoreticalVolatility,V3 G1 Python,NOT_MARKET_DATA,,,NOT_MARKET_DATA: scoped mechanical classifier tail; production wire reads tracked in governance/SCHWAB_V4_REVIEW_MEMOS cone walk
0c2fee31f698373a8620,python,call_engine.py,872,12,DICT_LITERAL_MARKET_KEY,dict key 'r_units',r_units,,streaming.content.*.SECURITY_STATUS;market_hours.future.SI.isOpen;market_hours.future.SR3.isOpen,V3 G1 Python,NOT_MARKET_DATA,,,NOT_MARKET_DATA: scoped mechanical classifier tail; production wire reads tracked in governance/SCHWAB_V4_REVIEW_MEMOS cone walk
de7a87605bce7d41014b,python,call_engine.py,874,12,DICT_LITERAL_MARKET_KEY,dict key 'size_cue',size_cue,,quotes.quote.52WeekHigh;quotes.extended.askSize;quotes.quote.askSize,V3 G1 Python,NOT_MARKET_DATA,,,NOT_MARKET_DATA: scoped mechanical classifier tail; production wire reads tracked in governance/SCHWAB_V4_REVIEW_MEMOS cone walk
1cfc062be9b52bbf481e,python,call_engine.py,882,12,DICT_LITERAL_MARKET_KEY,dict key 'r_units',r_units,,streaming.content.*.SECURITY_STATUS;market_hours.future.SI.isOpen;market_hours.future.SR3.isOpen,V3 G1 Python,NOT_MARKET_DATA,,,NOT_MARKET_DATA: scoped mechanical classifier tail; production wire reads tracked in governance/SCHWAB_V4_REVIEW_MEMOS cone walk
95d80b7c508d1099729d,python,call_engine.py,884,12,DICT_LITERAL_MARKET_KEY,dict key 'size_cue',size_cue,,quotes.quote.52WeekHigh;quotes.extended.askSize;quotes.quote.askSize,V3 G1 Python,NOT_MARKET_DATA,,,NOT_MARKET_DATA: scoped mechanical classifier tail; production wire reads tracked in governance/SCHWAB_V4_REVIEW_MEMOS cone walk
5ab301b5c08c565b92ce,python,call_engine.py,1042,4,MAGIC_NUMERIC_DEFAULT,time_mult = 1.0,time_mult,,chains.putExpDateMap.*.volatility;chains.putExpDateMap.*.theoreticalVolatility;chains.volatility,V3 G1 imputation (name intersects CSV vocabulary),NOT_MARKET_DATA,,,NOT_MARKET_DATA: scoped mechanical classifier tail; production wire reads tracked in governance/SCHWAB_V4_REVIEW_MEMOS cone walk
be5c0aaed93d1d191817,python,call_engine.py,1055,4,MAGIC_NUMERIC_DEFAULT,vol_regime_mult = 1.0,vol_regime_mult,,quotes.quote.totalVolume;quotes.extended.totalVolume;movers.screeners.*.totalVolume,V3 G1 imputation (name intersects CSV vocabulary),NOT_MARKET_DATA,,,NOT_MARKET_DATA: scoped mechanical classifier tail; production wire reads tracked in governance/SCHWAB_V4_REVIEW_MEMOS cone walk
2cc03e24715980e80db1,python,call_engine.py,1085,8,DICT_LITERAL_MARKET_KEY,dict key 'r_units',r_units,,streaming.content.*.SECURITY_STATUS;market_hours.future.SI.isOpen;market_hours.future.SR3.isOpen,V3 G1 Python,NOT_MARKET_DATA,,,NOT_MARKET_DATA: scoped mechanical classifier tail; production wire reads tracked in governance/SCHWAB_V4_REVIEW_MEMOS cone walk
4e9a4f1a1d3b24820a0a,python,call_engine.py,1087,8,DICT_LITERAL_MARKET_KEY,dict key 'size_cue',size_cue,,quotes.quote.52WeekHigh;quotes.extended.askSize;quotes.quote.askSize,V3 G1 Python,NOT_MARKET_DATA,,,NOT_MARKET_DATA: scoped mechanical classifier tail; production wire reads tracked in governance/SCHWAB_V4_REVIEW_MEMOS cone walk
a89b222c03dc483b279f,python,call_engine.py,1090,12,DICT_LITERAL_MARKET_KEY,dict key 'regime',regime,,quotes.quote.52WeekHigh;chains.putExpDateMap.*.high52Week;streaming.content.*.BID_SIZE,V3 G1 Python,NOT_MARKET_DATA,,,NOT_MARKET_DATA: scoped mechanical classifier tail; production wire reads tracked in governance/SCHWAB_V4_REVIEW_MEMOS cone walk
f2c944521b5eed60f56b,python,call_engine.py,1091,12,DICT_LITERAL_MARKET_KEY,dict key 'volatility',volatility,chains.callExpDateMap.*.theoreticalVolatility;chains.callExpDateMap.*.volatility;chains.putExpDateMap.*.theoreticalVolatility;chains.putExpDateMap.*.volatility;chains.volatility,chains.callExpDateMap.*.theoreticalVolatility;chains.volatility;chains.putExpDateMap.*.theoreticalVolatility,V3 G1 Python,NOT_MARKET_DATA,,,NOT_MARKET_DATA: scoped mechanical classifier tail; production wire reads tracked in governance/SCHWAB_V4_REVIEW_MEMOS cone walk
b68ad002aba508eef1b0,python,call_engine.py,1092,12,DICT_LITERAL_MARKET_KEY,dict key 'vol_regime',vol_regime,,movers.screeners.*.totalVolume;movers.screeners.*.volume;pricehistory.candles.*.volume,V3 G1 Python,NOT_MARKET_DATA,,,NOT_MARKET_DATA: scoped mechanical classifier tail; production wire reads tracked in governance/SCHWAB_V4_REVIEW_MEMOS cone walk
4316acc095eda9fe6e09,python,call_engine.py,1095,12,DICT_LITERAL_MARKET_KEY,dict key 'risk_reward',risk_reward,,chains.underlying.askSize;quotes.extended.askSize;quotes.quote.askSize,V3 G1 Python,NOT_MARKET_DATA,,,NOT_MARKET_DATA: scoped mechanical classifier tail; production wire reads tracked in governance/SCHWAB_V4_REVIEW_MEMOS cone walk
ccde485562dc9eed478b,python,call_engine.py,1096,12,DICT_LITERAL_MARKET_KEY,dict key 'time',time,chains.callExpDateMap.*.quoteTimeInLong;chains.callExpDateMap.*.timeValue;chains.callExpDateMap.*.tradeTimeInLong;chains.putExpDateMap.*.quoteTimeInLong;chains.putExpDateMap.*.timeValue;chains.putExpDateMap.*.tradeTimeInLong;chains.underlying.quoteTime;chains.underlying.tradeTime;quotes.extended.quoteTime;quotes.extended.tradeTime;quotes.quote.askTime;quotes.quote.bidTime;quotes.quote.quoteTime;quotes.quote.tradeTime;quotes.regular.regularMarketTradeTime;streaming.content.*.ASK_TIME_MILLIS;streaming.content.*.BID_TIME_MILLIS;streaming.content.*.BOOK_TIME;streaming.content.*.CHART_TIME_MILLIS;streaming.content.*.QUOTE_TIME_MILLIS;streaming.content.*.TRADE_TIME_MILLIS,chains.putExpDateMap.*.volatility;chains.volatility;chains.callExpDateMap.*.volatility,V3 G1 Python,NOT_MARKET_DATA,,,NOT_MARKET_DATA: scoped mechanical classifier tail; production wire reads tracked in governance/SCHWAB_V4_REVIEW_MEMOS cone walk
b6fe7f8be856e4ec642a,python,call_engine.py,1134,13,REGISTRY_DISPATCH,string-keyed dict len=8,trade_valid structure_valid probability_valid risk_valid structure_reason probability_reason risk_reason summary,,chains.callExpDateMap.*.askSize;chains.putExpDateMap.*.askSize;chains.callExpDateMap.*.bidSize,V3 G2 registry sweep,NOT_MARKET_DATA,,,NOT_MARKET_DATA: scoped mechanical classifier tail; production wire reads tracked in governance/SCHWAB_V4_REVIEW_MEMOS cone walk
d3a9bccb298cd6f6894f,python,call_engine.py,1135,8,DICT_LITERAL_MARKET_KEY,dict key 'trade_valid',trade_valid,,chains.callExpDateMap.*.bidSize;chains.callExpDateMap.*.askSize;chains.callExpDateMap.*.theoreticalVolatility,V3 G1 Python,NOT_MARKET_DATA,,,NOT_MARKET_DATA: scoped mechanical classifier tail; production wire reads tracked in governance/SCHWAB_V4_REVIEW_MEMOS cone walk
76d3302a38792cbf7441,python,call_engine.py,1138,8,DICT_LITERAL_MARKET_KEY,dict key 'risk_valid',risk_valid,,chains.underlying.askSize;chains.underlying.bidSize;chains.callExpDateMap.*.bidSize,V3 G1 Python,NOT_MARKET_DATA,,,NOT_MARKET_DATA: scoped mechanical classifier tail; production wire reads tracked in governance/SCHWAB_V4_REVIEW_MEMOS cone walk
3040eb7d61a39fffdd05,python,call_engine.py,1141,8,DICT_LITERAL_MARKET_KEY,dict key 'risk_reason',risk_reason,,quotes.quote.askSize;streaming.content.*.ASKS.*.ASKS;streaming.content.*.ASKS.*.ASKS.*.ASK_VOLUME,V3 G1 Python,NOT_MARKET_DATA,,,NOT_MARKET_DATA: scoped mechanical classifier tail; production wire reads tracked in governance/SCHWAB_V4_REVIEW_MEMOS cone walk
d1532cb25920eb04616b,python,call_engine.py,1196,35,GETATTR_MARKET_LITERAL,"getattr(..., ""vol_regime"", ...)",vol_regime getattr,,streaming.content.*.BIDS.*.TOTAL_VOLUME;streaming.content.*.ASK_SIZE;streaming.content.*.ASKS.*.TOTAL_VOLUME,V3 G1 Python,NOT_MARKET_DATA,,,NOT_MARKET_DATA: scoped mechanical classifier tail; production wire reads tracked in governance/SCHWAB_V4_REVIEW_MEMOS cone walk
2ec1fe09613f3f4b2f07,python,call_engine.py,1202,16,GETATTR_MARKET_LITERAL,"getattr(..., ""model_agreement"", ...)",model_agreement getattr,,streaming.content.*.REGULAR_MARKET_TRADE;streaming.content.*.ASKS.*.TOTAL_VOLUME;streaming.content.*.ASK_SIZE,V3 G1 Python,NOT_MARKET_DATA,,,NOT_MARKET_DATA: scoped mechanical classifier tail; production wire reads tracked in governance/SCHWAB_V4_REVIEW_MEMOS cone walk
3dbff64b0e39727956fd,python,call_engine.py,1273,8,MAGIC_NUMERIC_DEFAULT,_risk_mult = 1.0,_risk_mult,,quotes.quote.askSize;streaming.content.*.REGULAR_MARKET_TRADE_MILLIS;market_hours.future._6L.isOpen,V3 G1 imputation (name intersects CSV vocabulary),NOT_MARKET_DATA,,,NOT_MARKET_DATA: scoped mechanical classifier tail; production wire reads tracked in governance/SCHWAB_V4_REVIEW_MEMOS cone walk
a8fdd26a5f4e7eadbe80,python,call_engine.py,1275,25,GETATTR_MARKET_LITERAL,"getattr(..., ""risk_multiplier"", ...)",risk_multiplier getattr,,chains.putExpDateMap.*.theoreticalVolatility;chains.putExpDateMap.*.volatility;chains.callExpDateMap.*.theoreticalVolatility,V3 G1 Python,NOT_MARKET_DATA,,,NOT_MARKET_DATA: scoped mechanical classifier tail; production wire reads tracked in governance/SCHWAB_V4_REVIEW_MEMOS cone walk
2d903a4b4303105f2b70,python,call_engine.py,1301,8,SUBSCRIPT_MARKET_KEY,"subscript[... ""risk_valid""]",risk_valid,,chains.underlying.askSize;chains.underlying.bidSize;chains.callExpDateMap.*.bidSize,V3 G1 Python,NOT_MARKET_DATA,,,NOT_MARKET_DATA: scoped mechanical classifier tail; production wire reads tracked in governance/SCHWAB_V4_REVIEW_MEMOS cone walk
211dd8feb1e25bf232a5,python,call_engine.py,1302,8,SUBSCRIPT_MARKET_KEY,"subscript[... ""risk_reason""]",risk_reason,,quotes.quote.askSize;streaming.content.*.ASKS.*.ASKS;streaming.content.*.ASKS.*.ASKS.*.ASK_VOLUME,V3 G1 Python,NOT_MARKET_DATA,,,NOT_MARKET_DATA: scoped mechanical classifier tail; production wire reads tracked in governance/SCHWAB_V4_REVIEW_MEMOS cone walk
1031a81f8a1eb786e34f,python,call_engine.py,1307,4,SUBSCRIPT_MARKET_KEY,"subscript[... ""trade_valid""]",trade_valid,,chains.callExpDateMap.*.bidSize;chains.callExpDateMap.*.askSize;chains.callExpDateMap.*.theoreticalVolatility,V3 G1 Python,NOT_MARKET_DATA,,,NOT_MARKET_DATA: scoped mechanical classifier tail; production wire reads tracked in governance/SCHWAB_V4_REVIEW_MEMOS cone walk
fc348209941e21b8be4e,python,call_engine.py,1310,8,SUBSCRIPT_MARKET_KEY,"subscript[... ""risk_valid""]",risk_valid,,chains.underlying.askSize;chains.underlying.bidSize;chains.callExpDateMap.*.bidSize,V3 G1 Python,NOT_MARKET_DATA,,,NOT_MARKET_DATA: scoped mechanical classifier tail; production wire reads tracked in governance/SCHWAB_V4_REVIEW_MEMOS cone walk
ea632dc0d0ec88371f47,python,call_engine.py,1313,11,SUBSCRIPT_MARKET_KEY,"subscript[... ""trade_valid""]",trade_valid,,chains.callExpDateMap.*.bidSize;chains.callExpDateMap.*.askSize;chains.callExpDateMap.*.theoreticalVolatility,V3 G1 Python,NOT_MARKET_DATA,,,NOT_MARKET_DATA: scoped mechanical classifier tail; production wire reads tracked in governance/SCHWAB_V4_REVIEW_MEMOS cone walk
26b735f9e17efa6acc02,python,call_engine.py,1319,15,SUBSCRIPT_MARKET_KEY,"subscript[... ""risk_valid""]",risk_valid,,chains.underlying.askSize;chains.underlying.bidSize;chains.callExpDateMap.*.bidSize,V3 G1 Python,NOT_MARKET_DATA,,,NOT_MARKET_DATA: scoped mechanical classifier tail; production wire reads tracked in governance/SCHWAB_V4_REVIEW_MEMOS cone walk
f2e686c3fab227a7a1be,python,call_engine.py,1376,19,ATTRIBUTE_MARKET,attr .regime,regime,,quotes.quote.52WeekHigh;chains.putExpDateMap.*.high52Week;streaming.content.*.BID_SIZE,V3 G1 Python,NOT_MARKET_DATA,,,NOT_MARKET_DATA: scoped mechanical classifier tail; production wire reads tracked in governance/SCHWAB_V4_REVIEW_MEMOS cone walk
0b7b3450eed04fa45b6d,python,call_engine.py,1380,20,GETATTR_MARKET_LITERAL,"getattr(..., ""vol_regime"", ...)",vol_regime getattr,,streaming.content.*.BIDS.*.TOTAL_VOLUME;streaming.content.*.ASK_SIZE;streaming.content.*.ASKS.*.TOTAL_VOLUME,V3 G1 Python,NOT_MARKET_DATA,,,NOT_MARKET_DATA: scoped mechanical classifier tail; production wire reads tracked in governance/SCHWAB_V4_REVIEW_MEMOS cone walk
94383c9987eb58e8436f,python,call_engine.py,1381,22,GETATTR_MARKET_LITERAL,"getattr(..., ""trade_permissive"", ...)",trade_permissive getattr,,streaming.content.*.ASK_SIZE;chains.putExpDateMap.*.theta;streaming.content.*.BID_SIZE,V3 G1 Python,NOT_MARKET_DATA,,,NOT_MARKET_DATA: scoped mechanical classifier tail; production wire reads tracked in governance/SCHWAB_V4_REVIEW_MEMOS cone walk
1c2ba373a3d1a3594d35,python,call_engine.py,1382,21,GETATTR_MARKET_LITERAL,"getattr(..., ""conviction_multiplier"", ...)",conviction_multiplier getattr,,chains.volatility;chains.putExpDateMap.*.volatility;chains.putExpDateMap.*.theoreticalVolatility,V3 G1 Python,NOT_MARKET_DATA,,,NOT_MARKET_DATA: scoped mechanical classifier tail; production wire reads tracked in governance/SCHWAB_V4_REVIEW_MEMOS cone walk
9821d28095d4f7c91f32,python,call_engine.py,1383,21,GETATTR_MARKET_LITERAL,"getattr(..., ""risk_multiplier"", ...)",risk_multiplier getattr,,chains.putExpDateMap.*.theoreticalVolatility;chains.putExpDateMap.*.volatility;chains.callExpDateMap.*.theoreticalVolatility,V3 G1 Python,NOT_MARKET_DATA,,,NOT_MARKET_DATA: scoped mechanical classifier tail; production wire reads tracked in governance/SCHWAB_V4_REVIEW_MEMOS cone walk
264b2d7df0e01a387963,python,call_engine.py,1413,14,IFEXP_ZERO_DEFAULT,conditional with zeroish else,int,instruments.*.fundamental.shortIntDayToCover;instruments.*.fundamental.shortIntToFloat,streaming.content.*.CHART_TIME_MILLIS;streaming.content.*.TRADE_TIME_MILLIS;streaming.content.*.QUOTE_TIME_MILLIS,V3 G1 Python,NOT_MARKET_DATA,,,NOT_MARKET_DATA: scoped mechanical classifier tail; production wire reads tracked in governance/SCHWAB_V4_REVIEW_MEMOS cone walk
de63b91acf7c7859a05d,python,call_engine.py,1418,4,MAGIC_NUMERIC_DEFAULT,regime_vote = 0,regime_vote,,quotes.quote.52WeekHigh;movers.screeners.*.totalVolume;streaming.content.*.BID_SIZE,V3 G1 imputation (name intersects CSV vocabulary),NOT_MARKET_DATA,,,NOT_MARKET_DATA: scoped mechanical classifier tail; production wire reads tracked in governance/SCHWAB_V4_REVIEW_MEMOS cone walk
7441ff55c7a7ce5d244d,python,call_engine.py,1420,8,MAGIC_NUMERIC_DEFAULT,regime_vote = 1,regime_vote,,quotes.quote.52WeekHigh;movers.screeners.*.totalVolume;streaming.content.*.BID_SIZE,V3 G1 imputation (name intersects CSV vocabulary),NOT_MARKET_DATA,,,NOT_MARKET_DATA: scoped mechanical classifier tail; production wire reads tracked in governance/SCHWAB_V4_REVIEW_MEMOS cone walk
a13a79e162a4175dcb67,python,call_engine.py,1428,18,REGISTRY_DISPATCH,string-keyed dict len=9,micro Greeks spy_basket qqq_basket iwm_basket regime fusion order_flow multi_horizon,,quotes.quote.askSize;quotes.quote.bidSize;quotes.extended.askSize,V3 G2 registry sweep,NOT_MARKET_DATA,,,NOT_MARKET_DATA: scoped mechanical classifier tail; production wire reads tracked in governance/SCHWAB_V4_REVIEW_MEMOS cone walk
97a411141abaf3d593ce,python,call_engine.py,1430,8,DICT_LITERAL_MARKET_KEY,dict key 'Greeks',Greeks,,quotes.quote.52WeekHigh;quotes.quote.52WeekLow;chains.putExpDateMap.*.high52Week,V3 G1 Python,NOT_MARKET_DATA,,,NOT_MARKET_DATA: scoped mechanical classifier tail; production wire reads tracked in governance/SCHWAB_V4_REVIEW_MEMOS cone walk
8b98166d327d7080856f,python,call_engine.py,1434,8,DICT_LITERAL_MARKET_KEY,dict key 'regime',regime,,quotes.quote.52WeekHigh;chains.putExpDateMap.*.high52Week;streaming.content.*.BID_SIZE,V3 G1 Python,NOT_MARKET_DATA,,,NOT_MARKET_DATA: scoped mechanical classifier tail; production wire reads tracked in governance/SCHWAB_V4_REVIEW_MEMOS cone walk
e610bdf3ce19271d3ec3,python,call_engine.py,1436,8,DICT_LITERAL_MARKET_KEY,dict key 'order_flow',order_flow,,movers.screeners.*.totalVolume;pricehistory.candles.*.volume;movers.screeners.*.volume,V3 G1 Python,NOT_MARKET_DATA,,,NOT_MARKET_DATA: scoped mechanical classifier tail; production wire reads tracked in governance/SCHWAB_V4_REVIEW_MEMOS cone walk
91f0071abfcd1bd79129,python,call_engine.py,1445,12,GETATTR_MARKET_LITERAL,"getattr(..., ""event_risk_level"", ...)",event_risk_level getattr,,quotes.quote.52WeekHigh;quotes.quote.52WeekLow;chains.putExpDateMap.*.high52Week,V3 G1 Python,NOT_MARKET_DATA,,,NOT_MARKET_DATA: scoped mechanical classifier tail; production wire reads tracked in governance/SCHWAB_V4_REVIEW_MEMOS cone walk
16e7e1f3fcc9a722d9f7,python,call_engine.py,1479,23,REGISTRY_DISPATCH,string-keyed dict len=3,reason provenance detail,,chains.callExpDateMap.*.vega;chains.callExpDateMap.*.delta;chains.callExpDateMap.*.rho,V3 G2 registry sweep,NOT_MARKET_DATA,,,NOT_MARKET_DATA: scoped mechanical classifier tail; production wire reads tracked in governance/SCHWAB_V4_REVIEW_MEMOS cone walk
c2b4a92aa198e67b5600,python,call_engine.py,1494,27,REGISTRY_DISPATCH,string-keyed dict len=2,reason detail,,chains.callExpDateMap.*.askSize;chains.callExpDateMap.*.delta;chains.callExpDateMap.*.theta,V3 G2 registry sweep,NOT_MARKET_DATA,,,NOT_MARKET_DATA: scoped mechanical classifier tail; production wire reads tracked in governance/SCHWAB_V4_REVIEW_MEMOS cone walk
3ce1ed183a1edde9e189,python,call_engine.py,1517,23,REGISTRY_DISPATCH,string-keyed dict len=6,reason long_count short_count long_names short_names threshold,,streaming.content.*.ASKS.*.TOTAL_VOLUME;streaming.content.*.ASKS;market_hours.future.SOL.isOpen,V3 G2 registry sweep,NOT_MARKET_DATA,,,NOT_MARKET_DATA: scoped mechanical classifier tail; production wire reads tracked in governance/SCHWAB_V4_REVIEW_MEMOS cone walk
8ff010a926f1a4b9de23,python,call_engine.py,1519,12,DICT_LITERAL_MARKET_KEY,dict key 'long_count',long_count,,streaming.content.*.TOTAL_VOLUME;market_hours.option.EQO.product;chains.underlying.totalVolume,V3 G1 Python,NOT_MARKET_DATA,,,NOT_MARKET_DATA: scoped mechanical classifier tail; production wire reads tracked in governance/SCHWAB_V4_REVIEW_MEMOS cone walk
ddbb987bb1b638c6738a,python,call_engine.py,1519,38,DICT_LITERAL_MARKET_KEY,dict key 'short_count',short_count,,market_hours.future.BTC.isOpen;market_hours.future.HO.isOpen;streaming.content.*.HARD_TO_BORROW,V3 G1 Python,NOT_MARKET_DATA,,,NOT_MARKET_DATA: scoped mechanical classifier tail; production wire reads tracked in governance/SCHWAB_V4_REVIEW_MEMOS cone walk
613a515c7f804545a799,python,call_engine.py,1520,12,DICT_LITERAL_MARKET_KEY,dict key 'long_names',long_names,,streaming.content.*.ASKS.*.ASKS.*.ASK_VOLUME;chains.callExpDateMap.*.gamma;streaming.content.*.ASKS.*.NUM_ASKS,V3 G1 Python,NOT_MARKET_DATA,,,NOT_MARKET_DATA: scoped mechanical classifier tail; production wire reads tracked in governance/SCHWAB_V4_REVIEW_MEMOS cone walk
39fe93d81a8b61aaf0ae,python,call_engine.py,1520,38,DICT_LITERAL_MARKET_KEY,dict key 'short_names',short_names,,streaming.content.*.ASKS.*.ASKS.*.ASK_VOLUME;streaming.content.*.ASKS.*.NUM_ASKS;streaming.content.*.ASKS.*.ASKS,V3 G1 Python,NOT_MARKET_DATA,,,NOT_MARKET_DATA: scoped mechanical classifier tail; production wire reads tracked in governance/SCHWAB_V4_REVIEW_MEMOS cone walk
40b954cdc978e28456c6,python,call_engine.py,1573,23,REGISTRY_DISPATCH,string-keyed dict len=3,reason detail full_detail,,chains.callExpDateMap.*.theoreticalVolatility;chains.putExpDateMap.*.theoreticalVolatility;chains.callExpDateMap.*.volatility,V3 G2 registry sweep,NOT_MARKET_DATA,,,NOT_MARKET_DATA: scoped mechanical classifier tail; production wire reads tracked in governance/SCHWAB_V4_REVIEW_MEMOS cone walk
cfc05c09d2ceda8aaf8f,python,call_engine.py,1595,31,REGISTRY_DISPATCH,string-keyed dict len=3,reason detail full_detail,,chains.callExpDateMap.*.theoreticalVolatility;chains.putExpDateMap.*.theoreticalVolatility;chains.callExpDateMap.*.volatility,V3 G2 registry sweep,NOT_MARKET_DATA,,,NOT_MARKET_DATA: scoped mechanical classifier tail; production wire reads tracked in governance/SCHWAB_V4_REVIEW_MEMOS cone walk
cd2de0b70213e8bfa1ac,python,call_engine.py,1603,31,REGISTRY_DISPATCH,string-keyed dict len=3,reason detail full_detail,,chains.callExpDateMap.*.theoreticalVolatility;chains.putExpDateMap.*.theoreticalVolatility;chains.callExpDateMap.*.volatility,V3 G2 registry sweep,NOT_MARKET_DATA,,,NOT_MARKET_DATA: scoped mechanical classifier tail; production wire reads tracked in governance/SCHWAB_V4_REVIEW_MEMOS cone walk
634eea667a77e22fcc47,python,call_engine.py,1625,38,SUBSCRIPT_MARKET_KEY,"subscript[... ""trade_valid""]",trade_valid,,chains.callExpDateMap.*.bidSize;chains.callExpDateMap.*.askSize;chains.callExpDateMap.*.theoreticalVolatility,V3 G1 Python,NOT_MARKET_DATA,,,NOT_MARKET_DATA: scoped mechanical classifier tail; production wire reads tracked in governance/SCHWAB_V4_REVIEW_MEMOS cone walk
69cf386cc90b2fe45aec,python,call_engine.py,1633,15,SUBSCRIPT_MARKET_KEY,"subscript[... ""risk_valid""]",risk_valid,,chains.underlying.askSize;chains.underlying.bidSize;chains.callExpDateMap.*.bidSize,V3 G1 Python,NOT_MARKET_DATA,,,NOT_MARKET_DATA: scoped mechanical classifier tail; production wire reads tracked in governance/SCHWAB_V4_REVIEW_MEMOS cone walk
3e7b43ca37d8db89b13f,python,call_engine.py,1634,33,DICT_GET_MARKET_DEFAULT,".get('risk_reason', default)",risk_reason get,,quotes.quote.askSize;streaming.content.*.ASK_SIZE;streaming.content.*.ASKS.*.ASK_PRICE,V3 G1 Python,NOT_MARKET_DATA,,,NOT_MARKET_DATA: scoped mechanical classifier tail; production wire reads tracked in governance/SCHWAB_V4_REVIEW_MEMOS cone walk
6f148899c9d056ec859d,python,call_engine.py,1636,23,REGISTRY_DISPATCH,string-keyed dict len=2,reason gate_reasons,,streaming.content.*.ASKS.*.ASKS;streaming.content.*.ASKS.*.ASKS.*.ASK_VOLUME;streaming.content.*.ASKS.*.ASK_PRICE,V3 G2 registry sweep,NOT_MARKET_DATA,,,NOT_MARKET_DATA: scoped mechanical classifier tail; production wire reads tracked in governance/SCHWAB_V4_REVIEW_MEMOS cone walk
8bc629196768ca9742c3,python,call_engine.py,1660,24,BINOP_MARKET_IDENT,BinOp with CSV-vocabulary identifiers,risk,,chains.underlying.askSize;chains.underlying.bidSize;quotes.quote.askSize,V3 G1 Python,NOT_MARKET_DATA,,,NOT_MARKET_DATA: scoped mechanical classifier tail; production wire reads tracked in governance/SCHWAB_V4_REVIEW_MEMOS cone walk
9669cbb365051500a5b1,python,call_engine.py,1662,24,BINOP_MARKET_IDENT,BinOp with CSV-vocabulary identifiers,risk,,chains.underlying.askSize;chains.underlying.bidSize;quotes.quote.askSize,V3 G1 Python,NOT_MARKET_DATA,,,NOT_MARKET_DATA: scoped mechanical classifier tail; production wire reads tracked in governance/SCHWAB_V4_REVIEW_MEMOS cone walk
00b648788e768a998030,python,call_engine.py,1712,24,GETATTR_MARKET_LITERAL,"getattr(..., ""model_agreement"", ...)",model_agreement getattr,,streaming.content.*.REGULAR_MARKET_TRADE;streaming.content.*.ASKS.*.TOTAL_VOLUME;streaming.content.*.ASK_SIZE,V3 G1 Python,NOT_MARKET_DATA,,,NOT_MARKET_DATA: scoped mechanical classifier tail; production wire reads tracked in governance/SCHWAB_V4_REVIEW_MEMOS cone walk
1b44ea581705daf62c00,python,call_engine.py,1720,26,SUBSCRIPT_MARKET_KEY,"subscript[... ""trade_valid""]",trade_valid,,chains.callExpDateMap.*.bidSize;chains.callExpDateMap.*.askSize;chains.callExpDateMap.*.theoreticalVolatility,V3 G1 Python,NOT_MARKET_DATA,,,NOT_MARKET_DATA: scoped mechanical classifier tail; production wire reads tracked in governance/SCHWAB_V4_REVIEW_MEMOS cone walk
38c5ec1ac6401e5dfef5,python,call_engine.py,1725,15,SUBSCRIPT_MARKET_KEY,"subscript[... ""size_cue""]",size_cue,,quotes.quote.52WeekHigh;quotes.extended.askSize;quotes.quote.askSize,V3 G1 Python,NOT_MARKET_DATA,,,NOT_MARKET_DATA: scoped mechanical classifier tail; production wire reads tracked in governance/SCHWAB_V4_REVIEW_MEMOS cone walk
560cbdf76850c5b520e3,python,call_engine.py,1743,23,REGISTRY_DISPATCH,string-keyed dict len=3,reason detail full_detail,,chains.callExpDateMap.*.theoreticalVolatility;chains.putExpDateMap.*.theoreticalVolatility;chains.callExpDateMap.*.volatility,V3 G2 registry sweep,NOT_MARKET_DATA,,,NOT_MARKET_DATA: scoped mechanical classifier tail; production wire reads tracked in governance/SCHWAB_V4_REVIEW_MEMOS cone walk
1330910a9689a7395bc4,python,call_engine.py,1757,23,REGISTRY_DISPATCH,string-keyed dict len=3,reason detail full_detail,,chains.callExpDateMap.*.theoreticalVolatility;chains.putExpDateMap.*.theoreticalVolatility;chains.callExpDateMap.*.volatility,V3 G2 registry sweep,NOT_MARKET_DATA,,,NOT_MARKET_DATA: scoped mechanical classifier tail; production wire reads tracked in governance/SCHWAB_V4_REVIEW_MEMOS cone walk
73cc29267e91a8802c24,python,call_engine.py,1765,25,SUBSCRIPT_MARKET_KEY,"subscript[... ""trade_valid""]",trade_valid,,chains.callExpDateMap.*.bidSize;chains.callExpDateMap.*.askSize;chains.callExpDateMap.*.theoreticalVolatility,V3 G1 Python,NOT_MARKET_DATA,,,NOT_MARKET_DATA: scoped mechanical classifier tail; production wire reads tracked in governance/SCHWAB_V4_REVIEW_MEMOS cone walk
fb2993d2b651ce32824d,cross_validator,call_engine.py,3,0,pattern_kind_miss,"The Call — implements STACK ORDER 8, 9, 10 (enforced in compute_call):",the call order,chains.callExpDateMap.*.inTheMoney;chains.putExpDateMap.*.inTheMoney;chains.callExpDateMap;chains.callExpDateMap.*;chains.callExpDateMap.*.ask;chains.callExpDateMap.*.askSize;chains.callExpDateMap.*.bid;chains.callExpDateMap.*.bidAskSize;chains.callExpDateMap.*.bidSize;chains.callExpDateMap.*.closePrice;chains.callExpDateMap.*.daysToExpiration;chains.callExpDateMap.*.deliverableNote;chains.callExpDateMap.*.delta;chains.callExpDateMap.*.description;chains.callExpDateMap.*.exchangeName;chains.callExpDateMap.*.exerciseType;chains.callExpDateMap.*.expirationDate;chains.callExpDateMap.*.expirationType;chains.callExpDateMap.*.extrinsicValue;chains.callExpDateMap.*.gamma;chains.callExpDateMap.*.high52Week;chains.callExpDateMap.*.highPrice;chains.callExpDateMap.*.intrinsicValue;chains.callExpDateMap.*.last;chains.callExpDateMap.*.lastSize,chains.callExpDateMap.*.theoreticalVolatility;chains.callExpDateMap.*.totalVolume;chains.callExpDateMap.*.theta,V3 G2 cross-validator (CSV vocabulary),NOT_MARKET_DATA,,,module docstring (AST); tools/track_a_module_docstring_nmd_pass.py
697bb1033e01db9a07c4,cross_validator,call_engine.py,4,0,pattern_kind_miss,"  8. Decision Policy Layer: signal, conviction, trade interpretation (uses vol_regime)",trade,chains.callExpDateMap.*.tradeTimeInLong;chains.putExpDateMap.*.tradeTimeInLong;chains.underlying.tradeTime;quotes.extended.tradeTime;quotes.quote.tradeTime;quotes.regular.regularMarketTradeTime;streaming.content.*.REGULAR_MARKET_TRADE;streaming.content.*.REGULAR_MARKET_TRADE_MILLIS;streaming.content.*.TRADE_TIME_MILLIS,chains.volatility;chains.callExpDateMap.*.volatility;chains.putExpDateMap.*.theoreticalVolatility,V3 G2 cross-validator (CSV vocabulary),NOT_MARKET_DATA,,,module docstring (AST); tools/track_a_module_docstring_nmd_pass.py
b87a6d25af2763a11246,cross_validator,call_engine.py,5,0,pattern_kind_miss,"  9. Risk Engine: _validate_trade (structure, probability, risk gates)",risk,,chains.putExpDateMap.*.theoreticalVolatility;chains.volatility;chains.callExpDateMap.*.theoreticalVolatility,V3 G2 cross-validator (CSV vocabulary),NOT_MARKET_DATA,,,module docstring (AST); tools/track_a_module_docstring_nmd_pass.py
9f62cebc9cab28c8e2ab,cross_validator,call_engine.py,37,0,pattern_kind_miss,# Stack threshold (event-risk vs default),risk,,chains.callExpDateMap.*.theta;chains.putExpDateMap.*.theta;quotes.quote.askSize,V3 G2 cross-validator (CSV vocabulary),NOT_MARKET_DATA,,,NOT_MARKET_DATA: scoped mechanical classifier tail; production wire reads tracked in governance/SCHWAB_V4_REVIEW_MEMOS cone walk
0d22dbb616d836fe819d,cross_validator,call_engine.py,38,0,pattern_kind_miss,STACK_THRESHOLD_DEFAULT: int = 2,int,instruments.*.fundamental.shortIntDayToCover;instruments.*.fundamental.shortIntToFloat,quotes.quote.askSize;chains.putExpDateMap.*.askSize;quotes.extended.askSize,V3 G2 cross-validator (CSV vocabulary),NOT_MARKET_DATA,,,NOT_MARKET_DATA: scoped mechanical classifier tail; production wire reads tracked in governance/SCHWAB_V4_REVIEW_MEMOS cone walk
6ac019bc3a383f7e3559,cross_validator,call_engine.py,39,0,pattern_kind_miss,STACK_THRESHOLD_EVENT_RISK: int = 3,int,instruments.*.fundamental.shortIntDayToCover;instruments.*.fundamental.shortIntToFloat,quotes.quote.askSize;quotes.extended.askSize;streaming.content.*.ASK_SIZE,V3 G2 cross-validator (CSV vocabulary),NOT_MARKET_DATA,,,NOT_MARKET_DATA: scoped mechanical classifier tail; production wire reads tracked in governance/SCHWAB_V4_REVIEW_MEMOS cone walk
a2adb8692c0087ead7e3,cross_validator,call_engine.py,40,0,pattern_kind_miss,CONFLUENCE_TOTAL_SOURCES: int = 9,int,instruments.*.fundamental.shortIntDayToCover;instruments.*.fundamental.shortIntToFloat,streaming.content.*.ASKS.*.TOTAL_VOLUME;quotes.quote.askSize;streaming.content.*.BIDS.*.TOTAL_VOLUME,V3 G2 cross-validator (CSV vocabulary),NOT_MARKET_DATA,,,NOT_MARKET_DATA: scoped mechanical classifier tail; production wire reads tracked in governance/SCHWAB_V4_REVIEW_MEMOS cone walk
13b6d9cd8fa41f6eb291,cross_validator,call_engine.py,42,0,pattern_kind_miss,# Conviction margin thresholds,margin,instruments.*.fundamental.grossMarginMRQ;instruments.*.fundamental.grossMarginTTM;instruments.*.fundamental.netProfitMarginMRQ;instruments.*.fundamental.netProfitMarginTTM;instruments.*.fundamental.operatingMarginMRQ;instruments.*.fundamental.operatingMarginTTM,chains.volatility;pricehistory.candles;pricehistory.candles.*.high,V3 G2 cross-validator (CSV vocabulary),NOT_MARKET_DATA,,,NOT_MARKET_DATA: scoped mechanical classifier tail; production wire reads tracked in governance/SCHWAB_V4_REVIEW_MEMOS cone walk
2b7c8d10c0bb03e16f0b,cross_validator,call_engine.py,43,0,pattern_kind_miss,CONVICTION_HIGH_MARGIN_HIGH: float = 0.12,float,instruments.*.fundamental.marketCapFloat;instruments.*.fundamental.shortIntToFloat,pricehistory.candles.*.high;chains.volatility;chains.callExpDateMap.*.description,V3 G2 cross-validator (CSV vocabulary),NOT_MARKET_DATA,,,NOT_MARKET_DATA: scoped mechanical classifier tail; production wire reads tracked in governance/SCHWAB_V4_REVIEW_MEMOS cone walk
8a796e6fa64706b29186,cross_validator,call_engine.py,44,0,pattern_kind_miss,CONVICTION_HIGH_MARGIN_MEDIUM: float = 0.06,float,instruments.*.fundamental.marketCapFloat;instruments.*.fundamental.shortIntToFloat,chains.putExpDateMap.*.description;chains.callExpDateMap.*.description;chains.volatility,V3 G2 cross-validator (CSV vocabulary),NOT_MARKET_DATA,,,NOT_MARKET_DATA: scoped mechanical classifier tail; production wire reads tracked in governance/SCHWAB_V4_REVIEW_MEMOS cone walk
37080b87f69cc2a0577d,cross_validator,call_engine.py,45,0,pattern_kind_miss,CONVICTION_MEDIUM_MARGIN: float = 0.10,float,instruments.*.fundamental.marketCapFloat;instruments.*.fundamental.shortIntToFloat,chains.putExpDateMap.*.description;chains.callExpDateMap.*.description;chains.putExpDateMap.*.volatility,V3 G2 cross-validator (CSV vocabulary),NOT_MARKET_DATA,,,NOT_MARKET_DATA: scoped mechanical classifier tail; production wire reads tracked in governance/SCHWAB_V4_REVIEW_MEMOS cone walk
a1dc8da8602de990af53,cross_validator,call_engine.py,46,0,pattern_kind_miss,CONVICTION_NEUTRAL_DOM_PROB: float = 1.0 / 3.0,float,instruments.*.fundamental.marketCapFloat;instruments.*.fundamental.shortIntToFloat,chains.putExpDateMap.*.totalVolume;chains.callExpDateMap.*.openInterest;chains.putExpDateMap.*.openInterest,V3 G2 cross-validator (CSV vocabulary),NOT_MARKET_DATA,,,NOT_MARKET_DATA: scoped mechanical classifier tail; production wire reads tracked in governance/SCHWAB_V4_REVIEW_MEMOS cone walk
bf7ea1e2f20dcd1bd059,cross_validator,call_engine.py,48,0,pattern_kind_miss,# Time warnings (mins-to-close),time close,chains.callExpDateMap.*.quoteTimeInLong;chains.callExpDateMap.*.timeValue;chains.callExpDateMap.*.tradeTimeInLong;chains.putExpDateMap.*.quoteTimeInLong;chains.putExpDateMap.*.timeValue;chains.putExpDateMap.*.tradeTimeInLong;chains.underlying.quoteTime;chains.underlying.tradeTime;quotes.extended.quoteTime;quotes.extended.tradeTime;quotes.quote.askTime;quotes.quote.bidTime;quotes.quote.quoteTime;quotes.quote.tradeTime;quotes.regular.regularMarketTradeTime;streaming.content.*.ASK_TIME_MILLIS;streaming.content.*.BID_TIME_MILLIS;streaming.content.*.BOOK_TIME;streaming.content.*.CHART_TIME_MILLIS;streaming.content.*.QUOTE_TIME_MILLIS;streaming.content.*.TRADE_TIME_MILLIS;chains.callExpDateMap.*.closePrice;chains.putExpDateMap.*.closePrice;chains.underlying.close;pricehistory.candles.*.close,streaming.content.*.CHART_TIME_MILLIS;streaming.timestamp;streaming.content.*.BID_TIME_MILLIS,V3 G2 cross-validator (CSV vocabulary),NOT_MARKET_DATA,,,NOT_MARKET_DATA: scoped mechanical classifier tail; production wire reads tracked in governance/SCHWAB_V4_REVIEW_MEMOS cone walk
cee26412a5a0ed437615,cross_validator,call_engine.py,49,0,pattern_kind_miss,MINS_TO_CLOSE_NO_NEW_ENTRIES: int = 30,int,instruments.*.fundamental.shortIntDayToCover;instruments.*.fundamental.shortIntToFloat,streaming.content.*.ASK_SIZE;streaming.content.*.BID_SIZE;quotes.quote.askSize,V3 G2 cross-validator (CSV vocabulary),NOT_MARKET_DATA,,,NOT_MARKET_DATA: scoped mechanical classifier tail; production wire reads tracked in governance/SCHWAB_V4_REVIEW_MEMOS cone walk
6424bee3389776307c91,cross_validator,call_engine.py,50,0,pattern_kind_miss,MINS_TO_CLOSE_HALVE_SIZE: int = 60,int,instruments.*.fundamental.shortIntDayToCover;instruments.*.fundamental.shortIntToFloat,quotes.quote.askSize;chains.volatility;chains.callExpDateMap.*.askSize,V3 G2 cross-validator (CSV vocabulary),NOT_MARKET_DATA,,,NOT_MARKET_DATA: scoped mechanical classifier tail; production wire reads tracked in governance/SCHWAB_V4_REVIEW_MEMOS cone walk
a03f4dafcb2fd550ce42,cross_validator,call_engine.py,51,0,pattern_kind_miss,MINS_TO_CLOSE_REDUCE_SIZE: int = 120,int,instruments.*.fundamental.shortIntDayToCover;instruments.*.fundamental.shortIntToFloat,quotes.quote.askSize;quotes.quote.bidSize;quotes.extended.askSize,V3 G2 cross-validator (CSV vocabulary),NOT_MARKET_DATA,,,NOT_MARKET_DATA: scoped mechanical classifier tail; production wire reads tracked in governance/SCHWAB_V4_REVIEW_MEMOS cone walk
167481ff2a26165d7719,cross_validator,call_engine.py,53,0,pattern_kind_miss,# COH-I-M: time-warning visual prefixes. Kept in named constants so the unicode,time the,chains.callExpDateMap.*.quoteTimeInLong;chains.callExpDateMap.*.timeValue;chains.callExpDateMap.*.tradeTimeInLong;chains.putExpDateMap.*.quoteTimeInLong;chains.putExpDateMap.*.timeValue;chains.putExpDateMap.*.tradeTimeInLong;chains.underlying.quoteTime;chains.underlying.tradeTime;quotes.extended.quoteTime;quotes.extended.tradeTime;quotes.quote.askTime;quotes.quote.bidTime;quotes.quote.quoteTime;quotes.quote.tradeTime;quotes.regular.regularMarketTradeTime;streaming.content.*.ASK_TIME_MILLIS;streaming.content.*.BID_TIME_MILLIS;streaming.content.*.BOOK_TIME;streaming.content.*.CHART_TIME_MILLIS;streaming.content.*.QUOTE_TIME_MILLIS;streaming.content.*.TRADE_TIME_MILLIS;chains.callExpDateMap.*.inTheMoney;chains.putExpDateMap.*.inTheMoney,pricehistory.candles.*.datetime;chains.putExpDateMap.*.rho;chains.putExpDateMap.*.theta,V3 G2 cross-validator (CSV vocabulary),NOT_MARKET_DATA,,,NOT_MARKET_DATA: scoped mechanical classifier tail; production wire reads tracked in governance/SCHWAB_V4_REVIEW_MEMOS cone walk
dc0068bcee39ba54818d,cross_validator,call_engine.py,55,0,pattern_kind_miss,"# consumers that don't render the emoji (terminals, JSON pretty-printers, etc).",the,chains.callExpDateMap.*.inTheMoney;chains.putExpDateMap.*.inTheMoney,chains.putExpDateMap.*.theta;streaming.content.*.ASK_SIZE;chains.putExpDateMap.*.rho,V3 G2 cross-validator (CSV vocabulary),NOT_MARKET_DATA,,,NOT_MARKET_DATA: scoped mechanical classifier tail; production wire reads tracked in governance/SCHWAB_V4_REVIEW_MEMOS cone walk
8625280a4cb36c91c625,cross_validator,call_engine.py,57,0,pattern_kind_miss,"TIME_WARNING_PREFIX_ALERT: str = ""⏰""      # ⏰  reduce-size warning (≤120 min)",size,chains.callExpDateMap.*.askSize;chains.callExpDateMap.*.bidAskSize;chains.callExpDateMap.*.bidSize;chains.callExpDateMap.*.lastSize;chains.putExpDateMap.*.askSize;chains.putExpDateMap.*.bidAskSize;chains.putExpDateMap.*.bidSize;chains.putExpDateMap.*.lastSize;chains.underlying.askSize;chains.underlying.bidSize;quotes.extended.askSize;quotes.extended.bidSize;quotes.extended.lastSize;quotes.quote.askSize;quotes.quote.bidSize;quotes.quote.lastSize;quotes.regular.regularMarketLastSize;streaming.content.*.ASK_SIZE;streaming.content.*.BID_SIZE;streaming.content.*.LAST_SIZE;streaming.content.*.REGULAR_MARKET_LAST_SIZE,chains.putExpDateMap.*.bidSize;chains.putExpDateMap.*.askSize;chains.callExpDateMap.*.bidSize,V3 G2 cross-validator (CSV vocabulary),NOT_MARKET_DATA,,,NOT_MARKET_DATA: scoped mechanical classifier tail; production wire reads tracked in governance/SCHWAB_V4_REVIEW_MEMOS cone walk
59c8ee4d3e86d9d39d34,cross_validator,call_engine.py,59,0,pattern_kind_miss,# Validate trade gates,trade,chains.callExpDateMap.*.tradeTimeInLong;chains.putExpDateMap.*.tradeTimeInLong;chains.underlying.tradeTime;quotes.extended.tradeTime;quotes.quote.tradeTime;quotes.regular.regularMarketTradeTime;streaming.content.*.REGULAR_MARKET_TRADE;streaming.content.*.REGULAR_MARKET_TRADE_MILLIS;streaming.content.*.TRADE_TIME_MILLIS,chains.callExpDateMap.*.theta;chains.callExpDateMap.*.volatility;chains.callExpDateMap.*.theoreticalVolatility,V3 G2 cross-validator (CSV vocabulary),NOT_MARKET_DATA,,,NOT_MARKET_DATA: scoped mechanical classifier tail; production wire reads tracked in governance/SCHWAB_V4_REVIEW_MEMOS cone walk
7ab75a9af23275728755,cross_validator,call_engine.py,60,0,pattern_kind_miss,WALL_TOO_CLOSE_PTS: float = 1.0,float,instruments.*.fundamental.marketCapFloat;instruments.*.fundamental.shortIntToFloat,chains.callExpDateMap.*.totalVolume;quotes.quote.totalVolume;chains.putExpDateMap.*.totalVolume,V3 G2 cross-validator (CSV vocabulary),NOT_MARKET_DATA,,,NOT_MARKET_DATA: scoped mechanical classifier tail; production wire reads tracked in governance/SCHWAB_V4_REVIEW_MEMOS cone walk
f152db882ccc55190a9d,cross_validator,call_engine.py,61,0,pattern_kind_miss,CHOP_CONFLUENCE_MIN: int = 4,int,instruments.*.fundamental.shortIntDayToCover;instruments.*.fundamental.shortIntToFloat,streaming.content.*.cusip;chains.callExpDateMap.*.description;chains.putExpDateMap.*.description,V3 G2 cross-validator (CSV vocabulary),NOT_MARKET_DATA,,,NOT_MARKET_DATA: scoped mechanical classifier tail; production wire reads tracked in governance/SCHWAB_V4_REVIEW_MEMOS cone walk
120cd4b13b6d1734db0d,cross_validator,call_engine.py,62,0,pattern_kind_miss,CHOP_CONFLUENCE_MIN_WITH_PRED_AGREE: int = 3,int,instruments.*.fundamental.shortIntDayToCover;instruments.*.fundamental.shortIntToFloat,streaming.content.*.BID_SIZE;streaming.content.*.ASK_SIZE;chains.putExpDateMap.*.bidSize,V3 G2 cross-validator (CSV vocabulary),NOT_MARKET_DATA,,,NOT_MARKET_DATA: scoped mechanical classifier tail; production wire reads tracked in governance/SCHWAB_V4_REVIEW_MEMOS cone walk
5626b865e4ac27821fde,cross_validator,call_engine.py,63,0,pattern_kind_miss,AGREE_THRESHOLD_UNSTABLE: float = 0.50,float,instruments.*.fundamental.marketCapFloat;instruments.*.fundamental.shortIntToFloat,chains.putExpDateMap.*.totalVolume;chains.callExpDateMap.*.totalVolume;chains.putExpDateMap.*.theta,V3 G2 cross-validator (CSV vocabulary),NOT_MARKET_DATA,,,NOT_MARKET_DATA: scoped mechanical classifier tail; production wire reads tracked in governance/SCHWAB_V4_REVIEW_MEMOS cone walk
66a34b0e17994939460f,cross_validator,call_engine.py,64,0,pattern_kind_miss,AGREE_THRESHOLD_DEFAULT: float = 0.18,float,instruments.*.fundamental.marketCapFloat;instruments.*.fundamental.shortIntToFloat,chains.callExpDateMap.*.totalVolume;quotes.extended.totalVolume;chains.putExpDateMap.*.totalVolume,V3 G2 cross-validator (CSV vocabulary),NOT_MARKET_DATA,,,NOT_MARKET_DATA: scoped mechanical classifier tail; production wire reads tracked in governance/SCHWAB_V4_REVIEW_MEMOS cone walk
3591602a497415c72b83,cross_validator,call_engine.py,65,0,pattern_kind_miss,CANONICAL_DOM_PROB_STACK_VOTE_MIN: float = 0.45,float,instruments.*.fundamental.marketCapFloat;instruments.*.fundamental.shortIntToFloat,chains.putExpDateMap.*.totalVolume;chains.callExpDateMap.*.totalVolume;chains.callExpDateMap.*.openInterest,V3 G2 cross-validator (CSV vocabulary),NOT_MARKET_DATA,,,NOT_MARKET_DATA: scoped mechanical classifier tail; production wire reads tracked in governance/SCHWAB_V4_REVIEW_MEMOS cone walk
4e1ae66735a36092ece6,cross_validator,call_engine.py,66,0,pattern_kind_miss,CANONICAL_OPPOSE_THRESHOLD: float = 0.50,float,instruments.*.fundamental.marketCapFloat;instruments.*.fundamental.shortIntToFloat,chains.callExpDateMap.*.totalVolume;chains.putExpDateMap.*.totalVolume;chains.callExpDateMap.*.openInterest,V3 G2 cross-validator (CSV vocabulary),NOT_MARKET_DATA,,,NOT_MARKET_DATA: scoped mechanical classifier tail; production wire reads tracked in governance/SCHWAB_V4_REVIEW_MEMOS cone walk
db0089fe0ab5bd1a1778,cross_validator,call_engine.py,67,0,pattern_kind_miss,REVERSAL_GATE_THRESHOLD: float = 0.50,float,instruments.*.fundamental.marketCapFloat;instruments.*.fundamental.shortIntToFloat,chains.putExpDateMap.*.totalVolume;chains.callExpDateMap.*.totalVolume;chains.callExpDateMap.*.theta,V3 G2 cross-validator (CSV vocabulary),NOT_MARKET_DATA,,,NOT_MARKET_DATA: scoped mechanical classifier tail; production wire reads tracked in governance/SCHWAB_V4_REVIEW_MEMOS cone walk
a2428df2c3b381fc7be6,cross_validator,call_engine.py,68,0,pattern_kind_miss,BREAKOUT_SUM_GATE: float = 0.60,float,instruments.*.fundamental.marketCapFloat;instruments.*.fundamental.shortIntToFloat,chains.putExpDateMap.*.totalVolume;chains.callExpDateMap.*.totalVolume;quotes.quote.totalVolume,V3 G2 cross-validator (CSV vocabulary),NOT_MARKET_DATA,,,NOT_MARKET_DATA: scoped mechanical classifier tail; production wire reads tracked in governance/SCHWAB_V4_REVIEW_MEMOS cone walk
239981b6df2ed47f702f,cross_validator,call_engine.py,69,0,pattern_kind_miss,MC_EAE_GATE_DEFAULT: float = 2.0,float,instruments.*.fundamental.marketCapFloat;instruments.*.fundamental.shortIntToFloat,chains.callExpDateMap.*.totalVolume;chains.putExpDateMap.*.totalVolume;chains.callExpDateMap.*.theta,V3 G2 cross-validator (CSV vocabulary),NOT_MARKET_DATA,,,NOT_MARKET_DATA: scoped mechanical classifier tail; production wire reads tracked in governance/SCHWAB_V4_REVIEW_MEMOS cone walk
95fc5e499adc31ac94b8,cross_validator,call_engine.py,70,0,pattern_kind_miss,MC_EAE_GATE_EXPANSION: float = 2.5,float,instruments.*.fundamental.marketCapFloat;instruments.*.fundamental.shortIntToFloat,chains.callExpDateMap.*.theta;chains.putExpDateMap.*.askSize;chains.callExpDateMap.*.askSize,V3 G2 cross-validator (CSV vocabulary),NOT_MARKET_DATA,,,NOT_MARKET_DATA: scoped mechanical classifier tail; production wire reads tracked in governance/SCHWAB_V4_REVIEW_MEMOS cone walk
0fedaf6f46d42013053f,cross_validator,call_engine.py,71,0,pattern_kind_miss,MC_EAE_GATE_EXPANSION_MID: float = 1.8,float,instruments.*.fundamental.marketCapFloat;instruments.*.fundamental.shortIntToFloat,chains.callExpDateMap.*.askSize;chains.putExpDateMap.*.askSize;chains.callExpDateMap.*.bidSize,V3 G2 cross-validator (CSV vocabulary),NOT_MARKET_DATA,,,NOT_MARKET_DATA: scoped mechanical classifier tail; production wire reads tracked in governance/SCHWAB_V4_REVIEW_MEMOS cone walk
b52dcc8b1d1c13b75267,cross_validator,call_engine.py,72,0,pattern_kind_miss,MC_EAE_GATE_CONTAINED: float = 1.5,float,instruments.*.fundamental.marketCapFloat;instruments.*.fundamental.shortIntToFloat,quotes.fundamental.avg1YearVolume;streaming.content.*.ASK_SIZE;streaming.content.*.ASKS.*.TOTAL_VOLUME,V3 G2 cross-validator (CSV vocabulary),NOT_MARKET_DATA,,,NOT_MARKET_DATA: scoped mechanical classifier tail; production wire reads tracked in governance/SCHWAB_V4_REVIEW_MEMOS cone walk
2679651b3731c59217f7,cross_validator,call_engine.py,73,0,pattern_kind_miss,MC_EAE_GATE_CONTAINED_MID: float = 1.0,float,instruments.*.fundamental.marketCapFloat;instruments.*.fundamental.shortIntToFloat,chains.callExpDateMap.*.bidSize;chains.callExpDateMap.*.askSize;chains.putExpDateMap.*.askSize,V3 G2 cross-validator (CSV vocabulary),NOT_MARKET_DATA,,,NOT_MARKET_DATA: scoped mechanical classifier tail; production wire reads tracked in governance/SCHWAB_V4_REVIEW_MEMOS cone walk
ffb3b2ab1b1746ad89bb,cross_validator,call_engine.py,74,0,pattern_kind_miss,VIX_EXTREME_THRESHOLD: float = 35.0,float,instruments.*.fundamental.marketCapFloat;instruments.*.fundamental.shortIntToFloat,quotes.extended.totalVolume;chains.putExpDateMap.*.totalVolume;quotes.extended.askSize,V3 G2 cross-validator (CSV vocabulary),NOT_MARKET_DATA,,,NOT_MARKET_DATA: scoped mechanical classifier tail; production wire reads tracked in governance/SCHWAB_V4_REVIEW_MEMOS cone walk
79e1e604289f59e41433,cross_validator,call_engine.py,75,0,pattern_kind_miss,VIX_ELEVATED_THRESHOLD: float = 25.0,float,instruments.*.fundamental.marketCapFloat;instruments.*.fundamental.shortIntToFloat,quotes.extended.totalVolume;chains.putExpDateMap.*.totalVolume;chains.callExpDateMap.*.totalVolume,V3 G2 cross-validator (CSV vocabulary),NOT_MARKET_DATA,,,NOT_MARKET_DATA: scoped mechanical classifier tail; production wire reads tracked in governance/SCHWAB_V4_REVIEW_MEMOS cone walk
efcc705d116bbd4cd870,cross_validator,call_engine.py,76,0,pattern_kind_miss,COMPRESSION_BARS_RISK: int = 10,int,instruments.*.fundamental.shortIntDayToCover;instruments.*.fundamental.shortIntToFloat,quotes.quote.askSize;chains.putExpDateMap.*.askSize;quotes.quote.bidSize,V3 G2 cross-validator (CSV vocabulary),NOT_MARKET_DATA,,,NOT_MARKET_DATA: scoped mechanical classifier tail; production wire reads tracked in governance/SCHWAB_V4_REVIEW_MEMOS cone walk
f708309d0fc55af1ec88,cross_validator,call_engine.py,79,0,pattern_kind_miss,CONF_MULT_HIGH_WITH_CONFLUENCE: float = 1.00,float,instruments.*.fundamental.marketCapFloat;instruments.*.fundamental.shortIntToFloat,chains.putExpDateMap.*.totalVolume;chains.callExpDateMap.*.theoreticalOptionValue;chains.callExpDateMap.*.openInterest,V3 G2 cross-validator (CSV vocabulary),NOT_MARKET_DATA,,,NOT_MARKET_DATA: scoped mechanical classifier tail; production wire reads tracked in governance/SCHWAB_V4_REVIEW_MEMOS cone walk
91059261495d09a2fde6,cross_validator,call_engine.py,80,0,pattern_kind_miss,CONF_MULT_HIGH: float = 0.85,float,instruments.*.fundamental.marketCapFloat;instruments.*.fundamental.shortIntToFloat,chains.putExpDateMap.*.totalVolume;chains.callExpDateMap.*.totalVolume;chains.underlying.totalVolume,V3 G2 cross-validator (CSV vocabulary),NOT_MARKET_DATA,,,NOT_MARKET_DATA: scoped mechanical classifier tail; production wire reads tracked in governance/SCHWAB_V4_REVIEW_MEMOS cone walk
a93d7449f6d9537f79f0,cross_validator,call_engine.py,81,0,pattern_kind_miss,CONF_MULT_MEDIUM: float = 0.70,float,instruments.*.fundamental.marketCapFloat;instruments.*.fundamental.shortIntToFloat,chains.putExpDateMap.*.totalVolume;chains.callExpDateMap.*.totalVolume;quotes.fundamental.avg10DaysVolume,V3 G2 cross-validator (CSV vocabulary),NOT_MARKET_DATA,,,NOT_MARKET_DATA: scoped mechanical classifier tail; production wire reads tracked in governance/SCHWAB_V4_REVIEW_MEMOS cone walk
48b87e69b06e24f6d705,cross_validator,call_engine.py,82,0,pattern_kind_miss,CONF_MULT_LOW: float = 0.45,float,instruments.*.fundamental.marketCapFloat;instruments.*.fundamental.shortIntToFloat,quotes.quote.totalVolume;chains.putExpDateMap.*.totalVolume;chains.callExpDateMap.*.totalVolume,V3 G2 cross-validator (CSV vocabulary),NOT_MARKET_DATA,,,NOT_MARKET_DATA: scoped mechanical classifier tail; production wire reads tracked in governance/SCHWAB_V4_REVIEW_MEMOS cone walk
a4c9d051ee2318b85fd4,cross_validator,call_engine.py,83,0,pattern_kind_miss,CONF_MULT_VERY_LOW: float = 0.25,float,instruments.*.fundamental.marketCapFloat;instruments.*.fundamental.shortIntToFloat,quotes.quote.totalVolume;chains.underlying.totalVolume;chains.callExpDateMap.*.totalVolume,V3 G2 cross-validator (CSV vocabulary),NOT_MARKET_DATA,,,NOT_MARKET_DATA: scoped mechanical classifier tail; production wire reads tracked in governance/SCHWAB_V4_REVIEW_MEMOS cone walk
ed7b370e7068ec15b93a,cross_validator,call_engine.py,84,0,pattern_kind_miss,CONF_MULT_HIGH_CONFLUENCE_MIN: int = 3,int,instruments.*.fundamental.shortIntDayToCover;instruments.*.fundamental.shortIntToFloat,streaming.content.*.CHART_TIME_MILLIS;streaming.content.*.cusip;streaming.content.*.BID_TIME_MILLIS,V3 G2 cross-validator (CSV vocabulary),NOT_MARKET_DATA,,,NOT_MARKET_DATA: scoped mechanical classifier tail; production wire reads tracked in governance/SCHWAB_V4_REVIEW_MEMOS cone walk
83cb487a04847c4a1448,cross_validator,call_engine.py,85,0,pattern_kind_miss,MODEL_AGREEMENT_BOOST_THRESHOLD: float = 0.80,float,instruments.*.fundamental.marketCapFloat;instruments.*.fundamental.shortIntToFloat,quotes.extended.totalVolume;chains.putExpDateMap.*.totalVolume;chains.callExpDateMap.*.totalVolume,V3 G2 cross-validator (CSV vocabulary),NOT_MARKET_DATA,,,NOT_MARKET_DATA: scoped mechanical classifier tail; production wire reads tracked in governance/SCHWAB_V4_REVIEW_MEMOS cone walk
49885fcf5170ba2248ce,cross_validator,call_engine.py,86,0,pattern_kind_miss,MODEL_AGREEMENT_CUT_THRESHOLD: float = 0.35,float,instruments.*.fundamental.marketCapFloat;instruments.*.fundamental.shortIntToFloat,quotes.extended.totalVolume;chains.putExpDateMap.*.totalVolume;chains.callExpDateMap.*.totalVolume,V3 G2 cross-validator (CSV vocabulary),NOT_MARKET_DATA,,,NOT_MARKET_DATA: scoped mechanical classifier tail; production wire reads tracked in governance/SCHWAB_V4_REVIEW_MEMOS cone walk
70064ab1fca459623d18,cross_validator,call_engine.py,87,0,pattern_kind_miss,MODEL_AGREEMENT_BOOST_FACTOR: float = 1.10,float,instruments.*.fundamental.marketCapFloat;instruments.*.fundamental.shortIntToFloat,quotes.quote.totalVolume;quotes.extended.totalVolume;chains.putExpDateMap.*.totalVolume,V3 G2 cross-validator (CSV vocabulary),NOT_MARKET_DATA,,,NOT_MARKET_DATA: scoped mechanical classifier tail; production wire reads tracked in governance/SCHWAB_V4_REVIEW_MEMOS cone walk
9af6a97b10c4374fb99a,cross_validator,call_engine.py,88,0,pattern_kind_miss,MODEL_AGREEMENT_CUT_FACTOR: float = 0.80,float,instruments.*.fundamental.marketCapFloat;instruments.*.fundamental.shortIntToFloat,chains.putExpDateMap.*.totalVolume;chains.callExpDateMap.*.totalVolume;quotes.extended.totalVolume,V3 G2 cross-validator (CSV vocabulary),NOT_MARKET_DATA,,,NOT_MARKET_DATA: scoped mechanical classifier tail; production wire reads tracked in governance/SCHWAB_V4_REVIEW_MEMOS cone walk
f4c28ece5c6debdfa0e8,cross_validator,call_engine.py,89,0,pattern_kind_miss,FUSION_CONF_BOOST_FACTOR: float = 1.10,float,instruments.*.fundamental.marketCapFloat;instruments.*.fundamental.shortIntToFloat,quotes.quote.totalVolume;quotes.quote.askSize;quotes.quote.bidSize,V3 G2 cross-validator (CSV vocabulary),NOT_MARKET_DATA,,,NOT_MARKET_DATA: scoped mechanical classifier tail; production wire reads tracked in governance/SCHWAB_V4_REVIEW_MEMOS cone walk
4632e842cbfa16fbcb3e,cross_validator,call_engine.py,90,0,pattern_kind_miss,VIX_VOL_MULT_EXTREME_THRESHOLD: float = 35.0,float,instruments.*.fundamental.marketCapFloat;instruments.*.fundamental.shortIntToFloat,quotes.extended.totalVolume;quotes.quote.totalVolume;chains.putExpDateMap.*.totalVolume,V3 G2 cross-validator (CSV vocabulary),NOT_MARKET_DATA,,,NOT_MARKET_DATA: scoped mechanical classifier tail; production wire reads tracked in governance/SCHWAB_V4_REVIEW_MEMOS cone walk
ebbc5d04910f46d1b110,cross_validator,call_engine.py,91,0,pattern_kind_miss,VIX_VOL_MULT_ELEVATED_THRESHOLD: float = 25.0,float,instruments.*.fundamental.marketCapFloat;instruments.*.fundamental.shortIntToFloat,quotes.extended.totalVolume;chains.callExpDateMap.*.totalVolume;chains.putExpDateMap.*.totalVolume,V3 G2 cross-validator (CSV vocabulary),NOT_MARKET_DATA,,,NOT_MARKET_DATA: scoped mechanical classifier tail; production wire reads tracked in governance/SCHWAB_V4_REVIEW_MEMOS cone walk
fb0dbc1afc910e848180,cross_validator,call_engine.py,92,0,pattern_kind_miss,VIX_VOL_MULT_HIGH_THRESHOLD: float = 20.0,float,instruments.*.fundamental.marketCapFloat;instruments.*.fundamental.shortIntToFloat,chains.putExpDateMap.*.totalVolume;chains.callExpDateMap.*.totalVolume;chains.putExpDateMap.*.theoreticalVolatility,V3 G2 cross-validator (CSV vocabulary),NOT_MARKET_DATA,,,NOT_MARKET_DATA: scoped mechanical classifier tail; production wire reads tracked in governance/SCHWAB_V4_REVIEW_MEMOS cone walk
96bea12c8f327992e11f,cross_validator,call_engine.py,93,0,pattern_kind_miss,VIX_VOL_MULT_EXTREME_FACTOR: float = 0.50,float,instruments.*.fundamental.marketCapFloat;instruments.*.fundamental.shortIntToFloat,chains.putExpDateMap.*.totalVolume;chains.callExpDateMap.*.totalVolume;quotes.quote.totalVolume,V3 G2 cross-validator (CSV vocabulary),NOT_MARKET_DATA,,,NOT_MARKET_DATA: scoped mechanical classifier tail; production wire reads tracked in governance/SCHWAB_V4_REVIEW_MEMOS cone walk
27ed3d51b1162022e6b6,cross_validator,call_engine.py,94,0,pattern_kind_miss,VIX_VOL_MULT_ELEVATED_FACTOR: float = 0.70,float,instruments.*.fundamental.marketCapFloat;instruments.*.fundamental.shortIntToFloat,chains.callExpDateMap.*.totalVolume;chains.putExpDateMap.*.totalVolume;quotes.extended.totalVolume,V3 G2 cross-validator (CSV vocabulary),NOT_MARKET_DATA,,,NOT_MARKET_DATA: scoped mechanical classifier tail; production wire reads tracked in governance/SCHWAB_V4_REVIEW_MEMOS cone walk
ea650c44166a8806b436,cross_validator,call_engine.py,95,0,pattern_kind_miss,VIX_VOL_MULT_HIGH_FACTOR: float = 0.85,float,instruments.*.fundamental.marketCapFloat;instruments.*.fundamental.shortIntToFloat,chains.callExpDateMap.*.totalVolume;chains.putExpDateMap.*.totalVolume;chains.putExpDateMap.*.theoreticalVolatility,V3 G2 cross-validator (CSV vocabulary),NOT_MARKET_DATA,,,NOT_MARKET_DATA: scoped mechanical classifier tail; production wire reads tracked in governance/SCHWAB_V4_REVIEW_MEMOS cone walk
d8b249c68a5fe16e4ef1,cross_validator,call_engine.py,96,0,pattern_kind_miss,STOP_ATR_RATIO_TOO_TIGHT: float = 0.5,float,instruments.*.fundamental.marketCapFloat;instruments.*.fundamental.shortIntToFloat,chains.putExpDateMap.*.theoreticalVolatility;streaming.content.*.ASKS.*.TOTAL_VOLUME;chains.putExpDateMap.*.totalVolume,V3 G2 cross-validator (CSV vocabulary),NOT_MARKET_DATA,,,NOT_MARKET_DATA: scoped mechanical classifier tail; production wire reads tracked in governance/SCHWAB_V4_REVIEW_MEMOS cone walk
d15cea5524d359a0bbaa,cross_validator,call_engine.py,97,0,pattern_kind_miss,STOP_ATR_RATIO_TOO_WIDE: float = 3.0,float,instruments.*.fundamental.marketCapFloat;instruments.*.fundamental.shortIntToFloat,quotes.quote.askSize;chains.putExpDateMap.*.openInterest;chains.putExpDateMap.*.theoreticalVolatility,V3 G2 cross-validator (CSV vocabulary),NOT_MARKET_DATA,,,NOT_MARKET_DATA: scoped mechanical classifier tail; production wire reads tracked in governance/SCHWAB_V4_REVIEW_MEMOS cone walk
cc43369f66ba29da33b5,cross_validator,call_engine.py,98,0,pattern_kind_miss,STOP_ATR_TIGHT_FACTOR: float = 0.60,float,instruments.*.fundamental.marketCapFloat;instruments.*.fundamental.shortIntToFloat,chains.putExpDateMap.*.theoreticalVolatility;chains.putExpDateMap.*.totalVolume;chains.putExpDateMap.*.volatility,V3 G2 cross-validator (CSV vocabulary),NOT_MARKET_DATA,,,NOT_MARKET_DATA: scoped mechanical classifier tail; production wire reads tracked in governance/SCHWAB_V4_REVIEW_MEMOS cone walk
04e2e3db98f3136bd9c3,cross_validator,call_engine.py,99,0,pattern_kind_miss,STOP_ATR_WIDE_FACTOR: float = 0.70,float,instruments.*.fundamental.marketCapFloat;instruments.*.fundamental.shortIntToFloat,chains.putExpDateMap.*.totalVolume;chains.putExpDateMap.*.openInterest;chains.callExpDateMap.*.openInterest,V3 G2 cross-validator (CSV vocabulary),NOT_MARKET_DATA,,,NOT_MARKET_DATA: scoped mechanical classifier tail; production wire reads tracked in governance/SCHWAB_V4_REVIEW_MEMOS cone walk
4f52c442e3cd4b64ea21,cross_validator,call_engine.py,100,0,pattern_kind_miss,MC_EAE_SIZE_EXTREME_RATIO: float = 2.5,float,instruments.*.fundamental.marketCapFloat;instruments.*.fundamental.shortIntToFloat,streaming.content.*.ASK_SIZE;quotes.quote.askSize;streaming.content.*.BID_SIZE,V3 G2 cross-validator (CSV vocabulary),NOT_MARKET_DATA,,,NOT_MARKET_DATA: scoped mechanical classifier tail; production wire reads tracked in governance/SCHWAB_V4_REVIEW_MEMOS cone walk
08c58706324bc3eda1e0,cross_validator,call_engine.py,101,0,pattern_kind_miss,MC_EAE_SIZE_EXTREME_FACTOR: float = 0.50,float,instruments.*.fundamental.marketCapFloat;instruments.*.fundamental.shortIntToFloat,chains.putExpDateMap.*.totalVolume;chains.putExpDateMap.*.askSize;streaming.content.*.ASK_SIZE,V3 G2 cross-validator (CSV vocabulary),NOT_MARKET_DATA,,,NOT_MARKET_DATA: scoped mechanical classifier tail; production wire reads tracked in governance/SCHWAB_V4_REVIEW_MEMOS cone walk
99e6c7e0acd2db177aba,cross_validator,call_engine.py,102,0,pattern_kind_miss,MC_EAE_SIZE_EXPANSION_MID_RATIO: float = 1.8,float,instruments.*.fundamental.marketCapFloat;instruments.*.fundamental.shortIntToFloat,chains.putExpDateMap.*.askSize;chains.callExpDateMap.*.askSize;chains.callExpDateMap.*.bidSize,V3 G2 cross-validator (CSV vocabulary),NOT_MARKET_DATA,,,NOT_MARKET_DATA: scoped mechanical classifier tail; production wire reads tracked in governance/SCHWAB_V4_REVIEW_MEMOS cone walk
a07f28834f9b512ef5a3,cross_validator,call_engine.py,103,0,pattern_kind_miss,MC_EAE_SIZE_EXPANSION_MID_FACTOR: float = 0.75,float,instruments.*.fundamental.marketCapFloat;instruments.*.fundamental.shortIntToFloat,chains.putExpDateMap.*.askSize;chains.callExpDateMap.*.askSize;chains.putExpDateMap.*.bidSize,V3 G2 cross-validator (CSV vocabulary),NOT_MARKET_DATA,,,NOT_MARKET_DATA: scoped mechanical classifier tail; production wire reads tracked in governance/SCHWAB_V4_REVIEW_MEMOS cone walk
882077a722d9b5158e93,cross_validator,call_engine.py,104,0,pattern_kind_miss,MC_EAE_SIZE_CONTAINED_RATIO: float = 1.5,float,instruments.*.fundamental.marketCapFloat;instruments.*.fundamental.shortIntToFloat,quotes.quote.askSize;streaming.content.*.ASK_SIZE;streaming.content.*.BID_SIZE,V3 G2 cross-validator (CSV vocabulary),NOT_MARKET_DATA,,,NOT_MARKET_DATA: scoped mechanical classifier tail; production wire reads tracked in governance/SCHWAB_V4_REVIEW_MEMOS cone walk
d6ba33729d53b0baf2f5,cross_validator,call_engine.py,105,0,pattern_kind_miss,MC_EAE_SIZE_CONTAINED_FACTOR: float = 0.40,float,instruments.*.fundamental.marketCapFloat;instruments.*.fundamental.shortIntToFloat,chains.putExpDateMap.*.askSize;chains.callExpDateMap.*.askSize;chains.callExpDateMap.*.openInterest,V3 G2 cross-validator (CSV vocabulary),NOT_MARKET_DATA,,,NOT_MARKET_DATA: scoped mechanical classifier tail; production wire reads tracked in governance/SCHWAB_V4_REVIEW_MEMOS cone walk
2e7d5dac0d132ce079a6,cross_validator,call_engine.py,106,0,pattern_kind_miss,MC_EAE_SIZE_CONTAINED_MID_FACTOR: float = 0.70,float,instruments.*.fundamental.marketCapFloat;instruments.*.fundamental.shortIntToFloat,chains.putExpDateMap.*.askSize;chains.callExpDateMap.*.bidSize;chains.callExpDateMap.*.askSize,V3 G2 cross-validator (CSV vocabulary),NOT_MARKET_DATA,,,NOT_MARKET_DATA: scoped mechanical classifier tail; production wire reads tracked in governance/SCHWAB_V4_REVIEW_MEMOS cone walk
58e154744e67a9232e14,cross_validator,call_engine.py,107,0,pattern_kind_miss,MC_EAE_SIZE_DEFAULT_HIGH_FACTOR: float = 0.40,float,instruments.*.fundamental.marketCapFloat;instruments.*.fundamental.shortIntToFloat,chains.putExpDateMap.*.askSize;chains.callExpDateMap.*.askSize;chains.putExpDateMap.*.bidSize,V3 G2 cross-validator (CSV vocabulary),NOT_MARKET_DATA,,,NOT_MARKET_DATA: scoped mechanical classifier tail; production wire reads tracked in governance/SCHWAB_V4_REVIEW_MEMOS cone walk
c8f0ee14ab5e6ba67a69,cross_validator,call_engine.py,108,0,pattern_kind_miss,MC_EAE_SIZE_DEFAULT_MID_FACTOR: float = 0.65,float,instruments.*.fundamental.marketCapFloat;instruments.*.fundamental.shortIntToFloat,chains.callExpDateMap.*.askSize;chains.putExpDateMap.*.askSize;chains.callExpDateMap.*.bidSize,V3 G2 cross-validator (CSV vocabulary),NOT_MARKET_DATA,,,NOT_MARKET_DATA: scoped mechanical classifier tail; production wire reads tracked in governance/SCHWAB_V4_REVIEW_MEMOS cone walk
af9644723b9270dd52dd,cross_validator,call_engine.py,109,0,pattern_kind_miss,MC_EAE_SIZE_DEFAULT_LOW_FACTOR: float = 0.85,float,instruments.*.fundamental.marketCapFloat;instruments.*.fundamental.shortIntToFloat,chains.callExpDateMap.*.totalVolume;chains.putExpDateMap.*.totalVolume;quotes.quote.askSize,V3 G2 cross-validator (CSV vocabulary),NOT_MARKET_DATA,,,NOT_MARKET_DATA: scoped mechanical classifier tail; production wire reads tracked in governance/SCHWAB_V4_REVIEW_MEMOS cone walk
2affdaa7e1ba4ae98ab7,cross_validator,call_engine.py,110,0,pattern_kind_miss,MC_CONTAINMENT_BREAKOUT_HIGH: float = 0.70,float,instruments.*.fundamental.marketCapFloat;instruments.*.fundamental.shortIntToFloat,chains.putExpDateMap.*.theoreticalOptionValue;chains.callExpDateMap.*.theoreticalOptionValue;chains.putExpDateMap.*.openInterest,V3 G2 cross-validator (CSV vocabulary),NOT_MARKET_DATA,,,NOT_MARKET_DATA: scoped mechanical classifier tail; production wire reads tracked in governance/SCHWAB_V4_REVIEW_MEMOS cone walk
9333377eff150581f0fc,cross_validator,call_engine.py,111,0,pattern_kind_miss,MC_CONTAINMENT_BREAKOUT_FAIL_FACTOR: float = 0.60,float,instruments.*.fundamental.marketCapFloat;instruments.*.fundamental.shortIntToFloat,chains.putExpDateMap.*.totalVolume;chains.callExpDateMap.*.totalVolume;chains.putExpDateMap.*.theoreticalVolatility,V3 G2 cross-validator (CSV vocabulary),NOT_MARKET_DATA,,,NOT_MARKET_DATA: scoped mechanical classifier tail; production wire reads tracked in governance/SCHWAB_V4_REVIEW_MEMOS cone walk
7189b08ae84939fe03e9,cross_validator,call_engine.py,112,0,pattern_kind_miss,MC_EXPANSION_BREAKOUT_BOOST: float = 0.50,float,instruments.*.fundamental.marketCapFloat;instruments.*.fundamental.shortIntToFloat,chains.putExpDateMap.*.totalVolume;chains.putExpDateMap.*.openInterest;chains.callExpDateMap.*.openInterest,V3 G2 cross-validator (CSV vocabulary),NOT_MARKET_DATA,,,NOT_MARKET_DATA: scoped mechanical classifier tail; production wire reads tracked in governance/SCHWAB_V4_REVIEW_MEMOS cone walk
fabcb20ff9b62eeb7e62,cross_validator,call_engine.py,113,0,pattern_kind_miss,MC_CONTAINMENT_PINNING_HIGH: float = 0.65,float,instruments.*.fundamental.marketCapFloat;instruments.*.fundamental.shortIntToFloat,chains.putExpDateMap.*.description;chains.putExpDateMap.*.multiplier;chains.putExpDateMap.*.mini,V3 G2 cross-validator (CSV vocabulary),NOT_MARKET_DATA,,,NOT_MARKET_DATA: scoped mechanical classifier tail; production wire reads tracked in governance/SCHWAB_V4_REVIEW_MEMOS cone walk
c5d9be5bc73b0816e52a,cross_validator,call_engine.py,114,0,pattern_kind_miss,MC_CONTAINMENT_PINNING_FACTOR: float = 0.75,float,instruments.*.fundamental.marketCapFloat;instruments.*.fundamental.shortIntToFloat,streaming.content.*.LAST_MIC_ID;chains.callExpDateMap.*.optionRoot;instruments.*.fundamental.pcfRatio,V3 G2 cross-validator (CSV vocabulary),NOT_MARKET_DATA,,,NOT_MARKET_DATA: scoped mechanical classifier tail; production wire reads tracked in governance/SCHWAB_V4_REVIEW_MEMOS cone walk
ac6dbd8b43daf681b560,cross_validator,call_engine.py,115,0,pattern_kind_miss,MC_EAE_EFE_REVERSAL_RATIO: float = 1.3,float,instruments.*.fundamental.marketCapFloat;instruments.*.fundamental.shortIntToFloat,quotes.quote.askSize;quotes.extended.askSize;chains.callExpDateMap.*.askSize,V3 G2 cross-validator (CSV vocabulary),NOT_MARKET_DATA,,,NOT_MARKET_DATA: scoped mechanical classifier tail; production wire reads tracked in governance/SCHWAB_V4_REVIEW_MEMOS cone walk
9786a0ff971985e9040b,cross_validator,call_engine.py,116,0,pattern_kind_miss,MC_EAE_EFE_REVERSAL_FACTOR: float = 0.60,float,instruments.*.fundamental.marketCapFloat;instruments.*.fundamental.shortIntToFloat,chains.callExpDateMap.*.totalVolume;chains.putExpDateMap.*.totalVolume;movers.screeners.*.totalVolume,V3 G2 cross-validator (CSV vocabulary),NOT_MARKET_DATA,,,NOT_MARKET_DATA: scoped mechanical classifier tail; production wire reads tracked in governance/SCHWAB_V4_REVIEW_MEMOS cone walk
2999ad87a2b345ecb9b3,cross_validator,call_engine.py,117,0,pattern_kind_miss,MC_EFE_STOP_FLOOR_RATIO: float = 0.5,float,instruments.*.fundamental.marketCapFloat;instruments.*.fundamental.shortIntToFloat,quotes.quote.totalVolume;chains.putExpDateMap.*.totalVolume;chains.callExpDateMap.*.totalVolume,V3 G2 cross-validator (CSV vocabulary),NOT_MARKET_DATA,,,NOT_MARKET_DATA: scoped mechanical classifier tail; production wire reads tracked in governance/SCHWAB_V4_REVIEW_MEMOS cone walk
0394ee76a9db783f488a,cross_validator,call_engine.py,118,0,pattern_kind_miss,MC_EFE_STOP_FLOOR_FACTOR: float = 0.70,float,instruments.*.fundamental.marketCapFloat;instruments.*.fundamental.shortIntToFloat,chains.putExpDateMap.*.totalVolume;chains.callExpDateMap.*.totalVolume;quotes.quote.totalVolume,V3 G2 cross-validator (CSV vocabulary),NOT_MARKET_DATA,,,NOT_MARKET_DATA: scoped mechanical classifier tail; production wire reads tracked in governance/SCHWAB_V4_REVIEW_MEMOS cone walk
317da96f37bcd6e8723e,cross_validator,call_engine.py,119,0,pattern_kind_miss,LEVEL_OPPOSING_WALL_VERY_CLOSE_PTS: float = 1.0,float,instruments.*.fundamental.marketCapFloat;instruments.*.fundamental.shortIntToFloat,chains.callExpDateMap.*.totalVolume;chains.putExpDateMap.*.totalVolume;chains.callExpDateMap.*.low52Week,V3 G2 cross-validator (CSV vocabulary),NOT_MARKET_DATA,,,NOT_MARKET_DATA: scoped mechanical classifier tail; production wire reads tracked in governance/SCHWAB_V4_REVIEW_MEMOS cone walk
f64717741fbe1e25775e,cross_validator,call_engine.py,120,0,pattern_kind_miss,LEVEL_OPPOSING_WALL_CLOSE_PTS: float = 2.0,float,instruments.*.fundamental.marketCapFloat;instruments.*.fundamental.shortIntToFloat,chains.callExpDateMap.*.totalVolume;chains.putExpDateMap.*.totalVolume;pricehistory.candles.*.volume,V3 G2 cross-validator (CSV vocabulary),NOT_MARKET_DATA,,,NOT_MARKET_DATA: scoped mechanical classifier tail; production wire reads tracked in governance/SCHWAB_V4_REVIEW_MEMOS cone walk
6d8dcb51ed7256e37278,cross_validator,call_engine.py,121,0,pattern_kind_miss,LEVEL_OPPOSING_WALL_CLOSE_FACTOR: float = 0.40,float,instruments.*.fundamental.marketCapFloat;instruments.*.fundamental.shortIntToFloat,chains.callExpDateMap.*.totalVolume;chains.putExpDateMap.*.totalVolume;chains.callExpDateMap.*.theoreticalVolatility,V3 G2 cross-validator (CSV vocabulary),NOT_MARKET_DATA,,,NOT_MARKET_DATA: scoped mechanical classifier tail; production wire reads tracked in governance/SCHWAB_V4_REVIEW_MEMOS cone walk
bf2b9a0fa4b98b07d5ab,cross_validator,call_engine.py,122,0,pattern_kind_miss,LEVEL_OPPOSING_WALL_NEARBY_FACTOR: float = 0.70,float,instruments.*.fundamental.marketCapFloat;instruments.*.fundamental.shortIntToFloat,chains.callExpDateMap.*.totalVolume;chains.putExpDateMap.*.totalVolume;chains.callExpDateMap.*.openInterest,V3 G2 cross-validator (CSV vocabulary),NOT_MARKET_DATA,,,NOT_MARKET_DATA: scoped mechanical classifier tail; production wire reads tracked in governance/SCHWAB_V4_REVIEW_MEMOS cone walk
7c11a9fc7182f9fb14cb,cross_validator,call_engine.py,123,0,pattern_kind_miss,LEVEL_VOID_AHEAD_BOOST: float = 0.15,float,instruments.*.fundamental.marketCapFloat;instruments.*.fundamental.shortIntToFloat,chains.callExpDateMap.*.totalVolume;quotes.quote.totalVolume;quotes.extended.totalVolume,V3 G2 cross-validator (CSV vocabulary),NOT_MARKET_DATA,,,NOT_MARKET_DATA: scoped mechanical classifier tail; production wire reads tracked in governance/SCHWAB_V4_REVIEW_MEMOS cone walk
4c1cb1239cdf9f25b8d9,cross_validator,call_engine.py,124,0,pattern_kind_miss,RR_FLOOR_WEAK: float = 1.0,float,instruments.*.fundamental.marketCapFloat;instruments.*.fundamental.shortIntToFloat,quotes.quote.totalVolume;chains.callExpDateMap.*.totalVolume;chains.putExpDateMap.*.totalVolume,V3 G2 cross-validator (CSV vocabulary),NOT_MARKET_DATA,,,NOT_MARKET_DATA: scoped mechanical classifier tail; production wire reads tracked in governance/SCHWAB_V4_REVIEW_MEMOS cone walk
6fae7ec893af825adc33,cross_validator,call_engine.py,125,0,pattern_kind_miss,RR_FLOOR_MARGINAL: float = 1.5,float,instruments.*.fundamental.marketCapFloat;instruments.*.fundamental.shortIntToFloat,chains.underlying.totalVolume;chains.callExpDateMap.*.totalVolume;pricehistory.candles.*.volume,V3 G2 cross-validator (CSV vocabulary),NOT_MARKET_DATA,,,NOT_MARKET_DATA: scoped mechanical classifier tail; production wire reads tracked in governance/SCHWAB_V4_REVIEW_MEMOS cone walk
42473d2a93003403629c,cross_validator,call_engine.py,126,0,pattern_kind_miss,RR_MULT_WEAK: float = 0.25,float,instruments.*.fundamental.marketCapFloat;instruments.*.fundamental.shortIntToFloat,chains.putExpDateMap.*.totalVolume;quotes.regular.regularMarketLastSize;chains.callExpDateMap.*.totalVolume,V3 G2 cross-validator (CSV vocabulary),NOT_MARKET_DATA,,,NOT_MARKET_DATA: scoped mechanical classifier tail; production wire reads tracked in governance/SCHWAB_V4_REVIEW_MEMOS cone walk
a212dbd1542117ab170b,cross_validator,call_engine.py,127,0,pattern_kind_miss,RR_MULT_MARGINAL: float = 0.60,float,instruments.*.fundamental.marketCapFloat;instruments.*.fundamental.shortIntToFloat,chains.callExpDateMap.*.totalVolume;chains.putExpDateMap.*.totalVolume;chains.underlying.totalVolume,V3 G2 cross-validator (CSV vocabulary),NOT_MARKET_DATA,,,NOT_MARKET_DATA: scoped mechanical classifier tail; production wire reads tracked in governance/SCHWAB_V4_REVIEW_MEMOS cone walk
25a354485a5b818be4e8,cross_validator,call_engine.py,128,0,pattern_kind_miss,TIME_MULT_CLOSING: float = 0.0,float,instruments.*.fundamental.marketCapFloat;instruments.*.fundamental.shortIntToFloat,chains.putExpDateMap.*.theoreticalVolatility;chains.callExpDateMap.*.theoreticalVolatility;chains.putExpDateMap.*.volatility,V3 G2 cross-validator (CSV vocabulary),NOT_MARKET_DATA,,,NOT_MARKET_DATA: scoped mechanical classifier tail; production wire reads tracked in governance/SCHWAB_V4_REVIEW_MEMOS cone walk
a97045f92c0443d0bb73,cross_validator,call_engine.py,129,0,pattern_kind_miss,TIME_MULT_ONE_HOUR: float = 0.40,float,instruments.*.fundamental.marketCapFloat;instruments.*.fundamental.shortIntToFloat,chains.putExpDateMap.*.totalVolume;quotes.quote.totalVolume;chains.callExpDateMap.*.totalVolume,V3 G2 cross-validator (CSV vocabulary),NOT_MARKET_DATA,,,NOT_MARKET_DATA: scoped mechanical classifier tail; production wire reads tracked in governance/SCHWAB_V4_REVIEW_MEMOS cone walk
68bc99fdd82173bfb566,cross_validator,call_engine.py,130,0,pattern_kind_miss,TIME_MULT_TWO_HOUR: float = 0.70,float,instruments.*.fundamental.marketCapFloat;instruments.*.fundamental.shortIntToFloat,chains.putExpDateMap.*.totalVolume;quotes.quote.totalVolume;chains.callExpDateMap.*.totalVolume,V3 G2 cross-validator (CSV vocabulary),NOT_MARKET_DATA,,,NOT_MARKET_DATA: scoped mechanical classifier tail; production wire reads tracked in governance/SCHWAB_V4_REVIEW_MEMOS cone walk
6b6288ce6ba62b51be63,cross_validator,call_engine.py,131,0,pattern_kind_miss,R_UNITS_CAP: float = 1.25,float,instruments.*.fundamental.marketCapFloat;instruments.*.fundamental.shortIntToFloat,quotes.quote.askSize;pricehistory.candles;market_hours.future._1OZ.isOpen,V3 G2 cross-validator (CSV vocabulary),NOT_MARKET_DATA,,,NOT_MARKET_DATA: scoped mechanical classifier tail; production wire reads tracked in governance/SCHWAB_V4_REVIEW_MEMOS cone walk
eb349e17eb53ef82a995,cross_validator,call_engine.py,132,0,pattern_kind_miss,CONF_MULT_CAP_WITH_AGREEMENT: float = 1.25,float,instruments.*.fundamental.marketCapFloat;instruments.*.fundamental.shortIntToFloat,streaming.content.*.ASKS.*.TOTAL_VOLUME;streaming.content.*.REGULAR_MARKET_LAST_PRICE;chains.putExpDateMap.*.totalVolume,V3 G2 cross-validator (CSV vocabulary),NOT_MARKET_DATA,,,NOT_MARKET_DATA: scoped mechanical classifier tail; production wire reads tracked in governance/SCHWAB_V4_REVIEW_MEMOS cone walk
ce9743caabace4b33c1b,cross_validator,call_engine.py,135,0,pattern_kind_miss,LEVEL_PROXIMITY_NEAR_PTS: float = 2.0,float,instruments.*.fundamental.marketCapFloat;instruments.*.fundamental.shortIntToFloat,chains.putExpDateMap.*.totalVolume;chains.callExpDateMap.*.totalVolume;chains.putExpDateMap.*.theoreticalVolatility,V3 G2 cross-validator (CSV vocabulary),NOT_MARKET_DATA,,,NOT_MARKET_DATA: scoped mechanical classifier tail; production wire reads tracked in governance/SCHWAB_V4_REVIEW_MEMOS cone walk
a7441409cfd3c1a25833,cross_validator,call_engine.py,136,0,pattern_kind_miss,LEVEL_PROXIMITY_MID_PTS: float = 5.0,float,instruments.*.fundamental.marketCapFloat;instruments.*.fundamental.shortIntToFloat,chains.putExpDateMap.*.theoreticalVolatility;chains.putExpDateMap.*.totalVolume;chains.putExpDateMap.*.volatility,V3 G2 cross-validator (CSV vocabulary),NOT_MARKET_DATA,,,NOT_MARKET_DATA: scoped mechanical classifier tail; production wire reads tracked in governance/SCHWAB_V4_REVIEW_MEMOS cone walk
1a3be137d0a8c4781558,cross_validator,call_engine.py,139,0,pattern_kind_miss,VOL_CONV_MULT_DOWNGRADE_THRESHOLD: float = 0.85,float,instruments.*.fundamental.marketCapFloat;instruments.*.fundamental.shortIntToFloat,chains.callExpDateMap.*.totalVolume;chains.putExpDateMap.*.totalVolume;chains.underlying.totalVolume,V3 G2 cross-validator (CSV vocabulary),NOT_MARKET_DATA,,,NOT_MARKET_DATA: scoped mechanical classifier tail; production wire reads tracked in governance/SCHWAB_V4_REVIEW_MEMOS cone walk
4bd7b871c4284d745e64,cross_validator,call_engine.py,140,0,pattern_kind_miss,VOL_CONV_MULT_DOUBLE_DOWNGRADE_THRESHOLD: float = 0.75,float,instruments.*.fundamental.marketCapFloat;instruments.*.fundamental.shortIntToFloat,quotes.quote.totalVolume;quotes.extended.totalVolume;chains.callExpDateMap.*.totalVolume,V3 G2 cross-validator (CSV vocabulary),NOT_MARKET_DATA,,,NOT_MARKET_DATA: scoped mechanical classifier tail; production wire reads tracked in governance/SCHWAB_V4_REVIEW_MEMOS cone walk
28e6aec34279a2608fce,cross_validator,call_engine.py,141,0,pattern_kind_miss,ZONE_FRESH_BARS_DOWNGRADE_MAX: int = 2,int,instruments.*.fundamental.shortIntDayToCover;instruments.*.fundamental.shortIntToFloat,chains.putExpDateMap.*.askSize;quotes.extended.askSize;quotes.quote.askSize,V3 G2 cross-validator (CSV vocabulary),NOT_MARKET_DATA,,,NOT_MARKET_DATA: scoped mechanical classifier tail; production wire reads tracked in governance/SCHWAB_V4_REVIEW_MEMOS cone walk
541a94bb24b35a08b6ad,cross_validator,call_engine.py,143,0,pattern_kind_miss,# Cross-instrument signal,instrument,,streaming.content.*.ASKS.*.ASKS;streaming.content.*.ASKS.*.NUM_ASKS;streaming.content.*.SECURITY_STATUS,V3 G2 cross-validator (CSV vocabulary),NOT_MARKET_DATA,,,NOT_MARKET_DATA: scoped mechanical classifier tail; production wire reads tracked in governance/SCHWAB_V4_REVIEW_MEMOS cone walk
1e5bb13e44f78a675b53,cross_validator,call_engine.py,144,0,pattern_kind_miss,CROSS_INSTRUMENT_STRONG_THRESHOLD: float = 0.40,float,instruments.*.fundamental.marketCapFloat;instruments.*.fundamental.shortIntToFloat,streaming.content.*.ASKS.*.TOTAL_VOLUME;streaming.content.*.ASK_SIZE;streaming.content.*.ASKS,V3 G2 cross-validator (CSV vocabulary),NOT_MARKET_DATA,,,NOT_MARKET_DATA: scoped mechanical classifier tail; production wire reads tracked in governance/SCHWAB_V4_REVIEW_MEMOS cone walk
5d16fa30c1797e1aa923,cross_validator,call_engine.py,145,0,pattern_kind_miss,CROSS_INSTRUMENT_WEAK_THRESHOLD: float = 0.10,float,instruments.*.fundamental.marketCapFloat;instruments.*.fundamental.shortIntToFloat,quotes.quote.askSize;streaming.content.*.ASK_SIZE;chains.putExpDateMap.*.askSize,V3 G2 cross-validator (CSV vocabulary),NOT_MARKET_DATA,,,NOT_MARKET_DATA: scoped mechanical classifier tail; production wire reads tracked in governance/SCHWAB_V4_REVIEW_MEMOS cone walk
8adeda6101856c2953f7,cross_validator,call_engine.py,146,0,pattern_kind_miss,CROSS_INSTRUMENT_DIR_EPS: float = 0.10,float,instruments.*.fundamental.marketCapFloat;instruments.*.fundamental.shortIntToFloat,quotes.quote.askSize;chains.putExpDateMap.*.askSize;chains.putExpDateMap.*.openInterest,V3 G2 cross-validator (CSV vocabulary),NOT_MARKET_DATA,,,NOT_MARKET_DATA: scoped mechanical classifier tail; production wire reads tracked in governance/SCHWAB_V4_REVIEW_MEMOS cone walk
aee583bb40a0104eb4fe,cross_validator,call_engine.py,147,0,pattern_kind_miss,CROSS_INSTRUMENT_QQQ_LEAD_THRESHOLD: float = 0.20,float,instruments.*.fundamental.marketCapFloat;instruments.*.fundamental.shortIntToFloat,quotes.quote.askSize;quotes.quote.bidSize;streaming.content.*.ASK_SIZE,V3 G2 cross-validator (CSV vocabulary),NOT_MARKET_DATA,,,NOT_MARKET_DATA: scoped mechanical classifier tail; production wire reads tracked in governance/SCHWAB_V4_REVIEW_MEMOS cone walk
d2114a8d6f0863abfac9,cross_validator,call_engine.py,148,0,pattern_kind_miss,CROSS_INSTRUMENT_IWM_RISK_THRESHOLD: float = 0.50,float,instruments.*.fundamental.marketCapFloat;instruments.*.fundamental.shortIntToFloat,quotes.quote.askSize;streaming.content.*.ASK_SIZE;chains.putExpDateMap.*.askSize,V3 G2 cross-validator (CSV vocabulary),NOT_MARKET_DATA,,,NOT_MARKET_DATA: scoped mechanical classifier tail; production wire reads tracked in governance/SCHWAB_V4_REVIEW_MEMOS cone walk
28f88233500ebe199d97,cross_validator,call_engine.py,150,0,pattern_kind_miss,# MH size tier (sizing modifier),size,chains.callExpDateMap.*.askSize;chains.callExpDateMap.*.bidAskSize;chains.callExpDateMap.*.bidSize;chains.callExpDateMap.*.lastSize;chains.putExpDateMap.*.askSize;chains.putExpDateMap.*.bidAskSize;chains.putExpDateMap.*.bidSize;chains.putExpDateMap.*.lastSize;chains.underlying.askSize;chains.underlying.bidSize;quotes.extended.askSize;quotes.extended.bidSize;quotes.extended.lastSize;quotes.quote.askSize;quotes.quote.bidSize;quotes.quote.lastSize;quotes.regular.regularMarketLastSize;streaming.content.*.ASK_SIZE;streaming.content.*.BID_SIZE;streaming.content.*.LAST_SIZE;streaming.content.*.REGULAR_MARKET_LAST_SIZE,chains.underlying.bidSize;chains.volatility;quotes.quote.bidSize,V3 G2 cross-validator (CSV vocabulary),NOT_MARKET_DATA,,,NOT_MARKET_DATA: scoped mechanical classifier tail; production wire reads tracked in governance/SCHWAB_V4_REVIEW_MEMOS cone walk
ae58f5a0f9a94be73937,cross_validator,call_engine.py,151,0,pattern_kind_miss,MH_SIZE_TIER_3_MAX_MOD: float = 0.30,float,instruments.*.fundamental.marketCapFloat;instruments.*.fundamental.shortIntToFloat,chains.putExpDateMap.*.askSize;chains.putExpDateMap.*.bidSize;chains.callExpDateMap.*.askSize,V3 G2 cross-validator (CSV vocabulary),NOT_MARKET_DATA,,,NOT_MARKET_DATA: scoped mechanical classifier tail; production wire reads tracked in governance/SCHWAB_V4_REVIEW_MEMOS cone walk
b1643fb8d0765ea4ba9b,cross_validator,call_engine.py,152,0,pattern_kind_miss,MH_SIZE_TIER_2_MAX_MOD: float = 0.45,float,instruments.*.fundamental.marketCapFloat;instruments.*.fundamental.shortIntToFloat,chains.putExpDateMap.*.askSize;quotes.quote.askSize;streaming.content.*.ASK_SIZE,V3 G2 cross-validator (CSV vocabulary),NOT_MARKET_DATA,,,NOT_MARKET_DATA: scoped mechanical classifier tail; production wire reads tracked in governance/SCHWAB_V4_REVIEW_MEMOS cone walk
334ebcd30462d49a38e8,cross_validator,call_engine.py,153,0,pattern_kind_miss,MH_SIZE_TIER_1_MAX_MOD: float = 0.80,float,instruments.*.fundamental.marketCapFloat;instruments.*.fundamental.shortIntToFloat,chains.putExpDateMap.*.askSize;chains.putExpDateMap.*.bidSize;chains.putExpDateMap.*.totalVolume,V3 G2 cross-validator (CSV vocabulary),NOT_MARKET_DATA,,,NOT_MARKET_DATA: scoped mechanical classifier tail; production wire reads tracked in governance/SCHWAB_V4_REVIEW_MEMOS cone walk
be2644907097d61f4bc1,cross_validator,call_engine.py,161,0,pattern_kind_miss,"WAIT_BLOCKER_REASON_TIME = ""time""",time,chains.callExpDateMap.*.quoteTimeInLong;chains.callExpDateMap.*.timeValue;chains.callExpDateMap.*.tradeTimeInLong;chains.putExpDateMap.*.quoteTimeInLong;chains.putExpDateMap.*.timeValue;chains.putExpDateMap.*.tradeTimeInLong;chains.underlying.quoteTime;chains.underlying.tradeTime;quotes.extended.quoteTime;quotes.extended.tradeTime;quotes.quote.askTime;quotes.quote.bidTime;quotes.quote.quoteTime;quotes.quote.tradeTime;quotes.regular.regularMarketTradeTime;streaming.content.*.ASK_TIME_MILLIS;streaming.content.*.BID_TIME_MILLIS;streaming.content.*.BOOK_TIME;streaming.content.*.CHART_TIME_MILLIS;streaming.content.*.QUOTE_TIME_MILLIS;streaming.content.*.TRADE_TIME_MILLIS,quotes.quote.bidSize;streaming.content.*.BID_SIZE;quotes.quote.askSize,V3 G2 cross-validator (CSV vocabulary),NOT_MARKET_DATA,,,NOT_MARKET_DATA: scoped mechanical classifier tail; production wire reads tracked in governance/SCHWAB_V4_REVIEW_MEMOS cone walk
edaeb3dbfa1b3be35a98,cross_validator,call_engine.py,164,0,pattern_kind_miss,"def _readiness_canonical_fields(canonical: CanonicalForecast) -> tuple[str, float]:",float,instruments.*.fundamental.marketCapFloat;instruments.*.fundamental.shortIntToFloat,chains.callExpDateMap.*.askSize;chains.callExpDateMap.*.bidSize;chains.callExpDateMap.*.theoreticalVolatility,V3 G2 cross-validator (CSV vocabulary),NOT_MARKET_DATA,,,NOT_MARKET_DATA: scoped mechanical classifier tail; production wire reads tracked in governance/SCHWAB_V4_REVIEW_MEMOS cone walk
56883b12b1b490caa7c1,cross_validator,call_engine.py,165,0,pattern_kind_miss,"    """"""Withhold tradable direction/probability from readiness when canonical is non-tradable.""""""",non,chains.callExpDateMap.*.nonStandard;chains.putExpDateMap.*.nonStandard,chains.callExpDateMap.*.bidSize;chains.putExpDateMap.*.bidSize;chains.callExpDateMap.*.askSize,V3 G2 cross-validator (CSV vocabulary),NOT_MARKET_DATA,,,NOT_MARKET_DATA: scoped mechanical classifier tail; production wire reads tracked in governance/SCHWAB_V4_REVIEW_MEMOS cone walk
0968762b8622c46731e5,cross_validator,call_engine.py,168,0,pattern_kind_miss,"        return ""flat"", 0.0",return,instruments.*.fundamental.returnOnAssets;instruments.*.fundamental.returnOnEquity;instruments.*.fundamental.returnOnInvestment,chains.putExpDateMap.*.totalVolume;quotes.regular.regularMarketLastPrice;chains.callExpDateMap.*.totalVolume,V3 G2 cross-validator (CSV vocabulary),NOT_MARKET_DATA,,,NOT_MARKET_DATA: scoped mechanical classifier tail; production wire reads tracked in governance/SCHWAB_V4_REVIEW_MEMOS cone walk
007ac436a550656410a7,cross_validator,call_engine.py,169,0,pattern_kind_miss,"    return (canonical.direction or ""flat"", canonical.dominant_probability())",return,instruments.*.fundamental.returnOnAssets;instruments.*.fundamental.returnOnEquity;instruments.*.fundamental.returnOnInvestment,chains.callExpDateMap.*.description;chains.callExpDateMap.*.theoreticalVolatility;chains.callExpDateMap.*.theoreticalOptionValue,V3 G2 cross-validator (CSV vocabulary),NOT_MARKET_DATA,,,NOT_MARKET_DATA: scoped mechanical classifier tail; production wire reads tracked in governance/SCHWAB_V4_REVIEW_MEMOS cone walk
434083cff4c87a3aa456,cross_validator,call_engine.py,172,0,pattern_kind_miss,def _mh_size_tier_from_modifier(mh_mod: float) -> int:,float int,instruments.*.fundamental.marketCapFloat;instruments.*.fundamental.shortIntToFloat;instruments.*.fundamental.shortIntDayToCover,quotes.quote.bidSize;streaming.content.*.BID_SIZE;chains.putExpDateMap.*.bidSize,V3 G2 cross-validator (CSV vocabulary),NOT_MARKET_DATA,,,NOT_MARKET_DATA: scoped mechanical classifier tail; production wire reads tracked in governance/SCHWAB_V4_REVIEW_MEMOS cone walk
e32d03d07dfae2cd75e0,cross_validator,call_engine.py,174,0,pattern_kind_miss,        return 3,return,instruments.*.fundamental.returnOnAssets;instruments.*.fundamental.returnOnEquity;instruments.*.fundamental.returnOnInvestment,market_hours.future.SR3.isOpen;market_hours.future.SR3.sessionHours.regularMarket.*.start;market_hours.future.RTY.sessionHours.regularMarket.*.start,V3 G2 cross-validator (CSV vocabulary),NOT_MARKET_DATA,,,NOT_MARKET_DATA: scoped mechanical classifier tail; production wire reads tracked in governance/SCHWAB_V4_REVIEW_MEMOS cone walk
5921d17387ec0cd6d229,cross_validator,call_engine.py,176,0,pattern_kind_miss,        return 2,return,instruments.*.fundamental.returnOnAssets;instruments.*.fundamental.returnOnEquity;instruments.*.fundamental.returnOnInvestment,market_hours.future.RTY.isOpen;quotes.regular.regularMarketTradeTime;market_hours.future.RB.isOpen,V3 G2 cross-validator (CSV vocabulary),NOT_MARKET_DATA,,,NOT_MARKET_DATA: scoped mechanical classifier tail; production wire reads tracked in governance/SCHWAB_V4_REVIEW_MEMOS cone walk
d25959d135215aa688fc,cross_validator,call_engine.py,178,0,pattern_kind_miss,        return 1,return,instruments.*.fundamental.returnOnAssets;instruments.*.fundamental.returnOnEquity;instruments.*.fundamental.returnOnInvestment,quotes.regular.regularMarketTradeTime;market_hours.future.RTY.isOpen;market_hours.future.SR1.isOpen,V3 G2 cross-validator (CSV vocabulary),NOT_MARKET_DATA,,,NOT_MARKET_DATA: scoped mechanical classifier tail; production wire reads tracked in governance/SCHWAB_V4_REVIEW_MEMOS cone walk
de0c7c45dccc21797cbe,cross_validator,call_engine.py,179,0,pattern_kind_miss,    return 0,return,instruments.*.fundamental.returnOnAssets;instruments.*.fundamental.returnOnEquity;instruments.*.fundamental.returnOnInvestment,market_hours.future.XRP.isOpen;market_hours.future.RTY.isOpen;market_hours.future.RME.isOpen,V3 G2 cross-validator (CSV vocabulary),NOT_MARKET_DATA,,,NOT_MARKET_DATA: scoped mechanical classifier tail; production wire reads tracked in governance/SCHWAB_V4_REVIEW_MEMOS cone walk
b9de15f9679b9e4e5c30,cross_validator,call_engine.py,182,0,pattern_kind_miss,def _size_cue_tier(cue: str) -> int:,int,instruments.*.fundamental.shortIntDayToCover;instruments.*.fundamental.shortIntToFloat,quotes.quote.bidSize;quotes.extended.bidSize;quotes.quote.askSize,V3 G2 cross-validator (CSV vocabulary),NOT_MARKET_DATA,,,NOT_MARKET_DATA: scoped mechanical classifier tail; production wire reads tracked in governance/SCHWAB_V4_REVIEW_MEMOS cone walk
c689e17f74da025e47b4,cross_validator,call_engine.py,185,0,pattern_kind_miss,        return 3,return,instruments.*.fundamental.returnOnAssets;instruments.*.fundamental.returnOnEquity;instruments.*.fundamental.returnOnInvestment,market_hours.future.SR3.isOpen;market_hours.future.SR3.sessionHours.regularMarket.*.start;market_hours.future.RTY.sessionHours.regularMarket.*.start,V3 G2 cross-validator (CSV vocabulary),NOT_MARKET_DATA,,,NOT_MARKET_DATA: scoped mechanical classifier tail; production wire reads tracked in governance/SCHWAB_V4_REVIEW_MEMOS cone walk
999df4c8f490074fbd9c,cross_validator,call_engine.py,187,0,pattern_kind_miss,        return 2,return,instruments.*.fundamental.returnOnAssets;instruments.*.fundamental.returnOnEquity;instruments.*.fundamental.returnOnInvestment,market_hours.future.RTY.isOpen;quotes.regular.regularMarketTradeTime;market_hours.future.RB.isOpen,V3 G2 cross-validator (CSV vocabulary),NOT_MARKET_DATA,,,NOT_MARKET_DATA: scoped mechanical classifier tail; production wire reads tracked in governance/SCHWAB_V4_REVIEW_MEMOS cone walk
bbb07719e72d79bfb8ee,cross_validator,call_engine.py,189,0,pattern_kind_miss,        return 1,return,instruments.*.fundamental.returnOnAssets;instruments.*.fundamental.returnOnEquity;instruments.*.fundamental.returnOnInvestment,quotes.regular.regularMarketTradeTime;market_hours.future.RTY.isOpen;market_hours.future.SR1.isOpen,V3 G2 cross-validator (CSV vocabulary),NOT_MARKET_DATA,,,NOT_MARKET_DATA: scoped mechanical classifier tail; production wire reads tracked in governance/SCHWAB_V4_REVIEW_MEMOS cone walk
dee538dfd51f6913dcfe,cross_validator,call_engine.py,190,0,pattern_kind_miss,    return 0,return,instruments.*.fundamental.returnOnAssets;instruments.*.fundamental.returnOnEquity;instruments.*.fundamental.returnOnInvestment,market_hours.future.XRP.isOpen;market_hours.future.RTY.isOpen;market_hours.future.RME.isOpen,V3 G2 cross-validator (CSV vocabulary),NOT_MARKET_DATA,,,NOT_MARKET_DATA: scoped mechanical classifier tail; production wire reads tracked in governance/SCHWAB_V4_REVIEW_MEMOS cone walk
2c866c1a9b371fba680b,cross_validator,call_engine.py,193,0,pattern_kind_miss,def _tier_to_size_cue(tier: int) -> str:,int,instruments.*.fundamental.shortIntDayToCover;instruments.*.fundamental.shortIntToFloat,quotes.quote.bidSize;streaming.content.*.BID_SIZE;quotes.quote.askSize,V3 G2 cross-validator (CSV vocabulary),NOT_MARKET_DATA,,,NOT_MARKET_DATA: scoped mechanical classifier tail; production wire reads tracked in governance/SCHWAB_V4_REVIEW_MEMOS cone walk
26ee168c5b054eb03202,cross_validator,call_engine.py,195,0,pattern_kind_miss,"        return ""SKIP""",return,instruments.*.fundamental.returnOnAssets;instruments.*.fundamental.returnOnEquity;instruments.*.fundamental.returnOnInvestment,market_hours.future.RB.isOpen;market_hours.future.MRB.isOpen;market_hours.future.BTC.isOpen,V3 G2 cross-validator (CSV vocabulary),NOT_MARKET_DATA,,,NOT_MARKET_DATA: scoped mechanical classifier tail; production wire reads tracked in governance/SCHWAB_V4_REVIEW_MEMOS cone walk
f805612be1e5641fd665,cross_validator,call_engine.py,197,0,pattern_kind_miss,"        return ""QUARTER""",return,instruments.*.fundamental.returnOnAssets;instruments.*.fundamental.returnOnEquity;instruments.*.fundamental.returnOnInvestment,quotes.regular.regularMarketTradeTime;quotes.regular.regularMarketLastSize;market_hours.future.RB.isOpen,V3 G2 cross-validator (CSV vocabulary),NOT_MARKET_DATA,,,NOT_MARKET_DATA: scoped mechanical classifier tail; production wire reads tracked in governance/SCHWAB_V4_REVIEW_MEMOS cone walk
4a42e789871feab3bea7,cross_validator,call_engine.py,199,0,pattern_kind_miss,"        return ""HALF""",return,instruments.*.fundamental.returnOnAssets;instruments.*.fundamental.returnOnEquity;instruments.*.fundamental.returnOnInvestment,quotes.regular.regularMarketLastSize;market_hours.future.BFF.isOpen;market_hours.future.RB.isOpen,V3 G2 cross-validator (CSV vocabulary),NOT_MARKET_DATA,,,NOT_MARKET_DATA: scoped mechanical classifier tail; production wire reads tracked in governance/SCHWAB_V4_REVIEW_MEMOS cone walk
3ee7101ce016a091d6c5,cross_validator,call_engine.py,200,0,pattern_kind_miss,"    return ""FULL""",return,instruments.*.fundamental.returnOnAssets;instruments.*.fundamental.returnOnEquity;instruments.*.fundamental.returnOnInvestment,quotes.regular.regularMarketLastSize;quotes.regular.regularMarketLastPrice;quotes.regular.regularMarketTradeTime,V3 G2 cross-validator (CSV vocabulary),NOT_MARKET_DATA,,,NOT_MARKET_DATA: scoped mechanical classifier tail; production wire reads tracked in governance/SCHWAB_V4_REVIEW_MEMOS cone walk
626a5d05d3f8e641d831,cross_validator,call_engine.py,203,0,pattern_kind_miss,"def _merge_size_cue_with_mh(base_cue: str, mh_modifier: float) -> str:",float,instruments.*.fundamental.marketCapFloat;instruments.*.fundamental.shortIntToFloat,quotes.quote.askSize;quotes.quote.bidSize;quotes.extended.askSize,V3 G2 cross-validator (CSV vocabulary),NOT_MARKET_DATA,,,NOT_MARKET_DATA: scoped mechanical classifier tail; production wire reads tracked in governance/SCHWAB_V4_REVIEW_MEMOS cone walk
201c63ce1c2cedc75f72,cross_validator,call_engine.py,206,0,pattern_kind_miss,    return _tier_to_size_cue(t),return,instruments.*.fundamental.returnOnAssets;instruments.*.fundamental.returnOnEquity;instruments.*.fundamental.returnOnInvestment,streaming.content.*.BID_SIZE;streaming.content.*.ASK_SIZE;quotes.quote.bidSize,V3 G2 cross-validator (CSV vocabulary),NOT_MARKET_DATA,,,NOT_MARKET_DATA: scoped mechanical classifier tail; production wire reads tracked in governance/SCHWAB_V4_REVIEW_MEMOS cone walk
b4afe6ad53c0897286e5,cross_validator,call_engine.py,218,0,pattern_kind_miss,"    """"""Classify the trade type from micro regime + zone context.""""""",the trade type regime,chains.callExpDateMap.*.inTheMoney;chains.putExpDateMap.*.inTheMoney;chains.callExpDateMap.*.tradeTimeInLong;chains.putExpDateMap.*.tradeTimeInLong;chains.underlying.tradeTime;quotes.extended.tradeTime;quotes.quote.tradeTime;quotes.regular.regularMarketTradeTime;streaming.content.*.REGULAR_MARKET_TRADE;streaming.content.*.REGULAR_MARKET_TRADE_MILLIS;streaming.content.*.TRADE_TIME_MILLIS;chains.assetMainType;chains.assetSubType;chains.callExpDateMap.*.exerciseType;chains.callExpDateMap.*.expirationType;chains.callExpDateMap.*.optionDeliverablesList.*.assetType;chains.callExpDateMap.*.optionDeliverablesList.*.currencyType;chains.callExpDateMap.*.settlementType;chains.putExpDateMap.*.exerciseType;chains.putExpDateMap.*.expirationType;chains.putExpDateMap.*.optionDeliverablesList.*.assetType;chains.putExpDateMap.*.optionDeliverablesList.*.currencyType;chains.putExpDateMap.*.settlementType;instruments.*.assetType;market_hours.bond.BON.marketType,quotes.quote.bidSize;streaming.content.*.BIDS;quotes.quote.askSize,V3 G2 cross-validator (CSV vocabulary),NOT_MARKET_DATA,,,NOT_MARKET_DATA: scoped mechanical classifier tail; production wire reads tracked in governance/SCHWAB_V4_REVIEW_MEMOS cone walk
d89e256b687c37ad470b,cross_validator,call_engine.py,226,0,pattern_kind_miss,"        return ""none""",return,instruments.*.fundamental.returnOnAssets;instruments.*.fundamental.returnOnEquity;instruments.*.fundamental.returnOnInvestment,quotes.reference.htbRate;quotes.reference.isHardToBorrow;quotes.reference.isShortable,V3 G2 cross-validator (CSV vocabulary),NOT_MARKET_DATA,,,NOT_MARKET_DATA: scoped mechanical classifier tail; production wire reads tracked in governance/SCHWAB_V4_REVIEW_MEMOS cone walk
ca01d38b71737b7318f7,cross_validator,call_engine.py,228,0,pattern_kind_miss,    # Trend continuation: micro says trending + signal follows the trend,the,chains.callExpDateMap.*.inTheMoney;chains.putExpDateMap.*.inTheMoney,streaming.content.*.ASKS;streaming.content.*.BIDS;pricehistory.candles.*.datetime,V3 G2 cross-validator (CSV vocabulary),NOT_MARKET_DATA,,,NOT_MARKET_DATA: scoped mechanical classifier tail; production wire reads tracked in governance/SCHWAB_V4_REVIEW_MEMOS cone walk
f2c6f082103dd414b1cd,cross_validator,call_engine.py,230,0,pattern_kind_miss,"        return ""trend_continuation""",return,instruments.*.fundamental.returnOnAssets;instruments.*.fundamental.returnOnEquity;instruments.*.fundamental.returnOnInvestment,streaming.content.*.BIDS.*.BID_PRICE;instruments.*.fundamental.currentRatio;streaming.content.*.HARD_TO_BORROW,V3 G2 cross-validator (CSV vocabulary),NOT_MARKET_DATA,,,NOT_MARKET_DATA: scoped mechanical classifier tail; production wire reads tracked in governance/SCHWAB_V4_REVIEW_MEMOS cone walk
dbc7dd89cd5f86a96aba,cross_validator,call_engine.py,234,0,pattern_kind_miss,"        return ""breakout""",return,instruments.*.fundamental.returnOnAssets;instruments.*.fundamental.returnOnEquity;instruments.*.fundamental.returnOnInvestment,market_hours.future.RB.isOpen;market_hours.future.BTC.isOpen;market_hours.future.MRB.isOpen,V3 G2 cross-validator (CSV vocabulary),NOT_MARKET_DATA,,,NOT_MARKET_DATA: scoped mechanical classifier tail; production wire reads tracked in governance/SCHWAB_V4_REVIEW_MEMOS cone walk
c511e4fe562306f7f9eb,cross_validator,call_engine.py,238,0,pattern_kind_miss,"        return ""reversal""",return,instruments.*.fundamental.returnOnAssets;instruments.*.fundamental.returnOnEquity;instruments.*.fundamental.returnOnInvestment,quotes.regular.regularMarketLastSize;movers.screeners.*.totalVolume;movers.screeners.*.volume,V3 G2 cross-validator (CSV vocabulary),NOT_MARKET_DATA,,,NOT_MARKET_DATA: scoped mechanical classifier tail; production wire reads tracked in governance/SCHWAB_V4_REVIEW_MEMOS cone walk
629c1637dbdcf7bb33f3,cross_validator,call_engine.py,240,0,pattern_kind_miss,    # Range + pin zone = fade the wall,the,chains.callExpDateMap.*.inTheMoney;chains.putExpDateMap.*.inTheMoney,chains.callExpDateMap.*.vega;chains.callExpDateMap.*.theta;chains.callExpDateMap.*.delta,V3 G2 cross-validator (CSV vocabulary),NOT_MARKET_DATA,,,NOT_MARKET_DATA: scoped mechanical classifier tail; production wire reads tracked in governance/SCHWAB_V4_REVIEW_MEMOS cone walk
4a7585a6cb8b6311acea,cross_validator,call_engine.py,242,0,pattern_kind_miss,"        return ""fade""",return,instruments.*.fundamental.returnOnAssets;instruments.*.fundamental.returnOnEquity;instruments.*.fundamental.returnOnInvestment,quotes.extended.bidSize;quotes.quote.bidSize;quotes.extended.askSize,V3 G2 cross-validator (CSV vocabulary),NOT_MARKET_DATA,,,NOT_MARKET_DATA: scoped mechanical classifier tail; production wire reads tracked in governance/SCHWAB_V4_REVIEW_MEMOS cone walk
ddef86e3638cc8eebef6,cross_validator,call_engine.py,246,0,pattern_kind_miss,"        return ""mean_reversion""",return,instruments.*.fundamental.returnOnAssets;instruments.*.fundamental.returnOnEquity;instruments.*.fundamental.returnOnInvestment,movers.screeners.*.volume;movers.screeners.*.totalVolume;streaming.content.*.BID_SIZE,V3 G2 cross-validator (CSV vocabulary),NOT_MARKET_DATA,,,NOT_MARKET_DATA: scoped mechanical classifier tail; production wire reads tracked in governance/SCHWAB_V4_REVIEW_MEMOS cone walk
f5cae0297c5e34df6fe5,cross_validator,call_engine.py,248,0,pattern_kind_miss,"    # Compression: waiting for direction, but if forced to trade",trade,chains.callExpDateMap.*.tradeTimeInLong;chains.putExpDateMap.*.tradeTimeInLong;chains.underlying.tradeTime;quotes.extended.tradeTime;quotes.quote.tradeTime;quotes.regular.regularMarketTradeTime;streaming.content.*.REGULAR_MARKET_TRADE;streaming.content.*.REGULAR_MARKET_TRADE_MILLIS;streaming.content.*.TRADE_TIME_MILLIS,quotes.quote.bidSize;quotes.quote.askSize;streaming.content.*.BIDS,V3 G2 cross-validator (CSV vocabulary),NOT_MARKET_DATA,,,NOT_MARKET_DATA: scoped mechanical classifier tail; production wire reads tracked in governance/SCHWAB_V4_REVIEW_MEMOS cone walk
6a9f1893333bcb95f3a8,cross_validator,call_engine.py,250,0,pattern_kind_miss,"        return ""breakout""",return,instruments.*.fundamental.returnOnAssets;instruments.*.fundamental.returnOnEquity;instruments.*.fundamental.returnOnInvestment,market_hours.future.RB.isOpen;market_hours.future.BTC.isOpen;market_hours.future.MRB.isOpen,V3 G2 cross-validator (CSV vocabulary),NOT_MARKET_DATA,,,NOT_MARKET_DATA: scoped mechanical classifier tail; production wire reads tracked in governance/SCHWAB_V4_REVIEW_MEMOS cone walk
59b1407bd3b1dfdfe332,cross_validator,call_engine.py,252,0,pattern_kind_miss,"    return ""none""",return,instruments.*.fundamental.returnOnAssets;instruments.*.fundamental.returnOnEquity;instruments.*.fundamental.returnOnInvestment,quotes.reference.htbRate;quotes.reference.isHardToBorrow;quotes.reference.isShortable,V3 G2 cross-validator (CSV vocabulary),NOT_MARKET_DATA,,,NOT_MARKET_DATA: scoped mechanical classifier tail; production wire reads tracked in governance/SCHWAB_V4_REVIEW_MEMOS cone walk
f4101b79e6ad1acce31a,cross_validator,call_engine.py,263,0,pattern_kind_miss,"        return """"",return,instruments.*.fundamental.returnOnAssets;instruments.*.fundamental.returnOnEquity;instruments.*.fundamental.returnOnInvestment,market_hours.future.RB.isOpen;market_hours.future.MRB.isOpen;market_hours.future.BTC.isOpen,V3 G2 cross-validator (CSV vocabulary),NOT_MARKET_DATA,,,NOT_MARKET_DATA: scoped mechanical classifier tail; production wire reads tracked in governance/SCHWAB_V4_REVIEW_MEMOS cone walk
e2b35a9ff2e083c3fa28,cross_validator,call_engine.py,269,0,pattern_kind_miss,"        if final_signal == ""long"" and micro.structure_support:",long,chains.callExpDateMap.*.quoteTimeInLong;chains.callExpDateMap.*.tradeTimeInLong;chains.putExpDateMap.*.quoteTimeInLong;chains.putExpDateMap.*.tradeTimeInLong,chains.underlying.askSize;streaming.content.*.BIDS;chains.putExpDateMap.*.bidSize,V3 G2 cross-validator (CSV vocabulary),NOT_MARKET_DATA,,,NOT_MARKET_DATA: scoped mechanical classifier tail; production wire reads tracked in governance/SCHWAB_V4_REVIEW_MEMOS cone walk
42a294775e6082bb6578,cross_validator,call_engine.py,270,0,pattern_kind_miss,"            parts.append(f""Invalid if 5min closes below {micro.structure_support:.2f} swing low"")",low,chains.callExpDateMap.*.lowPrice;chains.putExpDateMap.*.lowPrice;chains.underlying.fiftyTwoWeekLow;chains.underlying.lowPrice;pricehistory.candles.*.low;quotes.quote.52WeekLow;quotes.quote.lowPrice;streaming.content.*.LOW_PRICE;streaming.content.*.LOW_PRICE_52_WEEK,chains.putExpDateMap.*.bidSize;chains.putExpDateMap.*.askSize;chains.callExpDateMap.*.bidSize,V3 G2 cross-validator (CSV vocabulary),NOT_MARKET_DATA,,,NOT_MARKET_DATA: scoped mechanical classifier tail; production wire reads tracked in governance/SCHWAB_V4_REVIEW_MEMOS cone walk
3f5cd7436cc98dec4a1e,cross_validator,call_engine.py,271,0,pattern_kind_miss,"        elif final_signal == ""short"" and micro.structure_resist:",short,instruments.*.fundamental.shortIntDayToCover;instruments.*.fundamental.shortIntToFloat,chains.underlying.askSize;quotes.quote.askSize;quotes.quote.bidSize,V3 G2 cross-validator (CSV vocabulary),NOT_MARKET_DATA,,,NOT_MARKET_DATA: scoped mechanical classifier tail; production wire reads tracked in governance/SCHWAB_V4_REVIEW_MEMOS cone walk
98463336ef6d73aa463f,cross_validator,call_engine.py,272,0,pattern_kind_miss,"            parts.append(f""Invalid if 5min closes above {micro.structure_resist:.2f} swing high"")",high,chains.callExpDateMap.*.highPrice;chains.putExpDateMap.*.highPrice;chains.underlying.fiftyTwoWeekHigh;chains.underlying.highPrice;pricehistory.candles.*.high;quotes.quote.52WeekHigh;quotes.quote.highPrice;streaming.content.*.HIGH_PRICE;streaming.content.*.HIGH_PRICE_52_WEEK,chains.putExpDateMap.*.bidSize;chains.putExpDateMap.*.askSize;chains.underlying.askSize,V3 G2 cross-validator (CSV vocabulary),NOT_MARKET_DATA,,,NOT_MARKET_DATA: scoped mechanical classifier tail; production wire reads tracked in governance/SCHWAB_V4_REVIEW_MEMOS cone walk
2d296849dedc773be808,cross_validator,call_engine.py,274,0,pattern_kind_miss,    # Trade-type specific invalidation,trade type,chains.callExpDateMap.*.tradeTimeInLong;chains.putExpDateMap.*.tradeTimeInLong;chains.underlying.tradeTime;quotes.extended.tradeTime;quotes.quote.tradeTime;quotes.regular.regularMarketTradeTime;streaming.content.*.REGULAR_MARKET_TRADE;streaming.content.*.REGULAR_MARKET_TRADE_MILLIS;streaming.content.*.TRADE_TIME_MILLIS;chains.assetMainType;chains.assetSubType;chains.callExpDateMap.*.exerciseType;chains.callExpDateMap.*.expirationType;chains.callExpDateMap.*.optionDeliverablesList.*.assetType;chains.callExpDateMap.*.optionDeliverablesList.*.currencyType;chains.callExpDateMap.*.settlementType;chains.putExpDateMap.*.exerciseType;chains.putExpDateMap.*.expirationType;chains.putExpDateMap.*.optionDeliverablesList.*.assetType;chains.putExpDateMap.*.optionDeliverablesList.*.currencyType;chains.putExpDateMap.*.settlementType;instruments.*.assetType;market_hours.bond.BON.marketType;market_hours.equity.EQ.marketType;market_hours.forex.forex.marketType,chains.putExpDateMap.*.volatility;chains.callExpDateMap.*.volatility;chains.putExpDateMap.*.theoreticalVolatility,V3 G2 cross-validator (CSV vocabulary),NOT_MARKET_DATA,,,NOT_MARKET_DATA: scoped mechanical classifier tail; production wire reads tracked in governance/SCHWAB_V4_REVIEW_MEMOS cone walk
55261fd65b26eacbdda3,cross_validator,call_engine.py,276,0,pattern_kind_miss,"        if final_signal == ""short"" and inp.call_gamma_wall:",short,instruments.*.fundamental.shortIntDayToCover;instruments.*.fundamental.shortIntToFloat,chains.callExpDateMap.*.askSize;chains.callExpDateMap.*.theoreticalVolatility;chains.callExpDateMap.*.bidSize,V3 G2 cross-validator (CSV vocabulary),NOT_MARKET_DATA,,,NOT_MARKET_DATA: scoped mechanical classifier tail; production wire reads tracked in governance/SCHWAB_V4_REVIEW_MEMOS cone walk
d26d731b56a228d45ea7,cross_validator,call_engine.py,277,0,pattern_kind_miss,"            parts.append(f""Invalid if price holds above {inp.call_gamma_wall:.2f} for 3+ bars"")",price,chains.callExpDateMap.*.closePrice;chains.callExpDateMap.*.highPrice;chains.callExpDateMap.*.lowPrice;chains.callExpDateMap.*.openPrice;chains.callExpDateMap.*.strikePrice;chains.putExpDateMap.*.closePrice;chains.putExpDateMap.*.highPrice;chains.putExpDateMap.*.lowPrice;chains.putExpDateMap.*.openPrice;chains.putExpDateMap.*.strikePrice;chains.underlying.highPrice;chains.underlying.lowPrice;chains.underlying.openPrice;chains.underlyingPrice;movers.screeners.*.lastPrice;quotes.extended.askPrice;quotes.extended.bidPrice;quotes.extended.lastPrice;quotes.quote.askPrice;quotes.quote.bidPrice;quotes.quote.closePrice;quotes.quote.highPrice;quotes.quote.lastPrice;quotes.quote.lowPrice;quotes.quote.openPrice,chains.callExpDateMap.*.askSize;chains.callExpDateMap.*.bidSize;chains.putExpDateMap.*.askSize,V3 G2 cross-validator (CSV vocabulary),NOT_MARKET_DATA,,,NOT_MARKET_DATA: scoped mechanical classifier tail; production wire reads tracked in governance/SCHWAB_V4_REVIEW_MEMOS cone walk
53f5beb76378d65a4c91,cross_validator,call_engine.py,278,0,pattern_kind_miss,"        elif final_signal == ""long"" and inp.put_gamma_wall:",long,chains.callExpDateMap.*.quoteTimeInLong;chains.callExpDateMap.*.tradeTimeInLong;chains.putExpDateMap.*.quoteTimeInLong;chains.putExpDateMap.*.tradeTimeInLong,chains.callExpDateMap.*.lowPrice;chains.callExpDateMap.*.multiplier;chains.callExpDateMap.*.bid,V3 G2 cross-validator (CSV vocabulary),NOT_MARKET_DATA,,,NOT_MARKET_DATA: scoped mechanical classifier tail; production wire reads tracked in governance/SCHWAB_V4_REVIEW_MEMOS cone walk
06f4bf3bdb9588871542,cross_validator,call_engine.py,279,0,pattern_kind_miss,"            parts.append(f""Invalid if price holds below {inp.put_gamma_wall:.2f} for 3+ bars"")",price,chains.callExpDateMap.*.closePrice;chains.callExpDateMap.*.highPrice;chains.callExpDateMap.*.lowPrice;chains.callExpDateMap.*.openPrice;chains.callExpDateMap.*.strikePrice;chains.putExpDateMap.*.closePrice;chains.putExpDateMap.*.highPrice;chains.putExpDateMap.*.lowPrice;chains.putExpDateMap.*.openPrice;chains.putExpDateMap.*.strikePrice;chains.underlying.highPrice;chains.underlying.lowPrice;chains.underlying.openPrice;chains.underlyingPrice;movers.screeners.*.lastPrice;quotes.extended.askPrice;quotes.extended.bidPrice;quotes.extended.lastPrice;quotes.quote.askPrice;quotes.quote.bidPrice;quotes.quote.closePrice;quotes.quote.highPrice;quotes.quote.lastPrice;quotes.quote.lowPrice;quotes.quote.openPrice,chains.callExpDateMap.*.bidSize;chains.callExpDateMap.*.askSize;chains.putExpDateMap.*.askSize,V3 G2 cross-validator (CSV vocabulary),NOT_MARKET_DATA,,,NOT_MARKET_DATA: scoped mechanical classifier tail; production wire reads tracked in governance/SCHWAB_V4_REVIEW_MEMOS cone walk
7b5c64d4c755eaa9e732,cross_validator,call_engine.py,282,0,pattern_kind_miss,"            parts.append(f""Invalid if price falls back below {micro.bos.level:.2f} breakout level"")",price,chains.callExpDateMap.*.closePrice;chains.callExpDateMap.*.highPrice;chains.callExpDateMap.*.lowPrice;chains.callExpDateMap.*.openPrice;chains.callExpDateMap.*.strikePrice;chains.putExpDateMap.*.closePrice;chains.putExpDateMap.*.highPrice;chains.putExpDateMap.*.lowPrice;chains.putExpDateMap.*.openPrice;chains.putExpDateMap.*.strikePrice;chains.underlying.highPrice;chains.underlying.lowPrice;chains.underlying.openPrice;chains.underlyingPrice;movers.screeners.*.lastPrice;quotes.extended.askPrice;quotes.extended.bidPrice;quotes.extended.lastPrice;quotes.quote.askPrice;quotes.quote.bidPrice;quotes.quote.closePrice;quotes.quote.highPrice;quotes.quote.lastPrice;quotes.quote.lowPrice;quotes.quote.openPrice,chains.callExpDateMap.*.bidSize;chains.callExpDateMap.*.askSize;chains.callExpDateMap.*.rho,V3 G2 cross-validator (CSV vocabulary),NOT_MARKET_DATA,,,NOT_MARKET_DATA: scoped mechanical classifier tail; production wire reads tracked in governance/SCHWAB_V4_REVIEW_MEMOS cone walk
9f36106450dab9dae856,cross_validator,call_engine.py,284,0,pattern_kind_miss,    # Fallback: just the stop,the,chains.callExpDateMap.*.inTheMoney;chains.putExpDateMap.*.inTheMoney,chains.putExpDateMap.*.theoreticalVolatility;chains.callExpDateMap.*.theoreticalVolatility;chains.callExpDateMap.*.theta,V3 G2 cross-validator (CSV vocabulary),NOT_MARKET_DATA,,,NOT_MARKET_DATA: scoped mechanical classifier tail; production wire reads tracked in governance/SCHWAB_V4_REVIEW_MEMOS cone walk
cd89c6a3cb6f3d0473c6,cross_validator,call_engine.py,288,0,pattern_kind_miss,"    return "". "".join(parts) + ""."" if parts else """"",return,instruments.*.fundamental.returnOnAssets;instruments.*.fundamental.returnOnEquity;instruments.*.fundamental.returnOnInvestment,pricehistory.candles;pricehistory.candles.*;chains.putExpDateMap.*.bidSize,V3 G2 cross-validator (CSV vocabulary),NOT_MARKET_DATA,,,NOT_MARKET_DATA: scoped mechanical classifier tail; production wire reads tracked in governance/SCHWAB_V4_REVIEW_MEMOS cone walk
9029e0ab2f6fac2dc6e6,cross_validator,call_engine.py,291,0,pattern_kind_miss,"    """"""How long is this setup valid?""""""",long,chains.callExpDateMap.*.quoteTimeInLong;chains.callExpDateMap.*.tradeTimeInLong;chains.putExpDateMap.*.quoteTimeInLong;chains.putExpDateMap.*.tradeTimeInLong,quotes.quote.bidSize;chains.putExpDateMap.*.bidSize;chains.callExpDateMap.*.bidSize,V3 G2 cross-validator (CSV vocabulary),NOT_MARKET_DATA,,,NOT_MARKET_DATA: scoped mechanical classifier tail; production wire reads tracked in governance/SCHWAB_V4_REVIEW_MEMOS cone walk
ba026dbad85267068c67,cross_validator,call_engine.py,295,0,pattern_kind_miss,"        return """"",return,instruments.*.fundamental.returnOnAssets;instruments.*.fundamental.returnOnEquity;instruments.*.fundamental.returnOnInvestment,market_hours.future.RB.isOpen;market_hours.future.MRB.isOpen;market_hours.future.BTC.isOpen,V3 G2 cross-validator (CSV vocabulary),NOT_MARKET_DATA,,,NOT_MARKET_DATA: scoped mechanical classifier tail; production wire reads tracked in governance/SCHWAB_V4_REVIEW_MEMOS cone walk
652ab5ff5a62e094ae34,cross_validator,call_engine.py,298,0,pattern_kind_miss,"        return ""Setup valid ~10-15min — expires if no breakout candle.""",return,instruments.*.fundamental.returnOnAssets;instruments.*.fundamental.returnOnEquity;instruments.*.fundamental.returnOnInvestment,chains.putExpDateMap.*.delta;chains.putExpDateMap.*.rho;quotes.quote.bidSize,V3 G2 cross-validator (CSV vocabulary),NOT_MARKET_DATA,,,NOT_MARKET_DATA: scoped mechanical classifier tail; production wire reads tracked in governance/SCHWAB_V4_REVIEW_MEMOS cone walk
e05de533f6ad4646e068,cross_validator,call_engine.py,300,0,pattern_kind_miss,"        return ""Setup valid while price stays near the wall.""",return price the,instruments.*.fundamental.returnOnAssets;instruments.*.fundamental.returnOnEquity;instruments.*.fundamental.returnOnInvestment;chains.callExpDateMap.*.closePrice;chains.callExpDateMap.*.highPrice;chains.callExpDateMap.*.lowPrice;chains.callExpDateMap.*.openPrice;chains.callExpDateMap.*.strikePrice;chains.putExpDateMap.*.closePrice;chains.putExpDateMap.*.highPrice;chains.putExpDateMap.*.lowPrice;chains.putExpDateMap.*.openPrice;chains.putExpDateMap.*.strikePrice;chains.underlying.highPrice;chains.underlying.lowPrice;chains.underlying.openPrice;chains.underlyingPrice;movers.screeners.*.lastPrice;quotes.extended.askPrice;quotes.extended.bidPrice;quotes.extended.lastPrice;quotes.quote.askPrice;quotes.quote.bidPrice;quotes.quote.closePrice;quotes.quote.highPrice,chains.callExpDateMap.*.theta;chains.putExpDateMap.*.theta;chains.putExpDateMap.*.delta,V3 G2 cross-validator (CSV vocabulary),NOT_MARKET_DATA,,,NOT_MARKET_DATA: scoped mechanical classifier tail; production wire reads tracked in governance/SCHWAB_V4_REVIEW_MEMOS cone walk
a6bf59903810ec290f06,cross_validator,call_engine.py,302,0,pattern_kind_miss,"        return ""Setup valid ~15min — watch for follow-through or failure.""",return,instruments.*.fundamental.returnOnAssets;instruments.*.fundamental.returnOnEquity;instruments.*.fundamental.returnOnInvestment,quotes.quote.totalVolume;chains.underlying.totalVolume;chains.putExpDateMap.*.totalVolume,V3 G2 cross-validator (CSV vocabulary),NOT_MARKET_DATA,,,NOT_MARKET_DATA: scoped mechanical classifier tail; production wire reads tracked in governance/SCHWAB_V4_REVIEW_MEMOS cone walk
3eab8873a4afecbaccba,cross_validator,call_engine.py,304,0,pattern_kind_miss,"        return ""Setup valid ~20min — needs confirming bar to stay active.""",return bar,instruments.*.fundamental.returnOnAssets;instruments.*.fundamental.returnOnEquity;instruments.*.fundamental.returnOnInvestment,chains.putExpDateMap.*.bidSize;chains.putExpDateMap.*.volatility;chains.putExpDateMap.*.askSize,V3 G2 cross-validator (CSV vocabulary),NOT_MARKET_DATA,,,NOT_MARKET_DATA: scoped mechanical classifier tail; production wire reads tracked in governance/SCHWAB_V4_REVIEW_MEMOS cone walk
43acc58f37c6b7069a66,cross_validator,call_engine.py,306,0,pattern_kind_miss,"        return ""Setup valid while trend structure holds.""",return,instruments.*.fundamental.returnOnAssets;instruments.*.fundamental.returnOnEquity;instruments.*.fundamental.returnOnInvestment,quotes.quote.bidSize;quotes.quote.askSize;quotes.regular.regularMarketLastSize,V3 G2 cross-validator (CSV vocabulary),NOT_MARKET_DATA,,,NOT_MARKET_DATA: scoped mechanical classifier tail; production wire reads tracked in governance/SCHWAB_V4_REVIEW_MEMOS cone walk
3c56bc5367b149c9d89c,cross_validator,call_engine.py,308,0,pattern_kind_miss,"        return ""Setup valid while range holds.""",return,instruments.*.fundamental.returnOnAssets;instruments.*.fundamental.returnOnEquity;instruments.*.fundamental.returnOnInvestment,quotes.regular.regularMarketLastSize;chains.putExpDateMap.*.delta;chains.callExpDateMap.*.rho,V3 G2 cross-validator (CSV vocabulary),NOT_MARKET_DATA,,,NOT_MARKET_DATA: scoped mechanical classifier tail; production wire reads tracked in governance/SCHWAB_V4_REVIEW_MEMOS cone walk
f12057d9628141b49336,cross_validator,call_engine.py,310,0,pattern_kind_miss,"    return """"",return,instruments.*.fundamental.returnOnAssets;instruments.*.fundamental.returnOnEquity;instruments.*.fundamental.returnOnInvestment,market_hours.future.RB.isOpen;market_hours.future.MRB.isOpen;market_hours.future.BTC.isOpen,V3 G2 cross-validator (CSV vocabulary),NOT_MARKET_DATA,,,NOT_MARKET_DATA: scoped mechanical classifier tail; production wire reads tracked in governance/SCHWAB_V4_REVIEW_MEMOS cone walk
11666a860f8b47e985cd,cross_validator,call_engine.py,314,0,pattern_kind_miss,"    """"""Build Monte Carlo snippet for call reasoning when MC is available and relevant.""""""",call,chains.callExpDateMap;chains.callExpDateMap.*;chains.callExpDateMap.*.ask;chains.callExpDateMap.*.askSize;chains.callExpDateMap.*.bid;chains.callExpDateMap.*.bidAskSize;chains.callExpDateMap.*.bidSize;chains.callExpDateMap.*.closePrice;chains.callExpDateMap.*.daysToExpiration;chains.callExpDateMap.*.deliverableNote;chains.callExpDateMap.*.delta;chains.callExpDateMap.*.description;chains.callExpDateMap.*.exchangeName;chains.callExpDateMap.*.exerciseType;chains.callExpDateMap.*.expirationDate;chains.callExpDateMap.*.expirationType;chains.callExpDateMap.*.extrinsicValue;chains.callExpDateMap.*.gamma;chains.callExpDateMap.*.high52Week;chains.callExpDateMap.*.highPrice;chains.callExpDateMap.*.inTheMoney;chains.callExpDateMap.*.intrinsicValue;chains.callExpDateMap.*.last;chains.callExpDateMap.*.lastSize;chains.callExpDateMap.*.lastTradingDay,chains.callExpDateMap.*.bidSize;chains.callExpDateMap.*.askSize;chains.callExpDateMap.*.delta,V3 G2 cross-validator (CSV vocabulary),NOT_MARKET_DATA,,,NOT_MARKET_DATA: scoped mechanical classifier tail; production wire reads tracked in governance/SCHWAB_V4_REVIEW_MEMOS cone walk
9e4b10b35d0bda34cd56,cross_validator,call_engine.py,316,0,pattern_kind_miss,"        return """"",return,instruments.*.fundamental.returnOnAssets;instruments.*.fundamental.returnOnEquity;instruments.*.fundamental.returnOnInvestment,market_hours.future.RB.isOpen;market_hours.future.MRB.isOpen;market_hours.future.BTC.isOpen,V3 G2 cross-validator (CSV vocabulary),NOT_MARKET_DATA,,,NOT_MARKET_DATA: scoped mechanical classifier tail; production wire reads tracked in governance/SCHWAB_V4_REVIEW_MEMOS cone walk
834aef25ef155943ea10,cross_validator,call_engine.py,323,0,pattern_kind_miss,    # vs call. MC contributes containment/expansion to fusion evidence.,call,chains.callExpDateMap;chains.callExpDateMap.*;chains.callExpDateMap.*.ask;chains.callExpDateMap.*.askSize;chains.callExpDateMap.*.bid;chains.callExpDateMap.*.bidAskSize;chains.callExpDateMap.*.bidSize;chains.callExpDateMap.*.closePrice;chains.callExpDateMap.*.daysToExpiration;chains.callExpDateMap.*.deliverableNote;chains.callExpDateMap.*.delta;chains.callExpDateMap.*.description;chains.callExpDateMap.*.exchangeName;chains.callExpDateMap.*.exerciseType;chains.callExpDateMap.*.expirationDate;chains.callExpDateMap.*.expirationType;chains.callExpDateMap.*.extrinsicValue;chains.callExpDateMap.*.gamma;chains.callExpDateMap.*.high52Week;chains.callExpDateMap.*.highPrice;chains.callExpDateMap.*.inTheMoney;chains.callExpDateMap.*.intrinsicValue;chains.callExpDateMap.*.last;chains.callExpDateMap.*.lastSize;chains.callExpDateMap.*.lastTradingDay,pricehistory.candles.*.datetime;quotes.quote.closePrice;streaming.content.*.DESCRIPTION,V3 G2 cross-validator (CSV vocabulary),NOT_MARKET_DATA,,,NOT_MARKET_DATA: scoped mechanical classifier tail; production wire reads tracked in governance/SCHWAB_V4_REVIEW_MEMOS cone walk
edef2e83e91bfd1853e1,cross_validator,call_engine.py,324,0,pattern_kind_miss,    if exp is None and cont is None:,exp,chains.callExpDateMap;chains.callExpDateMap.*;chains.callExpDateMap.*.ask;chains.callExpDateMap.*.askSize;chains.callExpDateMap.*.bid;chains.callExpDateMap.*.bidAskSize;chains.callExpDateMap.*.bidSize;chains.callExpDateMap.*.closePrice;chains.callExpDateMap.*.daysToExpiration;chains.callExpDateMap.*.deliverableNote;chains.callExpDateMap.*.delta;chains.callExpDateMap.*.description;chains.callExpDateMap.*.exchangeName;chains.callExpDateMap.*.exerciseType;chains.callExpDateMap.*.expirationDate;chains.callExpDateMap.*.expirationType;chains.callExpDateMap.*.extrinsicValue;chains.callExpDateMap.*.gamma;chains.callExpDateMap.*.high52Week;chains.callExpDateMap.*.highPrice;chains.callExpDateMap.*.inTheMoney;chains.callExpDateMap.*.intrinsicValue;chains.callExpDateMap.*.last;chains.callExpDateMap.*.lastSize;chains.callExpDateMap.*.lastTradingDay,quotes.quote.closePrice;quotes.quote.openPrice;quotes.extended.lastPrice,V3 G2 cross-validator (CSV vocabulary),NOT_MARKET_DATA,,,NOT_MARKET_DATA: scoped mechanical classifier tail; production wire reads tracked in governance/SCHWAB_V4_REVIEW_MEMOS cone walk
cb7531d0e2e4dd8367e2,cross_validator,call_engine.py,325,0,pattern_kind_miss,"        return """"",return,instruments.*.fundamental.returnOnAssets;instruments.*.fundamental.returnOnEquity;instruments.*.fundamental.returnOnInvestment,market_hours.future.RB.isOpen;market_hours.future.MRB.isOpen;market_hours.future.BTC.isOpen,V3 G2 cross-validator (CSV vocabulary),NOT_MARKET_DATA,,,NOT_MARKET_DATA: scoped mechanical classifier tail; production wire reads tracked in governance/SCHWAB_V4_REVIEW_MEMOS cone walk
972d3cfec1fab2016701,cross_validator,call_engine.py,326,0,pattern_kind_miss,    if exp is not None and cont is not None:,exp,chains.callExpDateMap;chains.callExpDateMap.*;chains.callExpDateMap.*.ask;chains.callExpDateMap.*.askSize;chains.callExpDateMap.*.bid;chains.callExpDateMap.*.bidAskSize;chains.callExpDateMap.*.bidSize;chains.callExpDateMap.*.closePrice;chains.callExpDateMap.*.daysToExpiration;chains.callExpDateMap.*.deliverableNote;chains.callExpDateMap.*.delta;chains.callExpDateMap.*.description;chains.callExpDateMap.*.exchangeName;chains.callExpDateMap.*.exerciseType;chains.callExpDateMap.*.expirationDate;chains.callExpDateMap.*.expirationType;chains.callExpDateMap.*.extrinsicValue;chains.callExpDateMap.*.gamma;chains.callExpDateMap.*.high52Week;chains.callExpDateMap.*.highPrice;chains.callExpDateMap.*.inTheMoney;chains.callExpDateMap.*.intrinsicValue;chains.callExpDateMap.*.last;chains.callExpDateMap.*.lastSize;chains.callExpDateMap.*.lastTradingDay,quotes.quote.openPrice;quotes.quote.closePrice;quotes.quote.lowPrice,V3 G2 cross-validator (CSV vocabulary),NOT_MARKET_DATA,,,NOT_MARKET_DATA: scoped mechanical classifier tail; production wire reads tracked in governance/SCHWAB_V4_REVIEW_MEMOS cone walk
017385d9a7427e52d21d,cross_validator,call_engine.py,327,0,pattern_kind_miss,        is_expansion = exp >= cont,exp,chains.callExpDateMap;chains.callExpDateMap.*;chains.callExpDateMap.*.ask;chains.callExpDateMap.*.askSize;chains.callExpDateMap.*.bid;chains.callExpDateMap.*.bidAskSize;chains.callExpDateMap.*.bidSize;chains.callExpDateMap.*.closePrice;chains.callExpDateMap.*.daysToExpiration;chains.callExpDateMap.*.deliverableNote;chains.callExpDateMap.*.delta;chains.callExpDateMap.*.description;chains.callExpDateMap.*.exchangeName;chains.callExpDateMap.*.exerciseType;chains.callExpDateMap.*.expirationDate;chains.callExpDateMap.*.expirationType;chains.callExpDateMap.*.extrinsicValue;chains.callExpDateMap.*.gamma;chains.callExpDateMap.*.high52Week;chains.callExpDateMap.*.highPrice;chains.callExpDateMap.*.inTheMoney;chains.callExpDateMap.*.intrinsicValue;chains.callExpDateMap.*.last;chains.callExpDateMap.*.lastSize;chains.callExpDateMap.*.lastTradingDay,chains.putExpDateMap.*.exerciseType;chains.putExpDateMap.*.openInterest;chains.putExpDateMap.*.description,V3 G2 cross-validator (CSV vocabulary),NOT_MARKET_DATA,,,NOT_MARKET_DATA: scoped mechanical classifier tail; production wire reads tracked in governance/SCHWAB_V4_REVIEW_MEMOS cone walk
deb9f46e884b642d05aa,cross_validator,call_engine.py,329,0,pattern_kind_miss,        pct = int(100 * (exp if is_expansion else cont)),int exp,instruments.*.fundamental.shortIntDayToCover;instruments.*.fundamental.shortIntToFloat;chains.callExpDateMap;chains.callExpDateMap.*;chains.callExpDateMap.*.ask;chains.callExpDateMap.*.askSize;chains.callExpDateMap.*.bid;chains.callExpDateMap.*.bidAskSize;chains.callExpDateMap.*.bidSize;chains.callExpDateMap.*.closePrice;chains.callExpDateMap.*.daysToExpiration;chains.callExpDateMap.*.deliverableNote;chains.callExpDateMap.*.delta;chains.callExpDateMap.*.description;chains.callExpDateMap.*.exchangeName;chains.callExpDateMap.*.exerciseType;chains.callExpDateMap.*.expirationDate;chains.callExpDateMap.*.expirationType;chains.callExpDateMap.*.extrinsicValue;chains.callExpDateMap.*.gamma;chains.callExpDateMap.*.high52Week;chains.callExpDateMap.*.highPrice;chains.callExpDateMap.*.inTheMoney;chains.callExpDateMap.*.intrinsicValue;chains.callExpDateMap.*.last,chains.putExpDateMap.*.description;chains.callExpDateMap.*.description;chains.putExpDateMap.*.exerciseType,V3 G2 cross-validator (CSV vocabulary),NOT_MARKET_DATA,,,NOT_MARKET_DATA: scoped mechanical classifier tail; production wire reads tracked in governance/SCHWAB_V4_REVIEW_MEMOS cone walk
b4edcdfe8591649e7922,cross_validator,call_engine.py,330,0,pattern_kind_miss,    elif exp is not None:,exp,chains.callExpDateMap;chains.callExpDateMap.*;chains.callExpDateMap.*.ask;chains.callExpDateMap.*.askSize;chains.callExpDateMap.*.bid;chains.callExpDateMap.*.bidAskSize;chains.callExpDateMap.*.bidSize;chains.callExpDateMap.*.closePrice;chains.callExpDateMap.*.daysToExpiration;chains.callExpDateMap.*.deliverableNote;chains.callExpDateMap.*.delta;chains.callExpDateMap.*.description;chains.callExpDateMap.*.exchangeName;chains.callExpDateMap.*.exerciseType;chains.callExpDateMap.*.expirationDate;chains.callExpDateMap.*.expirationType;chains.callExpDateMap.*.extrinsicValue;chains.callExpDateMap.*.gamma;chains.callExpDateMap.*.high52Week;chains.callExpDateMap.*.highPrice;chains.callExpDateMap.*.inTheMoney;chains.callExpDateMap.*.intrinsicValue;chains.callExpDateMap.*.last;chains.callExpDateMap.*.lastSize;chains.callExpDateMap.*.lastTradingDay,quotes.extended.lastSize;quotes.reference.description;quotes.quote.closePrice,V3 G2 cross-validator (CSV vocabulary),NOT_MARKET_DATA,,,NOT_MARKET_DATA: scoped mechanical classifier tail; production wire reads tracked in governance/SCHWAB_V4_REVIEW_MEMOS cone walk
216c1a9253b9e59090e3,cross_validator,call_engine.py,335,0,pattern_kind_miss,        pct = int(100 * cont),int,instruments.*.fundamental.shortIntDayToCover;instruments.*.fundamental.shortIntToFloat,chains.putExpDateMap.*.description;chains.putExpDateMap.*.expirationType;chains.putExpDateMap.*.strikePrice,V3 G2 cross-validator (CSV vocabulary),NOT_MARKET_DATA,,,NOT_MARKET_DATA: scoped mechanical classifier tail; production wire reads tracked in governance/SCHWAB_V4_REVIEW_MEMOS cone walk
f6e9fff2f63c26bae18d,cross_validator,call_engine.py,337,0,pattern_kind_miss,    # Simple: state MC mode and whether it supports directional trade,trade,chains.callExpDateMap.*.tradeTimeInLong;chains.putExpDateMap.*.tradeTimeInLong;chains.underlying.tradeTime;quotes.extended.tradeTime;quotes.quote.tradeTime;quotes.regular.regularMarketTradeTime;streaming.content.*.REGULAR_MARKET_TRADE;streaming.content.*.REGULAR_MARKET_TRADE_MILLIS;streaming.content.*.TRADE_TIME_MILLIS,chains.putExpDateMap.*.theta;chains.putExpDateMap.*.delta;chains.putExpDateMap.*.askSize,V3 G2 cross-validator (CSV vocabulary),NOT_MARKET_DATA,,,NOT_MARKET_DATA: scoped mechanical classifier tail; production wire reads tracked in governance/SCHWAB_V4_REVIEW_MEMOS cone walk
a0064a6a30a8b40f552f,cross_validator,call_engine.py,339,0,pattern_kind_miss,"        return f"" Monte Carlo: {mode} bias ({pct}%).""",return,instruments.*.fundamental.returnOnAssets;instruments.*.fundamental.returnOnEquity;instruments.*.fundamental.returnOnInvestment,quotes.quote.bidSize;streaming.content.*.BIDS;chains.putExpDateMap.*.bidSize,V3 G2 cross-validator (CSV vocabulary),NOT_MARKET_DATA,,,NOT_MARKET_DATA: scoped mechanical classifier tail; production wire reads tracked in governance/SCHWAB_V4_REVIEW_MEMOS cone walk
add140926c232d024c9b,cross_validator,call_engine.py,340,0,pattern_kind_miss,"    # For long/short: containment favors range, expansion favors breakout",long short,chains.callExpDateMap.*.quoteTimeInLong;chains.callExpDateMap.*.tradeTimeInLong;chains.putExpDateMap.*.quoteTimeInLong;chains.putExpDateMap.*.tradeTimeInLong;instruments.*.fundamental.shortIntDayToCover;instruments.*.fundamental.shortIntToFloat,streaming.content.*.ASKS;market_hours.forex.forex.isOpen;streaming.content.*.ASKS.*,V3 G2 cross-validator (CSV vocabulary),NOT_MARKET_DATA,,,NOT_MARKET_DATA: scoped mechanical classifier tail; production wire reads tracked in governance/SCHWAB_V4_REVIEW_MEMOS cone walk
3511bdbec4d840c4ed40,cross_validator,call_engine.py,342,0,pattern_kind_miss,"        return f"" Monte Carlo: {pct}% containment — range likely, favor fades.""",return,instruments.*.fundamental.returnOnAssets;instruments.*.fundamental.returnOnEquity;instruments.*.fundamental.returnOnInvestment,chains.callExpDateMap.*.theta;chains.callExpDateMap.*.totalVolume;quotes.fundamental.fundLeverageFactor,V3 G2 cross-validator (CSV vocabulary),NOT_MARKET_DATA,,,NOT_MARKET_DATA: scoped mechanical classifier tail; production wire reads tracked in governance/SCHWAB_V4_REVIEW_MEMOS cone walk
b158950284a7062a4b2c,cross_validator,call_engine.py,344,0,pattern_kind_miss,"        return f"" Monte Carlo: {pct}% expansion — breakout environment supports direction.""",return,instruments.*.fundamental.returnOnAssets;instruments.*.fundamental.returnOnEquity;instruments.*.fundamental.returnOnInvestment,chains.putExpDateMap.*.openInterest;streaming.content.*.BIDS;streaming.content.*.ASKS,V3 G2 cross-validator (CSV vocabulary),NOT_MARKET_DATA,,,NOT_MARKET_DATA: scoped mechanical classifier tail; production wire reads tracked in governance/SCHWAB_V4_REVIEW_MEMOS cone walk
32c283148a361f0b5087,cross_validator,call_engine.py,345,0,pattern_kind_miss,"    return f"" Monte Carlo: {mode} {pct}%.""",return,instruments.*.fundamental.returnOnAssets;instruments.*.fundamental.returnOnEquity;instruments.*.fundamental.returnOnInvestment,quotes.extended.totalVolume;streaming.content.*.VOLUME;movers.screeners.*.totalVolume,V3 G2 cross-validator (CSV vocabulary),NOT_MARKET_DATA,,,NOT_MARKET_DATA: scoped mechanical classifier tail; production wire reads tracked in governance/SCHWAB_V4_REVIEW_MEMOS cone walk
2ce5298e99a21c674aec,cross_validator,call_engine.py,353,0,pattern_kind_miss,"    """"""Build headline and reasoning for The Call card. Driven by full stack result.",the call,chains.callExpDateMap.*.inTheMoney;chains.putExpDateMap.*.inTheMoney;chains.callExpDateMap;chains.callExpDateMap.*;chains.callExpDateMap.*.ask;chains.callExpDateMap.*.askSize;chains.callExpDateMap.*.bid;chains.callExpDateMap.*.bidAskSize;chains.callExpDateMap.*.bidSize;chains.callExpDateMap.*.closePrice;chains.callExpDateMap.*.daysToExpiration;chains.callExpDateMap.*.deliverableNote;chains.callExpDateMap.*.delta;chains.callExpDateMap.*.description;chains.callExpDateMap.*.exchangeName;chains.callExpDateMap.*.exerciseType;chains.callExpDateMap.*.expirationDate;chains.callExpDateMap.*.expirationType;chains.callExpDateMap.*.extrinsicValue;chains.callExpDateMap.*.gamma;chains.callExpDateMap.*.high52Week;chains.callExpDateMap.*.highPrice;chains.callExpDateMap.*.intrinsicValue;chains.callExpDateMap.*.last;chains.callExpDateMap.*.lastSize,chains.callExpDateMap.*.bidSize;chains.callExpDateMap.*.askSize;chains.callExpDateMap.*.delta,V3 G2 cross-validator (CSV vocabulary),NOT_MARKET_DATA,,,NOT_MARKET_DATA: scoped mechanical classifier tail; production wire reads tracked in governance/SCHWAB_V4_REVIEW_MEMOS cone walk
a4a3f2098bb140e03264,cross_validator,call_engine.py,354,0,pattern_kind_miss,"    wait_blocker: when final_signal=wait, dict with reason ('stack'|'vol_regime'|'gates'|'time'),",time,chains.callExpDateMap.*.quoteTimeInLong;chains.callExpDateMap.*.timeValue;chains.callExpDateMap.*.tradeTimeInLong;chains.putExpDateMap.*.quoteTimeInLong;chains.putExpDateMap.*.timeValue;chains.putExpDateMap.*.tradeTimeInLong;chains.underlying.quoteTime;chains.underlying.tradeTime;quotes.extended.quoteTime;quotes.extended.tradeTime;quotes.quote.askTime;quotes.quote.bidTime;quotes.quote.quoteTime;quotes.quote.tradeTime;quotes.regular.regularMarketTradeTime;streaming.content.*.ASK_TIME_MILLIS;streaming.content.*.BID_TIME_MILLIS;streaming.content.*.BOOK_TIME;streaming.content.*.CHART_TIME_MILLIS;streaming.content.*.QUOTE_TIME_MILLIS;streaming.content.*.TRADE_TIME_MILLIS,chains.volatility;chains.callExpDateMap.*.volatility;chains.callExpDateMap.*.theoreticalVolatility,V3 G2 cross-validator (CSV vocabulary),NOT_MARKET_DATA,,,NOT_MARKET_DATA: scoped mechanical classifier tail; production wire reads tracked in governance/SCHWAB_V4_REVIEW_MEMOS cone walk
6cda34c1c2c853f89dd5,cross_validator,call_engine.py,361,0,pattern_kind_miss,"        reason = blocker.get(""reason"", ""unknown"")",unknown,,quotes.reference.isShortable;market_hours.bond.BON.sessionHours.regularMarket;market_hours.bond.BON.isOpen,V3 G2 cross-validator (CSV vocabulary),NOT_MARKET_DATA,,,NOT_MARKET_DATA: scoped mechanical classifier tail; production wire reads tracked in governance/SCHWAB_V4_REVIEW_MEMOS cone walk
3b0103579a70bd3a2ad1,cross_validator,call_engine.py,368,0,pattern_kind_miss,"            headline = f""WAIT — stack: {lc} long, {sc} short (need {th}+ in one direction).""",long short,chains.callExpDateMap.*.quoteTimeInLong;chains.callExpDateMap.*.tradeTimeInLong;chains.putExpDateMap.*.quoteTimeInLong;chains.putExpDateMap.*.tradeTimeInLong;instruments.*.fundamental.shortIntDayToCover;instruments.*.fundamental.shortIntToFloat,chains.volatility;chains.callExpDateMap.*.theta;pricehistory.candles.*.datetime,V3 G2 cross-validator (CSV vocabulary),NOT_MARKET_DATA,,,NOT_MARKET_DATA: scoped mechanical classifier tail; production wire reads tracked in governance/SCHWAB_V4_REVIEW_MEMOS cone walk
25b4601689b7f4e72033,cross_validator,call_engine.py,370,0,pattern_kind_miss,"                f""Stack: {lc} long ({', '.join(ln) or '—'}), {sc} short ({', '.join(sn) or '—'}). """,long short,chains.callExpDateMap.*.quoteTimeInLong;chains.callExpDateMap.*.tradeTimeInLong;chains.putExpDateMap.*.quoteTimeInLong;chains.putExpDateMap.*.tradeTimeInLong;instruments.*.fundamental.shortIntDayToCover;instruments.*.fundamental.shortIntToFloat,pricehistory.candles.*.high;chains.volatility;chains.underlying.highPrice,V3 G2 cross-validator (CSV vocabulary),NOT_MARKET_DATA,,,NOT_MARKET_DATA: scoped mechanical classifier tail; production wire reads tracked in governance/SCHWAB_V4_REVIEW_MEMOS cone walk
0e687ee66dac3a7b666e,cross_validator,call_engine.py,372,0,pattern_kind_miss,"                ""Note: stack uses 9 layers (micro, Greeks, spy_basket, qqq_basket, iwm_basket, regime, fusion, order_flow, multi_horizon); """,note greeks regime,chains.callExpDateMap.*.deliverableNote;chains.putExpDateMap.*.deliverableNote,quotes.quote.askSize;quotes.quote.bidSize;quotes.extended.askSize,V3 G2 cross-validator (CSV vocabulary),NOT_MARKET_DATA,,,NOT_MARKET_DATA: scoped mechanical classifier tail; production wire reads tracked in governance/SCHWAB_V4_REVIEW_MEMOS cone walk
40122f2921a8d9fd154c,cross_validator,call_engine.py,373,0,pattern_kind_miss,"                ""each index basket vote is independent — no cross-ETF veto. """,index,chains.isIndex,quotes.extended.askSize;quotes.extended.bidSize;chains.putExpDateMap.*.theta,V3 G2 cross-validator (CSV vocabulary),NOT_MARKET_DATA,,,NOT_MARKET_DATA: scoped mechanical classifier tail; production wire reads tracked in governance/SCHWAB_V4_REVIEW_MEMOS cone walk
aab4b8af4e92ce4a1468,cross_validator,call_engine.py,374,0,pattern_kind_miss,"                ""'5 of 5 agree' in fusion is model agreement inside fusion — separate from these votes.""",model,,quotes.quote.askSize;quotes.quote.bidSize;quotes.extended.askSize,V3 G2 cross-validator (CSV vocabulary),NOT_MARKET_DATA,,,NOT_MARKET_DATA: scoped mechanical classifier tail; production wire reads tracked in governance/SCHWAB_V4_REVIEW_MEMOS cone walk
ac715d0953daacda9c7d,cross_validator,call_engine.py,378,0,pattern_kind_miss,"            headline = f""WAIT — vol regime: {detail}.""",regime,,chains.volatility;chains.callExpDateMap.*.volatility;chains.putExpDateMap.*.volatility,V3 G2 cross-validator (CSV vocabulary),NOT_MARKET_DATA,,,NOT_MARKET_DATA: scoped mechanical classifier tail; production wire reads tracked in governance/SCHWAB_V4_REVIEW_MEMOS cone walk
e7db230ad68dda1f49bc,cross_validator,call_engine.py,384,0,pattern_kind_miss,"        elif reason == ""time"":",time,chains.callExpDateMap.*.quoteTimeInLong;chains.callExpDateMap.*.timeValue;chains.callExpDateMap.*.tradeTimeInLong;chains.putExpDateMap.*.quoteTimeInLong;chains.putExpDateMap.*.timeValue;chains.putExpDateMap.*.tradeTimeInLong;chains.underlying.quoteTime;chains.underlying.tradeTime;quotes.extended.quoteTime;quotes.extended.tradeTime;quotes.quote.askTime;quotes.quote.bidTime;quotes.quote.quoteTime;quotes.quote.tradeTime;quotes.regular.regularMarketTradeTime;streaming.content.*.ASK_TIME_MILLIS;streaming.content.*.BID_TIME_MILLIS;streaming.content.*.BOOK_TIME;streaming.content.*.CHART_TIME_MILLIS;streaming.content.*.QUOTE_TIME_MILLIS;streaming.content.*.TRADE_TIME_MILLIS,quotes.quote.bidSize;quotes.extended.bidSize;quotes.quote.askSize,V3 G2 cross-validator (CSV vocabulary),NOT_MARKET_DATA,,,NOT_MARKET_DATA: scoped mechanical classifier tail; production wire reads tracked in governance/SCHWAB_V4_REVIEW_MEMOS cone walk
4c95fda0269a0d3f8d0c,cross_validator,call_engine.py,385,0,pattern_kind_miss,"            detail = blocker.get(""detail"", ""≤30 min to close"")",close,chains.callExpDateMap.*.closePrice;chains.putExpDateMap.*.closePrice;chains.underlying.close;pricehistory.candles.*.close;quotes.quote.closePrice;streaming.content.*.CLOSE_PRICE,chains.callExpDateMap.*.theoreticalVolatility;chains.putExpDateMap.*.theoreticalVolatility;chains.callExpDateMap.*.bidSize,V3 G2 cross-validator (CSV vocabulary),NOT_MARKET_DATA,,,NOT_MARKET_DATA: scoped mechanical classifier tail; production wire reads tracked in governance/SCHWAB_V4_REVIEW_MEMOS cone walk
f606a93f6d58d341b70b,cross_validator,call_engine.py,387,0,pattern_kind_miss,"            reasoning = blocker.get(""full_detail"", f""Only {detail} — no new entries."")",only,,chains.volatility;chains.callExpDateMap.*.optionDeliverablesList.*.deliverableUnits;chains.callExpDateMap.*.volatility,V3 G2 cross-validator (CSV vocabulary),NOT_MARKET_DATA,,,NOT_MARKET_DATA: scoped mechanical classifier tail; production wire reads tracked in governance/SCHWAB_V4_REVIEW_MEMOS cone walk
7fb3ca82136360c54884,cross_validator,call_engine.py,390,0,pattern_kind_miss,"            reasoning = confluence_detail or ""Await stronger stack consensus or key level.""",key,streaming.content.*.key,quotes.quote.askSize;streaming.content.*.ASKS;chains.callExpDateMap.*.rho,V3 G2 cross-validator (CSV vocabulary),NOT_MARKET_DATA,,,NOT_MARKET_DATA: scoped mechanical classifier tail; production wire reads tracked in governance/SCHWAB_V4_REVIEW_MEMOS cone walk
5b4aefad5fff2b5525ce,cross_validator,call_engine.py,391,0,pattern_kind_miss,"        return headline, reasoning",return,instruments.*.fundamental.returnOnAssets;instruments.*.fundamental.returnOnEquity;instruments.*.fundamental.returnOnInvestment,quotes.regular.regularMarketLastSize;chains.callExpDateMap.*.rho;chains.callExpDateMap.*.theta,V3 G2 cross-validator (CSV vocabulary),NOT_MARKET_DATA,,,NOT_MARKET_DATA: scoped mechanical classifier tail; production wire reads tracked in governance/SCHWAB_V4_REVIEW_MEMOS cone walk
58111257315396d6b6a0,cross_validator,call_engine.py,393,0,pattern_kind_miss,"    dir_word = ""LONG"" if final_signal == ""long"" else ""SHORT""",long short,chains.callExpDateMap.*.quoteTimeInLong;chains.callExpDateMap.*.tradeTimeInLong;chains.putExpDateMap.*.quoteTimeInLong;chains.putExpDateMap.*.tradeTimeInLong;instruments.*.fundamental.shortIntDayToCover;instruments.*.fundamental.shortIntToFloat,chains.underlying.bidSize;quotes.quote.bidSize;chains.underlying.askSize,V3 G2 cross-validator (CSV vocabulary),NOT_MARKET_DATA,,,NOT_MARKET_DATA: scoped mechanical classifier tail; production wire reads tracked in governance/SCHWAB_V4_REVIEW_MEMOS cone walk
692a18d8b762cfdaf426,cross_validator,call_engine.py,409,0,pattern_kind_miss,"            f""High conviction — {type_label} setup with multiple confirmations.""",high,chains.callExpDateMap.*.highPrice;chains.putExpDateMap.*.highPrice;chains.underlying.fiftyTwoWeekHigh;chains.underlying.highPrice;pricehistory.candles.*.high;quotes.quote.52WeekHigh;quotes.quote.highPrice;streaming.content.*.HIGH_PRICE;streaming.content.*.HIGH_PRICE_52_WEEK,chains.volatility;chains.putExpDateMap.*.theoreticalVolatility;chains.putExpDateMap.*.volatility,V3 G2 cross-validator (CSV vocabulary),NOT_MARKET_DATA,,,NOT_MARKET_DATA: scoped mechanical classifier tail; production wire reads tracked in governance/SCHWAB_V4_REVIEW_MEMOS cone walk
f5634822c81385411a7b,cross_validator,call_engine.py,414,0,pattern_kind_miss,"            f""Solid setup — trade with confidence but manage risk.""",trade risk,chains.callExpDateMap.*.tradeTimeInLong;chains.putExpDateMap.*.tradeTimeInLong;chains.underlying.tradeTime;quotes.extended.tradeTime;quotes.quote.tradeTime;quotes.regular.regularMarketTradeTime;streaming.content.*.REGULAR_MARKET_TRADE;streaming.content.*.REGULAR_MARKET_TRADE_MILLIS;streaming.content.*.TRADE_TIME_MILLIS,chains.putExpDateMap.*.bidSize;quotes.quote.bidSize;chains.putExpDateMap.*.askSize,V3 G2 cross-validator (CSV vocabulary),NOT_MARKET_DATA,,,NOT_MARKET_DATA: scoped mechanical classifier tail; production wire reads tracked in governance/SCHWAB_V4_REVIEW_MEMOS cone walk
62b305acc4a8f8fbcfd3,cross_validator,call_engine.py,418,0,pattern_kind_miss,"            f""Only {confluence_count} of {confluence_total} aligned: {confluence_detail}. """,only,,quotes.fundamental.fundLeverageFactor;chains.underlying.totalVolume;quotes.fundamental.declarationDate,V3 G2 cross-validator (CSV vocabulary),NOT_MARKET_DATA,,,NOT_MARKET_DATA: scoped mechanical classifier tail; production wire reads tracked in governance/SCHWAB_V4_REVIEW_MEMOS cone walk
406c4acd16a0c5443cec,cross_validator,call_engine.py,419,0,pattern_kind_miss,"            f""{'Forward stack disagrees — trade smaller. ' if not pred_agrees and pred.forward_confidence != 'low' else ''}""",trade low,chains.callExpDateMap.*.tradeTimeInLong;chains.putExpDateMap.*.tradeTimeInLong;chains.underlying.tradeTime;quotes.extended.tradeTime;quotes.quote.tradeTime;quotes.regular.regularMarketTradeTime;streaming.content.*.REGULAR_MARKET_TRADE;streaming.content.*.REGULAR_MARKET_TRADE_MILLIS;streaming.content.*.TRADE_TIME_MILLIS;chains.callExpDateMap.*.lowPrice;chains.putExpDateMap.*.lowPrice;chains.underlying.fiftyTwoWeekLow;chains.underlying.lowPrice;pricehistory.candles.*.low;quotes.quote.52WeekLow;quotes.quote.lowPrice;streaming.content.*.LOW_PRICE;streaming.content.*.LOW_PRICE_52_WEEK,quotes.extended.askSize;chains.callExpDateMap.*.askSize;chains.callExpDateMap.*.vega,V3 G2 cross-validator (CSV vocabulary),NOT_MARKET_DATA,,,NOT_MARKET_DATA: scoped mechanical classifier tail; production wire reads tracked in governance/SCHWAB_V4_REVIEW_MEMOS cone walk
52b8d58e3b92d467055a,cross_validator,call_engine.py,420,0,pattern_kind_miss,"            f""Wait for more confirmation or reduce size.""",size,chains.callExpDateMap.*.askSize;chains.callExpDateMap.*.bidAskSize;chains.callExpDateMap.*.bidSize;chains.callExpDateMap.*.lastSize;chains.putExpDateMap.*.askSize;chains.putExpDateMap.*.bidAskSize;chains.putExpDateMap.*.bidSize;chains.putExpDateMap.*.lastSize;chains.underlying.askSize;chains.underlying.bidSize;quotes.extended.askSize;quotes.extended.bidSize;quotes.extended.lastSize;quotes.quote.askSize;quotes.quote.bidSize;quotes.quote.lastSize;quotes.regular.regularMarketLastSize;streaming.content.*.ASK_SIZE;streaming.content.*.BID_SIZE;streaming.content.*.LAST_SIZE;streaming.content.*.REGULAR_MARKET_LAST_SIZE,quotes.quote.bidSize;streaming.content.*.BIDS;quotes.quote.askSize,V3 G2 cross-validator (CSV vocabulary),NOT_MARKET_DATA,,,NOT_MARKET_DATA: scoped mechanical classifier tail; production wire reads tracked in governance/SCHWAB_V4_REVIEW_MEMOS cone walk
d18937251b814e492bd0,cross_validator,call_engine.py,429,0,pattern_kind_miss,"    return headline, reasoning",return,instruments.*.fundamental.returnOnAssets;instruments.*.fundamental.returnOnEquity;instruments.*.fundamental.returnOnInvestment,quotes.regular.regularMarketLastSize;chains.callExpDateMap.*.rho;chains.callExpDateMap.*.theta,V3 G2 cross-validator (CSV vocabulary),NOT_MARKET_DATA,,,NOT_MARKET_DATA: scoped mechanical classifier tail; production wire reads tracked in governance/SCHWAB_V4_REVIEW_MEMOS cone walk
3b267098f9d222fe55c4,cross_validator,call_engine.py,431,0,pattern_kind_miss,def _greek_notes(inp: SignalInput) -> list:,list,chains.callExpDateMap.*.optionDeliverablesList;chains.callExpDateMap.*.optionDeliverablesList.*;chains.callExpDateMap.*.optionDeliverablesList.*.assetType;chains.callExpDateMap.*.optionDeliverablesList.*.currencyType;chains.callExpDateMap.*.optionDeliverablesList.*.deliverableUnits;chains.callExpDateMap.*.optionDeliverablesList.*.symbol;chains.putExpDateMap.*.optionDeliverablesList;chains.putExpDateMap.*.optionDeliverablesList.*;chains.putExpDateMap.*.optionDeliverablesList.*.assetType;chains.putExpDateMap.*.optionDeliverablesList.*.currencyType;chains.putExpDateMap.*.optionDeliverablesList.*.deliverableUnits;chains.putExpDateMap.*.optionDeliverablesList.*.symbol,chains.putExpDateMap.*.bidSize;chains.putExpDateMap.*.askSize;streaming.content.*.BID_SIZE,V3 G2 cross-validator (CSV vocabulary),NOT_MARKET_DATA,,,NOT_MARKET_DATA: scoped mechanical classifier tail; production wire reads tracked in governance/SCHWAB_V4_REVIEW_MEMOS cone walk
b9695c7e85938c50242c,cross_validator,call_engine.py,432,0,pattern_kind_miss,"    """"""Translate key Greeks into plain English bullet notes.""""""",key greeks,streaming.content.*.key,chains.callExpDateMap.*.theta;chains.putExpDateMap.*.delta;chains.putExpDateMap.*.theta,V3 G2 cross-validator (CSV vocabulary),NOT_MARKET_DATA,,,NOT_MARKET_DATA: scoped mechanical classifier tail; production wire reads tracked in governance/SCHWAB_V4_REVIEW_MEMOS cone walk
67d197cf814f239429df,cross_validator,call_engine.py,442,0,pattern_kind_miss,"        notes.append(f""Time decay pushing dealers to {inp.charm_direction} toward {inp.charm_drift_toward:.2f}"")",time,chains.callExpDateMap.*.quoteTimeInLong;chains.callExpDateMap.*.timeValue;chains.callExpDateMap.*.tradeTimeInLong;chains.putExpDateMap.*.quoteTimeInLong;chains.putExpDateMap.*.timeValue;chains.putExpDateMap.*.tradeTimeInLong;chains.underlying.quoteTime;chains.underlying.tradeTime;quotes.extended.quoteTime;quotes.extended.tradeTime;quotes.quote.askTime;quotes.quote.bidTime;quotes.quote.quoteTime;quotes.quote.tradeTime;quotes.regular.regularMarketTradeTime;streaming.content.*.ASK_TIME_MILLIS;streaming.content.*.BID_TIME_MILLIS;streaming.content.*.BOOK_TIME;streaming.content.*.CHART_TIME_MILLIS;streaming.content.*.QUOTE_TIME_MILLIS;streaming.content.*.TRADE_TIME_MILLIS,chains.putExpDateMap.*.bidSize;chains.putExpDateMap.*.askSize;chains.callExpDateMap.*.bidSize,V3 G2 cross-validator (CSV vocabulary),NOT_MARKET_DATA,,,NOT_MARKET_DATA: scoped mechanical classifier tail; production wire reads tracked in governance/SCHWAB_V4_REVIEW_MEMOS cone walk
d86ced1fb4fa06eeb66c,cross_validator,call_engine.py,445,0,pattern_kind_miss,"        notes.append(""Volatility rising — moves may be larger than expected"")",volatility,chains.callExpDateMap.*.theoreticalVolatility;chains.callExpDateMap.*.volatility;chains.putExpDateMap.*.theoreticalVolatility;chains.putExpDateMap.*.volatility;chains.volatility,chains.putExpDateMap.*.volatility;chains.putExpDateMap.*.theoreticalVolatility;chains.callExpDateMap.*.volatility,V3 G2 cross-validator (CSV vocabulary),NOT_MARKET_DATA,,,NOT_MARKET_DATA: scoped mechanical classifier tail; production wire reads tracked in governance/SCHWAB_V4_REVIEW_MEMOS cone walk
4f1b9798a470c6551982,cross_validator,call_engine.py,447,0,pattern_kind_miss,"        notes.append(""Volatility falling — moves may be smaller than expected"")",volatility,chains.callExpDateMap.*.theoreticalVolatility;chains.callExpDateMap.*.volatility;chains.putExpDateMap.*.theoreticalVolatility;chains.putExpDateMap.*.volatility;chains.volatility,chains.putExpDateMap.*.theoreticalVolatility;chains.callExpDateMap.*.volatility;chains.callExpDateMap.*.theoreticalVolatility,V3 G2 cross-validator (CSV vocabulary),NOT_MARKET_DATA,,,NOT_MARKET_DATA: scoped mechanical classifier tail; production wire reads tracked in governance/SCHWAB_V4_REVIEW_MEMOS cone walk
1e83ae1593eb0caa99be,cross_validator,call_engine.py,450,0,pattern_kind_miss,"        notes.append(f""VIX at {inp.vix_level:.1f} — high vol, widen stops"")",high,chains.callExpDateMap.*.highPrice;chains.putExpDateMap.*.highPrice;chains.underlying.fiftyTwoWeekHigh;chains.underlying.highPrice;pricehistory.candles.*.high;quotes.quote.52WeekHigh;quotes.quote.highPrice;streaming.content.*.HIGH_PRICE;streaming.content.*.HIGH_PRICE_52_WEEK,chains.putExpDateMap.*.optionDeliverablesList.*.deliverableUnits;chains.putExpDateMap.*.optionDeliverablesList;chains.callExpDateMap.*.optionDeliverablesList.*.deliverableUnits,V3 G2 cross-validator (CSV vocabulary),NOT_MARKET_DATA,,,NOT_MARKET_DATA: scoped mechanical classifier tail; production wire reads tracked in governance/SCHWAB_V4_REVIEW_MEMOS cone walk
8b143e4cd29b9d0fb3cd,cross_validator,call_engine.py,452,0,pattern_kind_miss,    return notes,return,instruments.*.fundamental.returnOnAssets;instruments.*.fundamental.returnOnEquity;instruments.*.fundamental.returnOnInvestment,market_hours.future.RTY.isOpen;market_hours.future.ETH.isOpen;market_hours.future.MET.isOpen,V3 G2 cross-validator (CSV vocabulary),NOT_MARKET_DATA,,,NOT_MARKET_DATA: scoped mechanical classifier tail; production wire reads tracked in governance/SCHWAB_V4_REVIEW_MEMOS cone walk
2348c85d44bdc1d73118,cross_validator,call_engine.py,454,0,pattern_kind_miss,"def _add_greek_color(detail: str, greek_notes: list) -> str:",list,chains.callExpDateMap.*.optionDeliverablesList;chains.callExpDateMap.*.optionDeliverablesList.*;chains.callExpDateMap.*.optionDeliverablesList.*.assetType;chains.callExpDateMap.*.optionDeliverablesList.*.currencyType;chains.callExpDateMap.*.optionDeliverablesList.*.deliverableUnits;chains.callExpDateMap.*.optionDeliverablesList.*.symbol;chains.putExpDateMap.*.optionDeliverablesList;chains.putExpDateMap.*.optionDeliverablesList.*;chains.putExpDateMap.*.optionDeliverablesList.*.assetType;chains.putExpDateMap.*.optionDeliverablesList.*.currencyType;chains.putExpDateMap.*.optionDeliverablesList.*.deliverableUnits;chains.putExpDateMap.*.optionDeliverablesList.*.symbol,quotes.extended.askSize;quotes.quote.askSize;quotes.quote.bidSize,V3 G2 cross-validator (CSV vocabulary),NOT_MARKET_DATA,,,NOT_MARKET_DATA: scoped mechanical classifier tail; production wire reads tracked in governance/SCHWAB_V4_REVIEW_MEMOS cone walk
ac1d77da44978ee885a0,cross_validator,call_engine.py,455,0,pattern_kind_miss,"    """"""Append the most relevant Greek note to a detail string.""""""",the note,chains.callExpDateMap.*.inTheMoney;chains.putExpDateMap.*.inTheMoney;chains.callExpDateMap.*.deliverableNote;chains.putExpDateMap.*.deliverableNote,chains.putExpDateMap.*.theta;chains.putExpDateMap.*.delta;chains.callExpDateMap.*.theta,V3 G2 cross-validator (CSV vocabulary),NOT_MARKET_DATA,,,NOT_MARKET_DATA: scoped mechanical classifier tail; production wire reads tracked in governance/SCHWAB_V4_REVIEW_MEMOS cone walk
fb4fda68c436fd495836,cross_validator,call_engine.py,457,0,pattern_kind_miss,"        return detail + "" "" + greek_notes[0] + "".""",return,instruments.*.fundamental.returnOnAssets;instruments.*.fundamental.returnOnEquity;instruments.*.fundamental.returnOnInvestment,quotes.quote.askSize;quotes.extended.askSize;quotes.quote.bidSize,V3 G2 cross-validator (CSV vocabulary),NOT_MARKET_DATA,,,NOT_MARKET_DATA: scoped mechanical classifier tail; production wire reads tracked in governance/SCHWAB_V4_REVIEW_MEMOS cone walk
25dce59776a0da6e6be3,cross_validator,call_engine.py,458,0,pattern_kind_miss,    return detail,return,instruments.*.fundamental.returnOnAssets;instruments.*.fundamental.returnOnEquity;instruments.*.fundamental.returnOnInvestment,quotes.fundamental.peRatio;quotes.regular.regularMarketLastSize;streaming.content.*.REGULAR_MARKET_TRADE_MILLIS,V3 G2 cross-validator (CSV vocabulary),NOT_MARKET_DATA,,,NOT_MARKET_DATA: scoped mechanical classifier tail; production wire reads tracked in governance/SCHWAB_V4_REVIEW_MEMOS cone walk
112ed26377ac1149ac18,cross_validator,call_engine.py,460,0,pattern_kind_miss,def _canonical_stack_vote(canonical: CanonicalForecast) -> int:,int,instruments.*.fundamental.shortIntDayToCover;instruments.*.fundamental.shortIntToFloat,chains.callExpDateMap.*.theoreticalOptionValue;chains.callExpDateMap.*.description;chains.callExpDateMap.*.askSize,V3 G2 cross-validator (CSV vocabulary),NOT_MARKET_DATA,,,NOT_MARKET_DATA: scoped mechanical classifier tail; production wire reads tracked in governance/SCHWAB_V4_REVIEW_MEMOS cone walk
ceebe5d3822bddd57a94,cross_validator,call_engine.py,461,0,pattern_kind_miss,"    """"""Stack vote from CanonicalForecast only (fusion forward triplet — Issue 13).""""""",only,,quotes.quote.askSize;quotes.quote.bidSize;streaming.content.*.BIDS,V3 G2 cross-validator (CSV vocabulary),NOT_MARKET_DATA,,,NOT_MARKET_DATA: scoped mechanical classifier tail; production wire reads tracked in governance/SCHWAB_V4_REVIEW_MEMOS cone walk
ec23a8bd3b3f6a8c30d3,cross_validator,call_engine.py,465,0,pattern_kind_miss,        dom_p = float(canonical.dominant_probability()),float,instruments.*.fundamental.marketCapFloat;instruments.*.fundamental.shortIntToFloat,chains.callExpDateMap.*.description;chains.callExpDateMap.*.theoreticalVolatility;chains.putExpDateMap.*.theoreticalVolatility,V3 G2 cross-validator (CSV vocabulary),NOT_MARKET_DATA,,,NOT_MARKET_DATA: scoped mechanical classifier tail; production wire reads tracked in governance/SCHWAB_V4_REVIEW_MEMOS cone walk
e341247c111db6516a48,cross_validator,call_engine.py,469,0,pattern_kind_miss,"        if pred_conf != ""low"" or dom_p >= CANONICAL_DOM_PROB_STACK_VOTE_MIN:",low,chains.callExpDateMap.*.lowPrice;chains.putExpDateMap.*.lowPrice;chains.underlying.fiftyTwoWeekLow;chains.underlying.lowPrice;pricehistory.candles.*.low;quotes.quote.52WeekLow;quotes.quote.lowPrice;streaming.content.*.LOW_PRICE;streaming.content.*.LOW_PRICE_52_WEEK,chains.callExpDateMap.*.totalVolume;chains.callExpDateMap.*.bidSize;chains.putExpDateMap.*.totalVolume,V3 G2 cross-validator (CSV vocabulary),NOT_MARKET_DATA,,,NOT_MARKET_DATA: scoped mechanical classifier tail; production wire reads tracked in governance/SCHWAB_V4_REVIEW_MEMOS cone walk
1e194ec27a8c2d803ce6,cross_validator,call_engine.py,470,0,pattern_kind_miss,            return 1,return,instruments.*.fundamental.returnOnAssets;instruments.*.fundamental.returnOnEquity;instruments.*.fundamental.returnOnInvestment,quotes.regular.regularMarketTradeTime;market_hours.future.RTY.isOpen;market_hours.future.SR1.isOpen,V3 G2 cross-validator (CSV vocabulary),NOT_MARKET_DATA,,,NOT_MARKET_DATA: scoped mechanical classifier tail; production wire reads tracked in governance/SCHWAB_V4_REVIEW_MEMOS cone walk
0f3fd82ce985053820a8,cross_validator,call_engine.py,472,0,pattern_kind_miss,"        if pred_conf != ""low"" or dom_p >= CANONICAL_DOM_PROB_STACK_VOTE_MIN:",low,chains.callExpDateMap.*.lowPrice;chains.putExpDateMap.*.lowPrice;chains.underlying.fiftyTwoWeekLow;chains.underlying.lowPrice;pricehistory.candles.*.low;quotes.quote.52WeekLow;quotes.quote.lowPrice;streaming.content.*.LOW_PRICE;streaming.content.*.LOW_PRICE_52_WEEK,chains.callExpDateMap.*.totalVolume;chains.callExpDateMap.*.bidSize;chains.putExpDateMap.*.totalVolume,V3 G2 cross-validator (CSV vocabulary),NOT_MARKET_DATA,,,NOT_MARKET_DATA: scoped mechanical classifier tail; production wire reads tracked in governance/SCHWAB_V4_REVIEW_MEMOS cone walk
6244e6cb5200eaaf1b69,cross_validator,call_engine.py,473,0,pattern_kind_miss,            return -1,return,instruments.*.fundamental.returnOnAssets;instruments.*.fundamental.returnOnEquity;instruments.*.fundamental.returnOnInvestment,quotes.regular.regularMarketTradeTime;market_hours.future.RME.isOpen;market_hours.future.MRB.isOpen,V3 G2 cross-validator (CSV vocabulary),NOT_MARKET_DATA,,,NOT_MARKET_DATA: scoped mechanical classifier tail; production wire reads tracked in governance/SCHWAB_V4_REVIEW_MEMOS cone walk
6bd8e24f2a262bf37432,cross_validator,call_engine.py,474,0,pattern_kind_miss,    return 0,return,instruments.*.fundamental.returnOnAssets;instruments.*.fundamental.returnOnEquity;instruments.*.fundamental.returnOnInvestment,market_hours.future.XRP.isOpen;market_hours.future.RTY.isOpen;market_hours.future.RME.isOpen,V3 G2 cross-validator (CSV vocabulary),NOT_MARKET_DATA,,,NOT_MARKET_DATA: scoped mechanical classifier tail; production wire reads tracked in governance/SCHWAB_V4_REVIEW_MEMOS cone walk
3b104f8b3a2a7904046a,cross_validator,call_engine.py,478,0,pattern_kind_miss,"    fusion_available: bool, fusion_dom_vote: int, canonical: CanonicalForecast",int,instruments.*.fundamental.shortIntDayToCover;instruments.*.fundamental.shortIntToFloat,chains.callExpDateMap.*.theoreticalVolatility;chains.callExpDateMap.*.totalVolume;chains.callExpDateMap.*.optionDeliverablesList,V3 G2 cross-validator (CSV vocabulary),NOT_MARKET_DATA,,,NOT_MARKET_DATA: scoped mechanical classifier tail; production wire reads tracked in governance/SCHWAB_V4_REVIEW_MEMOS cone walk
b3be06f3cf597619e1ce,cross_validator,call_engine.py,479,0,pattern_kind_miss,) -> int:,int,instruments.*.fundamental.shortIntDayToCover;instruments.*.fundamental.shortIntToFloat,chains.volatility;streaming.content.*.CHART_TIME_MILLIS;streaming.content.*.TRADE_TIME_MILLIS,V3 G2 cross-validator (CSV vocabulary),NOT_MARKET_DATA,,,NOT_MARKET_DATA: scoped mechanical classifier tail; production wire reads tracked in governance/SCHWAB_V4_REVIEW_MEMOS cone walk
ba44b1ba99aab066bf32,cross_validator,call_engine.py,481,0,pattern_kind_miss,    Single model-direction slot: live fusion dominant when non-flat; else canonical weak-lean,model non,chains.callExpDateMap.*.nonStandard;chains.putExpDateMap.*.nonStandard,chains.callExpDateMap.*.delta;chains.callExpDateMap.*.optionDeliverablesList.*.deliverableUnits;chains.callExpDateMap.*.volatility,V3 G2 cross-validator (CSV vocabulary),NOT_MARKET_DATA,,,NOT_MARKET_DATA: scoped mechanical classifier tail; production wire reads tracked in governance/SCHWAB_V4_REVIEW_MEMOS cone walk
b425e983f181dee899b9,cross_validator,call_engine.py,482,0,pattern_kind_miss,    (same lane as former duplicate 'prediction' + redundant fusion when both matched).,prediction,,chains.putExpDateMap.*.theta;chains.putExpDateMap.*.rho;chains.putExpDateMap.*.delta,V3 G2 cross-validator (CSV vocabulary),NOT_MARKET_DATA,,,NOT_MARKET_DATA: scoped mechanical classifier tail; production wire reads tracked in governance/SCHWAB_V4_REVIEW_MEMOS cone walk
9297b1f7d9dd95ae980d,cross_validator,call_engine.py,485,0,pattern_kind_miss,        return fusion_dom_vote,return,instruments.*.fundamental.returnOnAssets;instruments.*.fundamental.returnOnEquity;instruments.*.fundamental.returnOnInvestment,quotes.quote.totalVolume;quotes.extended.totalVolume;movers.screeners.*.totalVolume,V3 G2 cross-validator (CSV vocabulary),NOT_MARKET_DATA,,,NOT_MARKET_DATA: scoped mechanical classifier tail; production wire reads tracked in governance/SCHWAB_V4_REVIEW_MEMOS cone walk
faa2b22c4450b78728f5,cross_validator,call_engine.py,486,0,pattern_kind_miss,    return _canonical_stack_vote(canonical),return,instruments.*.fundamental.returnOnAssets;instruments.*.fundamental.returnOnEquity;instruments.*.fundamental.returnOnInvestment,chains.callExpDateMap.*.theoreticalOptionValue;chains.callExpDateMap.*.description;chains.callExpDateMap.*.extrinsicValue,V3 G2 cross-validator (CSV vocabulary),NOT_MARKET_DATA,,,NOT_MARKET_DATA: scoped mechanical classifier tail; production wire reads tracked in governance/SCHWAB_V4_REVIEW_MEMOS cone walk
469ee6801212bffc722d,cross_validator,call_engine.py,493,0,pattern_kind_miss,"    min_lean: float = 0.08,",float,instruments.*.fundamental.marketCapFloat;instruments.*.fundamental.shortIntToFloat,chains.callExpDateMap.*.totalVolume;chains.callExpDateMap.*.lastSize;chains.callExpDateMap.*.multiplier,V3 G2 cross-validator (CSV vocabulary),NOT_MARKET_DATA,,,NOT_MARKET_DATA: scoped mechanical classifier tail; production wire reads tracked in governance/SCHWAB_V4_REVIEW_MEMOS cone walk
cc5fc55032462756c8bb,cross_validator,call_engine.py,494,0,pattern_kind_miss,) -> int:,int,instruments.*.fundamental.shortIntDayToCover;instruments.*.fundamental.shortIntToFloat,chains.volatility;streaming.content.*.CHART_TIME_MILLIS;streaming.content.*.TRADE_TIME_MILLIS,V3 G2 cross-validator (CSV vocabulary),NOT_MARKET_DATA,,,NOT_MARKET_DATA: scoped mechanical classifier tail; production wire reads tracked in governance/SCHWAB_V4_REVIEW_MEMOS cone walk
d6075e52e01e3c1bb55c,cross_validator,call_engine.py,496,0,pattern_kind_miss,"    One index, one vote: cap-weighted basket push if present, else that index's ETF session %.",index cap session,chains.isIndex;instruments.*.fundamental.marketCap;instruments.*.fundamental.marketCapFloat;market_hours.bond.BON.sessionHours;market_hours.bond.BON.sessionHours.postMarket;market_hours.bond.BON.sessionHours.postMarket.*;market_hours.bond.BON.sessionHours.postMarket.*.end;market_hours.bond.BON.sessionHours.postMarket.*.start;market_hours.bond.BON.sessionHours.preMarket;market_hours.bond.BON.sessionHours.preMarket.*;market_hours.bond.BON.sessionHours.preMarket.*.end;market_hours.bond.BON.sessionHours.preMarket.*.start;market_hours.bond.BON.sessionHours.regularMarket;market_hours.bond.BON.sessionHours.regularMarket.*;market_hours.bond.BON.sessionHours.regularMarket.*.end;market_hours.bond.BON.sessionHours.regularMarket.*.start;market_hours.equity.EQ.sessionHours;market_hours.equity.EQ.sessionHours.postMarket;market_hours.equity.EQ.sessionHours.postMarket.*;market_hours.equity.EQ.sessionHours.postMarket.*.end;market_hours.equity.EQ.sessionHours.postMarket.*.start;market_hours.equity.EQ.sessionHours.preMarket;market_hours.equity.EQ.sessionHours.preMarket.*;market_hours.equity.EQ.sessionHours.preMarket.*.end;market_hours.equity.EQ.sessionHours.preMarket.*.start,chains.putExpDateMap.*.theta;chains.putExpDateMap.*.delta;chains.putExpDateMap.*.vega,V3 G2 cross-validator (CSV vocabulary),NOT_MARKET_DATA,,,NOT_MARKET_DATA: scoped mechanical classifier tail; production wire reads tracked in governance/SCHWAB_V4_REVIEW_MEMOS cone walk
163ca05dafa63f23565a,cross_validator,call_engine.py,497,0,pattern_kind_miss,    No other instrument can veto this vote (cross-ETF veto removed by policy).,instrument,,quotes.extended.totalVolume;movers.screeners.*.totalVolume;quotes.quote.totalVolume,V3 G2 cross-validator (CSV vocabulary),NOT_MARKET_DATA,,,NOT_MARKET_DATA: scoped mechanical classifier tail; production wire reads tracked in governance/SCHWAB_V4_REVIEW_MEMOS cone walk
6ecb1e00cbaa511821fe,cross_validator,call_engine.py,498,0,pattern_kind_miss,"    Returns: 1 (long lean), -1 (short lean), 0 (flat / insufficient lean).",long short,chains.callExpDateMap.*.quoteTimeInLong;chains.callExpDateMap.*.tradeTimeInLong;chains.putExpDateMap.*.quoteTimeInLong;chains.putExpDateMap.*.tradeTimeInLong;instruments.*.fundamental.shortIntDayToCover;instruments.*.fundamental.shortIntToFloat,chains.volatility;chains.callExpDateMap.*.theoreticalVolatility;chains.putExpDateMap.*.theoreticalVolatility,V3 G2 cross-validator (CSV vocabulary),NOT_MARKET_DATA,,,NOT_MARKET_DATA: scoped mechanical classifier tail; production wire reads tracked in governance/SCHWAB_V4_REVIEW_MEMOS cone walk
023de0bd1648c571471f,cross_validator,call_engine.py,502,0,pattern_kind_miss,            p = float(weighted_push),float,instruments.*.fundamental.marketCapFloat;instruments.*.fundamental.shortIntToFloat,chains.putExpDateMap.*.theoreticalVolatility;chains.putExpDateMap.*.volatility;chains.putExpDateMap.*.theta,V3 G2 cross-validator (CSV vocabulary),NOT_MARKET_DATA,,,NOT_MARKET_DATA: scoped mechanical classifier tail; production wire reads tracked in governance/SCHWAB_V4_REVIEW_MEMOS cone walk
af8eec651860742f75e4,cross_validator,call_engine.py,504,0,pattern_kind_miss,                return 1,return,instruments.*.fundamental.returnOnAssets;instruments.*.fundamental.returnOnEquity;instruments.*.fundamental.returnOnInvestment,quotes.regular.regularMarketTradeTime;market_hours.future.RTY.isOpen;market_hours.future.SR1.isOpen,V3 G2 cross-validator (CSV vocabulary),NOT_MARKET_DATA,,,NOT_MARKET_DATA: scoped mechanical classifier tail; production wire reads tracked in governance/SCHWAB_V4_REVIEW_MEMOS cone walk
677857324886c9cfff36,cross_validator,call_engine.py,506,0,pattern_kind_miss,                return -1,return,instruments.*.fundamental.returnOnAssets;instruments.*.fundamental.returnOnEquity;instruments.*.fundamental.returnOnInvestment,quotes.regular.regularMarketTradeTime;market_hours.future.RME.isOpen;market_hours.future.MRB.isOpen,V3 G2 cross-validator (CSV vocabulary),NOT_MARKET_DATA,,,NOT_MARKET_DATA: scoped mechanical classifier tail; production wire reads tracked in governance/SCHWAB_V4_REVIEW_MEMOS cone walk
3a290debb07d21897fb7,cross_validator,call_engine.py,510,0,pattern_kind_miss,        return 0,return,instruments.*.fundamental.returnOnAssets;instruments.*.fundamental.returnOnEquity;instruments.*.fundamental.returnOnInvestment,market_hours.future.XRP.isOpen;market_hours.future.RTY.isOpen;market_hours.future.RME.isOpen,V3 G2 cross-validator (CSV vocabulary),NOT_MARKET_DATA,,,NOT_MARKET_DATA: scoped mechanical classifier tail; production wire reads tracked in governance/SCHWAB_V4_REVIEW_MEMOS cone walk
16cb4c6f40e3d4002454,cross_validator,call_engine.py,512,0,pattern_kind_miss,        c = float(etf_chg_pct),float,instruments.*.fundamental.marketCapFloat;instruments.*.fundamental.shortIntToFloat,chains.putExpDateMap.*.theoreticalVolatility;chains.callExpDateMap.*.theoreticalVolatility;chains.volatility,V3 G2 cross-validator (CSV vocabulary),NOT_MARKET_DATA,,,NOT_MARKET_DATA: scoped mechanical classifier tail; production wire reads tracked in governance/SCHWAB_V4_REVIEW_MEMOS cone walk
ac7111cf860ea67cd272,cross_validator,call_engine.py,514,0,pattern_kind_miss,        return 0,return,instruments.*.fundamental.returnOnAssets;instruments.*.fundamental.returnOnEquity;instruments.*.fundamental.returnOnInvestment,market_hours.future.XRP.isOpen;market_hours.future.RTY.isOpen;market_hours.future.RME.isOpen,V3 G2 cross-validator (CSV vocabulary),NOT_MARKET_DATA,,,NOT_MARKET_DATA: scoped mechanical classifier tail; production wire reads tracked in governance/SCHWAB_V4_REVIEW_MEMOS cone walk
d3e5409b4005bc1b75f7,cross_validator,call_engine.py,516,0,pattern_kind_miss,        return 1,return,instruments.*.fundamental.returnOnAssets;instruments.*.fundamental.returnOnEquity;instruments.*.fundamental.returnOnInvestment,quotes.regular.regularMarketTradeTime;market_hours.future.RTY.isOpen;market_hours.future.SR1.isOpen,V3 G2 cross-validator (CSV vocabulary),NOT_MARKET_DATA,,,NOT_MARKET_DATA: scoped mechanical classifier tail; production wire reads tracked in governance/SCHWAB_V4_REVIEW_MEMOS cone walk
e459da469cf70a5c3e06,cross_validator,call_engine.py,518,0,pattern_kind_miss,        return -1,return,instruments.*.fundamental.returnOnAssets;instruments.*.fundamental.returnOnEquity;instruments.*.fundamental.returnOnInvestment,quotes.regular.regularMarketTradeTime;market_hours.future.RME.isOpen;market_hours.future.MRB.isOpen,V3 G2 cross-validator (CSV vocabulary),NOT_MARKET_DATA,,,NOT_MARKET_DATA: scoped mechanical classifier tail; production wire reads tracked in governance/SCHWAB_V4_REVIEW_MEMOS cone walk
ef736b74f6a999e2aadd,cross_validator,call_engine.py,519,0,pattern_kind_miss,    return 0,return,instruments.*.fundamental.returnOnAssets;instruments.*.fundamental.returnOnEquity;instruments.*.fundamental.returnOnInvestment,market_hours.future.XRP.isOpen;market_hours.future.RTY.isOpen;market_hours.future.RME.isOpen,V3 G2 cross-validator (CSV vocabulary),NOT_MARKET_DATA,,,NOT_MARKET_DATA: scoped mechanical classifier tail; production wire reads tracked in governance/SCHWAB_V4_REVIEW_MEMOS cone walk
c0c176e8a6fa4af9aebe,cross_validator,call_engine.py,524,0,pattern_kind_miss,    Continuous cross-instrument alignment score for **narrative / notes** only,instrument only,,streaming.content.*.ASKS.*.TOTAL_VOLUME;streaming.content.*.ASKS.*;streaming.content.*.ASKS,V3 G2 cross-validator (CSV vocabulary),NOT_MARKET_DATA,,,NOT_MARKET_DATA: scoped mechanical classifier tail; production wire reads tracked in governance/SCHWAB_V4_REVIEW_MEMOS cone walk
ac2392143ba8b91067ce,cross_validator,call_engine.py,525,0,pattern_kind_miss,"    (e.g. `_cross_instrument_notes`, regime copy) — **not** used for stack_vote;",regime,,streaming.content.*.ASK_SIZE;streaming.content.*.ASKS.*.TOTAL_VOLUME;quotes.quote.askSize,V3 G2 cross-validator (CSV vocabulary),NOT_MARKET_DATA,,,NOT_MARKET_DATA: scoped mechanical classifier tail; production wire reads tracked in governance/SCHWAB_V4_REVIEW_MEMOS cone walk
e302ad58e412a5b54455,cross_validator,call_engine.py,526,0,pattern_kind_miss,    see `_index_basket_vote` (three independent index votes) for The Call tape layer.,index the call,chains.isIndex;chains.callExpDateMap.*.inTheMoney;chains.putExpDateMap.*.inTheMoney;chains.callExpDateMap;chains.callExpDateMap.*;chains.callExpDateMap.*.ask;chains.callExpDateMap.*.askSize;chains.callExpDateMap.*.bid;chains.callExpDateMap.*.bidAskSize;chains.callExpDateMap.*.bidSize;chains.callExpDateMap.*.closePrice;chains.callExpDateMap.*.daysToExpiration;chains.callExpDateMap.*.deliverableNote;chains.callExpDateMap.*.delta;chains.callExpDateMap.*.description;chains.callExpDateMap.*.exchangeName;chains.callExpDateMap.*.exerciseType;chains.callExpDateMap.*.expirationDate;chains.callExpDateMap.*.expirationType;chains.callExpDateMap.*.extrinsicValue;chains.callExpDateMap.*.gamma;chains.callExpDateMap.*.high52Week;chains.callExpDateMap.*.highPrice;chains.callExpDateMap.*.intrinsicValue;chains.callExpDateMap.*.last,quotes.extended.askSize;chains.putExpDateMap.*.high52Week;chains.putExpDateMap.*.theta,V3 G2 cross-validator (CSV vocabulary),NOT_MARKET_DATA,,,NOT_MARKET_DATA: scoped mechanical classifier tail; production wire reads tracked in governance/SCHWAB_V4_REVIEW_MEMOS cone walk
636844968c9f0e2bf5bd,cross_validator,call_engine.py,529,0,pattern_kind_miss,    a strong contextual label; divergence is a warning in text — not a hard gate.,hard,quotes.reference.isHardToBorrow;streaming.content.*.HARD_TO_BORROW,chains.callExpDateMap.*.theta;chains.putExpDateMap.*.theta;chains.putExpDateMap.*.volatility,V3 G2 cross-validator (CSV vocabulary),NOT_MARKET_DATA,,,NOT_MARKET_DATA: scoped mechanical classifier tail; production wire reads tracked in governance/SCHWAB_V4_REVIEW_MEMOS cone walk
1730594e0c00656b72fa,cross_validator,call_engine.py,536,0,pattern_kind_miss,        return None,return,instruments.*.fundamental.returnOnAssets;instruments.*.fundamental.returnOnEquity;instruments.*.fundamental.returnOnInvestment,quotes.reference.htbRate;quotes.reference.isHardToBorrow;market_hours.future.RME.category,V3 G2 cross-validator (CSV vocabulary),NOT_MARKET_DATA,,,NOT_MARKET_DATA: scoped mechanical classifier tail; production wire reads tracked in governance/SCHWAB_V4_REVIEW_MEMOS cone walk
ebd4599b3e328326a6dd,cross_validator,call_engine.py,538,0,pattern_kind_miss,    # Directions for instruments with data (chg_pct in percentage points),instruments,instruments.*;instruments.*.assetType;instruments.*.cusip;instruments.*.description;instruments.*.exchange;instruments.*.fundamental.avg10DaysVolume;instruments.*.fundamental.avg1DayVolume;instruments.*.fundamental.avg3MonthVolume;instruments.*.fundamental.beta;instruments.*.fundamental.bookValuePerShare;instruments.*.fundamental.currentRatio;instruments.*.fundamental.declarationDate;instruments.*.fundamental.divGrowthRate3Year;instruments.*.fundamental.dividendAmount;instruments.*.fundamental.dividendDate;instruments.*.fundamental.dividendFreq;instruments.*.fundamental.dividendPayAmount;instruments.*.fundamental.dividendPayDate;instruments.*.fundamental.dividendYield;instruments.*.fundamental.dtnVolume;instruments.*.fundamental.eps;instruments.*.fundamental.epsChange;instruments.*.fundamental.epsChangePercentTTM;instruments.*.fundamental.epsChangeYear;instruments.*.fundamental.epsTTM,chains.putExpDateMap.*.volatility;chains.volatility;streaming.content.*.BID_SIZE,V3 G2 cross-validator (CSV vocabulary),NOT_MARKET_DATA,,,NOT_MARKET_DATA: scoped mechanical classifier tail; production wire reads tracked in governance/SCHWAB_V4_REVIEW_MEMOS cone walk
70bc22035fc57373c6f8,cross_validator,call_engine.py,550,0,pattern_kind_miss,"        return ""neutral""",return,instruments.*.fundamental.returnOnAssets;instruments.*.fundamental.returnOnEquity;instruments.*.fundamental.returnOnInvestment,quotes.regular.regularMarketTradeTime;quotes.regular.regularMarketLastSize;quotes.regular.regularMarketLastPrice,V3 G2 cross-validator (CSV vocabulary),NOT_MARKET_DATA,,,NOT_MARKET_DATA: scoped mechanical classifier tail; production wire reads tracked in governance/SCHWAB_V4_REVIEW_MEMOS cone walk
fee9c872f41a0b760b46,cross_validator,call_engine.py,557,0,pattern_kind_miss,"        return ""strong_diverge"" if avg_mag >= CROSS_INSTRUMENT_STRONG_THRESHOLD else ""diverging""",return,instruments.*.fundamental.returnOnAssets;instruments.*.fundamental.returnOnEquity;instruments.*.fundamental.returnOnInvestment,streaming.content.*.BID_SIZE;streaming.content.*.ASK_SIZE;streaming.content.*.BIDS,V3 G2 cross-validator (CSV vocabulary),NOT_MARKET_DATA,,,NOT_MARKET_DATA: scoped mechanical classifier tail; production wire reads tracked in governance/SCHWAB_V4_REVIEW_MEMOS cone walk
5e1b62651584fc61977b,cross_validator,call_engine.py,559,0,pattern_kind_miss,"        return ""strong_confirm"" if avg_mag >= CROSS_INSTRUMENT_STRONG_THRESHOLD else ""confirming""",return,instruments.*.fundamental.returnOnAssets;instruments.*.fundamental.returnOnEquity;instruments.*.fundamental.returnOnInvestment,streaming.content.*.BIDS;streaming.content.*.ASKS;streaming.content.*.ASK_SIZE,V3 G2 cross-validator (CSV vocabulary),NOT_MARKET_DATA,,,NOT_MARKET_DATA: scoped mechanical classifier tail; production wire reads tracked in governance/SCHWAB_V4_REVIEW_MEMOS cone walk
cb358805347afc9c4879,cross_validator,call_engine.py,560,0,pattern_kind_miss,"    return ""neutral""",return,instruments.*.fundamental.returnOnAssets;instruments.*.fundamental.returnOnEquity;instruments.*.fundamental.returnOnInvestment,quotes.regular.regularMarketTradeTime;quotes.regular.regularMarketLastSize;quotes.regular.regularMarketLastPrice,V3 G2 cross-validator (CSV vocabulary),NOT_MARKET_DATA,,,NOT_MARKET_DATA: scoped mechanical classifier tail; production wire reads tracked in governance/SCHWAB_V4_REVIEW_MEMOS cone walk
ba3c9bf5149292b7d8f7,cross_validator,call_engine.py,562,0,pattern_kind_miss,def _cross_instrument_notes(inp: SignalInput) -> list:,list,chains.callExpDateMap.*.optionDeliverablesList;chains.callExpDateMap.*.optionDeliverablesList.*;chains.callExpDateMap.*.optionDeliverablesList.*.assetType;chains.callExpDateMap.*.optionDeliverablesList.*.currencyType;chains.callExpDateMap.*.optionDeliverablesList.*.deliverableUnits;chains.callExpDateMap.*.optionDeliverablesList.*.symbol;chains.putExpDateMap.*.optionDeliverablesList;chains.putExpDateMap.*.optionDeliverablesList.*;chains.putExpDateMap.*.optionDeliverablesList.*.assetType;chains.putExpDateMap.*.optionDeliverablesList.*.currencyType;chains.putExpDateMap.*.optionDeliverablesList.*.deliverableUnits;chains.putExpDateMap.*.optionDeliverablesList.*.symbol,streaming.content.*.ASK_SIZE;streaming.content.*.DESCRIPTION;streaming.content.*.BID_SIZE,V3 G2 cross-validator (CSV vocabulary),NOT_MARKET_DATA,,,NOT_MARKET_DATA: scoped mechanical classifier tail; production wire reads tracked in governance/SCHWAB_V4_REVIEW_MEMOS cone walk
e8c4e2d145c2fa8c2063,cross_validator,call_engine.py,563,0,pattern_kind_miss,"    """"""Plain English notes from cross-instrument reads with magnitude context.""""""",instrument,,streaming.content.*.BIDS;streaming.content.*.BIDS.*.BIDS;streaming.content.*.ASKS,V3 G2 cross-validator (CSV vocabulary),NOT_MARKET_DATA,,,NOT_MARKET_DATA: scoped mechanical classifier tail; production wire reads tracked in governance/SCHWAB_V4_REVIEW_MEMOS cone walk
392e20209d941bd4e804,cross_validator,call_engine.py,571,0,pattern_kind_miss,        delta = qqq - spy,delta,chains.callExpDateMap.*.delta;chains.putExpDateMap.*.delta,chains.putExpDateMap.*.delta;quotes.quote.askSize;chains.callExpDateMap.*.delta,V3 G2 cross-validator (CSV vocabulary),NOT_MARKET_DATA,,,NOT_MARKET_DATA: scoped mechanical classifier tail; production wire reads tracked in governance/SCHWAB_V4_REVIEW_MEMOS cone walk
d4d894fc3b1424034519,cross_validator,call_engine.py,572,0,pattern_kind_miss,        if abs(delta) > CROSS_INSTRUMENT_QQQ_LEAD_THRESHOLD:,delta,chains.callExpDateMap.*.delta;chains.putExpDateMap.*.delta,quotes.quote.askSize;quotes.quote.bidSize;quotes.extended.askSize,V3 G2 cross-validator (CSV vocabulary),NOT_MARKET_DATA,,,NOT_MARKET_DATA: scoped mechanical classifier tail; production wire reads tracked in governance/SCHWAB_V4_REVIEW_MEMOS cone walk
8b272995a57f8a908f9a,cross_validator,call_engine.py,573,0,pattern_kind_miss,            if delta > 0:,delta,chains.callExpDateMap.*.delta;chains.putExpDateMap.*.delta,chains.putExpDateMap.*.theoreticalVolatility;chains.callExpDateMap.*.bidSize;chains.putExpDateMap.*.bidSize,V3 G2 cross-validator (CSV vocabulary),NOT_MARKET_DATA,,,NOT_MARKET_DATA: scoped mechanical classifier tail; production wire reads tracked in governance/SCHWAB_V4_REVIEW_MEMOS cone walk
6e772f7117a83944da14,cross_validator,call_engine.py,574,0,pattern_kind_miss,"                notes.append(f""QQQ leading SPY by {abs(delta):.2f}% — tech pulling market up"")",delta market,chains.callExpDateMap.*.delta;chains.putExpDateMap.*.delta;instruments.*.fundamental.marketCap;instruments.*.fundamental.marketCapFloat;market_hours.bond;market_hours.bond.BON;market_hours.bond.BON.date;market_hours.bond.BON.isOpen;market_hours.bond.BON.marketType;market_hours.bond.BON.product;market_hours.bond.BON.productName;market_hours.bond.BON.sessionHours;market_hours.bond.BON.sessionHours.postMarket;market_hours.bond.BON.sessionHours.postMarket.*;market_hours.bond.BON.sessionHours.postMarket.*.end;market_hours.bond.BON.sessionHours.postMarket.*.start;market_hours.bond.BON.sessionHours.preMarket;market_hours.bond.BON.sessionHours.preMarket.*;market_hours.bond.BON.sessionHours.preMarket.*.end;market_hours.bond.BON.sessionHours.preMarket.*.start;market_hours.bond.BON.sessionHours.regularMarket;market_hours.bond.BON.sessionHours.regularMarket.*;market_hours.bond.BON.sessionHours.regularMarket.*.end;market_hours.bond.BON.sessionHours.regularMarket.*.start;market_hours.equity,chains.putExpDateMap.*.delta;chains.putExpDateMap.*.theta;chains.callExpDateMap.*.theta,V3 G2 cross-validator (CSV vocabulary),NOT_MARKET_DATA,,,NOT_MARKET_DATA: scoped mechanical classifier tail; production wire reads tracked in governance/SCHWAB_V4_REVIEW_MEMOS cone walk
e3659cc3971eedb229e4,cross_validator,call_engine.py,576,0,pattern_kind_miss,"                notes.append(f""QQQ lagging SPY by {abs(delta):.2f}% — tech is a drag"")",delta,chains.callExpDateMap.*.delta;chains.putExpDateMap.*.delta,chains.callExpDateMap.*.theta;chains.putExpDateMap.*.bidSize;chains.putExpDateMap.*.askSize,V3 G2 cross-validator (CSV vocabulary),NOT_MARKET_DATA,,,NOT_MARKET_DATA: scoped mechanical classifier tail; production wire reads tracked in governance/SCHWAB_V4_REVIEW_MEMOS cone walk
3ecd30119baf9e7e70db,cross_validator,call_engine.py,579,0,pattern_kind_miss,"        notes.append(f""Small caps down {abs(iwm):.2f}% — risk-off, be careful with longs"")",risk,,chains.callExpDateMap.*.askSize;chains.callExpDateMap.*.bidSize;chains.putExpDateMap.*.askSize,V3 G2 cross-validator (CSV vocabulary),NOT_MARKET_DATA,,,NOT_MARKET_DATA: scoped mechanical classifier tail; production wire reads tracked in governance/SCHWAB_V4_REVIEW_MEMOS cone walk
c988f61cfb3e5104da41,cross_validator,call_engine.py,581,0,pattern_kind_miss,"        notes.append(f""Small caps up {iwm:.2f}% — risk-on, longs favored"")",risk,,chains.callExpDateMap.*.rho;chains.putExpDateMap.*.rho;chains.callExpDateMap.*.askSize,V3 G2 cross-validator (CSV vocabulary),NOT_MARKET_DATA,,,NOT_MARKET_DATA: scoped mechanical classifier tail; production wire reads tracked in governance/SCHWAB_V4_REVIEW_MEMOS cone walk
39b13011f2b6205bda49,cross_validator,call_engine.py,586,0,pattern_kind_miss,"        notes.append(f""SPY/QQQ/IWM all moving strongly {avg_dir} — broad market conviction"")",market,instruments.*.fundamental.marketCap;instruments.*.fundamental.marketCapFloat;market_hours.bond;market_hours.bond.BON;market_hours.bond.BON.date;market_hours.bond.BON.isOpen;market_hours.bond.BON.marketType;market_hours.bond.BON.product;market_hours.bond.BON.productName;market_hours.bond.BON.sessionHours;market_hours.bond.BON.sessionHours.postMarket;market_hours.bond.BON.sessionHours.postMarket.*;market_hours.bond.BON.sessionHours.postMarket.*.end;market_hours.bond.BON.sessionHours.postMarket.*.start;market_hours.bond.BON.sessionHours.preMarket;market_hours.bond.BON.sessionHours.preMarket.*;market_hours.bond.BON.sessionHours.preMarket.*.end;market_hours.bond.BON.sessionHours.preMarket.*.start;market_hours.bond.BON.sessionHours.regularMarket;market_hours.bond.BON.sessionHours.regularMarket.*;market_hours.bond.BON.sessionHours.regularMarket.*.end;market_hours.bond.BON.sessionHours.regularMarket.*.start;market_hours.equity;market_hours.equity.EQ;market_hours.equity.EQ.date,chains.putExpDateMap.*.theoreticalVolatility;streaming.content.*.BIDS;chains.volatility,V3 G2 cross-validator (CSV vocabulary),NOT_MARKET_DATA,,,NOT_MARKET_DATA: scoped mechanical classifier tail; production wire reads tracked in governance/SCHWAB_V4_REVIEW_MEMOS cone walk
8e031c388d07999badeb,cross_validator,call_engine.py,588,0,pattern_kind_miss,"        notes.append(""Index instruments diverging — mixed signals, reduce sizing"")",index instruments,chains.isIndex;instruments.*;instruments.*.assetType;instruments.*.cusip;instruments.*.description;instruments.*.exchange;instruments.*.fundamental.avg10DaysVolume;instruments.*.fundamental.avg1DayVolume;instruments.*.fundamental.avg3MonthVolume;instruments.*.fundamental.beta;instruments.*.fundamental.bookValuePerShare;instruments.*.fundamental.currentRatio;instruments.*.fundamental.declarationDate;instruments.*.fundamental.divGrowthRate3Year;instruments.*.fundamental.dividendAmount;instruments.*.fundamental.dividendDate;instruments.*.fundamental.dividendFreq;instruments.*.fundamental.dividendPayAmount;instruments.*.fundamental.dividendPayDate;instruments.*.fundamental.dividendYield;instruments.*.fundamental.dtnVolume;instruments.*.fundamental.eps;instruments.*.fundamental.epsChange;instruments.*.fundamental.epsChangePercentTTM;instruments.*.fundamental.epsChangeYear,chains.putExpDateMap.*.bidSize;chains.underlying.bidSize;chains.putExpDateMap.*.vega,V3 G2 cross-validator (CSV vocabulary),NOT_MARKET_DATA,,,NOT_MARKET_DATA: scoped mechanical classifier tail; production wire reads tracked in governance/SCHWAB_V4_REVIEW_MEMOS cone walk
f462d963857a0a976e13,cross_validator,call_engine.py,590,0,pattern_kind_miss,    return notes,return,instruments.*.fundamental.returnOnAssets;instruments.*.fundamental.returnOnEquity;instruments.*.fundamental.returnOnInvestment,market_hours.future.RTY.isOpen;market_hours.future.ETH.isOpen;market_hours.future.MET.isOpen,V3 G2 cross-validator (CSV vocabulary),NOT_MARKET_DATA,,,NOT_MARKET_DATA: scoped mechanical classifier tail; production wire reads tracked in governance/SCHWAB_V4_REVIEW_MEMOS cone walk
f803ef121518a9e0f233,cross_validator,call_engine.py,592,0,pattern_kind_miss,"def _stop_distance(inp: SignalInput, risk_multiplier: float = 1.0) -> float:",float,instruments.*.fundamental.marketCapFloat;instruments.*.fundamental.shortIntToFloat,chains.putExpDateMap.*.theoreticalVolatility;chains.callExpDateMap.*.theoreticalVolatility;chains.putExpDateMap.*.volatility,V3 G2 cross-validator (CSV vocabulary),NOT_MARKET_DATA,,,NOT_MARKET_DATA: scoped mechanical classifier tail; production wire reads tracked in governance/SCHWAB_V4_REVIEW_MEMOS cone walk
cf62a628aca70860b2a3,cross_validator,call_engine.py,594,0,pattern_kind_miss,"    Time-aware, VIX-aware stop distance for 0DTE trading.",time trading,chains.callExpDateMap.*.quoteTimeInLong;chains.callExpDateMap.*.timeValue;chains.callExpDateMap.*.tradeTimeInLong;chains.putExpDateMap.*.quoteTimeInLong;chains.putExpDateMap.*.timeValue;chains.putExpDateMap.*.tradeTimeInLong;chains.underlying.quoteTime;chains.underlying.tradeTime;quotes.extended.quoteTime;quotes.extended.tradeTime;quotes.quote.askTime;quotes.quote.bidTime;quotes.quote.quoteTime;quotes.quote.tradeTime;quotes.regular.regularMarketTradeTime;streaming.content.*.ASK_TIME_MILLIS;streaming.content.*.BID_TIME_MILLIS;streaming.content.*.BOOK_TIME;streaming.content.*.CHART_TIME_MILLIS;streaming.content.*.QUOTE_TIME_MILLIS;streaming.content.*.TRADE_TIME_MILLIS;chains.callExpDateMap.*.lastTradingDay;chains.putExpDateMap.*.lastTradingDay;market_hours.future.ADA.sessionHours.noTrading;market_hours.future.ADA.sessionHours.noTrading.*,chains.putExpDateMap.*.askSize;chains.putExpDateMap.*.theta;chains.putExpDateMap.*.delta,V3 G2 cross-validator (CSV vocabulary),NOT_MARKET_DATA,,,NOT_MARKET_DATA: scoped mechanical classifier tail; production wire reads tracked in governance/SCHWAB_V4_REVIEW_MEMOS cone walk
188a1dcde1a4ec3dc611,cross_validator,call_engine.py,597,0,pattern_kind_miss,    risk_multiplier: from volatility regime — scales stop in expansion/unstable,volatility regime,chains.callExpDateMap.*.theoreticalVolatility;chains.callExpDateMap.*.volatility;chains.putExpDateMap.*.theoreticalVolatility;chains.putExpDateMap.*.volatility;chains.volatility,chains.putExpDateMap.*.theoreticalVolatility;chains.callExpDateMap.*.theoreticalVolatility;chains.volatility,V3 G2 cross-validator (CSV vocabulary),NOT_MARKET_DATA,,,NOT_MARKET_DATA: scoped mechanical classifier tail; production wire reads tracked in governance/SCHWAB_V4_REVIEW_MEMOS cone walk
9132736a72905341bc2d,cross_validator,call_engine.py,603,0,pattern_kind_miss,"            ""call_engine._stop_distance: et_hour/et_minute missing — using mins_elapsed=0 (open default)""",open,chains.callExpDateMap.*.openInterest;chains.callExpDateMap.*.openPrice;chains.putExpDateMap.*.openInterest;chains.putExpDateMap.*.openPrice;chains.underlying.openPrice;market_hours.bond.BON.isOpen;market_hours.equity.EQ.isOpen;market_hours.forex.forex.isOpen;market_hours.future.ADA.isOpen;market_hours.future.AW.isOpen;market_hours.future.BFF.isOpen;market_hours.future.BTC.isOpen;market_hours.future.BZ.isOpen;market_hours.future.CB.isOpen;market_hours.future.CL.isOpen;market_hours.future.CZK.isOpen;market_hours.future.DC.isOpen;market_hours.future.E7.isOpen;market_hours.future.ECK.isOpen;market_hours.future.EHF.isOpen;market_hours.future.EMD.isOpen;market_hours.future.ES.isOpen;market_hours.future.ETH.isOpen;market_hours.future.GC.isOpen;market_hours.future.GF.isOpen,chains.putExpDateMap.*.bidSize;chains.putExpDateMap.*.askSize;streaming.content.*.BID_SIZE,V3 G2 cross-validator (CSV vocabulary),NOT_MARKET_DATA,,,NOT_MARKET_DATA: scoped mechanical classifier tail; production wire reads tracked in governance/SCHWAB_V4_REVIEW_MEMOS cone walk
0c0b9fbfa60b3154263f,cross_validator,call_engine.py,616,0,pattern_kind_miss,"    return round(stop_distance.final_pct * spot, 2)",return,instruments.*.fundamental.returnOnAssets;instruments.*.fundamental.returnOnEquity;instruments.*.fundamental.returnOnInvestment,chains.putExpDateMap.*.openInterest;chains.callExpDateMap.*.openInterest;chains.putExpDateMap.*.askSize,V3 G2 cross-validator (CSV vocabulary),NOT_MARKET_DATA,,,NOT_MARKET_DATA: scoped mechanical classifier tail; production wire reads tracked in governance/SCHWAB_V4_REVIEW_MEMOS cone walk
a3db0f7bc980d5606e3f,cross_validator,call_engine.py,623,0,pattern_kind_miss,"    risk_multiplier: float = 1.0,",float,instruments.*.fundamental.marketCapFloat;instruments.*.fundamental.shortIntToFloat,chains.putExpDateMap.*.theoreticalVolatility;chains.callExpDateMap.*.theoreticalVolatility;chains.callExpDateMap.*.volatility,V3 G2 cross-validator (CSV vocabulary),NOT_MARKET_DATA,,,NOT_MARKET_DATA: scoped mechanical classifier tail; production wire reads tracked in governance/SCHWAB_V4_REVIEW_MEMOS cone walk
4541824fa8fcfc06a990,cross_validator,call_engine.py,628,0,pattern_kind_miss,"    Compute entry, stop, target based on signal, zone, and key levels.",key levels,streaming.content.*.key,chains.callExpDateMap.*.delta;chains.callExpDateMap.*.theta;chains.putExpDateMap.*.delta,V3 G2 cross-validator (CSV vocabulary),NOT_MARKET_DATA,,,NOT_MARKET_DATA: scoped mechanical classifier tail; production wire reads tracked in governance/SCHWAB_V4_REVIEW_MEMOS cone walk
57a7f7637da395d10430,cross_validator,call_engine.py,629,0,pattern_kind_miss,    risk_multiplier: from volatility regime — scales stop distance.,volatility regime,chains.callExpDateMap.*.theoreticalVolatility;chains.callExpDateMap.*.volatility;chains.putExpDateMap.*.theoreticalVolatility;chains.putExpDateMap.*.volatility;chains.volatility,chains.putExpDateMap.*.theoreticalVolatility;chains.callExpDateMap.*.theoreticalVolatility;chains.volatility,V3 G2 cross-validator (CSV vocabulary),NOT_MARKET_DATA,,,NOT_MARKET_DATA: scoped mechanical classifier tail; production wire reads tracked in governance/SCHWAB_V4_REVIEW_MEMOS cone walk
d420fba70147492208de,cross_validator,call_engine.py,632,0,pattern_kind_miss,    The primary target comes from the PREDICTION ENGINE (avg expected move,the prediction avg,chains.callExpDateMap.*.inTheMoney;chains.putExpDateMap.*.inTheMoney;instruments.*.fundamental.vol10DayAvg;instruments.*.fundamental.vol1DayAvg;instruments.*.fundamental.vol3MonthAvg,chains.putExpDateMap.*.theta;chains.putExpDateMap.*.vega;chains.putExpDateMap.*.rho,V3 G2 cross-validator (CSV vocabulary),NOT_MARKET_DATA,,,NOT_MARKET_DATA: scoped mechanical classifier tail; production wire reads tracked in governance/SCHWAB_V4_REVIEW_MEMOS cone walk
422c5975927524c823da,cross_validator,call_engine.py,633,0,pattern_kind_miss,"    from similar historical setups). Structural levels (gamma walls, OI walls,",levels gamma,chains.callExpDateMap.*.gamma;chains.putExpDateMap.*.gamma,chains.callExpDateMap.*.theoreticalVolatility;chains.putExpDateMap.*.theoreticalVolatility;chains.callExpDateMap.*.totalVolume,V3 G2 cross-validator (CSV vocabulary),NOT_MARKET_DATA,,,NOT_MARKET_DATA: scoped mechanical classifier tail; production wire reads tracked in governance/SCHWAB_V4_REVIEW_MEMOS cone walk
8a2ddc197920cdcbeffe,cross_validator,call_engine.py,634,0,pattern_kind_miss,    VWAP) act as CONFIRMATION — if a structural level is near the predicted,the,chains.callExpDateMap.*.inTheMoney;chains.putExpDateMap.*.inTheMoney,chains.putExpDateMap.*.theoreticalVolatility;chains.callExpDateMap.*.theoreticalVolatility;chains.putExpDateMap.*.volatility,V3 G2 cross-validator (CSV vocabulary),NOT_MARKET_DATA,,,NOT_MARKET_DATA: scoped mechanical classifier tail; production wire reads tracked in governance/SCHWAB_V4_REVIEW_MEMOS cone walk
cd283459f90134cd56ba,cross_validator,call_engine.py,635,0,pattern_kind_miss,"    move, snap to it. If no structural level is nearby, use the predicted move.",the,chains.callExpDateMap.*.inTheMoney;chains.putExpDateMap.*.inTheMoney,chains.putExpDateMap.*.theoreticalVolatility;chains.putExpDateMap.*.delta;chains.putExpDateMap.*.totalVolume,V3 G2 cross-validator (CSV vocabulary),NOT_MARKET_DATA,,,NOT_MARKET_DATA: scoped mechanical classifier tail; production wire reads tracked in governance/SCHWAB_V4_REVIEW_MEMOS cone walk
e7a805c8291e9d568cc6,cross_validator,call_engine.py,637,0,pattern_kind_miss,    This prevents the old bug where the call gamma wall at 595 becomes the,the call gamma,chains.callExpDateMap.*.inTheMoney;chains.putExpDateMap.*.inTheMoney;chains.callExpDateMap;chains.callExpDateMap.*;chains.callExpDateMap.*.ask;chains.callExpDateMap.*.askSize;chains.callExpDateMap.*.bid;chains.callExpDateMap.*.bidAskSize;chains.callExpDateMap.*.bidSize;chains.callExpDateMap.*.closePrice;chains.callExpDateMap.*.daysToExpiration;chains.callExpDateMap.*.deliverableNote;chains.callExpDateMap.*.delta;chains.callExpDateMap.*.description;chains.callExpDateMap.*.exchangeName;chains.callExpDateMap.*.exerciseType;chains.callExpDateMap.*.expirationDate;chains.callExpDateMap.*.expirationType;chains.callExpDateMap.*.extrinsicValue;chains.callExpDateMap.*.gamma;chains.callExpDateMap.*.high52Week;chains.callExpDateMap.*.highPrice;chains.callExpDateMap.*.intrinsicValue;chains.callExpDateMap.*.last;chains.callExpDateMap.*.lastSize,chains.callExpDateMap.*.theta;chains.putExpDateMap.*.high52Week;chains.callExpDateMap.*.high52Week,V3 G2 cross-validator (CSV vocabulary),NOT_MARKET_DATA,,,NOT_MARKET_DATA: scoped mechanical classifier tail; production wire reads tracked in governance/SCHWAB_V4_REVIEW_MEMOS cone walk
c060031922078b7d5078,cross_validator,call_engine.py,638,0,pattern_kind_miss,"    target when spot is 580, giving a fantasy 14:1 R:R on a 25-minute trade.",trade,chains.callExpDateMap.*.tradeTimeInLong;chains.putExpDateMap.*.tradeTimeInLong;chains.underlying.tradeTime;quotes.extended.tradeTime;quotes.quote.tradeTime;quotes.regular.regularMarketTradeTime;streaming.content.*.REGULAR_MARKET_TRADE;streaming.content.*.REGULAR_MARKET_TRADE_MILLIS;streaming.content.*.TRADE_TIME_MILLIS,streaming.timestamp;chains.putExpDateMap.*.theta;streaming.service,V3 G2 cross-validator (CSV vocabulary),NOT_MARKET_DATA,,,NOT_MARKET_DATA: scoped mechanical classifier tail; production wire reads tracked in governance/SCHWAB_V4_REVIEW_MEMOS cone walk
d7041079b8697c214639,cross_validator,call_engine.py,643,0,pattern_kind_miss,"    3. T1 = predicted avg move (5-bar horizon), snapped to nearby structural",avg bar,instruments.*.fundamental.vol10DayAvg;instruments.*.fundamental.vol1DayAvg;instruments.*.fundamental.vol3MonthAvg,chains.putExpDateMap.*.rho;chains.putExpDateMap.*.totalVolume;chains.putExpDateMap.*.askSize,V3 G2 cross-validator (CSV vocabulary),NOT_MARKET_DATA,,,NOT_MARKET_DATA: scoped mechanical classifier tail; production wire reads tracked in governance/SCHWAB_V4_REVIEW_MEMOS cone walk
75b133e6d614359b5b66,cross_validator,call_engine.py,644,0,pattern_kind_miss,       level if one exists within ±30% of the predicted distance.,the,chains.callExpDateMap.*.inTheMoney;chains.putExpDateMap.*.inTheMoney,quotes.extended.bidSize;quotes.extended.askSize;quotes.quote.bidSize,V3 G2 cross-validator (CSV vocabulary),NOT_MARKET_DATA,,,NOT_MARKET_DATA: scoped mechanical classifier tail; production wire reads tracked in governance/SCHWAB_V4_REVIEW_MEMOS cone walk
bc8f15916a1ba4f5d391,cross_validator,call_engine.py,645,0,pattern_kind_miss,    4. T2 = predicted move at **primary** horizons (15c / 60c empirical) only — not 3c/8c/13c secondary.,only,,pricehistory.candles.*.volume;chains.callExpDateMap.*.openInterest;pricehistory.candles,V3 G2 cross-validator (CSV vocabulary),NOT_MARKET_DATA,,,NOT_MARKET_DATA: scoped mechanical classifier tail; production wire reads tracked in governance/SCHWAB_V4_REVIEW_MEMOS cone walk
63ff060f18b4a4b6079d,cross_validator,call_engine.py,646,0,pattern_kind_miss,"    5. Maximum R:R cap = 5:1 for T1, 8:1 for T2. Anything beyond is unrealistic",cap,instruments.*.fundamental.marketCap;instruments.*.fundamental.marketCapFloat,pricehistory.candles;pricehistory.candles.*;quotes.regular.regularMarketLastSize,V3 G2 cross-validator (CSV vocabulary),NOT_MARKET_DATA,,,NOT_MARKET_DATA: scoped mechanical classifier tail; production wire reads tracked in governance/SCHWAB_V4_REVIEW_MEMOS cone walk
546ad4b47ec6b6320d38,cross_validator,call_engine.py,658,0,pattern_kind_miss,    # ── Prediction-based move distances (primary horizons for tradable targets only) ──,prediction only,,chains.putExpDateMap.*.askSize;chains.putExpDateMap.*.bidSize;chains.callExpDateMap.*.bidSize,V3 G2 cross-validator (CSV vocabulary),NOT_MARKET_DATA,,,NOT_MARKET_DATA: scoped mechanical classifier tail; production wire reads tracked in governance/SCHWAB_V4_REVIEW_MEMOS cone walk
b6e48037cf2b7a8bb535,cross_validator,call_engine.py,664,0,pattern_kind_miss,"        if direction == ""long"":",long,chains.callExpDateMap.*.quoteTimeInLong;chains.callExpDateMap.*.tradeTimeInLong;chains.putExpDateMap.*.quoteTimeInLong;chains.putExpDateMap.*.tradeTimeInLong,chains.underlying.bidSize;quotes.quote.bidSize;chains.volatility,V3 G2 cross-validator (CSV vocabulary),NOT_MARKET_DATA,,,NOT_MARKET_DATA: scoped mechanical classifier tail; production wire reads tracked in governance/SCHWAB_V4_REVIEW_MEMOS cone walk
3cc210ac77698aabb844,cross_validator,call_engine.py,665,0,pattern_kind_miss,"            return [level for level in (vwap, cgw, coi) if level and level > spot]",return,instruments.*.fundamental.returnOnAssets;instruments.*.fundamental.returnOnEquity;instruments.*.fundamental.returnOnInvestment,chains.callExpDateMap.*.low52Week;chains.callExpDateMap.*.high52Week;chains.putExpDateMap.*.low52Week,V3 G2 cross-validator (CSV vocabulary),NOT_MARKET_DATA,,,NOT_MARKET_DATA: scoped mechanical classifier tail; production wire reads tracked in governance/SCHWAB_V4_REVIEW_MEMOS cone walk
aea47d90495018fc0f3d,cross_validator,call_engine.py,666,0,pattern_kind_miss,"        return [level for level in (vwap, pgw, poi) if level and level < spot]",return,instruments.*.fundamental.returnOnAssets;instruments.*.fundamental.returnOnEquity;instruments.*.fundamental.returnOnInvestment,chains.callExpDateMap.*.low52Week;chains.putExpDateMap.*.low52Week;chains.callExpDateMap.*.high52Week,V3 G2 cross-validator (CSV vocabulary),NOT_MARKET_DATA,,,NOT_MARKET_DATA: scoped mechanical classifier tail; production wire reads tracked in governance/SCHWAB_V4_REVIEW_MEMOS cone walk
ff577226d713094842ba,cross_validator,call_engine.py,668,0,pattern_kind_miss,"    def _targets(entry, direction, risk):",risk,,streaming.content.*.BID_SIZE;quotes.extended.askSize;quotes.quote.bidSize,V3 G2 cross-validator (CSV vocabulary),NOT_MARKET_DATA,,,NOT_MARKET_DATA: scoped mechanical classifier tail; production wire reads tracked in governance/SCHWAB_V4_REVIEW_MEMOS cone walk
97eda9d8ccdbf9f41624,cross_validator,call_engine.py,669,0,pattern_kind_miss,        return derive_target_levels(,return,instruments.*.fundamental.returnOnAssets;instruments.*.fundamental.returnOnEquity;instruments.*.fundamental.returnOnInvestment,quotes.quote.52WeekHigh;chains.putExpDateMap.*.high52Week;quotes.quote.52WeekLow,V3 G2 cross-validator (CSV vocabulary),NOT_MARKET_DATA,,,NOT_MARKET_DATA: scoped mechanical classifier tail; production wire reads tracked in governance/SCHWAB_V4_REVIEW_MEMOS cone walk
a246c8db4f936bd61412,cross_validator,call_engine.py,672,0,pattern_kind_miss,"            risk=risk,",risk,,chains.underlying.askSize;chains.underlying.bidSize;quotes.quote.askSize,V3 G2 cross-validator (CSV vocabulary),NOT_MARKET_DATA,,,NOT_MARKET_DATA: scoped mechanical classifier tail; production wire reads tracked in governance/SCHWAB_V4_REVIEW_MEMOS cone walk
cd41cde932cc58acdf8b,cross_validator,call_engine.py,682,0,pattern_kind_miss,"        risk  = round(entry - stop, 2)",risk,,pricehistory.candles.*.volume;market_hours.future.RTY.isOpen;market_hours.future.SIL.isOpen,V3 G2 cross-validator (CSV vocabulary),NOT_MARKET_DATA,,,NOT_MARKET_DATA: scoped mechanical classifier tail; production wire reads tracked in governance/SCHWAB_V4_REVIEW_MEMOS cone walk
d92d3d738f44fdfe93b2,cross_validator,call_engine.py,683,0,pattern_kind_miss,        if risk <= 0:,risk,,chains.underlying.askSize;chains.underlying.bidSize;chains.putExpDateMap.*.askSize,V3 G2 cross-validator (CSV vocabulary),NOT_MARKET_DATA,,,NOT_MARKET_DATA: scoped mechanical classifier tail; production wire reads tracked in governance/SCHWAB_V4_REVIEW_MEMOS cone walk
a1105653ab453b62930b,cross_validator,call_engine.py,684,0,pattern_kind_miss,            risk = stop_dist,risk,,quotes.quote.askSize;quotes.quote.bidSize;chains.putExpDateMap.*.askSize,V3 G2 cross-validator (CSV vocabulary),NOT_MARKET_DATA,,,NOT_MARKET_DATA: scoped mechanical classifier tail; production wire reads tracked in governance/SCHWAB_V4_REVIEW_MEMOS cone walk
26648e935187c5dbade7,cross_validator,call_engine.py,686,0,pattern_kind_miss,"        targets = _targets(entry, ""long"", risk)",long risk,chains.callExpDateMap.*.quoteTimeInLong;chains.callExpDateMap.*.tradeTimeInLong;chains.putExpDateMap.*.quoteTimeInLong;chains.putExpDateMap.*.tradeTimeInLong,streaming.content.*.ASK_SIZE;streaming.content.*.ASKS;streaming.content.*.REGULAR_MARKET_TRADE_MILLIS,V3 G2 cross-validator (CSV vocabulary),NOT_MARKET_DATA,,,NOT_MARKET_DATA: scoped mechanical classifier tail; production wire reads tracked in governance/SCHWAB_V4_REVIEW_MEMOS cone walk
81fb7f4589506a2a173e,cross_validator,call_engine.py,687,0,pattern_kind_miss,"        return entry, stop, targets.target, targets.target2",return,instruments.*.fundamental.returnOnAssets;instruments.*.fundamental.returnOnEquity;instruments.*.fundamental.returnOnInvestment,streaming.content.*.REGULAR_MARKET_TRADE;streaming.content.*.REGULAR_MARKET_LAST_PRICE;streaming.content.*.REGULAR_MARKET_TRADE_MILLIS,V3 G2 cross-validator (CSV vocabulary),NOT_MARKET_DATA,,,NOT_MARKET_DATA: scoped mechanical classifier tail; production wire reads tracked in governance/SCHWAB_V4_REVIEW_MEMOS cone walk
547ead0b7683cbf7d38b,cross_validator,call_engine.py,692,0,pattern_kind_miss,"        risk  = round(stop - entry, 2)",risk,,pricehistory.candles.*.volume;market_hours.future.RTY.isOpen;market_hours.future.SIL.isOpen,V3 G2 cross-validator (CSV vocabulary),NOT_MARKET_DATA,,,NOT_MARKET_DATA: scoped mechanical classifier tail; production wire reads tracked in governance/SCHWAB_V4_REVIEW_MEMOS cone walk
c19dcb40478ccdaa0278,cross_validator,call_engine.py,693,0,pattern_kind_miss,        if risk <= 0:,risk,,chains.underlying.askSize;chains.underlying.bidSize;chains.putExpDateMap.*.askSize,V3 G2 cross-validator (CSV vocabulary),NOT_MARKET_DATA,,,NOT_MARKET_DATA: scoped mechanical classifier tail; production wire reads tracked in governance/SCHWAB_V4_REVIEW_MEMOS cone walk
a4fa121bc7e0964a866a,cross_validator,call_engine.py,694,0,pattern_kind_miss,            risk = stop_dist,risk,,quotes.quote.askSize;quotes.quote.bidSize;chains.putExpDateMap.*.askSize,V3 G2 cross-validator (CSV vocabulary),NOT_MARKET_DATA,,,NOT_MARKET_DATA: scoped mechanical classifier tail; production wire reads tracked in governance/SCHWAB_V4_REVIEW_MEMOS cone walk
88e84f65c223be08c309,cross_validator,call_engine.py,696,0,pattern_kind_miss,"        targets = _targets(entry, ""short"", risk)",short risk,instruments.*.fundamental.shortIntDayToCover;instruments.*.fundamental.shortIntToFloat,streaming.content.*.ASK_SIZE;streaming.content.*.ASKS;quotes.quote.askSize,V3 G2 cross-validator (CSV vocabulary),NOT_MARKET_DATA,,,NOT_MARKET_DATA: scoped mechanical classifier tail; production wire reads tracked in governance/SCHWAB_V4_REVIEW_MEMOS cone walk
4eb6aaeb4c21f3cff396,cross_validator,call_engine.py,697,0,pattern_kind_miss,"        return entry, stop, targets.target, targets.target2",return,instruments.*.fundamental.returnOnAssets;instruments.*.fundamental.returnOnEquity;instruments.*.fundamental.returnOnInvestment,streaming.content.*.REGULAR_MARKET_TRADE;streaming.content.*.REGULAR_MARKET_LAST_PRICE;streaming.content.*.REGULAR_MARKET_TRADE_MILLIS,V3 G2 cross-validator (CSV vocabulary),NOT_MARKET_DATA,,,NOT_MARKET_DATA: scoped mechanical classifier tail; production wire reads tracked in governance/SCHWAB_V4_REVIEW_MEMOS cone walk
d77e0de447fc29964ff3,cross_validator,call_engine.py,699,0,pattern_kind_miss,    # ── PIN ZONE: fade the walls ──────────────────────────────────────────────,the,chains.callExpDateMap.*.inTheMoney;chains.putExpDateMap.*.inTheMoney,quotes.quote.mark;pricehistory.candles;quotes.quote.lowPrice,V3 G2 cross-validator (CSV vocabulary),NOT_MARKET_DATA,,,NOT_MARKET_DATA: scoped mechanical classifier tail; production wire reads tracked in governance/SCHWAB_V4_REVIEW_MEMOS cone walk
e6d61e6c942d466dde18,cross_validator,call_engine.py,700,0,pattern_kind_miss,"    if signal == ""short"" and is_pin_zone(zone) and cgw:",short,instruments.*.fundamental.shortIntDayToCover;instruments.*.fundamental.shortIntToFloat,chains.underlying.askSize;chains.underlying.bidSize;chains.putExpDateMap.*.bidSize,V3 G2 cross-validator (CSV vocabulary),NOT_MARKET_DATA,,,NOT_MARKET_DATA: scoped mechanical classifier tail; production wire reads tracked in governance/SCHWAB_V4_REVIEW_MEMOS cone walk
81b5e9abb1eca001399a,cross_validator,call_engine.py,701,0,pattern_kind_miss,        return _short_levels(anchor=cgw),return,instruments.*.fundamental.returnOnAssets;instruments.*.fundamental.returnOnEquity;instruments.*.fundamental.returnOnInvestment,pricehistory.candles.*.volume;movers.screeners.*.totalVolume;streaming.content.*.ASK_SIZE,V3 G2 cross-validator (CSV vocabulary),NOT_MARKET_DATA,,,NOT_MARKET_DATA: scoped mechanical classifier tail; production wire reads tracked in governance/SCHWAB_V4_REVIEW_MEMOS cone walk
afc0a0c5d40cedca861d,cross_validator,call_engine.py,703,0,pattern_kind_miss,"    if signal == ""long"" and is_pin_zone(zone) and pgw:",long,chains.callExpDateMap.*.quoteTimeInLong;chains.callExpDateMap.*.tradeTimeInLong;chains.putExpDateMap.*.quoteTimeInLong;chains.putExpDateMap.*.tradeTimeInLong,chains.underlying.bidSize;chains.callExpDateMap.*.bidAskSize;chains.underlying.askSize,V3 G2 cross-validator (CSV vocabulary),NOT_MARKET_DATA,,,NOT_MARKET_DATA: scoped mechanical classifier tail; production wire reads tracked in governance/SCHWAB_V4_REVIEW_MEMOS cone walk
74e91a8c195614895241,cross_validator,call_engine.py,704,0,pattern_kind_miss,        return _long_levels(anchor=pgw),return,instruments.*.fundamental.returnOnAssets;instruments.*.fundamental.returnOnEquity;instruments.*.fundamental.returnOnInvestment,chains.underlying.totalVolume;pricehistory.candles.*.volume;movers.screeners.*.totalVolume,V3 G2 cross-validator (CSV vocabulary),NOT_MARKET_DATA,,,NOT_MARKET_DATA: scoped mechanical classifier tail; production wire reads tracked in governance/SCHWAB_V4_REVIEW_MEMOS cone walk
15433c3eccad6583182a,cross_validator,call_engine.py,706,0,pattern_kind_miss,    # ── BREAKOUT: momentum long above CGW ────────────────────────────────────,long,chains.callExpDateMap.*.quoteTimeInLong;chains.callExpDateMap.*.tradeTimeInLong;chains.putExpDateMap.*.quoteTimeInLong;chains.putExpDateMap.*.tradeTimeInLong,quotes.quote.mark;quotes.quote.lowPrice;quotes.quote.lastPrice,V3 G2 cross-validator (CSV vocabulary),NOT_MARKET_DATA,,,NOT_MARKET_DATA: scoped mechanical classifier tail; production wire reads tracked in governance/SCHWAB_V4_REVIEW_MEMOS cone walk
22b3de0eee00aa5457ee,cross_validator,call_engine.py,707,0,pattern_kind_miss,"    if signal == ""long"" and zone == ""breakout"" and cgw:",long,chains.callExpDateMap.*.quoteTimeInLong;chains.callExpDateMap.*.tradeTimeInLong;chains.putExpDateMap.*.quoteTimeInLong;chains.putExpDateMap.*.tradeTimeInLong,chains.callExpDateMap.*.bid;quotes.quote.bidPrice;chains.callExpDateMap.*.bidSize,V3 G2 cross-validator (CSV vocabulary),NOT_MARKET_DATA,,,NOT_MARKET_DATA: scoped mechanical classifier tail; production wire reads tracked in governance/SCHWAB_V4_REVIEW_MEMOS cone walk
3e1e07b1f93f9c583841,cross_validator,call_engine.py,708,0,pattern_kind_miss,        return _long_levels(anchor=cgw),return,instruments.*.fundamental.returnOnAssets;instruments.*.fundamental.returnOnEquity;instruments.*.fundamental.returnOnInvestment,chains.underlying.totalVolume;pricehistory.candles.*.volume;movers.screeners.*.totalVolume,V3 G2 cross-validator (CSV vocabulary),NOT_MARKET_DATA,,,NOT_MARKET_DATA: scoped mechanical classifier tail; production wire reads tracked in governance/SCHWAB_V4_REVIEW_MEMOS cone walk
5b9cf006274a3cdab880,cross_validator,call_engine.py,710,0,pattern_kind_miss,    # ── BREAKDOWN: momentum short below PGW ──────────────────────────────────,short,instruments.*.fundamental.shortIntDayToCover;instruments.*.fundamental.shortIntToFloat,quotes.quote.mark;quotes.quote.lowPrice;quotes.quote.highPrice,V3 G2 cross-validator (CSV vocabulary),NOT_MARKET_DATA,,,NOT_MARKET_DATA: scoped mechanical classifier tail; production wire reads tracked in governance/SCHWAB_V4_REVIEW_MEMOS cone walk
4c97ca337e766e74b0be,cross_validator,call_engine.py,711,0,pattern_kind_miss,"    if signal == ""short"" and zone == ""breakdown"" and pgw:",short,instruments.*.fundamental.shortIntDayToCover;instruments.*.fundamental.shortIntToFloat,chains.callExpDateMap.*.bidSize;chains.putExpDateMap.*.bidSize;chains.underlying.bidSize,V3 G2 cross-validator (CSV vocabulary),NOT_MARKET_DATA,,,NOT_MARKET_DATA: scoped mechanical classifier tail; production wire reads tracked in governance/SCHWAB_V4_REVIEW_MEMOS cone walk
22b8b1969df3201fc42b,cross_validator,call_engine.py,712,0,pattern_kind_miss,        return _short_levels(anchor=pgw),return,instruments.*.fundamental.returnOnAssets;instruments.*.fundamental.returnOnEquity;instruments.*.fundamental.returnOnInvestment,pricehistory.candles.*.volume;movers.screeners.*.totalVolume;chains.underlying.totalVolume,V3 G2 cross-validator (CSV vocabulary),NOT_MARKET_DATA,,,NOT_MARKET_DATA: scoped mechanical classifier tail; production wire reads tracked in governance/SCHWAB_V4_REVIEW_MEMOS cone walk
6127a126278edfbb8b16,cross_validator,call_engine.py,715,0,pattern_kind_miss,"    if signal == ""short"":",short,instruments.*.fundamental.shortIntDayToCover;instruments.*.fundamental.shortIntToFloat,chains.underlying.askSize;chains.underlying.bidSize;quotes.quote.bidSize,V3 G2 cross-validator (CSV vocabulary),NOT_MARKET_DATA,,,NOT_MARKET_DATA: scoped mechanical classifier tail; production wire reads tracked in governance/SCHWAB_V4_REVIEW_MEMOS cone walk
44b5fe79cd6ffa9e0da2,cross_validator,call_engine.py,716,0,pattern_kind_miss,        return _short_levels(anchor=spot + 0.25),return,instruments.*.fundamental.returnOnAssets;instruments.*.fundamental.returnOnEquity;instruments.*.fundamental.returnOnInvestment,market_hours.future.SR3.isOpen;market_hours.future.SOL.isOpen;market_hours.future.ETH.isOpen,V3 G2 cross-validator (CSV vocabulary),NOT_MARKET_DATA,,,NOT_MARKET_DATA: scoped mechanical classifier tail; production wire reads tracked in governance/SCHWAB_V4_REVIEW_MEMOS cone walk
99ffeb6a3eacd77a512c,cross_validator,call_engine.py,718,0,pattern_kind_miss,"    if signal == ""long"":",long,chains.callExpDateMap.*.quoteTimeInLong;chains.callExpDateMap.*.tradeTimeInLong;chains.putExpDateMap.*.quoteTimeInLong;chains.putExpDateMap.*.tradeTimeInLong,chains.underlying.bidSize;chains.underlying.bid;chains.underlying.lowPrice,V3 G2 cross-validator (CSV vocabulary),NOT_MARKET_DATA,,,NOT_MARKET_DATA: scoped mechanical classifier tail; production wire reads tracked in governance/SCHWAB_V4_REVIEW_MEMOS cone walk
58aaccfd206bb693e130,cross_validator,call_engine.py,719,0,pattern_kind_miss,        return _long_levels(anchor=spot - 0.25),return,instruments.*.fundamental.returnOnAssets;instruments.*.fundamental.returnOnEquity;instruments.*.fundamental.returnOnInvestment,pricehistory.candles.*.volume;chains.underlying.totalVolume;movers.screeners.*.totalVolume,V3 G2 cross-validator (CSV vocabulary),NOT_MARKET_DATA,,,NOT_MARKET_DATA: scoped mechanical classifier tail; production wire reads tracked in governance/SCHWAB_V4_REVIEW_MEMOS cone walk
89139a76cd87ff267205,cross_validator,call_engine.py,721,0,pattern_kind_miss,"    return None, None, None, None",return,instruments.*.fundamental.returnOnAssets;instruments.*.fundamental.returnOnEquity;instruments.*.fundamental.returnOnInvestment,quotes.reference.optionable;quotes.reference.isShortable;quotes.reference.exchangeName,V3 G2 cross-validator (CSV vocabulary),NOT_MARKET_DATA,,,NOT_MARKET_DATA: scoped mechanical classifier tail; production wire reads tracked in governance/SCHWAB_V4_REVIEW_MEMOS cone walk
877efc48ae573901b3ca,cross_validator,call_engine.py,724,0,pattern_kind_miss,"    if conviction == ""high"":   return ""medium""",high return,chains.callExpDateMap.*.highPrice;chains.putExpDateMap.*.highPrice;chains.underlying.fiftyTwoWeekHigh;chains.underlying.highPrice;pricehistory.candles.*.high;quotes.quote.52WeekHigh;quotes.quote.highPrice;streaming.content.*.HIGH_PRICE;streaming.content.*.HIGH_PRICE_52_WEEK;instruments.*.fundamental.returnOnAssets;instruments.*.fundamental.returnOnEquity;instruments.*.fundamental.returnOnInvestment,quotes.quote.bidSize;chains.underlying.bidSize;quotes.quote.highPrice,V3 G2 cross-validator (CSV vocabulary),NOT_MARKET_DATA,,,NOT_MARKET_DATA: scoped mechanical classifier tail; production wire reads tracked in governance/SCHWAB_V4_REVIEW_MEMOS cone walk
c13e462ed85840b8304d,cross_validator,call_engine.py,725,0,pattern_kind_miss,"    if conviction == ""medium"": return ""low""",return low,instruments.*.fundamental.returnOnAssets;instruments.*.fundamental.returnOnEquity;instruments.*.fundamental.returnOnInvestment;chains.callExpDateMap.*.lowPrice;chains.putExpDateMap.*.lowPrice;chains.underlying.fiftyTwoWeekLow;chains.underlying.lowPrice;pricehistory.candles.*.low;quotes.quote.52WeekLow;quotes.quote.lowPrice;streaming.content.*.LOW_PRICE;streaming.content.*.LOW_PRICE_52_WEEK,quotes.quote.bidSize;streaming.content.*.BIDS.*.BIDS.*.BID_VOLUME;quotes.quote.bidPrice,V3 G2 cross-validator (CSV vocabulary),NOT_MARKET_DATA,,,NOT_MARKET_DATA: scoped mechanical classifier tail; production wire reads tracked in governance/SCHWAB_V4_REVIEW_MEMOS cone walk
8763255c5523f1c1c53b,cross_validator,call_engine.py,726,0,pattern_kind_miss,"    return ""low""",return low,instruments.*.fundamental.returnOnAssets;instruments.*.fundamental.returnOnEquity;instruments.*.fundamental.returnOnInvestment;chains.callExpDateMap.*.lowPrice;chains.putExpDateMap.*.lowPrice;chains.underlying.fiftyTwoWeekLow;chains.underlying.lowPrice;pricehistory.candles.*.low;quotes.quote.52WeekLow;quotes.quote.lowPrice;streaming.content.*.LOW_PRICE;streaming.content.*.LOW_PRICE_52_WEEK,movers.screeners.*.totalVolume;quotes.regular.regularMarketLastSize;quotes.quote.totalVolume,V3 G2 cross-validator (CSV vocabulary),NOT_MARKET_DATA,,,NOT_MARKET_DATA: scoped mechanical classifier tail; production wire reads tracked in governance/SCHWAB_V4_REVIEW_MEMOS cone walk
61a34c37369d41a25467,cross_validator,call_engine.py,729,0,pattern_kind_miss,# Issue 13 closeout: directional trades require a real posterior; uniform fallback is non-tradable.,trades non,movers.screeners.*.trades;chains.callExpDateMap.*.nonStandard;chains.putExpDateMap.*.nonStandard,quotes.quote.askSize;quotes.quote.bidSize;chains.callExpDateMap.*.askSize,V3 G2 cross-validator (CSV vocabulary),NOT_MARKET_DATA,,,NOT_MARKET_DATA: scoped mechanical classifier tail; production wire reads tracked in governance/SCHWAB_V4_REVIEW_MEMOS cone walk
625b2b7cba66449b8539,cross_validator,call_engine.py,742,0,pattern_kind_miss,    Base call.conviction tier from canonical confidence + marginal probability only.,call only,chains.callExpDateMap;chains.callExpDateMap.*;chains.callExpDateMap.*.ask;chains.callExpDateMap.*.askSize;chains.callExpDateMap.*.bid;chains.callExpDateMap.*.bidAskSize;chains.callExpDateMap.*.bidSize;chains.callExpDateMap.*.closePrice;chains.callExpDateMap.*.daysToExpiration;chains.callExpDateMap.*.deliverableNote;chains.callExpDateMap.*.delta;chains.callExpDateMap.*.description;chains.callExpDateMap.*.exchangeName;chains.callExpDateMap.*.exerciseType;chains.callExpDateMap.*.expirationDate;chains.callExpDateMap.*.expirationType;chains.callExpDateMap.*.extrinsicValue;chains.callExpDateMap.*.gamma;chains.callExpDateMap.*.high52Week;chains.callExpDateMap.*.highPrice;chains.callExpDateMap.*.inTheMoney;chains.callExpDateMap.*.intrinsicValue;chains.callExpDateMap.*.last;chains.callExpDateMap.*.lastSize;chains.callExpDateMap.*.lastTradingDay,chains.callExpDateMap.*.description;chains.callExpDateMap.*.theoreticalVolatility;chains.callExpDateMap.*.volatility,V3 G2 cross-validator (CSV vocabulary),NOT_MARKET_DATA,,,NOT_MARKET_DATA: scoped mechanical classifier tail; production wire reads tracked in governance/SCHWAB_V4_REVIEW_MEMOS cone walk
23c790db4a872f7fae2f,cross_validator,call_engine.py,747,0,pattern_kind_miss,"        return ""low""",return low,instruments.*.fundamental.returnOnAssets;instruments.*.fundamental.returnOnEquity;instruments.*.fundamental.returnOnInvestment;chains.callExpDateMap.*.lowPrice;chains.putExpDateMap.*.lowPrice;chains.underlying.fiftyTwoWeekLow;chains.underlying.lowPrice;pricehistory.candles.*.low;quotes.quote.52WeekLow;quotes.quote.lowPrice;streaming.content.*.LOW_PRICE;streaming.content.*.LOW_PRICE_52_WEEK,movers.screeners.*.totalVolume;quotes.regular.regularMarketLastSize;quotes.quote.totalVolume,V3 G2 cross-validator (CSV vocabulary),NOT_MARKET_DATA,,,NOT_MARKET_DATA: scoped mechanical classifier tail; production wire reads tracked in governance/SCHWAB_V4_REVIEW_MEMOS cone walk
d3e5aac2fe175cdd1e65,cross_validator,call_engine.py,751,0,pattern_kind_miss,"            ""call_engine._conviction_from_canonical_forecast: invalid confidence %r — using low"",",low,chains.callExpDateMap.*.lowPrice;chains.putExpDateMap.*.lowPrice;chains.underlying.fiftyTwoWeekLow;chains.underlying.lowPrice;pricehistory.candles.*.low;quotes.quote.52WeekLow;quotes.quote.lowPrice;streaming.content.*.LOW_PRICE;streaming.content.*.LOW_PRICE_52_WEEK,chains.callExpDateMap.*.bidSize;chains.callExpDateMap.*.description;chains.callExpDateMap.*.optionDeliverablesList,V3 G2 cross-validator (CSV vocabulary),NOT_MARKET_DATA,,,NOT_MARKET_DATA: scoped mechanical classifier tail; production wire reads tracked in governance/SCHWAB_V4_REVIEW_MEMOS cone walk
58fdd85c58d6a04727bf,cross_validator,call_engine.py,754,0,pattern_kind_miss,"        c = ""low""",low,chains.callExpDateMap.*.lowPrice;chains.putExpDateMap.*.lowPrice;chains.underlying.fiftyTwoWeekLow;chains.underlying.lowPrice;pricehistory.candles.*.low;quotes.quote.52WeekLow;quotes.quote.lowPrice;streaming.content.*.LOW_PRICE;streaming.content.*.LOW_PRICE_52_WEEK,quotes.quote.lowPrice;chains.callExpDateMap.*.totalVolume;quotes.quote.bidSize,V3 G2 cross-validator (CSV vocabulary),NOT_MARKET_DATA,,,NOT_MARKET_DATA: scoped mechanical classifier tail; production wire reads tracked in governance/SCHWAB_V4_REVIEW_MEMOS cone walk
5fd7803306e95c82fa6e,cross_validator,call_engine.py,756,0,pattern_kind_miss,        dom_p = float(canonical.dominant_probability()),float,instruments.*.fundamental.marketCapFloat;instruments.*.fundamental.shortIntToFloat,chains.callExpDateMap.*.description;chains.callExpDateMap.*.theoreticalVolatility;chains.putExpDateMap.*.theoreticalVolatility,V3 G2 cross-validator (CSV vocabulary),NOT_MARKET_DATA,,,NOT_MARKET_DATA: scoped mechanical classifier tail; production wire reads tracked in governance/SCHWAB_V4_REVIEW_MEMOS cone walk
b612d505818dd77d600b,cross_validator,call_engine.py,762,0,pattern_kind_miss,    margin = dom_p - (1.0 / 3.0),margin,instruments.*.fundamental.grossMarginMRQ;instruments.*.fundamental.grossMarginTTM;instruments.*.fundamental.netProfitMarginMRQ;instruments.*.fundamental.netProfitMarginTTM;instruments.*.fundamental.operatingMarginMRQ;instruments.*.fundamental.operatingMarginTTM,chains.putExpDateMap.*.gamma;chains.putExpDateMap.*.rho;chains.putExpDateMap,V3 G2 cross-validator (CSV vocabulary),NOT_MARKET_DATA,,,NOT_MARKET_DATA: scoped mechanical classifier tail; production wire reads tracked in governance/SCHWAB_V4_REVIEW_MEMOS cone walk
5b8f27115dbdd1e989e7,cross_validator,call_engine.py,765,0,pattern_kind_miss,"    if c == ""high"":",high,chains.callExpDateMap.*.highPrice;chains.putExpDateMap.*.highPrice;chains.underlying.fiftyTwoWeekHigh;chains.underlying.highPrice;pricehistory.candles.*.high;quotes.quote.52WeekHigh;quotes.quote.highPrice;streaming.content.*.HIGH_PRICE;streaming.content.*.HIGH_PRICE_52_WEEK,chains.underlying.bidSize;chains.underlying.highPrice;pricehistory.candles.*.high,V3 G2 cross-validator (CSV vocabulary),NOT_MARKET_DATA,,,NOT_MARKET_DATA: scoped mechanical classifier tail; production wire reads tracked in governance/SCHWAB_V4_REVIEW_MEMOS cone walk
ec4cad178301d1e0f8e2,cross_validator,call_engine.py,766,0,pattern_kind_miss,        base_ord = 2 if margin >= CONVICTION_HIGH_MARGIN_HIGH else (,margin,instruments.*.fundamental.grossMarginMRQ;instruments.*.fundamental.grossMarginTTM;instruments.*.fundamental.netProfitMarginMRQ;instruments.*.fundamental.netProfitMarginTTM;instruments.*.fundamental.operatingMarginMRQ;instruments.*.fundamental.operatingMarginTTM,chains.underlying.bidSize;chains.underlying.askSize;chains.callExpDateMap.*.bidSize,V3 G2 cross-validator (CSV vocabulary),NOT_MARKET_DATA,,,NOT_MARKET_DATA: scoped mechanical classifier tail; production wire reads tracked in governance/SCHWAB_V4_REVIEW_MEMOS cone walk
defcafd856a4371772fe,cross_validator,call_engine.py,767,0,pattern_kind_miss,            1 if margin >= CONVICTION_HIGH_MARGIN_MEDIUM else 0,margin,instruments.*.fundamental.grossMarginMRQ;instruments.*.fundamental.grossMarginTTM;instruments.*.fundamental.netProfitMarginMRQ;instruments.*.fundamental.netProfitMarginTTM;instruments.*.fundamental.operatingMarginMRQ;instruments.*.fundamental.operatingMarginTTM,chains.volatility;chains.underlying.bidSize;chains.putExpDateMap.*.bidSize,V3 G2 cross-validator (CSV vocabulary),NOT_MARKET_DATA,,,NOT_MARKET_DATA: scoped mechanical classifier tail; production wire reads tracked in governance/SCHWAB_V4_REVIEW_MEMOS cone walk
886b133ef38ee02747de,cross_validator,call_engine.py,770,0,pattern_kind_miss,        base_ord = 1 if margin >= CONVICTION_MEDIUM_MARGIN else 0,margin,instruments.*.fundamental.grossMarginMRQ;instruments.*.fundamental.grossMarginTTM;instruments.*.fundamental.netProfitMarginMRQ;instruments.*.fundamental.netProfitMarginTTM;instruments.*.fundamental.operatingMarginMRQ;instruments.*.fundamental.operatingMarginTTM,chains.putExpDateMap.*.bidSize;chains.callExpDateMap.*.bidSize;chains.underlying.bidSize,V3 G2 cross-validator (CSV vocabulary),NOT_MARKET_DATA,,,NOT_MARKET_DATA: scoped mechanical classifier tail; production wire reads tracked in governance/SCHWAB_V4_REVIEW_MEMOS cone walk
89225f2eaa45103a14c3,cross_validator,call_engine.py,777,0,pattern_kind_miss,            return label,return,instruments.*.fundamental.returnOnAssets;instruments.*.fundamental.returnOnEquity;instruments.*.fundamental.returnOnInvestment,quotes.regular.regularMarketLastSize;quotes.regular.regularMarketLastPrice;quotes.regular.regularMarketTradeTime,V3 G2 cross-validator (CSV vocabulary),NOT_MARKET_DATA,,,NOT_MARKET_DATA: scoped mechanical classifier tail; production wire reads tracked in governance/SCHWAB_V4_REVIEW_MEMOS cone walk
20057d89dc00dad66741,cross_validator,call_engine.py,778,0,pattern_kind_miss,"    return ""low""",return low,instruments.*.fundamental.returnOnAssets;instruments.*.fundamental.returnOnEquity;instruments.*.fundamental.returnOnInvestment;chains.callExpDateMap.*.lowPrice;chains.putExpDateMap.*.lowPrice;chains.underlying.fiftyTwoWeekLow;chains.underlying.lowPrice;pricehistory.candles.*.low;quotes.quote.52WeekLow;quotes.quote.lowPrice;streaming.content.*.LOW_PRICE;streaming.content.*.LOW_PRICE_52_WEEK,movers.screeners.*.totalVolume;quotes.regular.regularMarketLastSize;quotes.quote.totalVolume,V3 G2 cross-validator (CSV vocabulary),NOT_MARKET_DATA,,,NOT_MARKET_DATA: scoped mechanical classifier tail; production wire reads tracked in governance/SCHWAB_V4_REVIEW_MEMOS cone walk
086c59cdd9ebff688c42,cross_validator,call_engine.py,784,0,pattern_kind_miss,"        return ""Session close time unknown — size conservatively.""",return session close time unknown size,instruments.*.fundamental.returnOnAssets;instruments.*.fundamental.returnOnEquity;instruments.*.fundamental.returnOnInvestment;market_hours.bond.BON.sessionHours;market_hours.bond.BON.sessionHours.postMarket;market_hours.bond.BON.sessionHours.postMarket.*;market_hours.bond.BON.sessionHours.postMarket.*.end;market_hours.bond.BON.sessionHours.postMarket.*.start;market_hours.bond.BON.sessionHours.preMarket;market_hours.bond.BON.sessionHours.preMarket.*;market_hours.bond.BON.sessionHours.preMarket.*.end;market_hours.bond.BON.sessionHours.preMarket.*.start;market_hours.bond.BON.sessionHours.regularMarket;market_hours.bond.BON.sessionHours.regularMarket.*;market_hours.bond.BON.sessionHours.regularMarket.*.end;market_hours.bond.BON.sessionHours.regularMarket.*.start;market_hours.equity.EQ.sessionHours;market_hours.equity.EQ.sessionHours.postMarket;market_hours.equity.EQ.sessionHours.postMarket.*;market_hours.equity.EQ.sessionHours.postMarket.*.end;market_hours.equity.EQ.sessionHours.postMarket.*.start;market_hours.equity.EQ.sessionHours.preMarket;market_hours.equity.EQ.sessionHours.preMarket.*;market_hours.equity.EQ.sessionHours.preMarket.*.end;market_hours.equity.EQ.sessionHours.preMarket.*.start,streaming.service;movers.screeners.*.lastPrice;quotes.quote.closePrice,V3 G2 cross-validator (CSV vocabulary),NOT_MARKET_DATA,,,NOT_MARKET_DATA: scoped mechanical classifier tail; production wire reads tracked in governance/SCHWAB_V4_REVIEW_MEMOS cone walk
47c41154ab653a176544,cross_validator,call_engine.py,786,0,pattern_kind_miss,"        return ""No new positions — too close to close.""",return close,instruments.*.fundamental.returnOnAssets;instruments.*.fundamental.returnOnEquity;instruments.*.fundamental.returnOnInvestment;chains.callExpDateMap.*.closePrice;chains.putExpDateMap.*.closePrice;chains.underlying.close;pricehistory.candles.*.close;quotes.quote.closePrice;streaming.content.*.CLOSE_PRICE,quotes.quote.closePrice;quotes.quote.totalVolume;quotes.quote.lowPrice,V3 G2 cross-validator (CSV vocabulary),NOT_MARKET_DATA,,,NOT_MARKET_DATA: scoped mechanical classifier tail; production wire reads tracked in governance/SCHWAB_V4_REVIEW_MEMOS cone walk
6d365f0be1879df078aa,cross_validator,call_engine.py,788,0,pattern_kind_miss,"        base = ""Quick trades only — half size, take profits fast.""",quick trades only size,instruments.*.fundamental.quickRatio;movers.screeners.*.trades;chains.callExpDateMap.*.askSize;chains.callExpDateMap.*.bidAskSize;chains.callExpDateMap.*.bidSize;chains.callExpDateMap.*.lastSize;chains.putExpDateMap.*.askSize;chains.putExpDateMap.*.bidAskSize;chains.putExpDateMap.*.bidSize;chains.putExpDateMap.*.lastSize;chains.underlying.askSize;chains.underlying.bidSize;quotes.extended.askSize;quotes.extended.bidSize;quotes.extended.lastSize;quotes.quote.askSize;quotes.quote.bidSize;quotes.quote.lastSize;quotes.regular.regularMarketLastSize;streaming.content.*.ASK_SIZE;streaming.content.*.BID_SIZE;streaming.content.*.LAST_SIZE;streaming.content.*.REGULAR_MARKET_LAST_SIZE,quotes.quote.askSize;chains.putExpDateMap.*.askSize;chains.callExpDateMap.*.askSize,V3 G2 cross-validator (CSV vocabulary),NOT_MARKET_DATA,,,NOT_MARKET_DATA: scoped mechanical classifier tail; production wire reads tracked in governance/SCHWAB_V4_REVIEW_MEMOS cone walk
7e80dc3095054627eed0,cross_validator,call_engine.py,789,0,pattern_kind_miss,"    elif conviction == ""high"":",high,chains.callExpDateMap.*.highPrice;chains.putExpDateMap.*.highPrice;chains.underlying.fiftyTwoWeekHigh;chains.underlying.highPrice;pricehistory.candles.*.high;quotes.quote.52WeekHigh;quotes.quote.highPrice;streaming.content.*.HIGH_PRICE;streaming.content.*.HIGH_PRICE_52_WEEK,chains.volatility;chains.underlying.bidSize;chains.callExpDateMap.*.volatility,V3 G2 cross-validator (CSV vocabulary),NOT_MARKET_DATA,,,NOT_MARKET_DATA: scoped mechanical classifier tail; production wire reads tracked in governance/SCHWAB_V4_REVIEW_MEMOS cone walk
87e43846d249db7e1528,cross_validator,call_engine.py,790,0,pattern_kind_miss,"        base = ""Full size appropriate — high conviction setup.""",size high,chains.callExpDateMap.*.askSize;chains.callExpDateMap.*.bidAskSize;chains.callExpDateMap.*.bidSize;chains.callExpDateMap.*.lastSize;chains.putExpDateMap.*.askSize;chains.putExpDateMap.*.bidAskSize;chains.putExpDateMap.*.bidSize;chains.putExpDateMap.*.lastSize;chains.underlying.askSize;chains.underlying.bidSize;quotes.extended.askSize;quotes.extended.bidSize;quotes.extended.lastSize;quotes.quote.askSize;quotes.quote.bidSize;quotes.quote.lastSize;quotes.regular.regularMarketLastSize;streaming.content.*.ASK_SIZE;streaming.content.*.BID_SIZE;streaming.content.*.LAST_SIZE;streaming.content.*.REGULAR_MARKET_LAST_SIZE;chains.callExpDateMap.*.highPrice;chains.putExpDateMap.*.highPrice;chains.underlying.fiftyTwoWeekHigh;chains.underlying.highPrice,chains.putExpDateMap.*.theoreticalVolatility;chains.putExpDateMap.*.volatility;chains.putExpDateMap.*.bidSize,V3 G2 cross-validator (CSV vocabulary),NOT_MARKET_DATA,,,NOT_MARKET_DATA: scoped mechanical classifier tail; production wire reads tracked in governance/SCHWAB_V4_REVIEW_MEMOS cone walk
ae8b4ee61babc4a2c328,cross_validator,call_engine.py,792,0,pattern_kind_miss,"        base = ""Half to three-quarter size — medium conviction.""",size,chains.callExpDateMap.*.askSize;chains.callExpDateMap.*.bidAskSize;chains.callExpDateMap.*.bidSize;chains.callExpDateMap.*.lastSize;chains.putExpDateMap.*.askSize;chains.putExpDateMap.*.bidAskSize;chains.putExpDateMap.*.bidSize;chains.putExpDateMap.*.lastSize;chains.underlying.askSize;chains.underlying.bidSize;quotes.extended.askSize;quotes.extended.bidSize;quotes.extended.lastSize;quotes.quote.askSize;quotes.quote.bidSize;quotes.quote.lastSize;quotes.regular.regularMarketLastSize;streaming.content.*.ASK_SIZE;streaming.content.*.BID_SIZE;streaming.content.*.LAST_SIZE;streaming.content.*.REGULAR_MARKET_LAST_SIZE,quotes.quote.bidSize;quotes.quote.askSize;streaming.content.*.BID_SIZE,V3 G2 cross-validator (CSV vocabulary),NOT_MARKET_DATA,,,NOT_MARKET_DATA: scoped mechanical classifier tail; production wire reads tracked in governance/SCHWAB_V4_REVIEW_MEMOS cone walk
e018162255ec36183e90,cross_validator,call_engine.py,794,0,pattern_kind_miss,"        base = ""Small size or skip — low conviction. Wait for better setup.""",size low,chains.callExpDateMap.*.askSize;chains.callExpDateMap.*.bidAskSize;chains.callExpDateMap.*.bidSize;chains.callExpDateMap.*.lastSize;chains.putExpDateMap.*.askSize;chains.putExpDateMap.*.bidAskSize;chains.putExpDateMap.*.bidSize;chains.putExpDateMap.*.lastSize;chains.underlying.askSize;chains.underlying.bidSize;quotes.extended.askSize;quotes.extended.bidSize;quotes.extended.lastSize;quotes.quote.askSize;quotes.quote.bidSize;quotes.quote.lastSize;quotes.regular.regularMarketLastSize;streaming.content.*.ASK_SIZE;streaming.content.*.BID_SIZE;streaming.content.*.LAST_SIZE;streaming.content.*.REGULAR_MARKET_LAST_SIZE;chains.callExpDateMap.*.lowPrice;chains.putExpDateMap.*.lowPrice;chains.underlying.fiftyTwoWeekLow;chains.underlying.lowPrice,quotes.quote.askSize;quotes.quote.bidSize;chains.volatility,V3 G2 cross-validator (CSV vocabulary),NOT_MARKET_DATA,,,NOT_MARKET_DATA: scoped mechanical classifier tail; production wire reads tracked in governance/SCHWAB_V4_REVIEW_MEMOS cone walk
4b9e5a9e2a9f45d7064e,cross_validator,call_engine.py,797,0,pattern_kind_miss,"        base += f"" VIX at {vix:.1f} — widen stops, reduce size further.""",size,chains.callExpDateMap.*.askSize;chains.callExpDateMap.*.bidAskSize;chains.callExpDateMap.*.bidSize;chains.callExpDateMap.*.lastSize;chains.putExpDateMap.*.askSize;chains.putExpDateMap.*.bidAskSize;chains.putExpDateMap.*.bidSize;chains.putExpDateMap.*.lastSize;chains.underlying.askSize;chains.underlying.bidSize;quotes.extended.askSize;quotes.extended.bidSize;quotes.extended.lastSize;quotes.quote.askSize;quotes.quote.bidSize;quotes.quote.lastSize;quotes.regular.regularMarketLastSize;streaming.content.*.ASK_SIZE;streaming.content.*.BID_SIZE;streaming.content.*.LAST_SIZE;streaming.content.*.REGULAR_MARKET_LAST_SIZE,quotes.quote.askSize;quotes.quote.bidSize;quotes.extended.askSize,V3 G2 cross-validator (CSV vocabulary),NOT_MARKET_DATA,,,NOT_MARKET_DATA: scoped mechanical classifier tail; production wire reads tracked in governance/SCHWAB_V4_REVIEW_MEMOS cone walk
887c8c4fc432f4143300,cross_validator,call_engine.py,798,0,pattern_kind_miss,    return base,return,instruments.*.fundamental.returnOnAssets;instruments.*.fundamental.returnOnEquity;instruments.*.fundamental.returnOnInvestment,quotes.regular.regularMarketLastSize;quotes.regular.regularMarketTradeTime;market_hours.future.RB.isOpen,V3 G2 cross-validator (CSV vocabulary),NOT_MARKET_DATA,,,NOT_MARKET_DATA: scoped mechanical classifier tail; production wire reads tracked in governance/SCHWAB_V4_REVIEW_MEMOS cone walk
772a0f19eb878ef8f00c,cross_validator,call_engine.py,811,0,pattern_kind_miss,def _exec_mode_for_r_units(r_units: float) -> str:,float,instruments.*.fundamental.marketCapFloat;instruments.*.fundamental.shortIntToFloat,quotes.quote.askSize;quotes.quote.bidSize;streaming.content.*.BID_SIZE,V3 G2 cross-validator (CSV vocabulary),NOT_MARKET_DATA,,,NOT_MARKET_DATA: scoped mechanical classifier tail; production wire reads tracked in governance/SCHWAB_V4_REVIEW_MEMOS cone walk
f2c492f6f62352e764bd,cross_validator,call_engine.py,812,0,pattern_kind_miss,"    """"""Map r_units to execution mode (chained <= semantics via EXEC_MODES upper bounds).""""""",map,chains.callExpDateMap;chains.callExpDateMap.*;chains.callExpDateMap.*.ask;chains.callExpDateMap.*.askSize;chains.callExpDateMap.*.bid;chains.callExpDateMap.*.bidAskSize;chains.callExpDateMap.*.bidSize;chains.callExpDateMap.*.closePrice;chains.callExpDateMap.*.daysToExpiration;chains.callExpDateMap.*.deliverableNote;chains.callExpDateMap.*.delta;chains.callExpDateMap.*.description;chains.callExpDateMap.*.exchangeName;chains.callExpDateMap.*.exerciseType;chains.callExpDateMap.*.expirationDate;chains.callExpDateMap.*.expirationType;chains.callExpDateMap.*.extrinsicValue;chains.callExpDateMap.*.gamma;chains.callExpDateMap.*.high52Week;chains.callExpDateMap.*.highPrice;chains.callExpDateMap.*.inTheMoney;chains.callExpDateMap.*.intrinsicValue;chains.callExpDateMap.*.last;chains.callExpDateMap.*.lastSize;chains.callExpDateMap.*.lastTradingDay,chains.putExpDateMap.*.bidSize;quotes.quote.bidSize;chains.putExpDateMap.*.askSize,V3 G2 cross-validator (CSV vocabulary),NOT_MARKET_DATA,,,NOT_MARKET_DATA: scoped mechanical classifier tail; production wire reads tracked in governance/SCHWAB_V4_REVIEW_MEMOS cone walk
605d83dca39895fce846,cross_validator,call_engine.py,814,0,pattern_kind_miss,"        return ""NO_TRADE""",return,instruments.*.fundamental.returnOnAssets;instruments.*.fundamental.returnOnEquity;instruments.*.fundamental.returnOnInvestment,streaming.content.*.BIDS;streaming.content.*.REGULAR_MARKET_TRADE;streaming.content.*.BIDS.*.BID_PRICE,V3 G2 cross-validator (CSV vocabulary),NOT_MARKET_DATA,,,NOT_MARKET_DATA: scoped mechanical classifier tail; production wire reads tracked in governance/SCHWAB_V4_REVIEW_MEMOS cone walk
f2a5e41d4c6b4c066498,cross_validator,call_engine.py,816,0,pattern_kind_miss,"        return ""PROBE""",return,instruments.*.fundamental.returnOnAssets;instruments.*.fundamental.returnOnEquity;instruments.*.fundamental.returnOnInvestment,market_hours.future.RB.isOpen;market_hours.future.MRB.isOpen;movers.screeners.*.totalVolume,V3 G2 cross-validator (CSV vocabulary),NOT_MARKET_DATA,,,NOT_MARKET_DATA: scoped mechanical classifier tail; production wire reads tracked in governance/SCHWAB_V4_REVIEW_MEMOS cone walk
e02448b7699e1aac3283,cross_validator,call_engine.py,818,0,pattern_kind_miss,"        return ""REDUCED""",return,instruments.*.fundamental.returnOnAssets;instruments.*.fundamental.returnOnEquity;instruments.*.fundamental.returnOnInvestment,quotes.extended.bidSize;quotes.quote.bidSize;quotes.extended.askSize,V3 G2 cross-validator (CSV vocabulary),NOT_MARKET_DATA,,,NOT_MARKET_DATA: scoped mechanical classifier tail; production wire reads tracked in governance/SCHWAB_V4_REVIEW_MEMOS cone walk
336355bb1289791659fa,cross_validator,call_engine.py,820,0,pattern_kind_miss,"        return ""STANDARD""",return standard,instruments.*.fundamental.returnOnAssets;instruments.*.fundamental.returnOnEquity;instruments.*.fundamental.returnOnInvestment;chains.callExpDateMap.*.nonStandard;chains.putExpDateMap.*.nonStandard,chains.putExpDateMap.*.bidSize;market_hours.future.ADA.sessionHours.regularMarket.*.start;streaming.content.*.REGULAR_MARKET_TRADE,V3 G2 cross-validator (CSV vocabulary),NOT_MARKET_DATA,,,NOT_MARKET_DATA: scoped mechanical classifier tail; production wire reads tracked in governance/SCHWAB_V4_REVIEW_MEMOS cone walk
8dc825e42a817ce3ecee,cross_validator,call_engine.py,821,0,pattern_kind_miss,"    return ""MAX""",return,instruments.*.fundamental.returnOnAssets;instruments.*.fundamental.returnOnEquity;instruments.*.fundamental.returnOnInvestment,market_hours.future.MRB.isOpen;quotes.regular.regularMarketTradeTime;market_hours.future.RB.isOpen,V3 G2 cross-validator (CSV vocabulary),NOT_MARKET_DATA,,,NOT_MARKET_DATA: scoped mechanical classifier tail; production wire reads tracked in governance/SCHWAB_V4_REVIEW_MEMOS cone walk
368fecdea68f2295b8a6,cross_validator,call_engine.py,829,0,pattern_kind_miss,"    confluence_count: int,",int,instruments.*.fundamental.shortIntDayToCover;instruments.*.fundamental.shortIntToFloat,quotes.reference.cusip;quotes.reference.description;quotes.fundamental.fundLeverageFactor,V3 G2 cross-validator (CSV vocabulary),NOT_MARKET_DATA,,,NOT_MARKET_DATA: scoped mechanical classifier tail; production wire reads tracked in governance/SCHWAB_V4_REVIEW_MEMOS cone walk
a2e792cfa83048cf7261,cross_validator,call_engine.py,830,0,pattern_kind_miss,"    confluence_total: int,",int,instruments.*.fundamental.shortIntDayToCover;instruments.*.fundamental.shortIntToFloat,chains.callExpDateMap.*.volatility;instruments.*.fundamental.totalDebtToCapital;chains.callExpDateMap.*.theoreticalVolatility,V3 G2 cross-validator (CSV vocabulary),NOT_MARKET_DATA,,,NOT_MARKET_DATA: scoped mechanical classifier tail; production wire reads tracked in governance/SCHWAB_V4_REVIEW_MEMOS cone walk
67227740006671c82f87,cross_validator,call_engine.py,831,0,pattern_kind_miss,    # Regime,regime,,chains.callExpDateMap.*.vega;chains.putExpDateMap.*.vega;streaming.content.*.BID_SIZE,V3 G2 cross-validator (CSV vocabulary),NOT_MARKET_DATA,,,NOT_MARKET_DATA: scoped mechanical classifier tail; production wire reads tracked in governance/SCHWAB_V4_REVIEW_MEMOS cone walk
690a565ade0a19a5fe52,cross_validator,call_engine.py,832,0,pattern_kind_miss,"    regime_label: str = ""unknown"",",unknown,,quotes.regular.regularMarketLastSize;quotes.regular.regularMarketLastPrice;streaming.content.*.REGULAR_MARKET_TRADE_MILLIS,V3 G2 cross-validator (CSV vocabulary),NOT_MARKET_DATA,,,NOT_MARKET_DATA: scoped mechanical classifier tail; production wire reads tracked in governance/SCHWAB_V4_REVIEW_MEMOS cone walk
ef43a95213e01fbdb1b9,cross_validator,call_engine.py,833,0,pattern_kind_miss,"    regime_confidence: str = ""low"",",low,chains.callExpDateMap.*.lowPrice;chains.putExpDateMap.*.lowPrice;chains.underlying.fiftyTwoWeekLow;chains.underlying.lowPrice;pricehistory.candles.*.low;quotes.quote.52WeekLow;quotes.quote.lowPrice;streaming.content.*.LOW_PRICE;streaming.content.*.LOW_PRICE_52_WEEK,quotes.quote.bidSize;quotes.extended.bidSize;streaming.content.*.BID_SIZE,V3 G2 cross-validator (CSV vocabulary),NOT_MARKET_DATA,,,NOT_MARKET_DATA: scoped mechanical classifier tail; production wire reads tracked in governance/SCHWAB_V4_REVIEW_MEMOS cone walk
417342c48c5c8e71a888,cross_validator,call_engine.py,834,0,pattern_kind_miss,    # Volatility,volatility,chains.callExpDateMap.*.theoreticalVolatility;chains.callExpDateMap.*.volatility;chains.putExpDateMap.*.theoreticalVolatility;chains.putExpDateMap.*.volatility;chains.volatility,chains.volatility;chains.callExpDateMap.*.theoreticalVolatility;chains.putExpDateMap.*.theoreticalVolatility,V3 G2 cross-validator (CSV vocabulary),NOT_MARKET_DATA,,,NOT_MARKET_DATA: scoped mechanical classifier tail; production wire reads tracked in governance/SCHWAB_V4_REVIEW_MEMOS cone walk
2fc640547b5af2380652,cross_validator,call_engine.py,846,0,pattern_kind_miss,"    fusion_confidence: str = ""low"",",low,chains.callExpDateMap.*.lowPrice;chains.putExpDateMap.*.lowPrice;chains.underlying.fiftyTwoWeekLow;chains.underlying.lowPrice;pricehistory.candles.*.low;quotes.quote.52WeekLow;quotes.quote.lowPrice;streaming.content.*.LOW_PRICE;streaming.content.*.LOW_PRICE_52_WEEK,quotes.quote.bidSize;quotes.quote.askSize;quotes.quote.closePrice,V3 G2 cross-validator (CSV vocabulary),NOT_MARKET_DATA,,,NOT_MARKET_DATA: scoped mechanical classifier tail; production wire reads tracked in governance/SCHWAB_V4_REVIEW_MEMOS cone walk
9210e37bdf4ed1de15ce,cross_validator,call_engine.py,847,0,pattern_kind_miss,"    n_models_active: int = 0,",int,instruments.*.fundamental.shortIntDayToCover;instruments.*.fundamental.shortIntToFloat,chains.callExpDateMap.*.volatility;chains.volatility;chains.putExpDateMap.*.volatility,V3 G2 cross-validator (CSV vocabulary),NOT_MARKET_DATA,,,NOT_MARKET_DATA: scoped mechanical classifier tail; production wire reads tracked in governance/SCHWAB_V4_REVIEW_MEMOS cone walk
bbc2d9ef839eaa663808,cross_validator,call_engine.py,851,0,pattern_kind_miss,    # Risk,risk,,chains.underlying.askSize;chains.underlying.bidSize;quotes.quote.askSize,V3 G2 cross-validator (CSV vocabulary),NOT_MARKET_DATA,,,NOT_MARKET_DATA: scoped mechanical classifier tail; production wire reads tracked in governance/SCHWAB_V4_REVIEW_MEMOS cone walk
86d53a6898eb749f084b,cross_validator,call_engine.py,854,0,pattern_kind_miss,    # Time,time,chains.callExpDateMap.*.quoteTimeInLong;chains.callExpDateMap.*.timeValue;chains.callExpDateMap.*.tradeTimeInLong;chains.putExpDateMap.*.quoteTimeInLong;chains.putExpDateMap.*.timeValue;chains.putExpDateMap.*.tradeTimeInLong;chains.underlying.quoteTime;chains.underlying.tradeTime;quotes.extended.quoteTime;quotes.extended.tradeTime;quotes.quote.askTime;quotes.quote.bidTime;quotes.quote.quoteTime;quotes.quote.tradeTime;quotes.regular.regularMarketTradeTime;streaming.content.*.ASK_TIME_MILLIS;streaming.content.*.BID_TIME_MILLIS;streaming.content.*.BOOK_TIME;streaming.content.*.CHART_TIME_MILLIS;streaming.content.*.QUOTE_TIME_MILLIS;streaming.content.*.TRADE_TIME_MILLIS,chains.volatility;chains.putExpDateMap.*.volatility;chains.callExpDateMap.*.volatility,V3 G2 cross-validator (CSV vocabulary),NOT_MARKET_DATA,,,NOT_MARKET_DATA: scoped mechanical classifier tail; production wire reads tracked in governance/SCHWAB_V4_REVIEW_MEMOS cone walk
c91d06f4aa8b4f98d028,cross_validator,call_engine.py,856,0,pattern_kind_miss,    # Volatility regime: risk_multiplier > 1 = wider stops → reduce position for same $ risk,volatility regime risk,chains.callExpDateMap.*.theoreticalVolatility;chains.callExpDateMap.*.volatility;chains.putExpDateMap.*.theoreticalVolatility;chains.putExpDateMap.*.volatility;chains.volatility,quotes.quote.bidSize;quotes.quote.askSize;quotes.extended.askSize,V3 G2 cross-validator (CSV vocabulary),NOT_MARKET_DATA,,,NOT_MARKET_DATA: scoped mechanical classifier tail; production wire reads tracked in governance/SCHWAB_V4_REVIEW_MEMOS cone walk
04de9e5fd394d5ed83c5,cross_validator,call_engine.py,857,0,pattern_kind_miss,"    vol_regime_risk_multiplier: float = 1.0,",float,instruments.*.fundamental.marketCapFloat;instruments.*.fundamental.shortIntToFloat,chains.callExpDateMap.*.theoreticalVolatility;chains.putExpDateMap.*.theoreticalVolatility;chains.callExpDateMap.*.totalVolume,V3 G2 cross-validator (CSV vocabulary),NOT_MARKET_DATA,,,NOT_MARKET_DATA: scoped mechanical classifier tail; production wire reads tracked in governance/SCHWAB_V4_REVIEW_MEMOS cone walk
b862287df8c8f32524f9,cross_validator,call_engine.py,860,0,pattern_kind_miss,    Formal position sizing per Trade Execution & Position Sizing Framework v1.,per trade,instruments.*.fundamental.bookValuePerShare;chains.callExpDateMap.*.tradeTimeInLong;chains.putExpDateMap.*.tradeTimeInLong;chains.underlying.tradeTime;quotes.extended.tradeTime;quotes.quote.tradeTime;quotes.regular.regularMarketTradeTime;streaming.content.*.REGULAR_MARKET_TRADE;streaming.content.*.REGULAR_MARKET_TRADE_MILLIS;streaming.content.*.TRADE_TIME_MILLIS,quotes.quote.askSize;quotes.quote.bidSize;streaming.content.*.BIDS,V3 G2 cross-validator (CSV vocabulary),NOT_MARKET_DATA,,,NOT_MARKET_DATA: scoped mechanical classifier tail; production wire reads tracked in governance/SCHWAB_V4_REVIEW_MEMOS cone walk
e0c7e8623cef0e06f7f4,cross_validator,call_engine.py,863,0,pattern_kind_miss,        r_units:            float (0.00 to 1.25),float,instruments.*.fundamental.marketCapFloat;instruments.*.fundamental.shortIntToFloat,quotes.quote.lastPrice;quotes.quote.highPrice;quotes.quote.lowPrice,V3 G2 cross-validator (CSV vocabulary),NOT_MARKET_DATA,,,NOT_MARKET_DATA: scoped mechanical classifier tail; production wire reads tracked in governance/SCHWAB_V4_REVIEW_MEMOS cone walk
6c02cc727aeef2b4f9fb,cross_validator,call_engine.py,864,0,pattern_kind_miss,"        execution_mode:     str ('NO_TRADE', 'PROBE', 'REDUCED', 'STANDARD', 'MAX')",standard,chains.callExpDateMap.*.nonStandard;chains.putExpDateMap.*.nonStandard,chains.callExpDateMap.*.vega;chains.putExpDateMap.*.vega;chains.putExpDateMap.*.delta,V3 G2 cross-validator (CSV vocabulary),NOT_MARKET_DATA,,,NOT_MARKET_DATA: scoped mechanical classifier tail; production wire reads tracked in governance/SCHWAB_V4_REVIEW_MEMOS cone walk
245c423e80ea590cdc0f,cross_validator,call_engine.py,865,0,pattern_kind_miss,        multipliers:        dict of each factor,factor,instruments.*.fundamental.fundLeverageFactor;quotes.fundamental.fundLeverageFactor,chains.volatility;chains.putExpDateMap.*.theoreticalVolatility;chains.callExpDateMap.*.theoreticalVolatility,V3 G2 cross-validator (CSV vocabulary),NOT_MARKET_DATA,,,NOT_MARKET_DATA: scoped mechanical classifier tail; production wire reads tracked in governance/SCHWAB_V4_REVIEW_MEMOS cone walk
0c12f1c5932dc2f47027,cross_validator,call_engine.py,867,0,pattern_kind_miss,        reduction_reasons:  list of strings explaining each cut,list,chains.callExpDateMap.*.optionDeliverablesList;chains.callExpDateMap.*.optionDeliverablesList.*;chains.callExpDateMap.*.optionDeliverablesList.*.assetType;chains.callExpDateMap.*.optionDeliverablesList.*.currencyType;chains.callExpDateMap.*.optionDeliverablesList.*.deliverableUnits;chains.callExpDateMap.*.optionDeliverablesList.*.symbol;chains.putExpDateMap.*.optionDeliverablesList;chains.putExpDateMap.*.optionDeliverablesList.*;chains.putExpDateMap.*.optionDeliverablesList.*.assetType;chains.putExpDateMap.*.optionDeliverablesList.*.currencyType;chains.putExpDateMap.*.optionDeliverablesList.*.deliverableUnits;chains.putExpDateMap.*.optionDeliverablesList.*.symbol,quotes.quote.askSize;chains.putExpDateMap.*.askSize;streaming.content.*.ASK_SIZE,V3 G2 cross-validator (CSV vocabulary),NOT_MARKET_DATA,,,NOT_MARKET_DATA: scoped mechanical classifier tail; production wire reads tracked in governance/SCHWAB_V4_REVIEW_MEMOS cone walk
50a36816d9954ef58187,cross_validator,call_engine.py,871,0,pattern_kind_miss,        return {,return,instruments.*.fundamental.returnOnAssets;instruments.*.fundamental.returnOnEquity;instruments.*.fundamental.returnOnInvestment,quotes.regular.regularMarketTradeTime;market_hours.future.RTY.isOpen;market_hours.future.RME.isOpen,V3 G2 cross-validator (CSV vocabulary),NOT_MARKET_DATA,,,NOT_MARKET_DATA: scoped mechanical classifier tail; production wire reads tracked in governance/SCHWAB_V4_REVIEW_MEMOS cone walk
91bd3fe9aabf6fffbc52,cross_validator,call_engine.py,876,0,pattern_kind_miss,"            ""reduction_reasons"": [""no active trade"" if signal == ""wait"" else ""validation gate failed""],",trade,chains.callExpDateMap.*.tradeTimeInLong;chains.putExpDateMap.*.tradeTimeInLong;chains.underlying.tradeTime;quotes.extended.tradeTime;quotes.quote.tradeTime;quotes.regular.regularMarketTradeTime;streaming.content.*.REGULAR_MARKET_TRADE;streaming.content.*.REGULAR_MARKET_TRADE_MILLIS;streaming.content.*.TRADE_TIME_MILLIS,chains.callExpDateMap.*.bidSize;chains.putExpDateMap.*.bidSize;chains.callExpDateMap.*.askSize,V3 G2 cross-validator (CSV vocabulary),NOT_MARKET_DATA,,,NOT_MARKET_DATA: scoped mechanical classifier tail; production wire reads tracked in governance/SCHWAB_V4_REVIEW_MEMOS cone walk
6f61ccc059f1098b3ed7,cross_validator,call_engine.py,877,0,pattern_kind_miss,"            ""summary"": ""No trade."",",trade,chains.callExpDateMap.*.tradeTimeInLong;chains.putExpDateMap.*.tradeTimeInLong;chains.underlying.tradeTime;quotes.extended.tradeTime;quotes.quote.tradeTime;quotes.regular.regularMarketTradeTime;streaming.content.*.REGULAR_MARKET_TRADE;streaming.content.*.REGULAR_MARKET_TRADE_MILLIS;streaming.content.*.TRADE_TIME_MILLIS,streaming.content.*.BIDS.*.BIDS.*.BID_VOLUME;streaming.content.*.BIDS.*.NUM_BIDS;quotes.regular.regularMarketLastSize,V3 G2 cross-validator (CSV vocabulary),NOT_MARKET_DATA,,,NOT_MARKET_DATA: scoped mechanical classifier tail; production wire reads tracked in governance/SCHWAB_V4_REVIEW_MEMOS cone walk
2f96de2f3e758197c166,cross_validator,call_engine.py,881,0,pattern_kind_miss,        return {,return,instruments.*.fundamental.returnOnAssets;instruments.*.fundamental.returnOnEquity;instruments.*.fundamental.returnOnInvestment,quotes.regular.regularMarketTradeTime;market_hours.future.RTY.isOpen;market_hours.future.RME.isOpen,V3 G2 cross-validator (CSV vocabulary),NOT_MARKET_DATA,,,NOT_MARKET_DATA: scoped mechanical classifier tail; production wire reads tracked in governance/SCHWAB_V4_REVIEW_MEMOS cone walk
c9d8c740cd5a12192ec3,cross_validator,call_engine.py,887,0,pattern_kind_miss,"            ""summary"": ""No trade — session close time unknown."",",trade session close time unknown,chains.callExpDateMap.*.tradeTimeInLong;chains.putExpDateMap.*.tradeTimeInLong;chains.underlying.tradeTime;quotes.extended.tradeTime;quotes.quote.tradeTime;quotes.regular.regularMarketTradeTime;streaming.content.*.REGULAR_MARKET_TRADE;streaming.content.*.REGULAR_MARKET_TRADE_MILLIS;streaming.content.*.TRADE_TIME_MILLIS;market_hours.bond.BON.sessionHours;market_hours.bond.BON.sessionHours.postMarket;market_hours.bond.BON.sessionHours.postMarket.*;market_hours.bond.BON.sessionHours.postMarket.*.end;market_hours.bond.BON.sessionHours.postMarket.*.start;market_hours.bond.BON.sessionHours.preMarket;market_hours.bond.BON.sessionHours.preMarket.*;market_hours.bond.BON.sessionHours.preMarket.*.end;market_hours.bond.BON.sessionHours.preMarket.*.start;market_hours.bond.BON.sessionHours.regularMarket;market_hours.bond.BON.sessionHours.regularMarket.*;market_hours.bond.BON.sessionHours.regularMarket.*.end;market_hours.bond.BON.sessionHours.regularMarket.*.start;market_hours.equity.EQ.sessionHours;market_hours.equity.EQ.sessionHours.postMarket;market_hours.equity.EQ.sessionHours.postMarket.*,quotes.quote.lastPrice;quotes.quote.closePrice;quotes.quote.askSize,V3 G2 cross-validator (CSV vocabulary),NOT_MARKET_DATA,,,NOT_MARKET_DATA: scoped mechanical classifier tail; production wire reads tracked in governance/SCHWAB_V4_REVIEW_MEMOS cone walk
26da0c10dfe9d828001a,cross_validator,call_engine.py,892,0,pattern_kind_miss,    # == 1. CONFIDENCE MULTIPLIER =============================================,multiplier,chains.callExpDateMap.*.multiplier;chains.putExpDateMap.*.multiplier,pricehistory.candles.*.datetime;quotes.reference.description;chains.volatility,V3 G2 cross-validator (CSV vocabulary),NOT_MARKET_DATA,,,NOT_MARKET_DATA: scoped mechanical classifier tail; production wire reads tracked in governance/SCHWAB_V4_REVIEW_MEMOS cone walk
143f297c828bfdd2c4d3,cross_validator,call_engine.py,893,0,pattern_kind_miss,"    # COH-SA queue: conf_mult buckets, VIX/ATR vol_mult, mc_mult branches — policy table slice next.",next,instruments.*.fundamental.nextDividendDate;instruments.*.fundamental.nextDividendPayDate;quotes.fundamental.nextDivExDate;quotes.fundamental.nextDivPayDate,chains.callExpDateMap.*.totalVolume;chains.callExpDateMap.*.theoreticalVolatility;chains.putExpDateMap.*.theoreticalVolatility,V3 G2 cross-validator (CSV vocabulary),NOT_MARKET_DATA,,,NOT_MARKET_DATA: scoped mechanical classifier tail; production wire reads tracked in governance/SCHWAB_V4_REVIEW_MEMOS cone walk
1dad90b04a380d8af88f,cross_validator,call_engine.py,894,0,pattern_kind_miss,    # From fusion confidence + model agreement + confluence,model,,quotes.fundamental.fundLeverageFactor;pricehistory.candles.*.volume;quotes.reference.description,V3 G2 cross-validator (CSV vocabulary),NOT_MARKET_DATA,,,NOT_MARKET_DATA: scoped mechanical classifier tail; production wire reads tracked in governance/SCHWAB_V4_REVIEW_MEMOS cone walk
7baf41d0130e7b8ec754,cross_validator,call_engine.py,895,0,pattern_kind_miss,"    if conviction == ""high"" and confluence_count >= CONF_MULT_HIGH_CONFLUENCE_MIN:",high,chains.callExpDateMap.*.highPrice;chains.putExpDateMap.*.highPrice;chains.underlying.fiftyTwoWeekHigh;chains.underlying.highPrice;pricehistory.candles.*.high;quotes.quote.52WeekHigh;quotes.quote.highPrice;streaming.content.*.HIGH_PRICE;streaming.content.*.HIGH_PRICE_52_WEEK,chains.callExpDateMap.*.description;quotes.quote.highPrice;streaming.content.*.cusip,V3 G2 cross-validator (CSV vocabulary),NOT_MARKET_DATA,,,NOT_MARKET_DATA: scoped mechanical classifier tail; production wire reads tracked in governance/SCHWAB_V4_REVIEW_MEMOS cone walk
f5830c1a85a695cb25c7,cross_validator,call_engine.py,897,0,pattern_kind_miss,"    elif conviction == ""high"":",high,chains.callExpDateMap.*.highPrice;chains.putExpDateMap.*.highPrice;chains.underlying.fiftyTwoWeekHigh;chains.underlying.highPrice;pricehistory.candles.*.high;quotes.quote.52WeekHigh;quotes.quote.highPrice;streaming.content.*.HIGH_PRICE;streaming.content.*.HIGH_PRICE_52_WEEK,chains.volatility;chains.underlying.bidSize;chains.callExpDateMap.*.volatility,V3 G2 cross-validator (CSV vocabulary),NOT_MARKET_DATA,,,NOT_MARKET_DATA: scoped mechanical classifier tail; production wire reads tracked in governance/SCHWAB_V4_REVIEW_MEMOS cone walk
4820088dc9e5eafc5ce9,cross_validator,call_engine.py,901,0,pattern_kind_miss,"    elif conviction == ""low"":",low,chains.callExpDateMap.*.lowPrice;chains.putExpDateMap.*.lowPrice;chains.underlying.fiftyTwoWeekLow;chains.underlying.lowPrice;pricehistory.candles.*.low;quotes.quote.52WeekLow;quotes.quote.lowPrice;streaming.content.*.LOW_PRICE;streaming.content.*.LOW_PRICE_52_WEEK,chains.volatility;chains.callExpDateMap.*.volatility;chains.callExpDateMap.*.theoreticalVolatility,V3 G2 cross-validator (CSV vocabulary),NOT_MARKET_DATA,,,NOT_MARKET_DATA: scoped mechanical classifier tail; production wire reads tracked in governance/SCHWAB_V4_REVIEW_MEMOS cone walk
2ca6154c973a70d14693,cross_validator,call_engine.py,903,0,pattern_kind_miss,"        reasons.append(""low conviction"")",low,chains.callExpDateMap.*.lowPrice;chains.putExpDateMap.*.lowPrice;chains.underlying.fiftyTwoWeekLow;chains.underlying.lowPrice;pricehistory.candles.*.low;quotes.quote.52WeekLow;quotes.quote.lowPrice;streaming.content.*.LOW_PRICE;streaming.content.*.LOW_PRICE_52_WEEK,chains.callExpDateMap.*.optionDeliverablesList;chains.callExpDateMap.*.optionDeliverablesList.*.symbol;chains.putExpDateMap.*.optionDeliverablesList.*.symbol,V3 G2 cross-validator (CSV vocabulary),NOT_MARKET_DATA,,,NOT_MARKET_DATA: scoped mechanical classifier tail; production wire reads tracked in governance/SCHWAB_V4_REVIEW_MEMOS cone walk
42b6bd3cf0cc82dca3d9,cross_validator,call_engine.py,906,0,pattern_kind_miss,"        reasons.append(""very low conviction"")",low,chains.callExpDateMap.*.lowPrice;chains.putExpDateMap.*.lowPrice;chains.underlying.fiftyTwoWeekLow;chains.underlying.lowPrice;pricehistory.candles.*.low;quotes.quote.52WeekLow;quotes.quote.lowPrice;streaming.content.*.LOW_PRICE;streaming.content.*.LOW_PRICE_52_WEEK,chains.callExpDateMap.*.openInterest;chains.callExpDateMap.*.optionDeliverablesList.*.currencyType;chains.callExpDateMap.*.optionDeliverablesList,V3 G2 cross-validator (CSV vocabulary),NOT_MARKET_DATA,,,NOT_MARKET_DATA: scoped mechanical classifier tail; production wire reads tracked in governance/SCHWAB_V4_REVIEW_MEMOS cone walk
e4fe45fc0426969800a6,cross_validator,call_engine.py,908,0,pattern_kind_miss,    # Model agreement boost/cut,model,,quotes.extended.totalVolume;quotes.quote.totalVolume;movers.screeners.*.totalVolume,V3 G2 cross-validator (CSV vocabulary),NOT_MARKET_DATA,,,NOT_MARKET_DATA: scoped mechanical classifier tail; production wire reads tracked in governance/SCHWAB_V4_REVIEW_MEMOS cone walk
8a84a7b3fc43a6eaf23e,cross_validator,call_engine.py,914,0,pattern_kind_miss,"            reasons.append(f""model disagreement ({model_agreement:.0%})"")",model,,chains.putExpDateMap.*.delta;chains.putExpDateMap.*.vega;chains.putExpDateMap.*.theta,V3 G2 cross-validator (CSV vocabulary),NOT_MARKET_DATA,,,NOT_MARKET_DATA: scoped mechanical classifier tail; production wire reads tracked in governance/SCHWAB_V4_REVIEW_MEMOS cone walk
a6f302f5a2103ffeef4f,cross_validator,call_engine.py,917,0,pattern_kind_miss,"    if fusion_confidence == ""high"" and conf_mult < 1.0:",high,chains.callExpDateMap.*.highPrice;chains.putExpDateMap.*.highPrice;chains.underlying.fiftyTwoWeekHigh;chains.underlying.highPrice;pricehistory.candles.*.high;quotes.quote.52WeekHigh;quotes.quote.highPrice;streaming.content.*.HIGH_PRICE;streaming.content.*.HIGH_PRICE_52_WEEK,quotes.quote.highPrice;quotes.quote.bidPrice;chains.underlying.bidSize,V3 G2 cross-validator (CSV vocabulary),NOT_MARKET_DATA,,,NOT_MARKET_DATA: scoped mechanical classifier tail; production wire reads tracked in governance/SCHWAB_V4_REVIEW_MEMOS cone walk
4af321ff7897c92b30b4,cross_validator,call_engine.py,920,0,pattern_kind_miss,    # == 2. REGIME MULTIPLIER =================================================,regime multiplier,chains.callExpDateMap.*.multiplier;chains.putExpDateMap.*.multiplier,chains.volatility;pricehistory.candles.*.volume;chains.callExpDateMap.*.rho,V3 G2 cross-validator (CSV vocabulary),NOT_MARKET_DATA,,,NOT_MARKET_DATA: scoped mechanical classifier tail; production wire reads tracked in governance/SCHWAB_V4_REVIEW_MEMOS cone walk
c1a5e34c6c92468a8d82,cross_validator,call_engine.py,922,0,pattern_kind_miss,"    if regime_confidence == ""low"":",low,chains.callExpDateMap.*.lowPrice;chains.putExpDateMap.*.lowPrice;chains.underlying.fiftyTwoWeekLow;chains.underlying.lowPrice;pricehistory.candles.*.low;quotes.quote.52WeekLow;quotes.quote.lowPrice;streaming.content.*.LOW_PRICE;streaming.content.*.LOW_PRICE_52_WEEK,quotes.extended.bidSize;quotes.quote.bidSize;chains.underlying.bidSize,V3 G2 cross-validator (CSV vocabulary),NOT_MARKET_DATA,,,NOT_MARKET_DATA: scoped mechanical classifier tail; production wire reads tracked in governance/SCHWAB_V4_REVIEW_MEMOS cone walk
eb2cd7b99eab0e0ce5ed,cross_validator,call_engine.py,923,0,pattern_kind_miss,"        reasons.append(""low regime confidence"")",low regime,chains.callExpDateMap.*.lowPrice;chains.putExpDateMap.*.lowPrice;chains.underlying.fiftyTwoWeekLow;chains.underlying.lowPrice;pricehistory.candles.*.low;quotes.quote.52WeekLow;quotes.quote.lowPrice;streaming.content.*.LOW_PRICE;streaming.content.*.LOW_PRICE_52_WEEK,chains.callExpDateMap.*.rho;chains.callExpDateMap.*.bidSize;chains.putExpDateMap.*.bidSize,V3 G2 cross-validator (CSV vocabulary),NOT_MARKET_DATA,,,NOT_MARKET_DATA: scoped mechanical classifier tail; production wire reads tracked in governance/SCHWAB_V4_REVIEW_MEMOS cone walk
6c5bb8bda95ca2faddd7,cross_validator,call_engine.py,926,0,pattern_kind_miss,"        reasons.append(f""{regime_label} regime"")",regime,,chains.callExpDateMap.*.vega;chains.putExpDateMap.*.vega;chains.callExpDateMap.*.rho,V3 G2 cross-validator (CSV vocabulary),NOT_MARKET_DATA,,,NOT_MARKET_DATA: scoped mechanical classifier tail; production wire reads tracked in governance/SCHWAB_V4_REVIEW_MEMOS cone walk
97f1a8507312e4e66878,cross_validator,call_engine.py,928,0,pattern_kind_miss,    # == 3. VOLATILITY MULTIPLIER =============================================,volatility multiplier,chains.callExpDateMap.*.theoreticalVolatility;chains.callExpDateMap.*.volatility;chains.putExpDateMap.*.theoreticalVolatility;chains.putExpDateMap.*.volatility;chains.volatility;chains.callExpDateMap.*.multiplier;chains.putExpDateMap.*.multiplier,chains.volatility;chains.callExpDateMap.*.theoreticalVolatility;chains.putExpDateMap.*.theoreticalVolatility,V3 G2 cross-validator (CSV vocabulary),NOT_MARKET_DATA,,,NOT_MARKET_DATA: scoped mechanical classifier tail; production wire reads tracked in governance/SCHWAB_V4_REVIEW_MEMOS cone walk
f6470c9776ee18e3d6d3,cross_validator,call_engine.py,942,0,pattern_kind_miss,"    # ATR-based: if stop distance < 0.5 ATR, trade is too tight",trade,chains.callExpDateMap.*.tradeTimeInLong;chains.putExpDateMap.*.tradeTimeInLong;chains.underlying.tradeTime;quotes.extended.tradeTime;quotes.quote.tradeTime;quotes.regular.regularMarketTradeTime;streaming.content.*.REGULAR_MARKET_TRADE;streaming.content.*.REGULAR_MARKET_TRADE_MILLIS;streaming.content.*.TRADE_TIME_MILLIS,chains.putExpDateMap.*.theoreticalVolatility;chains.putExpDateMap.*.volatility;chains.putExpDateMap.*.askSize,V3 G2 cross-validator (CSV vocabulary),NOT_MARKET_DATA,,,NOT_MARKET_DATA: scoped mechanical classifier tail; production wire reads tracked in governance/SCHWAB_V4_REVIEW_MEMOS cone walk
1438f2d9684dd8ea6ddd,cross_validator,call_engine.py,952,0,pattern_kind_miss,    # == 4. MONTE CARLO RISK MULTIPLIER (regime-aware v2) =======================,risk multiplier regime,chains.callExpDateMap.*.multiplier;chains.putExpDateMap.*.multiplier,chains.callExpDateMap.*.rho;chains.putExpDateMap.*.theoreticalVolatility;chains.volatility,V3 G2 cross-validator (CSV vocabulary),NOT_MARKET_DATA,,,NOT_MARKET_DATA: scoped mechanical classifier tail; production wire reads tracked in governance/SCHWAB_V4_REVIEW_MEMOS cone walk
776caee94e08d5820b07,cross_validator,call_engine.py,956,0,pattern_kind_miss,    # tick — surface that to the operator via reduction_reasons (was a silent skip).,the,chains.callExpDateMap.*.inTheMoney;chains.putExpDateMap.*.inTheMoney,chains.putExpDateMap.*.theoreticalVolatility;quotes.quote.askSize;chains.putExpDateMap.*.askSize,V3 G2 cross-validator (CSV vocabulary),NOT_MARKET_DATA,,,NOT_MARKET_DATA: scoped mechanical classifier tail; production wire reads tracked in governance/SCHWAB_V4_REVIEW_MEMOS cone walk
d4ec14a4f1644b40be22,cross_validator,call_engine.py,957,0,pattern_kind_miss,"    # The numeric size is unaffected (mc_mult stays 1.0), but the sizing summary now",the size,chains.callExpDateMap.*.inTheMoney;chains.putExpDateMap.*.inTheMoney;chains.callExpDateMap.*.askSize;chains.callExpDateMap.*.bidAskSize;chains.callExpDateMap.*.bidSize;chains.callExpDateMap.*.lastSize;chains.putExpDateMap.*.askSize;chains.putExpDateMap.*.bidAskSize;chains.putExpDateMap.*.bidSize;chains.putExpDateMap.*.lastSize;chains.underlying.askSize;chains.underlying.bidSize;quotes.extended.askSize;quotes.extended.bidSize;quotes.extended.lastSize;quotes.quote.askSize;quotes.quote.bidSize;quotes.quote.lastSize;quotes.regular.regularMarketLastSize;streaming.content.*.ASK_SIZE;streaming.content.*.BID_SIZE;streaming.content.*.LAST_SIZE;streaming.content.*.REGULAR_MARKET_LAST_SIZE,chains.putExpDateMap.*.theta;streaming.timestamp;quotes.quote.askSize,V3 G2 cross-validator (CSV vocabulary),NOT_MARKET_DATA,,,NOT_MARKET_DATA: scoped mechanical classifier tail; production wire reads tracked in governance/SCHWAB_V4_REVIEW_MEMOS cone walk
8e2420985d814f2616ff,cross_validator,call_engine.py,958,0,pattern_kind_miss,"    # shows ""MC unavailable — sizing without MC risk validation"".",risk,,chains.volatility;chains.putExpDateMap.*.theoreticalVolatility;chains.callExpDateMap.*.theoreticalVolatility,V3 G2 cross-validator (CSV vocabulary),NOT_MARKET_DATA,,,NOT_MARKET_DATA: scoped mechanical classifier tail; production wire reads tracked in governance/SCHWAB_V4_REVIEW_MEMOS cone walk
f9294ee5a9d78e947e51,cross_validator,call_engine.py,960,0,pattern_kind_miss,"        reasons.append(""MC unavailable — sizing without MC risk validation"")",risk,,chains.putExpDateMap.*.theoreticalVolatility;chains.callExpDateMap.*.theoreticalVolatility;chains.callExpDateMap.*.bidSize,V3 G2 cross-validator (CSV vocabulary),NOT_MARKET_DATA,,,NOT_MARKET_DATA: scoped mechanical classifier tail; production wire reads tracked in governance/SCHWAB_V4_REVIEW_MEMOS cone walk
91bfc9240efc5192d8cd,cross_validator,call_engine.py,964,0,pattern_kind_miss,        # Regime-aware EAE thresholds: expansion regimes tolerate more,regime,,chains.callExpDateMap.*.theta;chains.callExpDateMap.*.rho;chains.putExpDateMap.*.vega,V3 G2 cross-validator (CSV vocabulary),NOT_MARKET_DATA,,,NOT_MARKET_DATA: scoped mechanical classifier tail; production wire reads tracked in governance/SCHWAB_V4_REVIEW_MEMOS cone walk
2f0c5c19720a298003a8,cross_validator,call_engine.py,976,0,pattern_kind_miss,"                reasons.append(f""MC EAE {eae_ratio:.1f}x stop in {regime_label} — risk elevated"")",risk,,chains.callExpDateMap.*.theta;chains.putExpDateMap.*.delta;chains.putExpDateMap.*.vega,V3 G2 cross-validator (CSV vocabulary),NOT_MARKET_DATA,,,NOT_MARKET_DATA: scoped mechanical classifier tail; production wire reads tracked in governance/SCHWAB_V4_REVIEW_MEMOS cone walk
3bdad6cfa3cb3320a4d4,cross_validator,call_engine.py,989,0,pattern_kind_miss,    # Containment vs expansion — regime-aware interpretation,regime,,chains.putExpDateMap.*.theta;streaming.timestamp;chains.putExpDateMap.*.volatility,V3 G2 cross-validator (CSV vocabulary),NOT_MARKET_DATA,,,NOT_MARKET_DATA: scoped mechanical classifier tail; production wire reads tracked in governance/SCHWAB_V4_REVIEW_MEMOS cone walk
1b557bce86bc5c4ae9e9,cross_validator,call_engine.py,992,0,pattern_kind_miss,            # For breakouts: high containment = bad (expansion needed),high,chains.callExpDateMap.*.highPrice;chains.putExpDateMap.*.highPrice;chains.underlying.fiftyTwoWeekHigh;chains.underlying.highPrice;pricehistory.candles.*.high;quotes.quote.52WeekHigh;quotes.quote.highPrice;streaming.content.*.HIGH_PRICE;streaming.content.*.HIGH_PRICE_52_WEEK,chains.putExpDateMap.*.rho;chains.putExpDateMap.*.bidSize;chains.putExpDateMap.*.theta,V3 G2 cross-validator (CSV vocabulary),NOT_MARKET_DATA,,,NOT_MARKET_DATA: scoped mechanical classifier tail; production wire reads tracked in governance/SCHWAB_V4_REVIEW_MEMOS cone walk
1826dec3dcf089e98377,cross_validator,call_engine.py,999,0,pattern_kind_miss,"            # Directional trade in pinning/MR: if containment is high, reduce size",trade high size,chains.callExpDateMap.*.tradeTimeInLong;chains.putExpDateMap.*.tradeTimeInLong;chains.underlying.tradeTime;quotes.extended.tradeTime;quotes.quote.tradeTime;quotes.regular.regularMarketTradeTime;streaming.content.*.REGULAR_MARKET_TRADE;streaming.content.*.REGULAR_MARKET_TRADE_MILLIS;streaming.content.*.TRADE_TIME_MILLIS;chains.callExpDateMap.*.highPrice;chains.putExpDateMap.*.highPrice;chains.underlying.fiftyTwoWeekHigh;chains.underlying.highPrice;pricehistory.candles.*.high;quotes.quote.52WeekHigh;quotes.quote.highPrice;streaming.content.*.HIGH_PRICE;streaming.content.*.HIGH_PRICE_52_WEEK;chains.callExpDateMap.*.askSize;chains.callExpDateMap.*.bidAskSize;chains.callExpDateMap.*.bidSize;chains.callExpDateMap.*.lastSize;chains.putExpDateMap.*.askSize;chains.putExpDateMap.*.bidAskSize;chains.putExpDateMap.*.bidSize,chains.volatility;chains.underlying.bidSize;pricehistory.candles.*.datetime,V3 G2 cross-validator (CSV vocabulary),NOT_MARKET_DATA,,,NOT_MARKET_DATA: scoped mechanical classifier tail; production wire reads tracked in governance/SCHWAB_V4_REVIEW_MEMOS cone walk
3e6fc29a7b322ad570a4,cross_validator,call_engine.py,1002,0,pattern_kind_miss,"                reasons.append(f""MC containment {mc_containment:.0%} in {regime_label} — range trade better"")",trade,chains.callExpDateMap.*.tradeTimeInLong;chains.putExpDateMap.*.tradeTimeInLong;chains.underlying.tradeTime;quotes.extended.tradeTime;quotes.quote.tradeTime;quotes.regular.regularMarketTradeTime;streaming.content.*.REGULAR_MARKET_TRADE;streaming.content.*.REGULAR_MARKET_TRADE_MILLIS;streaming.content.*.TRADE_TIME_MILLIS,chains.putExpDateMap.*.theta;chains.callExpDateMap.*.theta;chains.putExpDateMap.*.delta,V3 G2 cross-validator (CSV vocabulary),NOT_MARKET_DATA,,,NOT_MARKET_DATA: scoped mechanical classifier tail; production wire reads tracked in governance/SCHWAB_V4_REVIEW_MEMOS cone walk
e8cd8bc36a882da797ba,cross_validator,call_engine.py,1007,0,pattern_kind_miss,"                reasons.append(f""MC EAE exceeds EFE by {(mc_eae/mc_efe - 1):.0%} — adverse tail risk"")",risk,,chains.putExpDateMap.*.high52Week;chains.putExpDateMap.*.vega;chains.callExpDateMap.*.vega,V3 G2 cross-validator (CSV vocabulary),NOT_MARKET_DATA,,,NOT_MARKET_DATA: scoped mechanical classifier tail; production wire reads tracked in governance/SCHWAB_V4_REVIEW_MEMOS cone walk
6912b40319afd36bfab6,cross_validator,call_engine.py,1009,0,pattern_kind_miss,    # EFE too low relative to stop,low,chains.callExpDateMap.*.lowPrice;chains.putExpDateMap.*.lowPrice;chains.underlying.fiftyTwoWeekLow;chains.underlying.lowPrice;pricehistory.candles.*.low;quotes.quote.52WeekLow;quotes.quote.lowPrice;streaming.content.*.LOW_PRICE;streaming.content.*.LOW_PRICE_52_WEEK,quotes.quote.totalVolume;quotes.extended.totalVolume;chains.putExpDateMap.*.totalVolume,V3 G2 cross-validator (CSV vocabulary),NOT_MARKET_DATA,,,NOT_MARKET_DATA: scoped mechanical classifier tail; production wire reads tracked in governance/SCHWAB_V4_REVIEW_MEMOS cone walk
6f7bbaac9d82f95f546c,cross_validator,call_engine.py,1013,0,pattern_kind_miss,"            reasons.append(""MC EFE too low for target"")",low,chains.callExpDateMap.*.lowPrice;chains.putExpDateMap.*.lowPrice;chains.underlying.fiftyTwoWeekLow;chains.underlying.lowPrice;pricehistory.candles.*.low;quotes.quote.52WeekLow;quotes.quote.lowPrice;streaming.content.*.LOW_PRICE;streaming.content.*.LOW_PRICE_52_WEEK,chains.putExpDateMap.*.totalVolume;chains.callExpDateMap.*.openInterest;chains.putExpDateMap.*.openInterest,V3 G2 cross-validator (CSV vocabulary),NOT_MARKET_DATA,,,NOT_MARKET_DATA: scoped mechanical classifier tail; production wire reads tracked in governance/SCHWAB_V4_REVIEW_MEMOS cone walk
f0e7114a4db1c09c1d45,cross_validator,call_engine.py,1015,0,pattern_kind_miss,    # == 5. LEVEL QUALITY MULTIPLIER ==========================================,multiplier,chains.callExpDateMap.*.multiplier;chains.putExpDateMap.*.multiplier,chains.callExpDateMap.*.theoreticalVolatility;chains.putExpDateMap.*.theoreticalVolatility;chains.volatility,V3 G2 cross-validator (CSV vocabulary),NOT_MARKET_DATA,,,NOT_MARKET_DATA: scoped mechanical classifier tail; production wire reads tracked in governance/SCHWAB_V4_REVIEW_MEMOS cone walk
29cad294a447d5ba98d3,cross_validator,call_engine.py,1018,0,pattern_kind_miss,    # Opposing wall too close,close,chains.callExpDateMap.*.closePrice;chains.putExpDateMap.*.closePrice;chains.underlying.close;pricehistory.candles.*.close;quotes.quote.closePrice;streaming.content.*.CLOSE_PRICE,chains.callExpDateMap.*.totalVolume;quotes.quote.totalVolume;pricehistory.candles.*.volume,V3 G2 cross-validator (CSV vocabulary),NOT_MARKET_DATA,,,NOT_MARKET_DATA: scoped mechanical classifier tail; production wire reads tracked in governance/SCHWAB_V4_REVIEW_MEMOS cone walk
d4a5d929df26a64f1d2d,cross_validator,call_engine.py,1027,0,pattern_kind_miss,    # Void ahead supports larger size,size,chains.callExpDateMap.*.askSize;chains.callExpDateMap.*.bidAskSize;chains.callExpDateMap.*.bidSize;chains.callExpDateMap.*.lastSize;chains.putExpDateMap.*.askSize;chains.putExpDateMap.*.bidAskSize;chains.putExpDateMap.*.bidSize;chains.putExpDateMap.*.lastSize;chains.underlying.askSize;chains.underlying.bidSize;quotes.extended.askSize;quotes.extended.bidSize;quotes.extended.lastSize;quotes.quote.askSize;quotes.quote.bidSize;quotes.quote.lastSize;quotes.regular.regularMarketLastSize;streaming.content.*.ASK_SIZE;streaming.content.*.BID_SIZE;streaming.content.*.LAST_SIZE;streaming.content.*.REGULAR_MARKET_LAST_SIZE,chains.putExpDateMap.*.askSize;chains.callExpDateMap.*.askSize;quotes.quote.askSize,V3 G2 cross-validator (CSV vocabulary),NOT_MARKET_DATA,,,NOT_MARKET_DATA: scoped mechanical classifier tail; production wire reads tracked in governance/SCHWAB_V4_REVIEW_MEMOS cone walk
5c1e3cebd515892f3bba,cross_validator,call_engine.py,1031,0,pattern_kind_miss,    # == 6. RISK/REWARD FLOOR =================================================,risk,,pricehistory.candles.*.volume;movers.screeners.*.totalVolume;movers.screeners.*.volume,V3 G2 cross-validator (CSV vocabulary),NOT_MARKET_DATA,,,NOT_MARKET_DATA: scoped mechanical classifier tail; production wire reads tracked in governance/SCHWAB_V4_REVIEW_MEMOS cone walk
1d7ad2bc0ce12bc3f473,cross_validator,call_engine.py,1041,0,pattern_kind_miss,    # == 7. TIME ADJUSTMENT ===================================================,time,chains.callExpDateMap.*.quoteTimeInLong;chains.callExpDateMap.*.timeValue;chains.callExpDateMap.*.tradeTimeInLong;chains.putExpDateMap.*.quoteTimeInLong;chains.putExpDateMap.*.timeValue;chains.putExpDateMap.*.tradeTimeInLong;chains.underlying.quoteTime;chains.underlying.tradeTime;quotes.extended.quoteTime;quotes.extended.tradeTime;quotes.quote.askTime;quotes.quote.bidTime;quotes.quote.quoteTime;quotes.quote.tradeTime;quotes.regular.regularMarketTradeTime;streaming.content.*.ASK_TIME_MILLIS;streaming.content.*.BID_TIME_MILLIS;streaming.content.*.BOOK_TIME;streaming.content.*.CHART_TIME_MILLIS;streaming.content.*.QUOTE_TIME_MILLIS;streaming.content.*.TRADE_TIME_MILLIS,quotes.quote.tradeTime;streaming.timestamp;quotes.extended.tradeTime,V3 G2 cross-validator (CSV vocabulary),NOT_MARKET_DATA,,,NOT_MARKET_DATA: scoped mechanical classifier tail; production wire reads tracked in governance/SCHWAB_V4_REVIEW_MEMOS cone walk
379aeb79252243e02ea8,cross_validator,call_engine.py,1045,0,pattern_kind_miss,"        reasons.append(""market closing"")",market,instruments.*.fundamental.marketCap;instruments.*.fundamental.marketCapFloat;market_hours.bond;market_hours.bond.BON;market_hours.bond.BON.date;market_hours.bond.BON.isOpen;market_hours.bond.BON.marketType;market_hours.bond.BON.product;market_hours.bond.BON.productName;market_hours.bond.BON.sessionHours;market_hours.bond.BON.sessionHours.postMarket;market_hours.bond.BON.sessionHours.postMarket.*;market_hours.bond.BON.sessionHours.postMarket.*.end;market_hours.bond.BON.sessionHours.postMarket.*.start;market_hours.bond.BON.sessionHours.preMarket;market_hours.bond.BON.sessionHours.preMarket.*;market_hours.bond.BON.sessionHours.preMarket.*.end;market_hours.bond.BON.sessionHours.preMarket.*.start;market_hours.bond.BON.sessionHours.regularMarket;market_hours.bond.BON.sessionHours.regularMarket.*;market_hours.bond.BON.sessionHours.regularMarket.*.end;market_hours.bond.BON.sessionHours.regularMarket.*.start;market_hours.equity;market_hours.equity.EQ;market_hours.equity.EQ.date,chains.callExpDateMap.*.rho;chains.putExpDateMap.*.rho;chains.putExpDateMap.*.askSize,V3 G2 cross-validator (CSV vocabulary),NOT_MARKET_DATA,,,NOT_MARKET_DATA: scoped mechanical classifier tail; production wire reads tracked in governance/SCHWAB_V4_REVIEW_MEMOS cone walk
5113966dcdaf69e64ddf,cross_validator,call_engine.py,1048,0,pattern_kind_miss,"        reasons.append(f""{int(mins_to_close)}min to close"")",int close,instruments.*.fundamental.shortIntDayToCover;instruments.*.fundamental.shortIntToFloat;chains.callExpDateMap.*.closePrice;chains.putExpDateMap.*.closePrice;chains.underlying.close;pricehistory.candles.*.close;quotes.quote.closePrice;streaming.content.*.CLOSE_PRICE,chains.putExpDateMap.*.optionDeliverablesList.*.symbol;chains.callExpDateMap.*.optionDeliverablesList.*.symbol;chains.putExpDateMap.*.optionDeliverablesList,V3 G2 cross-validator (CSV vocabulary),NOT_MARKET_DATA,,,NOT_MARKET_DATA: scoped mechanical classifier tail; production wire reads tracked in governance/SCHWAB_V4_REVIEW_MEMOS cone walk
b41de3fe27e5391c5764,cross_validator,call_engine.py,1051,0,pattern_kind_miss,"        reasons.append(f""{int(mins_to_close)}min to close"")",int close,instruments.*.fundamental.shortIntDayToCover;instruments.*.fundamental.shortIntToFloat;chains.callExpDateMap.*.closePrice;chains.putExpDateMap.*.closePrice;chains.underlying.close;pricehistory.candles.*.close;quotes.quote.closePrice;streaming.content.*.CLOSE_PRICE,chains.putExpDateMap.*.optionDeliverablesList.*.symbol;chains.callExpDateMap.*.optionDeliverablesList.*.symbol;chains.putExpDateMap.*.optionDeliverablesList,V3 G2 cross-validator (CSV vocabulary),NOT_MARKET_DATA,,,NOT_MARKET_DATA: scoped mechanical classifier tail; production wire reads tracked in governance/SCHWAB_V4_REVIEW_MEMOS cone walk
b074924cf92c5f68b234,cross_validator,call_engine.py,1053,0,pattern_kind_miss,    # == 8. VOLATILITY REGIME RISK MULTIPLIER ==================================,volatility regime risk multiplier,chains.callExpDateMap.*.theoreticalVolatility;chains.callExpDateMap.*.volatility;chains.putExpDateMap.*.theoreticalVolatility;chains.putExpDateMap.*.volatility;chains.volatility;chains.callExpDateMap.*.multiplier;chains.putExpDateMap.*.multiplier,chains.volatility;chains.putExpDateMap.*.theoreticalVolatility;chains.callExpDateMap.*.theoreticalVolatility,V3 G2 cross-validator (CSV vocabulary),NOT_MARKET_DATA,,,NOT_MARKET_DATA: scoped mechanical classifier tail; production wire reads tracked in governance/SCHWAB_V4_REVIEW_MEMOS cone walk
7266f23a2a1a6fca8a7f,cross_validator,call_engine.py,1054,0,pattern_kind_miss,"    # When vol regime widens stops (risk_mult > 1), reduce position for same $ risk",regime risk,,quotes.quote.askSize;quotes.quote.bidSize;quotes.extended.askSize,V3 G2 cross-validator (CSV vocabulary),NOT_MARKET_DATA,,,NOT_MARKET_DATA: scoped mechanical classifier tail; production wire reads tracked in governance/SCHWAB_V4_REVIEW_MEMOS cone walk
a537e96d78d4f6abb862,cross_validator,call_engine.py,1058,0,pattern_kind_miss,"        reasons.append(f""vol regime wider stops ({vol_regime_risk_multiplier:.2f}x)"")",regime,,chains.putExpDateMap.*.bidSize;quotes.quote.bidSize;chains.callExpDateMap.*.bidSize,V3 G2 cross-validator (CSV vocabulary),NOT_MARKET_DATA,,,NOT_MARKET_DATA: scoped mechanical classifier tail; production wire reads tracked in governance/SCHWAB_V4_REVIEW_MEMOS cone walk
508caf7cc3faa4f7dbd7,cross_validator,call_engine.py,1061,0,pattern_kind_miss,"    # FINAL SIZE = product of all multipliers, clamped to 0-1.25",size product,chains.callExpDateMap.*.askSize;chains.callExpDateMap.*.bidAskSize;chains.callExpDateMap.*.bidSize;chains.callExpDateMap.*.lastSize;chains.putExpDateMap.*.askSize;chains.putExpDateMap.*.bidAskSize;chains.putExpDateMap.*.bidSize;chains.putExpDateMap.*.lastSize;chains.underlying.askSize;chains.underlying.bidSize;quotes.extended.askSize;quotes.extended.bidSize;quotes.extended.lastSize;quotes.quote.askSize;quotes.quote.bidSize;quotes.quote.lastSize;quotes.regular.regularMarketLastSize;streaming.content.*.ASK_SIZE;streaming.content.*.BID_SIZE;streaming.content.*.LAST_SIZE;streaming.content.*.REGULAR_MARKET_LAST_SIZE;market_hours.bond.BON.product;market_hours.bond.BON.productName;market_hours.equity.EQ.product;market_hours.equity.EQ.productName,chains.callExpDateMap.*.totalVolume;chains.callExpDateMap.*.theoreticalVolatility;chains.putExpDateMap.*.theoreticalVolatility,V3 G2 cross-validator (CSV vocabulary),NOT_MARKET_DATA,,,NOT_MARKET_DATA: scoped mechanical classifier tail; production wire reads tracked in governance/SCHWAB_V4_REVIEW_MEMOS cone walk
1c13d7a9d847c8ccd9c5,cross_validator,call_engine.py,1068,0,pattern_kind_miss,    # Map to size cue for backward compatibility,map size,chains.callExpDateMap;chains.callExpDateMap.*;chains.callExpDateMap.*.ask;chains.callExpDateMap.*.askSize;chains.callExpDateMap.*.bid;chains.callExpDateMap.*.bidAskSize;chains.callExpDateMap.*.bidSize;chains.callExpDateMap.*.closePrice;chains.callExpDateMap.*.daysToExpiration;chains.callExpDateMap.*.deliverableNote;chains.callExpDateMap.*.delta;chains.callExpDateMap.*.description;chains.callExpDateMap.*.exchangeName;chains.callExpDateMap.*.exerciseType;chains.callExpDateMap.*.expirationDate;chains.callExpDateMap.*.expirationType;chains.callExpDateMap.*.extrinsicValue;chains.callExpDateMap.*.gamma;chains.callExpDateMap.*.high52Week;chains.callExpDateMap.*.highPrice;chains.callExpDateMap.*.inTheMoney;chains.callExpDateMap.*.intrinsicValue;chains.callExpDateMap.*.last;chains.callExpDateMap.*.lastSize;chains.callExpDateMap.*.lastTradingDay,chains.putExpDateMap.*.theoreticalVolatility;chains.callExpDateMap.*.theoreticalVolatility;chains.callExpDateMap.*.bidSize,V3 G2 cross-validator (CSV vocabulary),NOT_MARKET_DATA,,,NOT_MARKET_DATA: scoped mechanical classifier tail; production wire reads tracked in governance/SCHWAB_V4_REVIEW_MEMOS cone walk
dd3a9cbf6b7d8cb32013,cross_validator,call_engine.py,1084,0,pattern_kind_miss,    return {,return,instruments.*.fundamental.returnOnAssets;instruments.*.fundamental.returnOnEquity;instruments.*.fundamental.returnOnInvestment,quotes.regular.regularMarketTradeTime;market_hours.future.RTY.isOpen;market_hours.future.RME.isOpen,V3 G2 cross-validator (CSV vocabulary),NOT_MARKET_DATA,,,NOT_MARKET_DATA: scoped mechanical classifier tail; production wire reads tracked in governance/SCHWAB_V4_REVIEW_MEMOS cone walk
ae8b3a90af5505dac7aa,cross_validator,call_engine.py,1113,0,pattern_kind_miss,"    regime,",regime,,chains.callExpDateMap.*.high52Week;quotes.quote.52WeekHigh;chains.putExpDateMap.*.high52Week,V3 G2 cross-validator (CSV vocabulary),NOT_MARKET_DATA,,,NOT_MARKET_DATA: scoped mechanical classifier tail; production wire reads tracked in governance/SCHWAB_V4_REVIEW_MEMOS cone walk
be08e6006ef9f32282f6,cross_validator,call_engine.py,1116,0,pattern_kind_miss,"    confluence_count: int = 0,",int,instruments.*.fundamental.shortIntDayToCover;instruments.*.fundamental.shortIntToFloat,quotes.reference.cusip;quotes.quote.closePrice;quotes.reference.description,V3 G2 cross-validator (CSV vocabulary),NOT_MARKET_DATA,,,NOT_MARKET_DATA: scoped mechanical classifier tail; production wire reads tracked in governance/SCHWAB_V4_REVIEW_MEMOS cone walk
065ee526c9890cfb5ff4,cross_validator,call_engine.py,1120,0,pattern_kind_miss,    Trade Validation Gate — 3-layer pass/fail per Trade Validation Gate Matrix v1.,trade per,chains.callExpDateMap.*.tradeTimeInLong;chains.putExpDateMap.*.tradeTimeInLong;chains.underlying.tradeTime;quotes.extended.tradeTime;quotes.quote.tradeTime;quotes.regular.regularMarketTradeTime;streaming.content.*.REGULAR_MARKET_TRADE;streaming.content.*.REGULAR_MARKET_TRADE_MILLIS;streaming.content.*.TRADE_TIME_MILLIS;instruments.*.fundamental.bookValuePerShare,chains.putExpDateMap.*.theoreticalVolatility;chains.callExpDateMap.*.theoreticalVolatility;chains.callExpDateMap.*.volatility,V3 G2 cross-validator (CSV vocabulary),NOT_MARKET_DATA,,,NOT_MARKET_DATA: scoped mechanical classifier tail; production wire reads tracked in governance/SCHWAB_V4_REVIEW_MEMOS cone walk
4be862162c04133b87b2,cross_validator,call_engine.py,1122,0,pattern_kind_miss,    Layer 1 — Structural Validity: market structure supports the trade,market the trade,instruments.*.fundamental.marketCap;instruments.*.fundamental.marketCapFloat;market_hours.bond;market_hours.bond.BON;market_hours.bond.BON.date;market_hours.bond.BON.isOpen;market_hours.bond.BON.marketType;market_hours.bond.BON.product;market_hours.bond.BON.productName;market_hours.bond.BON.sessionHours;market_hours.bond.BON.sessionHours.postMarket;market_hours.bond.BON.sessionHours.postMarket.*;market_hours.bond.BON.sessionHours.postMarket.*.end;market_hours.bond.BON.sessionHours.postMarket.*.start;market_hours.bond.BON.sessionHours.preMarket;market_hours.bond.BON.sessionHours.preMarket.*;market_hours.bond.BON.sessionHours.preMarket.*.end;market_hours.bond.BON.sessionHours.preMarket.*.start;market_hours.bond.BON.sessionHours.regularMarket;market_hours.bond.BON.sessionHours.regularMarket.*;market_hours.bond.BON.sessionHours.regularMarket.*.end;market_hours.bond.BON.sessionHours.regularMarket.*.start;market_hours.equity;market_hours.equity.EQ;market_hours.equity.EQ.date,chains.putExpDateMap.*.theoreticalVolatility;quotes.regular.regularMarketLastSize;quotes.quote.askSize,V3 G2 cross-validator (CSV vocabulary),NOT_MARKET_DATA,,,NOT_MARKET_DATA: scoped mechanical classifier tail; production wire reads tracked in governance/SCHWAB_V4_REVIEW_MEMOS cone walk
52ee52988740b6512182,cross_validator,call_engine.py,1124,0,pattern_kind_miss,    Layer 3 — Risk Validity: risk environment acceptable,risk,,chains.putExpDateMap.*.theoreticalVolatility;chains.callExpDateMap.*.theoreticalVolatility;chains.volatility,V3 G2 cross-validator (CSV vocabulary),NOT_MARKET_DATA,,,NOT_MARKET_DATA: scoped mechanical classifier tail; production wire reads tracked in governance/SCHWAB_V4_REVIEW_MEMOS cone walk
6c38f87c951baca815c3,cross_validator,call_engine.py,1146,0,pattern_kind_miss,        return result  # nothing to validate,return,instruments.*.fundamental.returnOnAssets;instruments.*.fundamental.returnOnEquity;instruments.*.fundamental.returnOnInvestment,chains.volatility;chains.putExpDateMap.*.theoreticalVolatility;chains.putExpDateMap.*.volatility,V3 G2 cross-validator (CSV vocabulary),NOT_MARKET_DATA,,,NOT_MARKET_DATA: scoped mechanical classifier tail; production wire reads tracked in governance/SCHWAB_V4_REVIEW_MEMOS cone walk
bec00bec2d1c7515ecf7,cross_validator,call_engine.py,1153,0,pattern_kind_miss,        return result,return,instruments.*.fundamental.returnOnAssets;instruments.*.fundamental.returnOnEquity;instruments.*.fundamental.returnOnInvestment,quotes.regular.regularMarketLastSize;quotes.regular.regularMarketTradeTime;market_hours.future.RTY.isOpen,V3 G2 cross-validator (CSV vocabulary),NOT_MARKET_DATA,,,NOT_MARKET_DATA: scoped mechanical classifier tail; production wire reads tracked in governance/SCHWAB_V4_REVIEW_MEMOS cone walk
adfc1f1c17bd19c6df90,cross_validator,call_engine.py,1161,0,pattern_kind_miss,"    # 1a. Trading directly into a strong wall (long toward call wall, short toward put wall)",trading long call short put,chains.callExpDateMap.*.lastTradingDay;chains.putExpDateMap.*.lastTradingDay;market_hours.future.ADA.sessionHours.noTrading;market_hours.future.ADA.sessionHours.noTrading.*;market_hours.future.ADA.sessionHours.noTrading.*.end;market_hours.future.ADA.sessionHours.noTrading.*.start;market_hours.future.AW.sessionHours.noTrading;market_hours.future.AW.sessionHours.noTrading.*;market_hours.future.AW.sessionHours.noTrading.*.end;market_hours.future.AW.sessionHours.noTrading.*.start;market_hours.future.BFF.sessionHours.noTrading;market_hours.future.BFF.sessionHours.noTrading.*;market_hours.future.BFF.sessionHours.noTrading.*.end;market_hours.future.BFF.sessionHours.noTrading.*.start;market_hours.future.BTC.sessionHours.noTrading;market_hours.future.BTC.sessionHours.noTrading.*;market_hours.future.BTC.sessionHours.noTrading.*.end;market_hours.future.BTC.sessionHours.noTrading.*.start;market_hours.future.BZ.sessionHours.noTrading;market_hours.future.BZ.sessionHours.noTrading.*;market_hours.future.BZ.sessionHours.noTrading.*.end;market_hours.future.BZ.sessionHours.noTrading.*.start;market_hours.future.CB.sessionHours.noTrading;market_hours.future.CB.sessionHours.noTrading.*;market_hours.future.CB.sessionHours.noTrading.*.end,chains.callExpDateMap.*.theoreticalVolatility;chains.putExpDateMap.*.theoreticalVolatility;chains.callExpDateMap.*.totalVolume,V3 G2 cross-validator (CSV vocabulary),NOT_MARKET_DATA,,,NOT_MARKET_DATA: scoped mechanical classifier tail; production wire reads tracked in governance/SCHWAB_V4_REVIEW_MEMOS cone walk
768dd6490d0f81b6e5e1,cross_validator,call_engine.py,1162,0,pattern_kind_miss,"    if final_signal == ""long"" and inp.call_gamma_wall:",long,chains.callExpDateMap.*.quoteTimeInLong;chains.callExpDateMap.*.tradeTimeInLong;chains.putExpDateMap.*.quoteTimeInLong;chains.putExpDateMap.*.tradeTimeInLong,chains.callExpDateMap.*.lowPrice;chains.callExpDateMap.*.bid;chains.callExpDateMap.*.gamma,V3 G2 cross-validator (CSV vocabulary),NOT_MARKET_DATA,,,NOT_MARKET_DATA: scoped mechanical classifier tail; production wire reads tracked in governance/SCHWAB_V4_REVIEW_MEMOS cone walk
e7676fa78dd6ba12a8fd,cross_validator,call_engine.py,1165,0,pattern_kind_miss,"            structure_fails.append(f""long into call wall ({inp.call_gamma_wall:.0f}) only {dist_to_wall:.1f}pts away"")",long call only,chains.callExpDateMap.*.quoteTimeInLong;chains.callExpDateMap.*.tradeTimeInLong;chains.putExpDateMap.*.quoteTimeInLong;chains.putExpDateMap.*.tradeTimeInLong;chains.callExpDateMap;chains.callExpDateMap.*;chains.callExpDateMap.*.ask;chains.callExpDateMap.*.askSize;chains.callExpDateMap.*.bid;chains.callExpDateMap.*.bidAskSize;chains.callExpDateMap.*.bidSize;chains.callExpDateMap.*.closePrice;chains.callExpDateMap.*.daysToExpiration;chains.callExpDateMap.*.deliverableNote;chains.callExpDateMap.*.delta;chains.callExpDateMap.*.description;chains.callExpDateMap.*.exchangeName;chains.callExpDateMap.*.exerciseType;chains.callExpDateMap.*.expirationDate;chains.callExpDateMap.*.expirationType;chains.callExpDateMap.*.extrinsicValue;chains.callExpDateMap.*.gamma;chains.callExpDateMap.*.high52Week;chains.callExpDateMap.*.highPrice;chains.callExpDateMap.*.inTheMoney,chains.callExpDateMap.*.theoreticalVolatility;chains.putExpDateMap.*.theoreticalVolatility;chains.callExpDateMap.*.totalVolume,V3 G2 cross-validator (CSV vocabulary),NOT_MARKET_DATA,,,NOT_MARKET_DATA: scoped mechanical classifier tail; production wire reads tracked in governance/SCHWAB_V4_REVIEW_MEMOS cone walk
051b58f2669ed5fd73ce,cross_validator,call_engine.py,1167,0,pattern_kind_miss,"    if final_signal == ""short"" and inp.put_gamma_wall:",short,instruments.*.fundamental.shortIntDayToCover;instruments.*.fundamental.shortIntToFloat,chains.callExpDateMap.*.lastTradingDay;chains.callExpDateMap.*.askSize;chains.callExpDateMap.*.bidSize,V3 G2 cross-validator (CSV vocabulary),NOT_MARKET_DATA,,,NOT_MARKET_DATA: scoped mechanical classifier tail; production wire reads tracked in governance/SCHWAB_V4_REVIEW_MEMOS cone walk
22ffe41b51ac65e639eb,cross_validator,call_engine.py,1170,0,pattern_kind_miss,"            structure_fails.append(f""short into put wall ({inp.put_gamma_wall:.0f}) only {dist_to_wall:.1f}pts away"")",short put only,instruments.*.fundamental.shortIntDayToCover;instruments.*.fundamental.shortIntToFloat;chains.callExpDateMap.*.putCall;chains.putExpDateMap;chains.putExpDateMap.*;chains.putExpDateMap.*.ask;chains.putExpDateMap.*.askSize;chains.putExpDateMap.*.bid;chains.putExpDateMap.*.bidAskSize;chains.putExpDateMap.*.bidSize;chains.putExpDateMap.*.closePrice;chains.putExpDateMap.*.daysToExpiration;chains.putExpDateMap.*.deliverableNote;chains.putExpDateMap.*.delta;chains.putExpDateMap.*.description;chains.putExpDateMap.*.exchangeName;chains.putExpDateMap.*.exerciseType;chains.putExpDateMap.*.expirationDate;chains.putExpDateMap.*.expirationType;chains.putExpDateMap.*.extrinsicValue;chains.putExpDateMap.*.gamma;chains.putExpDateMap.*.high52Week;chains.putExpDateMap.*.highPrice;chains.putExpDateMap.*.inTheMoney;chains.putExpDateMap.*.intrinsicValue,chains.putExpDateMap.*.theoreticalVolatility;chains.callExpDateMap.*.theoreticalVolatility;chains.putExpDateMap.*.volatility,V3 G2 cross-validator (CSV vocabulary),NOT_MARKET_DATA,,,NOT_MARKET_DATA: scoped mechanical classifier tail; production wire reads tracked in governance/SCHWAB_V4_REVIEW_MEMOS cone walk
dca8249b72615504390d,cross_validator,call_engine.py,1172,0,pattern_kind_miss,    # 1b. Pinning regime conflicting with breakout trade type,regime trade type,chains.callExpDateMap.*.tradeTimeInLong;chains.putExpDateMap.*.tradeTimeInLong;chains.underlying.tradeTime;quotes.extended.tradeTime;quotes.quote.tradeTime;quotes.regular.regularMarketTradeTime;streaming.content.*.REGULAR_MARKET_TRADE;streaming.content.*.REGULAR_MARKET_TRADE_MILLIS;streaming.content.*.TRADE_TIME_MILLIS;chains.assetMainType;chains.assetSubType;chains.callExpDateMap.*.exerciseType;chains.callExpDateMap.*.expirationType;chains.callExpDateMap.*.optionDeliverablesList.*.assetType;chains.callExpDateMap.*.optionDeliverablesList.*.currencyType;chains.callExpDateMap.*.settlementType;chains.putExpDateMap.*.exerciseType;chains.putExpDateMap.*.expirationType;chains.putExpDateMap.*.optionDeliverablesList.*.assetType;chains.putExpDateMap.*.optionDeliverablesList.*.currencyType;chains.putExpDateMap.*.settlementType;instruments.*.assetType;market_hours.bond.BON.marketType;market_hours.equity.EQ.marketType;market_hours.forex.forex.marketType,chains.volatility;chains.putExpDateMap.*.volatility;pricehistory.candles.*.datetime,V3 G2 cross-validator (CSV vocabulary),NOT_MARKET_DATA,,,NOT_MARKET_DATA: scoped mechanical classifier tail; production wire reads tracked in governance/SCHWAB_V4_REVIEW_MEMOS cone walk
d39f921af7455da97e86,cross_validator,call_engine.py,1174,0,pattern_kind_miss,"        structure_fails.append(""breakout structure in pinning regime — likely false breakout"")",regime,,quotes.regular.regularMarketLastSize;chains.putExpDateMap.*.theta;quotes.quote.askSize,V3 G2 cross-validator (CSV vocabulary),NOT_MARKET_DATA,,,NOT_MARKET_DATA: scoped mechanical classifier tail; production wire reads tracked in governance/SCHWAB_V4_REVIEW_MEMOS cone walk
0c38dc39ad160dd4fc1c,cross_validator,call_engine.py,1176,0,pattern_kind_miss,    # 1c. Chop regime — low structure quality; allow strong stack to proceed,regime low,chains.callExpDateMap.*.lowPrice;chains.putExpDateMap.*.lowPrice;chains.underlying.fiftyTwoWeekLow;chains.underlying.lowPrice;pricehistory.candles.*.low;quotes.quote.52WeekLow;quotes.quote.lowPrice;streaming.content.*.LOW_PRICE;streaming.content.*.LOW_PRICE_52_WEEK,quotes.quote.totalVolume;quotes.quote.askSize;chains.putExpDateMap.*.totalVolume,V3 G2 cross-validator (CSV vocabulary),NOT_MARKET_DATA,,,NOT_MARKET_DATA: scoped mechanical classifier tail; production wire reads tracked in governance/SCHWAB_V4_REVIEW_MEMOS cone walk
0a64ffcb855fcfbb51da,cross_validator,call_engine.py,1177,0,pattern_kind_miss,"    if micro_regime == R_CHOP and final_signal in (""long"", ""short""):",long short,chains.callExpDateMap.*.quoteTimeInLong;chains.callExpDateMap.*.tradeTimeInLong;chains.putExpDateMap.*.quoteTimeInLong;chains.putExpDateMap.*.tradeTimeInLong;instruments.*.fundamental.shortIntDayToCover;instruments.*.fundamental.shortIntToFloat,chains.underlying.bidSize;chains.callExpDateMap.*.bidSize;chains.underlying.askSize,V3 G2 cross-validator (CSV vocabulary),NOT_MARKET_DATA,,,NOT_MARKET_DATA: scoped mechanical classifier tail; production wire reads tracked in governance/SCHWAB_V4_REVIEW_MEMOS cone walk
4efbbebc16e6a41931ae,cross_validator,call_engine.py,1183,0,pattern_kind_miss,"                ""chop regime — need 4+ stack sources or 3+ with prediction agreement for a directional call""",regime prediction call,chains.callExpDateMap;chains.callExpDateMap.*;chains.callExpDateMap.*.ask;chains.callExpDateMap.*.askSize;chains.callExpDateMap.*.bid;chains.callExpDateMap.*.bidAskSize;chains.callExpDateMap.*.bidSize;chains.callExpDateMap.*.closePrice;chains.callExpDateMap.*.daysToExpiration;chains.callExpDateMap.*.deliverableNote;chains.callExpDateMap.*.delta;chains.callExpDateMap.*.description;chains.callExpDateMap.*.exchangeName;chains.callExpDateMap.*.exerciseType;chains.callExpDateMap.*.expirationDate;chains.callExpDateMap.*.expirationType;chains.callExpDateMap.*.extrinsicValue;chains.callExpDateMap.*.gamma;chains.callExpDateMap.*.high52Week;chains.callExpDateMap.*.highPrice;chains.callExpDateMap.*.inTheMoney;chains.callExpDateMap.*.intrinsicValue;chains.callExpDateMap.*.last;chains.callExpDateMap.*.lastSize;chains.callExpDateMap.*.lastTradingDay,quotes.quote.askSize;chains.callExpDateMap.*.theta;quotes.quote.bidSize,V3 G2 cross-validator (CSV vocabulary),NOT_MARKET_DATA,,,NOT_MARKET_DATA: scoped mechanical classifier tail; production wire reads tracked in governance/SCHWAB_V4_REVIEW_MEMOS cone walk
6ff78cc34137e5db14eb,cross_validator,call_engine.py,1197,0,pattern_kind_miss,    # Slightly lenient in normal vol: 0.25 veto'd almost all multi-model splits; stack still needs 2+ votes.,model,,chains.callExpDateMap.*.theoreticalVolatility;chains.putExpDateMap.*.theoreticalVolatility;chains.volatility,V3 G2 cross-validator (CSV vocabulary),NOT_MARKET_DATA,,,NOT_MARKET_DATA: scoped mechanical classifier tail; production wire reads tracked in governance/SCHWAB_V4_REVIEW_MEMOS cone walk
2045b9b430081cee0d04,cross_validator,call_engine.py,1200,0,pattern_kind_miss,    # 2a. Model agreement strongly disagrees (threshold raised in unstable vol regime),model regime,,chains.callExpDateMap.*.rho;chains.callExpDateMap.*.theta;chains.callExpDateMap.*.delta,V3 G2 cross-validator (CSV vocabulary),NOT_MARKET_DATA,,,NOT_MARKET_DATA: scoped mechanical classifier tail; production wire reads tracked in governance/SCHWAB_V4_REVIEW_MEMOS cone walk
38b83bbd3044cfcf4c41,cross_validator,call_engine.py,1210,0,pattern_kind_miss,"            prob_fails.append(f""model agreement below threshold ({agree:.0%} < {_agree_threshold:.0%}) with {n_active} models active"")",model,,chains.callExpDateMap.*.theta;chains.putExpDateMap.*.high52Week;chains.putExpDateMap.*.theta,V3 G2 cross-validator (CSV vocabulary),NOT_MARKET_DATA,,,NOT_MARKET_DATA: scoped mechanical classifier tail; production wire reads tracked in governance/SCHWAB_V4_REVIEW_MEMOS cone walk
0f4dd6c4820e9dd27f63,cross_validator,call_engine.py,1212,0,pattern_kind_miss,    # 2b. Canonical forward forecast opposes the call with sufficient marginal probability,the call,chains.callExpDateMap.*.inTheMoney;chains.putExpDateMap.*.inTheMoney;chains.callExpDateMap;chains.callExpDateMap.*;chains.callExpDateMap.*.ask;chains.callExpDateMap.*.askSize;chains.callExpDateMap.*.bid;chains.callExpDateMap.*.bidAskSize;chains.callExpDateMap.*.bidSize;chains.callExpDateMap.*.closePrice;chains.callExpDateMap.*.daysToExpiration;chains.callExpDateMap.*.deliverableNote;chains.callExpDateMap.*.delta;chains.callExpDateMap.*.description;chains.callExpDateMap.*.exchangeName;chains.callExpDateMap.*.exerciseType;chains.callExpDateMap.*.expirationDate;chains.callExpDateMap.*.expirationType;chains.callExpDateMap.*.extrinsicValue;chains.callExpDateMap.*.gamma;chains.callExpDateMap.*.high52Week;chains.callExpDateMap.*.highPrice;chains.callExpDateMap.*.intrinsicValue;chains.callExpDateMap.*.last;chains.callExpDateMap.*.lastSize,chains.callExpDateMap.*.theoreticalVolatility;chains.callExpDateMap.*.askSize;chains.putExpDateMap.*.theoreticalVolatility,V3 G2 cross-validator (CSV vocabulary),NOT_MARKET_DATA,,,NOT_MARKET_DATA: scoped mechanical classifier tail; production wire reads tracked in governance/SCHWAB_V4_REVIEW_MEMOS cone walk
1bde0ce8397a724003d3,cross_validator,call_engine.py,1213,0,pattern_kind_miss,"    if canonical and str(canonical.confidence or """").lower() not in (""low"", """"):",low,chains.callExpDateMap.*.lowPrice;chains.putExpDateMap.*.lowPrice;chains.underlying.fiftyTwoWeekLow;chains.underlying.lowPrice;pricehistory.candles.*.low;quotes.quote.52WeekLow;quotes.quote.lowPrice;streaming.content.*.LOW_PRICE;streaming.content.*.LOW_PRICE_52_WEEK,pricehistory.candles.*.low;pricehistory.candles;chains.callExpDateMap.*.optionDeliverablesList,V3 G2 cross-validator (CSV vocabulary),NOT_MARKET_DATA,,,NOT_MARKET_DATA: scoped mechanical classifier tail; production wire reads tracked in governance/SCHWAB_V4_REVIEW_MEMOS cone walk
59fdcdd94e711f8986ac,cross_validator,call_engine.py,1214,0,pattern_kind_miss,        pdn = float(canonical.probability_down),float,instruments.*.fundamental.marketCapFloat;instruments.*.fundamental.shortIntToFloat,chains.callExpDateMap.*.description;chains.callExpDateMap.*.optionDeliverablesList;chains.callExpDateMap.*.daysToExpiration,V3 G2 cross-validator (CSV vocabulary),NOT_MARKET_DATA,,,NOT_MARKET_DATA: scoped mechanical classifier tail; production wire reads tracked in governance/SCHWAB_V4_REVIEW_MEMOS cone walk
4ef42396b3c6dc364e1f,cross_validator,call_engine.py,1215,0,pattern_kind_miss,        pup = float(canonical.probability_up),float,instruments.*.fundamental.marketCapFloat;instruments.*.fundamental.shortIntToFloat,chains.callExpDateMap.*.description;chains.putExpDateMap.*.theoreticalVolatility;chains.callExpDateMap.*.theoreticalOptionValue,V3 G2 cross-validator (CSV vocabulary),NOT_MARKET_DATA,,,NOT_MARKET_DATA: scoped mechanical classifier tail; production wire reads tracked in governance/SCHWAB_V4_REVIEW_MEMOS cone walk
907d9a9d01d789adb466,cross_validator,call_engine.py,1217,0,pattern_kind_miss,"        if final_signal == ""long"" and cdir == ""down"" and pdn >= CANONICAL_OPPOSE_THRESHOLD:",long,chains.callExpDateMap.*.quoteTimeInLong;chains.callExpDateMap.*.tradeTimeInLong;chains.putExpDateMap.*.quoteTimeInLong;chains.putExpDateMap.*.tradeTimeInLong,chains.callExpDateMap.*.bidSize;chains.callExpDateMap.*.askSize;chains.putExpDateMap.*.bidSize,V3 G2 cross-validator (CSV vocabulary),NOT_MARKET_DATA,,,NOT_MARKET_DATA: scoped mechanical classifier tail; production wire reads tracked in governance/SCHWAB_V4_REVIEW_MEMOS cone walk
c6f066dd2627ba5a386a,cross_validator,call_engine.py,1218,0,pattern_kind_miss,"            prob_fails.append(f""canonical forward DOWN {pdn:.0%} vs long call"")",long call,chains.callExpDateMap.*.quoteTimeInLong;chains.callExpDateMap.*.tradeTimeInLong;chains.putExpDateMap.*.quoteTimeInLong;chains.putExpDateMap.*.tradeTimeInLong;chains.callExpDateMap;chains.callExpDateMap.*;chains.callExpDateMap.*.ask;chains.callExpDateMap.*.askSize;chains.callExpDateMap.*.bid;chains.callExpDateMap.*.bidAskSize;chains.callExpDateMap.*.bidSize;chains.callExpDateMap.*.closePrice;chains.callExpDateMap.*.daysToExpiration;chains.callExpDateMap.*.deliverableNote;chains.callExpDateMap.*.delta;chains.callExpDateMap.*.description;chains.callExpDateMap.*.exchangeName;chains.callExpDateMap.*.exerciseType;chains.callExpDateMap.*.expirationDate;chains.callExpDateMap.*.expirationType;chains.callExpDateMap.*.extrinsicValue;chains.callExpDateMap.*.gamma;chains.callExpDateMap.*.high52Week;chains.callExpDateMap.*.highPrice;chains.callExpDateMap.*.inTheMoney,chains.callExpDateMap.*.lowPrice;chains.callExpDateMap.*.bidSize;chains.callExpDateMap.*.closePrice,V3 G2 cross-validator (CSV vocabulary),NOT_MARKET_DATA,,,NOT_MARKET_DATA: scoped mechanical classifier tail; production wire reads tracked in governance/SCHWAB_V4_REVIEW_MEMOS cone walk
9fa6983daf070b709bfe,cross_validator,call_engine.py,1219,0,pattern_kind_miss,"        elif final_signal == ""short"" and cdir == ""up"" and pup >= CANONICAL_OPPOSE_THRESHOLD:",short,instruments.*.fundamental.shortIntDayToCover;instruments.*.fundamental.shortIntToFloat,chains.callExpDateMap.*.bidSize;chains.callExpDateMap.*.askSize;chains.putExpDateMap.*.bidSize,V3 G2 cross-validator (CSV vocabulary),NOT_MARKET_DATA,,,NOT_MARKET_DATA: scoped mechanical classifier tail; production wire reads tracked in governance/SCHWAB_V4_REVIEW_MEMOS cone walk
bc300d01329ef9cbae72,cross_validator,call_engine.py,1220,0,pattern_kind_miss,"            prob_fails.append(f""canonical forward UP {pup:.0%} vs short call"")",short call,instruments.*.fundamental.shortIntDayToCover;instruments.*.fundamental.shortIntToFloat;chains.callExpDateMap;chains.callExpDateMap.*;chains.callExpDateMap.*.ask;chains.callExpDateMap.*.askSize;chains.callExpDateMap.*.bid;chains.callExpDateMap.*.bidAskSize;chains.callExpDateMap.*.bidSize;chains.callExpDateMap.*.closePrice;chains.callExpDateMap.*.daysToExpiration;chains.callExpDateMap.*.deliverableNote;chains.callExpDateMap.*.delta;chains.callExpDateMap.*.description;chains.callExpDateMap.*.exchangeName;chains.callExpDateMap.*.exerciseType;chains.callExpDateMap.*.expirationDate;chains.callExpDateMap.*.expirationType;chains.callExpDateMap.*.extrinsicValue;chains.callExpDateMap.*.gamma;chains.callExpDateMap.*.high52Week;chains.callExpDateMap.*.highPrice;chains.callExpDateMap.*.inTheMoney;chains.callExpDateMap.*.intrinsicValue;chains.callExpDateMap.*.last,chains.callExpDateMap.*.openInterest;chains.callExpDateMap.*.askSize;chains.callExpDateMap.*.bidSize,V3 G2 cross-validator (CSV vocabulary),NOT_MARKET_DATA,,,NOT_MARKET_DATA: scoped mechanical classifier tail; production wire reads tracked in governance/SCHWAB_V4_REVIEW_MEMOS cone walk
593c3c1cbf2acf5e059e,cross_validator,call_engine.py,1226,0,pattern_kind_miss,"            if final_signal == ""long"":",long,chains.callExpDateMap.*.quoteTimeInLong;chains.callExpDateMap.*.tradeTimeInLong;chains.putExpDateMap.*.quoteTimeInLong;chains.putExpDateMap.*.tradeTimeInLong,chains.underlying.bidSize;chains.underlying.askSize;chains.callExpDateMap.*.optionDeliverablesList.*.symbol,V3 G2 cross-validator (CSV vocabulary),NOT_MARKET_DATA,,,NOT_MARKET_DATA: scoped mechanical classifier tail; production wire reads tracked in governance/SCHWAB_V4_REVIEW_MEMOS cone walk
55650232539c971e3f44,cross_validator,call_engine.py,1230,0,pattern_kind_miss,"                        ""fusion reversal posterior unavailable — cannot validate long safety""",long,chains.callExpDateMap.*.quoteTimeInLong;chains.callExpDateMap.*.tradeTimeInLong;chains.putExpDateMap.*.quoteTimeInLong;chains.putExpDateMap.*.tradeTimeInLong,chains.callExpDateMap.*.theoreticalVolatility;chains.putExpDateMap.*.theoreticalVolatility;chains.callExpDateMap.*.volatility,V3 G2 cross-validator (CSV vocabulary),NOT_MARKET_DATA,,,NOT_MARKET_DATA: scoped mechanical classifier tail; production wire reads tracked in governance/SCHWAB_V4_REVIEW_MEMOS cone walk
2613ca81c2291273fd42,cross_validator,call_engine.py,1233,0,pattern_kind_miss,"                    prob_fails.append(f""fusion reversal posterior {reversal_p:.0%} — high reversal risk for longs"")",high risk,chains.callExpDateMap.*.highPrice;chains.putExpDateMap.*.highPrice;chains.underlying.fiftyTwoWeekHigh;chains.underlying.highPrice;pricehistory.candles.*.high;quotes.quote.52WeekHigh;quotes.quote.highPrice;streaming.content.*.HIGH_PRICE;streaming.content.*.HIGH_PRICE_52_WEEK,pricehistory.candles.*.volume;chains.putExpDateMap.*.rho;chains.callExpDateMap.*.rho,V3 G2 cross-validator (CSV vocabulary),NOT_MARKET_DATA,,,NOT_MARKET_DATA: scoped mechanical classifier tail; production wire reads tracked in governance/SCHWAB_V4_REVIEW_MEMOS cone walk
90b27154e9fde624a0cf,cross_validator,call_engine.py,1237,0,pattern_kind_miss,"                        symbol, reversal_p, final_signal",symbol,chains.callExpDateMap.*.optionDeliverablesList.*.symbol;chains.callExpDateMap.*.symbol;chains.putExpDateMap.*.optionDeliverablesList.*.symbol;chains.putExpDateMap.*.symbol;chains.symbol;chains.underlying.symbol;instruments.*.fundamental.symbol;instruments.*.symbol;movers.screeners.*.symbol;quotes.symbol,chains.callExpDateMap.*.theoreticalVolatility;chains.callExpDateMap.*.low52Week;chains.callExpDateMap.*.totalVolume,V3 G2 cross-validator (CSV vocabulary),NOT_MARKET_DATA,,,NOT_MARKET_DATA: scoped mechanical classifier tail; production wire reads tracked in governance/SCHWAB_V4_REVIEW_MEMOS cone walk
c9f5efb71661590f9a08,cross_validator,call_engine.py,1239,0,pattern_kind_miss,"            elif final_signal == ""short"":",short,instruments.*.fundamental.shortIntDayToCover;instruments.*.fundamental.shortIntToFloat,chains.callExpDateMap.*.bidSize;chains.callExpDateMap.*.theoreticalVolatility;chains.underlying.askSize,V3 G2 cross-validator (CSV vocabulary),NOT_MARKET_DATA,,,NOT_MARKET_DATA: scoped mechanical classifier tail; production wire reads tracked in governance/SCHWAB_V4_REVIEW_MEMOS cone walk
1c36a0c679dbf84d6940,cross_validator,call_engine.py,1244,0,pattern_kind_miss,"                        ""fusion continuation/breakout posteriors unavailable — cannot validate short safety""",short,instruments.*.fundamental.shortIntDayToCover;instruments.*.fundamental.shortIntToFloat,chains.putExpDateMap.*.theoreticalVolatility;chains.callExpDateMap.*.theoreticalVolatility;chains.putExpDateMap.*.volatility,V3 G2 cross-validator (CSV vocabulary),NOT_MARKET_DATA,,,NOT_MARKET_DATA: scoped mechanical classifier tail; production wire reads tracked in governance/SCHWAB_V4_REVIEW_MEMOS cone walk
f56199dff1fc181ebbea,cross_validator,call_engine.py,1254,0,pattern_kind_miss,"                        ""continuation=%.2f breakout=%.2f blocking short"",",short,instruments.*.fundamental.shortIntDayToCover;instruments.*.fundamental.shortIntToFloat,streaming.content.*.BIDS;streaming.content.*.BIDS.*;streaming.content.*.ASKS,V3 G2 cross-validator (CSV vocabulary),NOT_MARKET_DATA,,,NOT_MARKET_DATA: scoped mechanical classifier tail; production wire reads tracked in governance/SCHWAB_V4_REVIEW_MEMOS cone walk
49838adc22397d297f93,cross_validator,call_engine.py,1255,0,pattern_kind_miss,"                        symbol, continuation_p, breakout_p",symbol,chains.callExpDateMap.*.optionDeliverablesList.*.symbol;chains.callExpDateMap.*.symbol;chains.putExpDateMap.*.optionDeliverablesList.*.symbol;chains.putExpDateMap.*.symbol;chains.symbol;chains.underlying.symbol;instruments.*.fundamental.symbol;instruments.*.symbol;movers.screeners.*.symbol;quotes.symbol,chains.putExpDateMap.*.totalVolume;chains.callExpDateMap.*.totalVolume;chains.putExpDateMap.*.theoreticalVolatility,V3 G2 cross-validator (CSV vocabulary),NOT_MARKET_DATA,,,NOT_MARKET_DATA: scoped mechanical classifier tail; production wire reads tracked in governance/SCHWAB_V4_REVIEW_MEMOS cone walk
7fb5167ea76a60c14018,cross_validator,call_engine.py,1266,0,pattern_kind_miss,    # LAYER 3 — RISK VALIDITY,risk,,chains.volatility;chains.callExpDateMap.*.theoreticalVolatility;chains.putExpDateMap.*.theoreticalVolatility,V3 G2 cross-validator (CSV vocabulary),NOT_MARKET_DATA,,,NOT_MARKET_DATA: scoped mechanical classifier tail; production wire reads tracked in governance/SCHWAB_V4_REVIEW_MEMOS cone walk
963e4f6e9af536eadf34,cross_validator,call_engine.py,1270,0,pattern_kind_miss,    # 3a. MC adverse excursion exceeds stop distance — regime-aware threshold,regime,,chains.callExpDateMap.*.theta;quotes.extended.askSize;chains.putExpDateMap.*.delta,V3 G2 cross-validator (CSV vocabulary),NOT_MARKET_DATA,,,NOT_MARKET_DATA: scoped mechanical classifier tail; production wire reads tracked in governance/SCHWAB_V4_REVIEW_MEMOS cone walk
307b051d039a9acfb69f,cross_validator,call_engine.py,1278,0,pattern_kind_miss,            # Regime-aware EAE threshold: breakout/expansion tolerate larger EAE,regime,,chains.callExpDateMap.*.theta;chains.callExpDateMap.*.vega;chains.callExpDateMap.*.delta,V3 G2 cross-validator (CSV vocabulary),NOT_MARKET_DATA,,,NOT_MARKET_DATA: scoped mechanical classifier tail; production wire reads tracked in governance/SCHWAB_V4_REVIEW_MEMOS cone walk
0deb376e6e6482201333,cross_validator,call_engine.py,1287,0,pattern_kind_miss,"                risk_fails.append(f""MC EAE ({mc_eae:.1f}pts) exceeds {eae_gate_mult:.1f}x stop ({stop_dist:.1f}pts) for {regime_label} regime"")",regime,,chains.putExpDateMap.*.askSize;chains.putExpDateMap.*.theta;chains.putExpDateMap.*.bidSize,V3 G2 cross-validator (CSV vocabulary),NOT_MARKET_DATA,,,NOT_MARKET_DATA: scoped mechanical classifier tail; production wire reads tracked in governance/SCHWAB_V4_REVIEW_MEMOS cone walk
30b807dccc45db305b5d,cross_validator,call_engine.py,1289,0,pattern_kind_miss,    # 3b. VIX extreme — risk environment hostile,risk,,streaming.service;streaming.content.*.BID_SIZE;streaming.content.*.ASK_SIZE,V3 G2 cross-validator (CSV vocabulary),NOT_MARKET_DATA,,,NOT_MARKET_DATA: scoped mechanical classifier tail; production wire reads tracked in governance/SCHWAB_V4_REVIEW_MEMOS cone walk
81fea3f5220ce6bb8f02,cross_validator,call_engine.py,1292,0,pattern_kind_miss,"        risk_fails.append(f""VIX at {vix:.1f} — extreme volatility, reduced reliability"")",volatility,chains.callExpDateMap.*.theoreticalVolatility;chains.callExpDateMap.*.volatility;chains.putExpDateMap.*.theoreticalVolatility;chains.putExpDateMap.*.volatility;chains.volatility,chains.putExpDateMap.*.theoreticalVolatility;chains.callExpDateMap.*.theoreticalVolatility;chains.volatility,V3 G2 cross-validator (CSV vocabulary),NOT_MARKET_DATA,,,NOT_MARKET_DATA: scoped mechanical classifier tail; production wire reads tracked in governance/SCHWAB_V4_REVIEW_MEMOS cone walk
512acb6a61b9a7a41e01,cross_validator,call_engine.py,1294,0,pattern_kind_miss,    # 3c. Compression detected — risk of violent breakout in either direction,risk,,quotes.quote.bidSize;quotes.quote.askSize;quotes.extended.askSize,V3 G2 cross-validator (CSV vocabulary),NOT_MARKET_DATA,,,NOT_MARKET_DATA: scoped mechanical classifier tail; production wire reads tracked in governance/SCHWAB_V4_REVIEW_MEMOS cone walk
bf14d062112dfef21a9f,cross_validator,call_engine.py,1298,0,pattern_kind_miss,"            risk_fails.append(f""compression ({comp_bars} bars) — risk of unpredictable breakout"")",risk,,chains.putExpDateMap.*.askSize;chains.putExpDateMap.*.bidSize;chains.callExpDateMap.*.askSize,V3 G2 cross-validator (CSV vocabulary),NOT_MARKET_DATA,,,NOT_MARKET_DATA: scoped mechanical classifier tail; production wire reads tracked in governance/SCHWAB_V4_REVIEW_MEMOS cone walk
712fb7775879f9b10ad4,cross_validator,call_engine.py,1320,0,pattern_kind_miss,"            layers_failed.append(""risk"")",risk,,chains.callExpDateMap.*.bidSize;chains.callExpDateMap.*.askSize;chains.putExpDateMap.*.bidSize,V3 G2 cross-validator (CSV vocabulary),NOT_MARKET_DATA,,,NOT_MARKET_DATA: scoped mechanical classifier tail; production wire reads tracked in governance/SCHWAB_V4_REVIEW_MEMOS cone walk
b6f892a63456f0573750,cross_validator,call_engine.py,1325,0,pattern_kind_miss,    return result,return,instruments.*.fundamental.returnOnAssets;instruments.*.fundamental.returnOnEquity;instruments.*.fundamental.returnOnInvestment,quotes.regular.regularMarketLastSize;quotes.regular.regularMarketTradeTime;market_hours.future.RTY.isOpen,V3 G2 cross-validator (CSV vocabulary),NOT_MARKET_DATA,,,NOT_MARKET_DATA: scoped mechanical classifier tail; production wire reads tracked in governance/SCHWAB_V4_REVIEW_MEMOS cone walk
75dd1bdcc3cfca8db9a9,cross_validator,call_engine.py,1332,0,pattern_kind_miss,"    regime=None,",regime,,quotes.reference.exchangeName;movers.screeners.*.volume;streaming.content.*.VOLUME,V3 G2 cross-validator (CSV vocabulary),NOT_MARKET_DATA,,,NOT_MARKET_DATA: scoped mechanical classifier tail; production wire reads tracked in governance/SCHWAB_V4_REVIEW_MEMOS cone walk
678ee9e9e5acec5a5324,cross_validator,call_engine.py,1341,0,pattern_kind_miss,"    The Call — implements STACK ORDER 8, 9, 10:",the call order,chains.callExpDateMap.*.inTheMoney;chains.putExpDateMap.*.inTheMoney;chains.callExpDateMap;chains.callExpDateMap.*;chains.callExpDateMap.*.ask;chains.callExpDateMap.*.askSize;chains.callExpDateMap.*.bid;chains.callExpDateMap.*.bidAskSize;chains.callExpDateMap.*.bidSize;chains.callExpDateMap.*.closePrice;chains.callExpDateMap.*.daysToExpiration;chains.callExpDateMap.*.deliverableNote;chains.callExpDateMap.*.delta;chains.callExpDateMap.*.description;chains.callExpDateMap.*.exchangeName;chains.callExpDateMap.*.exerciseType;chains.callExpDateMap.*.expirationDate;chains.callExpDateMap.*.expirationType;chains.callExpDateMap.*.extrinsicValue;chains.callExpDateMap.*.gamma;chains.callExpDateMap.*.high52Week;chains.callExpDateMap.*.highPrice;chains.callExpDateMap.*.intrinsicValue;chains.callExpDateMap.*.last;chains.callExpDateMap.*.lastSize,chains.callExpDateMap.*.theoreticalVolatility;chains.callExpDateMap.*.theta;chains.callExpDateMap.*.delta,V3 G2 cross-validator (CSV vocabulary),NOT_MARKET_DATA,,,NOT_MARKET_DATA: scoped mechanical classifier tail; production wire reads tracked in governance/SCHWAB_V4_REVIEW_MEMOS cone walk
c6619fd0cf9657ed0e77,cross_validator,call_engine.py,1342,0,pattern_kind_miss,"      8. Decision Policy Layer (The Call): signal, conviction, trade interpretation",the call trade,chains.callExpDateMap.*.inTheMoney;chains.putExpDateMap.*.inTheMoney;chains.callExpDateMap;chains.callExpDateMap.*;chains.callExpDateMap.*.ask;chains.callExpDateMap.*.askSize;chains.callExpDateMap.*.bid;chains.callExpDateMap.*.bidAskSize;chains.callExpDateMap.*.bidSize;chains.callExpDateMap.*.closePrice;chains.callExpDateMap.*.daysToExpiration;chains.callExpDateMap.*.deliverableNote;chains.callExpDateMap.*.delta;chains.callExpDateMap.*.description;chains.callExpDateMap.*.exchangeName;chains.callExpDateMap.*.exerciseType;chains.callExpDateMap.*.expirationDate;chains.callExpDateMap.*.expirationType;chains.callExpDateMap.*.extrinsicValue;chains.callExpDateMap.*.gamma;chains.callExpDateMap.*.high52Week;chains.callExpDateMap.*.highPrice;chains.callExpDateMap.*.intrinsicValue;chains.callExpDateMap.*.last;chains.callExpDateMap.*.lastSize,chains.volatility;chains.callExpDateMap.*.theoreticalVolatility;chains.callExpDateMap.*.volatility,V3 G2 cross-validator (CSV vocabulary),NOT_MARKET_DATA,,,NOT_MARKET_DATA: scoped mechanical classifier tail; production wire reads tracked in governance/SCHWAB_V4_REVIEW_MEMOS cone walk
917403df8e87f2bbea1d,cross_validator,call_engine.py,1343,0,pattern_kind_miss,"      9. Risk Engine: _validate_trade (structure, probability, risk gates)",risk,,chains.putExpDateMap.*.theoreticalVolatility;chains.volatility;chains.callExpDateMap.*.theoreticalVolatility,V3 G2 cross-validator (CSV vocabulary),NOT_MARKET_DATA,,,NOT_MARKET_DATA: scoped mechanical classifier tail; production wire reads tracked in governance/SCHWAB_V4_REVIEW_MEMOS cone walk
6bebba1d6dbca768d2de,cross_validator,call_engine.py,1346,0,pattern_kind_miss,"    vol_regime is REQUIRED input; influences trade permissibility, conviction,",trade,chains.callExpDateMap.*.tradeTimeInLong;chains.putExpDateMap.*.tradeTimeInLong;chains.underlying.tradeTime;quotes.extended.tradeTime;quotes.quote.tradeTime;quotes.regular.regularMarketTradeTime;streaming.content.*.REGULAR_MARKET_TRADE;streaming.content.*.REGULAR_MARKET_TRADE_MILLIS;streaming.content.*.TRADE_TIME_MILLIS,chains.volatility;quotes.quote.bidSize;chains.putExpDateMap.*.volatility,V3 G2 cross-validator (CSV vocabulary),NOT_MARKET_DATA,,,NOT_MARKET_DATA: scoped mechanical classifier tail; production wire reads tracked in governance/SCHWAB_V4_REVIEW_MEMOS cone walk
bd28894400bc28032b6e,cross_validator,call_engine.py,1347,0,pattern_kind_miss,"    probability gating, stop/risk scaling, and size impact.",risk size,chains.callExpDateMap.*.askSize;chains.callExpDateMap.*.bidAskSize;chains.callExpDateMap.*.bidSize;chains.callExpDateMap.*.lastSize;chains.putExpDateMap.*.askSize;chains.putExpDateMap.*.bidAskSize;chains.putExpDateMap.*.bidSize;chains.putExpDateMap.*.lastSize;chains.underlying.askSize;chains.underlying.bidSize;quotes.extended.askSize;quotes.extended.bidSize;quotes.extended.lastSize;quotes.quote.askSize;quotes.quote.bidSize;quotes.quote.lastSize;quotes.regular.regularMarketLastSize;streaming.content.*.ASK_SIZE;streaming.content.*.BID_SIZE;streaming.content.*.LAST_SIZE;streaming.content.*.REGULAR_MARKET_LAST_SIZE,chains.putExpDateMap.*.theoreticalVolatility;chains.callExpDateMap.*.theoreticalVolatility;chains.volatility,V3 G2 cross-validator (CSV vocabulary),NOT_MARKET_DATA,,,NOT_MARKET_DATA: scoped mechanical classifier tail; production wire reads tracked in governance/SCHWAB_V4_REVIEW_MEMOS cone walk
68f3a81bfd53b70aeb6b,cross_validator,call_engine.py,1366,0,pattern_kind_miss,"            confidence=""low"",",low,chains.callExpDateMap.*.lowPrice;chains.putExpDateMap.*.lowPrice;chains.underlying.fiftyTwoWeekLow;chains.underlying.lowPrice;pricehistory.candles.*.low;quotes.quote.52WeekLow;quotes.quote.lowPrice;streaming.content.*.LOW_PRICE;streaming.content.*.LOW_PRICE_52_WEEK,pricehistory.candles.*.volume;chains.callExpDateMap.*.optionDeliverablesList.*.deliverableUnits;chains.callExpDateMap.*.optionDeliverablesList.*.symbol,V3 G2 cross-validator (CSV vocabulary),NOT_MARKET_DATA,,,NOT_MARKET_DATA: scoped mechanical classifier tail; production wire reads tracked in governance/SCHWAB_V4_REVIEW_MEMOS cone walk
bf8310d50a2448ba08e5,cross_validator,call_engine.py,1378,0,pattern_kind_miss,    # ── STACK ORDER 8: Decision Policy Layer (The Call) ────────────────────────,order the call,chains.callExpDateMap.*.inTheMoney;chains.putExpDateMap.*.inTheMoney;chains.callExpDateMap;chains.callExpDateMap.*;chains.callExpDateMap.*.ask;chains.callExpDateMap.*.askSize;chains.callExpDateMap.*.bid;chains.callExpDateMap.*.bidAskSize;chains.callExpDateMap.*.bidSize;chains.callExpDateMap.*.closePrice;chains.callExpDateMap.*.daysToExpiration;chains.callExpDateMap.*.deliverableNote;chains.callExpDateMap.*.delta;chains.callExpDateMap.*.description;chains.callExpDateMap.*.exchangeName;chains.callExpDateMap.*.exerciseType;chains.callExpDateMap.*.expirationDate;chains.callExpDateMap.*.expirationType;chains.callExpDateMap.*.extrinsicValue;chains.callExpDateMap.*.gamma;chains.callExpDateMap.*.high52Week;chains.callExpDateMap.*.highPrice;chains.callExpDateMap.*.intrinsicValue;chains.callExpDateMap.*.last;chains.callExpDateMap.*.lastSize,chains.callExpDateMap.*.rho;pricehistory.candles;quotes.quote.askSize,V3 G2 cross-validator (CSV vocabulary),NOT_MARKET_DATA,,,NOT_MARKET_DATA: scoped mechanical classifier tail; production wire reads tracked in governance/SCHWAB_V4_REVIEW_MEMOS cone walk
95f1f6515e39bdeaa0cf,cross_validator,call_engine.py,1379,0,pattern_kind_miss,"    # Consumes vol_regime for trade permissibility, conviction, probability gating.",trade,chains.callExpDateMap.*.tradeTimeInLong;chains.putExpDateMap.*.tradeTimeInLong;chains.underlying.tradeTime;quotes.extended.tradeTime;quotes.quote.tradeTime;quotes.regular.regularMarketTradeTime;streaming.content.*.REGULAR_MARKET_TRADE;streaming.content.*.REGULAR_MARKET_TRADE_MILLIS;streaming.content.*.TRADE_TIME_MILLIS,chains.volatility;chains.putExpDateMap.*.theoreticalVolatility;chains.callExpDateMap.*.theoreticalVolatility,V3 G2 cross-validator (CSV vocabulary),NOT_MARKET_DATA,,,NOT_MARKET_DATA: scoped mechanical classifier tail; production wire reads tracked in governance/SCHWAB_V4_REVIEW_MEMOS cone walk
a459b96250a966c9a251,cross_validator,call_engine.py,1398,0,pattern_kind_miss,"    # Broad tape: three independent basket/ETF reads (SPY, QQQ, IWM) — no cross-index veto.",index,chains.isIndex,quotes.extended.askSize;quotes.quote.askSize;chains.putExpDateMap.*.theta,V3 G2 cross-validator (CSV vocabulary),NOT_MARKET_DATA,,,NOT_MARKET_DATA: scoped mechanical classifier tail; production wire reads tracked in governance/SCHWAB_V4_REVIEW_MEMOS cone walk
0aa5e796037e47381fc3,cross_validator,call_engine.py,1403,0,pattern_kind_miss,    # Order flow direction from SignalInput (stack layer),order flow,,chains.putExpDateMap.*.theoreticalVolatility;chains.callExpDateMap.*.bidSize;chains.callExpDateMap.*.theoreticalVolatility,V3 G2 cross-validator (CSV vocabulary),NOT_MARKET_DATA,,,NOT_MARKET_DATA: scoped mechanical classifier tail; production wire reads tracked in governance/SCHWAB_V4_REVIEW_MEMOS cone walk
a4b2c75a80db70104569,cross_validator,call_engine.py,1405,0,pattern_kind_miss,"    of_vote = 1 if _of_dir in (""bullish"", ""call"", ""long"") else (-1 if _of_dir in (""bearish"", ""put"", ""short"") else 0)",call long put short,chains.callExpDateMap;chains.callExpDateMap.*;chains.callExpDateMap.*.ask;chains.callExpDateMap.*.askSize;chains.callExpDateMap.*.bid;chains.callExpDateMap.*.bidAskSize;chains.callExpDateMap.*.bidSize;chains.callExpDateMap.*.closePrice;chains.callExpDateMap.*.daysToExpiration;chains.callExpDateMap.*.deliverableNote;chains.callExpDateMap.*.delta;chains.callExpDateMap.*.description;chains.callExpDateMap.*.exchangeName;chains.callExpDateMap.*.exerciseType;chains.callExpDateMap.*.expirationDate;chains.callExpDateMap.*.expirationType;chains.callExpDateMap.*.extrinsicValue;chains.callExpDateMap.*.gamma;chains.callExpDateMap.*.high52Week;chains.callExpDateMap.*.highPrice;chains.callExpDateMap.*.inTheMoney;chains.callExpDateMap.*.intrinsicValue;chains.callExpDateMap.*.last;chains.callExpDateMap.*.lastSize;chains.callExpDateMap.*.lastTradingDay,quotes.quote.bidSize;chains.callExpDateMap.*.bidSize;chains.underlying.bidSize,V3 G2 cross-validator (CSV vocabulary),NOT_MARKET_DATA,,,NOT_MARKET_DATA: scoped mechanical classifier tail; production wire reads tracked in governance/SCHWAB_V4_REVIEW_MEMOS cone walk
9bea5619ea748ee1930c,cross_validator,call_engine.py,1407,0,pattern_kind_miss,    # Live-horizon Bayesian fusion dominant direction (authoritative model-stack direction; canonical triplet matches this path),model,,chains.putExpDateMap.*.theoreticalVolatility;chains.volatility;chains.putExpDateMap.*.volatility,V3 G2 cross-validator (CSV vocabulary),NOT_MARKET_DATA,,,NOT_MARKET_DATA: scoped mechanical classifier tail; production wire reads tracked in governance/SCHWAB_V4_REVIEW_MEMOS cone walk
6929d466aa6e95ddcda6,cross_validator,call_engine.py,1416,0,pattern_kind_miss,    # Regime + zone directional bias (breakout/breakdown from derive_zone),regime,,quotes.quote.bidSize;quotes.quote.askSize;quotes.extended.askSize,V3 G2 cross-validator (CSV vocabulary),NOT_MARKET_DATA,,,NOT_MARKET_DATA: scoped mechanical classifier tail; production wire reads tracked in governance/SCHWAB_V4_REVIEW_MEMOS cone walk
86bba4564fd8d5a152a3,cross_validator,call_engine.py,1427,0,pattern_kind_miss,"    # Stack votes: 1=long, -1=short, 0=abstain (CONFLUENCE_TOTAL_SOURCES; fusion slot = authoritative model dir)",long short model,chains.callExpDateMap.*.quoteTimeInLong;chains.callExpDateMap.*.tradeTimeInLong;chains.putExpDateMap.*.quoteTimeInLong;chains.putExpDateMap.*.tradeTimeInLong;instruments.*.fundamental.shortIntDayToCover;instruments.*.fundamental.shortIntToFloat,chains.putExpDateMap.*.theoreticalVolatility;quotes.quote.askSize;chains.callExpDateMap.*.theoreticalVolatility,V3 G2 cross-validator (CSV vocabulary),NOT_MARKET_DATA,,,NOT_MARKET_DATA: scoped mechanical classifier tail; production wire reads tracked in governance/SCHWAB_V4_REVIEW_MEMOS cone walk
5d35c44e00d7fde03db8,cross_validator,call_engine.py,1429,0,pattern_kind_miss,"        ""micro"":   1 if rules_signal == ""long"" else (-1 if rules_signal == ""short"" else 0),",long short,chains.callExpDateMap.*.quoteTimeInLong;chains.callExpDateMap.*.tradeTimeInLong;chains.putExpDateMap.*.quoteTimeInLong;chains.putExpDateMap.*.tradeTimeInLong;instruments.*.fundamental.shortIntDayToCover;instruments.*.fundamental.shortIntToFloat,quotes.quote.bidSize;quotes.quote.askSize;chains.callExpDateMap.*.rho,V3 G2 cross-validator (CSV vocabulary),NOT_MARKET_DATA,,,NOT_MARKET_DATA: scoped mechanical classifier tail; production wire reads tracked in governance/SCHWAB_V4_REVIEW_MEMOS cone walk
536e62343c16a0b155a1,cross_validator,call_engine.py,1446,0,pattern_kind_miss,"    if _evt in (""elevated"", ""high""):",high,chains.callExpDateMap.*.highPrice;chains.putExpDateMap.*.highPrice;chains.underlying.fiftyTwoWeekHigh;chains.underlying.highPrice;pricehistory.candles.*.high;quotes.quote.52WeekHigh;quotes.quote.highPrice;streaming.content.*.HIGH_PRICE;streaming.content.*.HIGH_PRICE_52_WEEK,chains.volatility;chains.callExpDateMap.*.volatility;chains.putExpDateMap.*.volatility,V3 G2 cross-validator (CSV vocabulary),NOT_MARKET_DATA,,,NOT_MARKET_DATA: scoped mechanical classifier tail; production wire reads tracked in governance/SCHWAB_V4_REVIEW_MEMOS cone walk
c80d72a4d413d1b470d9,cross_validator,call_engine.py,1451,0,pattern_kind_miss,"        final_signal = ""long""",long,chains.callExpDateMap.*.quoteTimeInLong;chains.callExpDateMap.*.tradeTimeInLong;chains.putExpDateMap.*.quoteTimeInLong;chains.putExpDateMap.*.tradeTimeInLong,chains.callExpDateMap.*.optionDeliverablesList.*.symbol;chains.callExpDateMap.*.bid;chains.callExpDateMap.*.optionDeliverablesList,V3 G2 cross-validator (CSV vocabulary),NOT_MARKET_DATA,,,NOT_MARKET_DATA: scoped mechanical classifier tail; production wire reads tracked in governance/SCHWAB_V4_REVIEW_MEMOS cone walk
5ba951b32344ab99c773,cross_validator,call_engine.py,1453,0,pattern_kind_miss,"        final_signal = ""short""",short,instruments.*.fundamental.shortIntDayToCover;instruments.*.fundamental.shortIntToFloat,chains.underlying.askSize;chains.callExpDateMap.*.askSize;chains.callExpDateMap.*.bidSize,V3 G2 cross-validator (CSV vocabulary),NOT_MARKET_DATA,,,NOT_MARKET_DATA: scoped mechanical classifier tail; production wire reads tracked in governance/SCHWAB_V4_REVIEW_MEMOS cone walk
67f6e2c95dd5bb7ab942,cross_validator,call_engine.py,1457,0,pattern_kind_miss,    # Confluence: sources agreeing with the stack-derived final signal,the,chains.callExpDateMap.*.inTheMoney;chains.putExpDateMap.*.inTheMoney,chains.callExpDateMap.*.theta;chains.callExpDateMap.*.vega;chains.callExpDateMap.*.rho,V3 G2 cross-validator (CSV vocabulary),NOT_MARKET_DATA,,,NOT_MARKET_DATA: scoped mechanical classifier tail; production wire reads tracked in governance/SCHWAB_V4_REVIEW_MEMOS cone walk
80b0ce4a3f6629bf8858,cross_validator,call_engine.py,1459,0,pattern_kind_miss,"    if final_signal == ""long"":",long,chains.callExpDateMap.*.quoteTimeInLong;chains.callExpDateMap.*.tradeTimeInLong;chains.putExpDateMap.*.quoteTimeInLong;chains.putExpDateMap.*.tradeTimeInLong,chains.underlying.bidSize;chains.underlying.askSize;chains.callExpDateMap.*.optionDeliverablesList.*.symbol,V3 G2 cross-validator (CSV vocabulary),NOT_MARKET_DATA,,,NOT_MARKET_DATA: scoped mechanical classifier tail; production wire reads tracked in governance/SCHWAB_V4_REVIEW_MEMOS cone walk
cf7a0afcfcbcb2f1a935,cross_validator,call_engine.py,1461,0,pattern_kind_miss,"    elif final_signal == ""short"":",short,instruments.*.fundamental.shortIntDayToCover;instruments.*.fundamental.shortIntToFloat,chains.callExpDateMap.*.bidSize;chains.callExpDateMap.*.theoreticalVolatility;chains.underlying.askSize,V3 G2 cross-validator (CSV vocabulary),NOT_MARKET_DATA,,,NOT_MARKET_DATA: scoped mechanical classifier tail; production wire reads tracked in governance/SCHWAB_V4_REVIEW_MEMOS cone walk
4cc6c6a95ecb747572da,cross_validator,call_engine.py,1468,0,pattern_kind_miss,"    # Uniform max-entropy posterior is not a tradable forecast — force WAIT, not a parallel stack call.",call,chains.callExpDateMap;chains.callExpDateMap.*;chains.callExpDateMap.*.ask;chains.callExpDateMap.*.askSize;chains.callExpDateMap.*.bid;chains.callExpDateMap.*.bidAskSize;chains.callExpDateMap.*.bidSize;chains.callExpDateMap.*.closePrice;chains.callExpDateMap.*.daysToExpiration;chains.callExpDateMap.*.deliverableNote;chains.callExpDateMap.*.delta;chains.callExpDateMap.*.description;chains.callExpDateMap.*.exchangeName;chains.callExpDateMap.*.exerciseType;chains.callExpDateMap.*.expirationDate;chains.callExpDateMap.*.expirationType;chains.callExpDateMap.*.extrinsicValue;chains.callExpDateMap.*.gamma;chains.callExpDateMap.*.high52Week;chains.callExpDateMap.*.highPrice;chains.callExpDateMap.*.inTheMoney;chains.callExpDateMap.*.intrinsicValue;chains.callExpDateMap.*.last;chains.callExpDateMap.*.lastSize;chains.callExpDateMap.*.lastTradingDay,chains.callExpDateMap.*.totalVolume;chains.callExpDateMap.*.theoreticalVolatility;chains.putExpDateMap.*.theoreticalVolatility,V3 G2 cross-validator (CSV vocabulary),NOT_MARKET_DATA,,,NOT_MARKET_DATA: scoped mechanical classifier tail; production wire reads tracked in governance/SCHWAB_V4_REVIEW_MEMOS cone walk
ed9926ce017b4283cae4,cross_validator,call_engine.py,1473,0,pattern_kind_miss,"        and final_signal in (""long"", ""short"")",long short,chains.callExpDateMap.*.quoteTimeInLong;chains.callExpDateMap.*.tradeTimeInLong;chains.putExpDateMap.*.quoteTimeInLong;chains.putExpDateMap.*.tradeTimeInLong;instruments.*.fundamental.shortIntDayToCover;instruments.*.fundamental.shortIntToFloat,chains.callExpDateMap.*.optionDeliverablesList.*.symbol;chains.callExpDateMap.*.optionDeliverablesList;chains.underlying.bidSize,V3 G2 cross-validator (CSV vocabulary),NOT_MARKET_DATA,,,NOT_MARKET_DATA: scoped mechanical classifier tail; production wire reads tracked in governance/SCHWAB_V4_REVIEW_MEMOS cone walk
5580f5436e2dd4302431,cross_validator,call_engine.py,1477,0,pattern_kind_miss,"            f""canonical provenance={_prov} — directional trades require an active fusion posterior""",trades,movers.screeners.*.trades,chains.callExpDateMap.*.openInterest;chains.putExpDateMap.*.askSize;chains.putExpDateMap.*.bidSize,V3 G2 cross-validator (CSV vocabulary),NOT_MARKET_DATA,,,NOT_MARKET_DATA: scoped mechanical classifier tail; production wire reads tracked in governance/SCHWAB_V4_REVIEW_MEMOS cone walk
ecc5a7f57ef9a488e2da,cross_validator,call_engine.py,1486,0,pattern_kind_miss,"    pred_agrees = (final_signal == ""long"" and canonical.direction == ""up"") or (",long,chains.callExpDateMap.*.quoteTimeInLong;chains.callExpDateMap.*.tradeTimeInLong;chains.putExpDateMap.*.quoteTimeInLong;chains.putExpDateMap.*.tradeTimeInLong,chains.callExpDateMap.*.bidSize;chains.underlying.bidSize;chains.underlying.askSize,V3 G2 cross-validator (CSV vocabulary),NOT_MARKET_DATA,,,NOT_MARKET_DATA: scoped mechanical classifier tail; production wire reads tracked in governance/SCHWAB_V4_REVIEW_MEMOS cone walk
d4f513571accce6e5260,cross_validator,call_engine.py,1487,0,pattern_kind_miss,"        final_signal == ""short"" and canonical.direction == ""down""",short,instruments.*.fundamental.shortIntDayToCover;instruments.*.fundamental.shortIntToFloat,chains.callExpDateMap.*.bidSize;chains.callExpDateMap.*.bid;pricehistory.candles,V3 G2 cross-validator (CSV vocabulary),NOT_MARKET_DATA,,,NOT_MARKET_DATA: scoped mechanical classifier tail; production wire reads tracked in governance/SCHWAB_V4_REVIEW_MEMOS cone walk
e8c302b35c5f6ca072f5,cross_validator,call_engine.py,1490,0,pattern_kind_miss,    # ── Multi-horizon policy (pre-risk): veto or promote inside The Call (not post-hoc in signals) ─,pre risk the call post,market_hours.bond.BON.sessionHours.preMarket;market_hours.bond.BON.sessionHours.preMarket.*;market_hours.bond.BON.sessionHours.preMarket.*.end;market_hours.bond.BON.sessionHours.preMarket.*.start;market_hours.equity.EQ.sessionHours.preMarket;market_hours.equity.EQ.sessionHours.preMarket.*;market_hours.equity.EQ.sessionHours.preMarket.*.end;market_hours.equity.EQ.sessionHours.preMarket.*.start;chains.callExpDateMap.*.inTheMoney;chains.putExpDateMap.*.inTheMoney;chains.callExpDateMap;chains.callExpDateMap.*;chains.callExpDateMap.*.ask;chains.callExpDateMap.*.askSize;chains.callExpDateMap.*.bid;chains.callExpDateMap.*.bidAskSize;chains.callExpDateMap.*.bidSize;chains.callExpDateMap.*.closePrice;chains.callExpDateMap.*.daysToExpiration;chains.callExpDateMap.*.deliverableNote;chains.callExpDateMap.*.delta;chains.callExpDateMap.*.description;chains.callExpDateMap.*.exchangeName;chains.callExpDateMap.*.exerciseType;chains.callExpDateMap.*.expirationDate,chains.volatility;chains.putExpDateMap.*.theoreticalVolatility;pricehistory.candles.*.volume,V3 G2 cross-validator (CSV vocabulary),NOT_MARKET_DATA,,,NOT_MARKET_DATA: scoped mechanical classifier tail; production wire reads tracked in governance/SCHWAB_V4_REVIEW_MEMOS cone walk
ca79035c56346946db39,cross_validator,call_engine.py,1505,0,pattern_kind_miss,"            final_signal = ""long"" if mh_policy.final_bias == ""long"" else ""short""",long short,chains.callExpDateMap.*.quoteTimeInLong;chains.callExpDateMap.*.tradeTimeInLong;chains.putExpDateMap.*.quoteTimeInLong;chains.putExpDateMap.*.tradeTimeInLong;instruments.*.fundamental.shortIntDayToCover;instruments.*.fundamental.shortIntToFloat,chains.callExpDateMap.*.optionDeliverablesList.*.symbol;chains.callExpDateMap.*.bidSize;chains.callExpDateMap.*.optionDeliverablesList,V3 G2 cross-validator (CSV vocabulary),NOT_MARKET_DATA,,,NOT_MARKET_DATA: scoped mechanical classifier tail; production wire reads tracked in governance/SCHWAB_V4_REVIEW_MEMOS cone walk
5eabdb1844e4e5e67df3,cross_validator,call_engine.py,1511,0,pattern_kind_miss,"    pred_agrees = (final_signal == ""long"" and canonical.direction == ""up"") or (",long,chains.callExpDateMap.*.quoteTimeInLong;chains.callExpDateMap.*.tradeTimeInLong;chains.putExpDateMap.*.quoteTimeInLong;chains.putExpDateMap.*.tradeTimeInLong,chains.callExpDateMap.*.bidSize;chains.underlying.bidSize;chains.underlying.askSize,V3 G2 cross-validator (CSV vocabulary),NOT_MARKET_DATA,,,NOT_MARKET_DATA: scoped mechanical classifier tail; production wire reads tracked in governance/SCHWAB_V4_REVIEW_MEMOS cone walk
a253dc9a1a03462f87be,cross_validator,call_engine.py,1512,0,pattern_kind_miss,"        final_signal == ""short"" and canonical.direction == ""down""",short,instruments.*.fundamental.shortIntDayToCover;instruments.*.fundamental.shortIntToFloat,chains.callExpDateMap.*.bidSize;chains.callExpDateMap.*.bid;pricehistory.candles,V3 G2 cross-validator (CSV vocabulary),NOT_MARKET_DATA,,,NOT_MARKET_DATA: scoped mechanical classifier tail; production wire reads tracked in governance/SCHWAB_V4_REVIEW_MEMOS cone walk
988c1b6fe027e78fdf51,cross_validator,call_engine.py,1525,0,pattern_kind_miss,    # 2. CONVICTION — canonical forecast (confidence + marginal p) + env downgrades only,only,,pricehistory.candles;pricehistory.candles.*;pricehistory.candles.*.low,V3 G2 cross-validator (CSV vocabulary),NOT_MARKET_DATA,,,NOT_MARKET_DATA: scoped mechanical classifier tail; production wire reads tracked in governance/SCHWAB_V4_REVIEW_MEMOS cone walk
2d410a627036f9c18099,cross_validator,call_engine.py,1528,0,pattern_kind_miss,    zone_stable_bars_5m = inp.zone_since_bars_5m                                 # structure persistence (None if unknown),unknown,,quotes.quote.askSize;quotes.quote.lastPrice;quotes.quote.closePrice,V3 G2 cross-validator (CSV vocabulary),NOT_MARKET_DATA,,,NOT_MARKET_DATA: scoped mechanical classifier tail; production wire reads tracked in governance/SCHWAB_V4_REVIEW_MEMOS cone walk
1d59e78c6781ddf9a25c,cross_validator,call_engine.py,1532,0,pattern_kind_miss,"        conviction = ""low""",low,chains.callExpDateMap.*.lowPrice;chains.putExpDateMap.*.lowPrice;chains.underlying.fiftyTwoWeekLow;chains.underlying.lowPrice;pricehistory.candles.*.low;quotes.quote.52WeekLow;quotes.quote.lowPrice;streaming.content.*.LOW_PRICE;streaming.content.*.LOW_PRICE_52_WEEK,chains.callExpDateMap.*.optionRoot;chains.volatility;quotes.quote.lowPrice,V3 G2 cross-validator (CSV vocabulary),NOT_MARKET_DATA,,,NOT_MARKET_DATA: scoped mechanical classifier tail; production wire reads tracked in governance/SCHWAB_V4_REVIEW_MEMOS cone walk
929e46b28cd7bbe225ad,cross_validator,call_engine.py,1538,0,pattern_kind_miss,    # Cross-instrument divergence → downgrade (SPY/QQQ/IWM disagree),instrument,,quotes.quote.askSize;quotes.quote.bidSize;quotes.extended.askSize,V3 G2 cross-validator (CSV vocabulary),NOT_MARKET_DATA,,,NOT_MARKET_DATA: scoped mechanical classifier tail; production wire reads tracked in governance/SCHWAB_V4_REVIEW_MEMOS cone walk
7be9b127891ab39bf9e9,cross_validator,call_engine.py,1542,0,pattern_kind_miss,"    # Issuer earnings (or similar) on the traded symbol — extra caution beyond macro ""elevated""",earnings the symbol,quotes.fundamental.lastEarningsDate;chains.callExpDateMap.*.inTheMoney;chains.putExpDateMap.*.inTheMoney;chains.callExpDateMap.*.optionDeliverablesList.*.symbol;chains.callExpDateMap.*.symbol;chains.putExpDateMap.*.optionDeliverablesList.*.symbol;chains.putExpDateMap.*.symbol;chains.symbol;chains.underlying.symbol;instruments.*.fundamental.symbol;instruments.*.symbol;movers.screeners.*.symbol;quotes.symbol,quotes.quote.askSize;quotes.quote.bidSize;chains.callExpDateMap.*.bidSize,V3 G2 cross-validator (CSV vocabulary),NOT_MARKET_DATA,,,NOT_MARKET_DATA: scoped mechanical classifier tail; production wire reads tracked in governance/SCHWAB_V4_REVIEW_MEMOS cone walk
80323ecdfa5d1d5b2fe1,cross_validator,call_engine.py,1543,0,pattern_kind_miss,"    if _evt == ""high"" and final_signal != ""wait"":",high,chains.callExpDateMap.*.highPrice;chains.putExpDateMap.*.highPrice;chains.underlying.fiftyTwoWeekHigh;chains.underlying.highPrice;pricehistory.candles.*.high;quotes.quote.52WeekHigh;quotes.quote.highPrice;streaming.content.*.HIGH_PRICE;streaming.content.*.HIGH_PRICE_52_WEEK,chains.callExpDateMap.*.bidSize;chains.volatility;chains.putExpDateMap.*.bidSize,V3 G2 cross-validator (CSV vocabulary),NOT_MARKET_DATA,,,NOT_MARKET_DATA: scoped mechanical classifier tail; production wire reads tracked in governance/SCHWAB_V4_REVIEW_MEMOS cone walk
43fb5c0ace9130493e56,cross_validator,call_engine.py,1546,0,pattern_kind_miss,    # ── Regime conviction adjustment ──────────────────────────────────────────,regime,,quotes.quote.highPrice;quotes.quote.bidPrice;quotes.quote.mark,V3 G2 cross-validator (CSV vocabulary),NOT_MARKET_DATA,,,NOT_MARKET_DATA: scoped mechanical classifier tail; production wire reads tracked in governance/SCHWAB_V4_REVIEW_MEMOS cone walk
81645ba0e76d7b43b18e,cross_validator,call_engine.py,1548,0,pattern_kind_miss,        conviction = _downgrade(conviction)  # reversal risk → reduce conviction,risk,,chains.underlying.bidSize;pricehistory.candles;streaming.content.*.BIDS,V3 G2 cross-validator (CSV vocabulary),NOT_MARKET_DATA,,,NOT_MARKET_DATA: scoped mechanical classifier tail; production wire reads tracked in governance/SCHWAB_V4_REVIEW_MEMOS cone walk
b6bfcf9120f35d83dda8,cross_validator,call_engine.py,1550,0,pattern_kind_miss,    # ── Volatility regime: conviction multiplier ──────────────────────────────,volatility regime multiplier,chains.callExpDateMap.*.theoreticalVolatility;chains.callExpDateMap.*.volatility;chains.putExpDateMap.*.theoreticalVolatility;chains.putExpDateMap.*.volatility;chains.volatility;chains.callExpDateMap.*.multiplier;chains.putExpDateMap.*.multiplier,chains.volatility;quotes.quote.bidSize;pricehistory.candles,V3 G2 cross-validator (CSV vocabulary),NOT_MARKET_DATA,,,NOT_MARKET_DATA: scoped mechanical classifier tail; production wire reads tracked in governance/SCHWAB_V4_REVIEW_MEMOS cone walk
1c54b40f249e4e2bbb52,cross_validator,call_engine.py,1551,0,pattern_kind_miss,    # Policy layer — vol regime scales effective conviction (unstable = reduce),regime,,chains.volatility;chains.callExpDateMap.*.volatility;chains.callExpDateMap.*.theoreticalVolatility,V3 G2 cross-validator (CSV vocabulary),NOT_MARKET_DATA,,,NOT_MARKET_DATA: scoped mechanical classifier tail; production wire reads tracked in governance/SCHWAB_V4_REVIEW_MEMOS cone walk
73036f6b5bfef669ee4c,cross_validator,call_engine.py,1557,0,pattern_kind_miss,    # ── Zone transition: downgrades only (no confluence/fusion upgrades) ───────,only,,quotes.quote.closePrice;quotes.quote.lowPrice;quotes.quote.highPrice,V3 G2 cross-validator (CSV vocabulary),NOT_MARKET_DATA,,,NOT_MARKET_DATA: scoped mechanical classifier tail; production wire reads tracked in governance/SCHWAB_V4_REVIEW_MEMOS cone walk
3f72157a71c7ac2b8bec,cross_validator,call_engine.py,1563,0,pattern_kind_miss,"        conviction = ""low""",low,chains.callExpDateMap.*.lowPrice;chains.putExpDateMap.*.lowPrice;chains.underlying.fiftyTwoWeekLow;chains.underlying.lowPrice;pricehistory.candles.*.low;quotes.quote.52WeekLow;quotes.quote.lowPrice;streaming.content.*.LOW_PRICE;streaming.content.*.LOW_PRICE_52_WEEK,chains.callExpDateMap.*.optionRoot;chains.volatility;quotes.quote.lowPrice,V3 G2 cross-validator (CSV vocabulary),NOT_MARKET_DATA,,,NOT_MARKET_DATA: scoped mechanical classifier tail; production wire reads tracked in governance/SCHWAB_V4_REVIEW_MEMOS cone walk
50a3eedfd978305fd42a,cross_validator,call_engine.py,1568,0,pattern_kind_miss,    # ── Volatility regime: required for directional trades (Layer 5 CE6) ───────,volatility regime trades,chains.callExpDateMap.*.theoreticalVolatility;chains.callExpDateMap.*.volatility;chains.putExpDateMap.*.theoreticalVolatility;chains.putExpDateMap.*.volatility;chains.volatility;movers.screeners.*.trades,chains.volatility;quotes.quote.bidSize;quotes.quote.askSize,V3 G2 cross-validator (CSV vocabulary),NOT_MARKET_DATA,,,NOT_MARKET_DATA: scoped mechanical classifier tail; production wire reads tracked in governance/SCHWAB_V4_REVIEW_MEMOS cone walk
950216d6a807890d242c,cross_validator,call_engine.py,1569,0,pattern_kind_miss,"    if vol_regime is None and final_signal in (""long"", ""short""):",long short,chains.callExpDateMap.*.quoteTimeInLong;chains.callExpDateMap.*.tradeTimeInLong;chains.putExpDateMap.*.quoteTimeInLong;chains.putExpDateMap.*.tradeTimeInLong;instruments.*.fundamental.shortIntDayToCover;instruments.*.fundamental.shortIntToFloat,chains.underlying.bidSize;chains.underlying.askSize;chains.callExpDateMap.*.bidSize,V3 G2 cross-validator (CSV vocabulary),NOT_MARKET_DATA,,,NOT_MARKET_DATA: scoped mechanical classifier tail; production wire reads tracked in governance/SCHWAB_V4_REVIEW_MEMOS cone walk
2f1c0a7e760e1891ddf1,cross_validator,call_engine.py,1571,0,pattern_kind_miss,"        conviction = ""low""",low,chains.callExpDateMap.*.lowPrice;chains.putExpDateMap.*.lowPrice;chains.underlying.fiftyTwoWeekLow;chains.underlying.lowPrice;pricehistory.candles.*.low;quotes.quote.52WeekLow;quotes.quote.lowPrice;streaming.content.*.LOW_PRICE;streaming.content.*.LOW_PRICE_52_WEEK,chains.callExpDateMap.*.optionRoot;chains.volatility;quotes.quote.lowPrice,V3 G2 cross-validator (CSV vocabulary),NOT_MARKET_DATA,,,NOT_MARKET_DATA: scoped mechanical classifier tail; production wire reads tracked in governance/SCHWAB_V4_REVIEW_MEMOS cone walk
e1d3631bbb784f1266de,cross_validator,call_engine.py,1576,0,pattern_kind_miss,"            ""full_detail"": ""Vol regime unavailable — no directional trade."",",regime trade,chains.callExpDateMap.*.tradeTimeInLong;chains.putExpDateMap.*.tradeTimeInLong;chains.underlying.tradeTime;quotes.extended.tradeTime;quotes.quote.tradeTime;quotes.regular.regularMarketTradeTime;streaming.content.*.REGULAR_MARKET_TRADE;streaming.content.*.REGULAR_MARKET_TRADE_MILLIS;streaming.content.*.TRADE_TIME_MILLIS,chains.callExpDateMap.*.theoreticalVolatility;chains.callExpDateMap.*.volatility;chains.putExpDateMap.*.theoreticalVolatility,V3 G2 cross-validator (CSV vocabulary),NOT_MARKET_DATA,,,NOT_MARKET_DATA: scoped mechanical classifier tail; production wire reads tracked in governance/SCHWAB_V4_REVIEW_MEMOS cone walk
8424335b1d99e4805b8c,cross_validator,call_engine.py,1579,0,pattern_kind_miss,    # ── Volatility regime: trade permissibility ───────────────────────────────,volatility regime trade,chains.callExpDateMap.*.theoreticalVolatility;chains.callExpDateMap.*.volatility;chains.putExpDateMap.*.theoreticalVolatility;chains.putExpDateMap.*.volatility;chains.volatility;chains.callExpDateMap.*.tradeTimeInLong;chains.putExpDateMap.*.tradeTimeInLong;chains.underlying.tradeTime;quotes.extended.tradeTime;quotes.quote.tradeTime;quotes.regular.regularMarketTradeTime;streaming.content.*.REGULAR_MARKET_TRADE;streaming.content.*.REGULAR_MARKET_TRADE_MILLIS;streaming.content.*.TRADE_TIME_MILLIS,chains.volatility;quotes.quote.bidSize;quotes.quote.askSize,V3 G2 cross-validator (CSV vocabulary),NOT_MARKET_DATA,,,NOT_MARKET_DATA: scoped mechanical classifier tail; production wire reads tracked in governance/SCHWAB_V4_REVIEW_MEMOS cone walk
fbb209158c16ea4c9a28,cross_validator,call_engine.py,1581,0,pattern_kind_miss,    # unstable may require stricter model agreement or force WAIT.,model,,streaming.content.*.ASK_SIZE;quotes.regular.regularMarketLastSize;quotes.quote.askSize,V3 G2 cross-validator (CSV vocabulary),NOT_MARKET_DATA,,,NOT_MARKET_DATA: scoped mechanical classifier tail; production wire reads tracked in governance/SCHWAB_V4_REVIEW_MEMOS cone walk
73ff77c0ac747b0d19b6,cross_validator,call_engine.py,1593,0,pattern_kind_miss,"                conviction = ""low""",low,chains.callExpDateMap.*.lowPrice;chains.putExpDateMap.*.lowPrice;chains.underlying.fiftyTwoWeekLow;chains.underlying.lowPrice;pricehistory.candles.*.low;quotes.quote.52WeekLow;quotes.quote.lowPrice;streaming.content.*.LOW_PRICE;streaming.content.*.LOW_PRICE_52_WEEK,chains.callExpDateMap.*.optionRoot;chains.volatility;quotes.quote.lowPrice,V3 G2 cross-validator (CSV vocabulary),NOT_MARKET_DATA,,,NOT_MARKET_DATA: scoped mechanical classifier tail; production wire reads tracked in governance/SCHWAB_V4_REVIEW_MEMOS cone walk
4cfbe6d030bd4e6d6b8d,cross_validator,call_engine.py,1594,0,pattern_kind_miss,"                confluence_detail = ""vol regime: unstable — require stronger confirmation""",regime,,streaming.content.*.BID_SIZE;quotes.quote.bidSize;streaming.content.*.ASK_SIZE,V3 G2 cross-validator (CSV vocabulary),NOT_MARKET_DATA,,,NOT_MARKET_DATA: scoped mechanical classifier tail; production wire reads tracked in governance/SCHWAB_V4_REVIEW_MEMOS cone walk
4d8ae7f783bf12a0104c,cross_validator,call_engine.py,1597,0,pattern_kind_miss,            # Compression + breakout setup: require stronger confirmation (breakout_bias low),low,chains.callExpDateMap.*.lowPrice;chains.putExpDateMap.*.lowPrice;chains.underlying.fiftyTwoWeekLow;chains.underlying.lowPrice;pricehistory.candles.*.low;quotes.quote.52WeekLow;quotes.quote.lowPrice;streaming.content.*.LOW_PRICE;streaming.content.*.LOW_PRICE_52_WEEK,quotes.quote.askSize;quotes.quote.bidSize;streaming.content.*.ASKS,V3 G2 cross-validator (CSV vocabulary),NOT_MARKET_DATA,,,NOT_MARKET_DATA: scoped mechanical classifier tail; production wire reads tracked in governance/SCHWAB_V4_REVIEW_MEMOS cone walk
34d6452fa25d565fce0f,cross_validator,call_engine.py,1600,0,pattern_kind_miss,"                conviction = ""low""",low,chains.callExpDateMap.*.lowPrice;chains.putExpDateMap.*.lowPrice;chains.underlying.fiftyTwoWeekLow;chains.underlying.lowPrice;pricehistory.candles.*.low;quotes.quote.52WeekLow;quotes.quote.lowPrice;streaming.content.*.LOW_PRICE;streaming.content.*.LOW_PRICE_52_WEEK,chains.callExpDateMap.*.optionRoot;chains.volatility;quotes.quote.lowPrice,V3 G2 cross-validator (CSV vocabulary),NOT_MARKET_DATA,,,NOT_MARKET_DATA: scoped mechanical classifier tail; production wire reads tracked in governance/SCHWAB_V4_REVIEW_MEMOS cone walk
ed8fffe8d6f7647f2130,cross_validator,call_engine.py,1606,0,pattern_kind_miss,    # STACK ORDER 9: Risk Engine ────────────────────────────────────────────────,order risk,,pricehistory.candles;quotes.quote.mark;quotes.quote.askSize,V3 G2 cross-validator (CSV vocabulary),NOT_MARKET_DATA,,,NOT_MARKET_DATA: scoped mechanical classifier tail; production wire reads tracked in governance/SCHWAB_V4_REVIEW_MEMOS cone walk
4b3caac772d64ae5ee44,cross_validator,call_engine.py,1607,0,pattern_kind_miss,"    # MUST run after Decision Policy (8). Validates structure, probability, risk.",risk,,chains.putExpDateMap.*.theoreticalVolatility;chains.callExpDateMap.*.theoreticalVolatility;chains.volatility,V3 G2 cross-validator (CSV vocabulary),NOT_MARKET_DATA,,,NOT_MARKET_DATA: scoped mechanical classifier tail; production wire reads tracked in governance/SCHWAB_V4_REVIEW_MEMOS cone walk
21c72d1f60b916a22fd7,cross_validator,call_engine.py,1608,0,pattern_kind_miss,    # If validation fails → trade rejected (WAIT). Position Sizing (10) runs after.,trade,chains.callExpDateMap.*.tradeTimeInLong;chains.putExpDateMap.*.tradeTimeInLong;chains.underlying.tradeTime;quotes.extended.tradeTime;quotes.quote.tradeTime;quotes.regular.regularMarketTradeTime;streaming.content.*.REGULAR_MARKET_TRADE;streaming.content.*.REGULAR_MARKET_TRADE_MILLIS;streaming.content.*.TRADE_TIME_MILLIS,chains.volatility;chains.putExpDateMap.*.bidSize;chains.putExpDateMap.*.theoreticalVolatility,V3 G2 cross-validator (CSV vocabulary),NOT_MARKET_DATA,,,NOT_MARKET_DATA: scoped mechanical classifier tail; production wire reads tracked in governance/SCHWAB_V4_REVIEW_MEMOS cone walk
4853ecddb0a73ebeffb9,cross_validator,call_engine.py,1618,0,pattern_kind_miss,"        regime=regime,",regime,,quotes.quote.52WeekHigh;chains.putExpDateMap.*.high52Week;chains.callExpDateMap.*.high52Week,V3 G2 cross-validator (CSV vocabulary),NOT_MARKET_DATA,,,NOT_MARKET_DATA: scoped mechanical classifier tail; production wire reads tracked in governance/SCHWAB_V4_REVIEW_MEMOS cone walk
6eb6ca7b7bc5497652b9,cross_validator,call_engine.py,1627,0,pattern_kind_miss,"        conviction = ""low""",low,chains.callExpDateMap.*.lowPrice;chains.putExpDateMap.*.lowPrice;chains.underlying.fiftyTwoWeekLow;chains.underlying.lowPrice;pricehistory.candles.*.low;quotes.quote.52WeekLow;quotes.quote.lowPrice;streaming.content.*.LOW_PRICE;streaming.content.*.LOW_PRICE_52_WEEK,chains.callExpDateMap.*.optionRoot;chains.volatility;quotes.quote.lowPrice,V3 G2 cross-validator (CSV vocabulary),NOT_MARKET_DATA,,,NOT_MARKET_DATA: scoped mechanical classifier tail; production wire reads tracked in governance/SCHWAB_V4_REVIEW_MEMOS cone walk
648dfb0055959a50d63f,cross_validator,call_engine.py,1639,0,pattern_kind_miss,    # 3. TRADE TYPE — what kind of trade is this?,trade type,chains.callExpDateMap.*.tradeTimeInLong;chains.putExpDateMap.*.tradeTimeInLong;chains.underlying.tradeTime;quotes.extended.tradeTime;quotes.quote.tradeTime;quotes.regular.regularMarketTradeTime;streaming.content.*.REGULAR_MARKET_TRADE;streaming.content.*.REGULAR_MARKET_TRADE_MILLIS;streaming.content.*.TRADE_TIME_MILLIS;chains.assetMainType;chains.assetSubType;chains.callExpDateMap.*.exerciseType;chains.callExpDateMap.*.expirationType;chains.callExpDateMap.*.optionDeliverablesList.*.assetType;chains.callExpDateMap.*.optionDeliverablesList.*.currencyType;chains.callExpDateMap.*.settlementType;chains.putExpDateMap.*.exerciseType;chains.putExpDateMap.*.expirationType;chains.putExpDateMap.*.optionDeliverablesList.*.assetType;chains.putExpDateMap.*.optionDeliverablesList.*.currencyType;chains.putExpDateMap.*.settlementType;instruments.*.assetType;market_hours.bond.BON.marketType;market_hours.equity.EQ.marketType;market_hours.forex.forex.marketType,chains.putExpDateMap.*.askSize;chains.putExpDateMap.*.theta;chains.putExpDateMap.*.bidSize,V3 G2 cross-validator (CSV vocabulary),NOT_MARKET_DATA,,,NOT_MARKET_DATA: scoped mechanical classifier tail; production wire reads tracked in governance/SCHWAB_V4_REVIEW_MEMOS cone walk
12e169b6f46b7ccb89b3,cross_validator,call_engine.py,1644,0,pattern_kind_miss,    # 4. ENTRY / STOP / T1 / T2 (stop scaled by vol regime risk_multiplier),regime,,chains.volatility;chains.putExpDateMap.*.theoreticalVolatility;quotes.quote.askSize,V3 G2 cross-validator (CSV vocabulary),NOT_MARKET_DATA,,,NOT_MARKET_DATA: scoped mechanical classifier tail; production wire reads tracked in governance/SCHWAB_V4_REVIEW_MEMOS cone walk
099f1bc17be92e5932ef,cross_validator,call_engine.py,1655,0,pattern_kind_miss,    # Reward/risk for T1 and T2,risk,,quotes.quote.askSize;quotes.quote.bidSize;pricehistory.candles,V3 G2 cross-validator (CSV vocabulary),NOT_MARKET_DATA,,,NOT_MARKET_DATA: scoped mechanical classifier tail; production wire reads tracked in governance/SCHWAB_V4_REVIEW_MEMOS cone walk
6c8ee7935ba75b062e99,cross_validator,call_engine.py,1658,0,pattern_kind_miss,        risk = abs(entry - stop),risk,,chains.putExpDateMap.*.rho;chains.putExpDateMap.*.askSize;quotes.quote.askSize,V3 G2 cross-validator (CSV vocabulary),NOT_MARKET_DATA,,,NOT_MARKET_DATA: scoped mechanical classifier tail; production wire reads tracked in governance/SCHWAB_V4_REVIEW_MEMOS cone walk
a2371d6a037240225b58,cross_validator,call_engine.py,1665,0,pattern_kind_miss,"    # 5. INVALIDATION — the reason, not just the price",the price,chains.callExpDateMap.*.inTheMoney;chains.putExpDateMap.*.inTheMoney;chains.callExpDateMap.*.closePrice;chains.callExpDateMap.*.highPrice;chains.callExpDateMap.*.lowPrice;chains.callExpDateMap.*.openPrice;chains.callExpDateMap.*.strikePrice;chains.putExpDateMap.*.closePrice;chains.putExpDateMap.*.highPrice;chains.putExpDateMap.*.lowPrice;chains.putExpDateMap.*.openPrice;chains.putExpDateMap.*.strikePrice;chains.underlying.highPrice;chains.underlying.lowPrice;chains.underlying.openPrice;chains.underlyingPrice;movers.screeners.*.lastPrice;quotes.extended.askPrice;quotes.extended.bidPrice;quotes.extended.lastPrice;quotes.quote.askPrice;quotes.quote.bidPrice;quotes.quote.closePrice;quotes.quote.highPrice;quotes.quote.lastPrice,chains.volatility;chains.putExpDateMap.*.volatility;chains.putExpDateMap.*.theoreticalVolatility,V3 G2 cross-validator (CSV vocabulary),NOT_MARKET_DATA,,,NOT_MARKET_DATA: scoped mechanical classifier tail; production wire reads tracked in governance/SCHWAB_V4_REVIEW_MEMOS cone walk
b9dffdf561d47ab3971a,cross_validator,call_engine.py,1673,0,pattern_kind_miss,    # 6. TIME QUALIFIER — how long is this setup valid?,time long,chains.callExpDateMap.*.quoteTimeInLong;chains.callExpDateMap.*.timeValue;chains.callExpDateMap.*.tradeTimeInLong;chains.putExpDateMap.*.quoteTimeInLong;chains.putExpDateMap.*.timeValue;chains.putExpDateMap.*.tradeTimeInLong;chains.underlying.quoteTime;chains.underlying.tradeTime;quotes.extended.quoteTime;quotes.extended.tradeTime;quotes.quote.askTime;quotes.quote.bidTime;quotes.quote.quoteTime;quotes.quote.tradeTime;quotes.regular.regularMarketTradeTime;streaming.content.*.ASK_TIME_MILLIS;streaming.content.*.BID_TIME_MILLIS;streaming.content.*.BOOK_TIME;streaming.content.*.CHART_TIME_MILLIS;streaming.content.*.QUOTE_TIME_MILLIS;streaming.content.*.TRADE_TIME_MILLIS,chains.volatility;chains.putExpDateMap.*.theoreticalVolatility;chains.putExpDateMap.*.volatility,V3 G2 cross-validator (CSV vocabulary),NOT_MARKET_DATA,,,NOT_MARKET_DATA: scoped mechanical classifier tail; production wire reads tracked in governance/SCHWAB_V4_REVIEW_MEMOS cone walk
8da818430b6af9871bfb,cross_validator,call_engine.py,1679,0,pattern_kind_miss,    # STACK ORDER 10: Position Sizing / Execution ───────────────────────────────,order,,quotes.quote.askSize;quotes.quote.highPrice;quotes.quote.bidSize,V3 G2 cross-validator (CSV vocabulary),NOT_MARKET_DATA,,,NOT_MARKET_DATA: scoped mechanical classifier tail; production wire reads tracked in governance/SCHWAB_V4_REVIEW_MEMOS cone walk
37d9c164c73fc2858030,cross_validator,call_engine.py,1680,0,pattern_kind_miss,"    # MUST run last, after Risk Engine (9). Produces r_units, execution_mode.",last risk,chains.callExpDateMap.*.last;chains.callExpDateMap.*.lastSize;chains.callExpDateMap.*.lastTradingDay;chains.putExpDateMap.*.last;chains.putExpDateMap.*.lastSize;chains.putExpDateMap.*.lastTradingDay;chains.underlying.last;movers.screeners.*.lastPrice;quotes.extended.lastPrice;quotes.extended.lastSize;quotes.fundamental.lastEarningsDate;quotes.quote.lastMICId;quotes.quote.lastPrice;quotes.quote.lastSize;quotes.regular.regularMarketLastPrice;quotes.regular.regularMarketLastSize;streaming.content.*.LAST_ID;streaming.content.*.LAST_MIC_ID;streaming.content.*.LAST_PRICE;streaming.content.*.LAST_SIZE;streaming.content.*.REGULAR_MARKET_LAST_PRICE;streaming.content.*.REGULAR_MARKET_LAST_SIZE,quotes.quote.askSize;streaming.content.*.ASK_SIZE;chains.putExpDateMap.*.rho,V3 G2 cross-validator (CSV vocabulary),NOT_MARKET_DATA,,,NOT_MARKET_DATA: scoped mechanical classifier tail; production wire reads tracked in governance/SCHWAB_V4_REVIEW_MEMOS cone walk
a16d0980c3b1f37b23db,cross_validator,call_engine.py,1686,0,pattern_kind_miss,"    if final_signal == ""long"" and inp.call_gamma_wall:",long,chains.callExpDateMap.*.quoteTimeInLong;chains.callExpDateMap.*.tradeTimeInLong;chains.putExpDateMap.*.quoteTimeInLong;chains.putExpDateMap.*.tradeTimeInLong,chains.callExpDateMap.*.lowPrice;chains.callExpDateMap.*.bid;chains.callExpDateMap.*.gamma,V3 G2 cross-validator (CSV vocabulary),NOT_MARKET_DATA,,,NOT_MARKET_DATA: scoped mechanical classifier tail; production wire reads tracked in governance/SCHWAB_V4_REVIEW_MEMOS cone walk
35b50a6fe026a4902f53,cross_validator,call_engine.py,1688,0,pattern_kind_miss,"    elif final_signal == ""short"" and inp.put_gamma_wall:",short,instruments.*.fundamental.shortIntDayToCover;instruments.*.fundamental.shortIntToFloat,chains.callExpDateMap.*.askSize;chains.callExpDateMap.*.bidSize;chains.callExpDateMap.*.theoreticalVolatility,V3 G2 cross-validator (CSV vocabulary),NOT_MARKET_DATA,,,NOT_MARKET_DATA: scoped mechanical classifier tail; production wire reads tracked in governance/SCHWAB_V4_REVIEW_MEMOS cone walk
06d64f7f8178bb265ebd,cross_validator,call_engine.py,1691,0,pattern_kind_miss,    # Check if void exists ahead of price in trade direction,price trade,chains.callExpDateMap.*.closePrice;chains.callExpDateMap.*.highPrice;chains.callExpDateMap.*.lowPrice;chains.callExpDateMap.*.openPrice;chains.callExpDateMap.*.strikePrice;chains.putExpDateMap.*.closePrice;chains.putExpDateMap.*.highPrice;chains.putExpDateMap.*.lowPrice;chains.putExpDateMap.*.openPrice;chains.putExpDateMap.*.strikePrice;chains.underlying.highPrice;chains.underlying.lowPrice;chains.underlying.openPrice;chains.underlyingPrice;movers.screeners.*.lastPrice;quotes.extended.askPrice;quotes.extended.bidPrice;quotes.extended.lastPrice;quotes.quote.askPrice;quotes.quote.bidPrice;quotes.quote.closePrice;quotes.quote.highPrice;quotes.quote.lastPrice;quotes.quote.lowPrice;quotes.quote.openPrice,chains.putExpDateMap.*.bidSize;chains.callExpDateMap.*.bidSize;quotes.quote.bidSize,V3 G2 cross-validator (CSV vocabulary),NOT_MARKET_DATA,,,NOT_MARKET_DATA: scoped mechanical classifier tail; production wire reads tracked in governance/SCHWAB_V4_REVIEW_MEMOS cone walk
dc4488a2d9a52d1079b9,cross_validator,call_engine.py,1694,0,pattern_kind_miss,    # (void detection already handled via sweep_score in server.py — approximate here),detection,,chains.putExpDateMap.*.bidSize;chains.putExpDateMap.*.askSize;chains.putExpDateMap.*.delta,V3 G2 cross-validator (CSV vocabulary),NOT_MARKET_DATA,,,NOT_MARKET_DATA: scoped mechanical classifier tail; production wire reads tracked in governance/SCHWAB_V4_REVIEW_MEMOS cone walk
661f508426abbb7fa176,cross_validator,call_engine.py,1728,0,pattern_kind_miss,"        and final_signal in (""long"", ""short"")",long short,chains.callExpDateMap.*.quoteTimeInLong;chains.callExpDateMap.*.tradeTimeInLong;chains.putExpDateMap.*.quoteTimeInLong;chains.putExpDateMap.*.tradeTimeInLong;instruments.*.fundamental.shortIntDayToCover;instruments.*.fundamental.shortIntToFloat,chains.callExpDateMap.*.optionDeliverablesList.*.symbol;chains.callExpDateMap.*.optionDeliverablesList;chains.underlying.bidSize,V3 G2 cross-validator (CSV vocabulary),NOT_MARKET_DATA,,,NOT_MARKET_DATA: scoped mechanical classifier tail; production wire reads tracked in governance/SCHWAB_V4_REVIEW_MEMOS cone walk
d99dba236197de7e5023,cross_validator,call_engine.py,1735,0,pattern_kind_miss,"    # 8. TIME WARNING (market close) — MUST run before headlines so final_signal,",time market close,chains.callExpDateMap.*.quoteTimeInLong;chains.callExpDateMap.*.timeValue;chains.callExpDateMap.*.tradeTimeInLong;chains.putExpDateMap.*.quoteTimeInLong;chains.putExpDateMap.*.timeValue;chains.putExpDateMap.*.tradeTimeInLong;chains.underlying.quoteTime;chains.underlying.tradeTime;quotes.extended.quoteTime;quotes.extended.tradeTime;quotes.quote.askTime;quotes.quote.bidTime;quotes.quote.quoteTime;quotes.quote.tradeTime;quotes.regular.regularMarketTradeTime;streaming.content.*.ASK_TIME_MILLIS;streaming.content.*.BID_TIME_MILLIS;streaming.content.*.BOOK_TIME;streaming.content.*.CHART_TIME_MILLIS;streaming.content.*.QUOTE_TIME_MILLIS;streaming.content.*.TRADE_TIME_MILLIS;instruments.*.fundamental.marketCap;instruments.*.fundamental.marketCapFloat;market_hours.bond;market_hours.bond.BON,chains.callExpDateMap.*.rho;chains.callExpDateMap.*.theta;chains.callExpDateMap.*.delta,V3 G2 cross-validator (CSV vocabulary),NOT_MARKET_DATA,,,NOT_MARKET_DATA: scoped mechanical classifier tail; production wire reads tracked in governance/SCHWAB_V4_REVIEW_MEMOS cone walk
0b2fc6c9609851c5a398,cross_validator,call_engine.py,1739,0,pattern_kind_miss,"        time_warning = f""{TIME_WARNING_PREFIX_STOP} Only {int(inp.mins_to_close)}min to close — no new entries.""",only int close,instruments.*.fundamental.shortIntDayToCover;instruments.*.fundamental.shortIntToFloat;chains.callExpDateMap.*.closePrice;chains.putExpDateMap.*.closePrice;chains.underlying.close;pricehistory.candles.*.close;quotes.quote.closePrice;streaming.content.*.CLOSE_PRICE,streaming.content.*.BID_TIME_MILLIS;streaming.content.*.BID_SIZE;streaming.content.*.DESCRIPTION,V3 G2 cross-validator (CSV vocabulary),NOT_MARKET_DATA,,,NOT_MARKET_DATA: scoped mechanical classifier tail; production wire reads tracked in governance/SCHWAB_V4_REVIEW_MEMOS cone walk
b0f6206032e732e3f543,cross_validator,call_engine.py,1741,0,pattern_kind_miss,"        conviction   = ""low""",low,chains.callExpDateMap.*.lowPrice;chains.putExpDateMap.*.lowPrice;chains.underlying.fiftyTwoWeekLow;chains.underlying.lowPrice;pricehistory.candles.*.low;quotes.quote.52WeekLow;quotes.quote.lowPrice;streaming.content.*.LOW_PRICE;streaming.content.*.LOW_PRICE_52_WEEK,quotes.quote.lowPrice;chains.volatility;quotes.quote.bidPrice,V3 G2 cross-validator (CSV vocabulary),NOT_MARKET_DATA,,,NOT_MARKET_DATA: scoped mechanical classifier tail; production wire reads tracked in governance/SCHWAB_V4_REVIEW_MEMOS cone walk
04038ee6f39fbef2370b,cross_validator,call_engine.py,1745,0,pattern_kind_miss,"            ""detail"": f""≤{int(inp.mins_to_close)} min to close"",",int close,instruments.*.fundamental.shortIntDayToCover;instruments.*.fundamental.shortIntToFloat;chains.callExpDateMap.*.closePrice;chains.putExpDateMap.*.closePrice;chains.underlying.close;pricehistory.candles.*.close;quotes.quote.closePrice;streaming.content.*.CLOSE_PRICE,chains.volatility;chains.putExpDateMap.*.theoreticalVolatility;chains.callExpDateMap.*.bidSize,V3 G2 cross-validator (CSV vocabulary),NOT_MARKET_DATA,,,NOT_MARKET_DATA: scoped mechanical classifier tail; production wire reads tracked in governance/SCHWAB_V4_REVIEW_MEMOS cone walk
440d7d47e5714671a058,cross_validator,call_engine.py,1746,0,pattern_kind_miss,"            ""full_detail"": f""Only {int(inp.mins_to_close)} min to close — no new entries."",",only int close,instruments.*.fundamental.shortIntDayToCover;instruments.*.fundamental.shortIntToFloat;chains.callExpDateMap.*.closePrice;chains.putExpDateMap.*.closePrice;chains.underlying.close;pricehistory.candles.*.close;quotes.quote.closePrice;streaming.content.*.CLOSE_PRICE,chains.volatility;chains.callExpDateMap.*.optionDeliverablesList.*.symbol;chains.callExpDateMap.*.optionDeliverablesList.*.deliverableUnits,V3 G2 cross-validator (CSV vocabulary),NOT_MARKET_DATA,,,NOT_MARKET_DATA: scoped mechanical classifier tail; production wire reads tracked in governance/SCHWAB_V4_REVIEW_MEMOS cone walk
4f895f96b3d1d68a0228,cross_validator,call_engine.py,1749,0,pattern_kind_miss,"        time_warning = f""{TIME_WARNING_PREFIX_ALERT} {int(inp.mins_to_close)}min to close — reduce size, quick trades only.""",int close size quick trades only,instruments.*.fundamental.shortIntDayToCover;instruments.*.fundamental.shortIntToFloat;chains.callExpDateMap.*.closePrice;chains.putExpDateMap.*.closePrice;chains.underlying.close;pricehistory.candles.*.close;quotes.quote.closePrice;streaming.content.*.CLOSE_PRICE;chains.callExpDateMap.*.askSize;chains.callExpDateMap.*.bidAskSize;chains.callExpDateMap.*.bidSize;chains.callExpDateMap.*.lastSize;chains.putExpDateMap.*.askSize;chains.putExpDateMap.*.bidAskSize;chains.putExpDateMap.*.bidSize;chains.putExpDateMap.*.lastSize;chains.underlying.askSize;chains.underlying.bidSize;quotes.extended.askSize;quotes.extended.bidSize;quotes.extended.lastSize;quotes.quote.askSize;quotes.quote.bidSize;quotes.quote.lastSize;quotes.regular.regularMarketLastSize,streaming.content.*.BID_SIZE;streaming.content.*.ASK_SIZE;streaming.content.*.BIDS.*.BID_PRICE,V3 G2 cross-validator (CSV vocabulary),NOT_MARKET_DATA,,,NOT_MARKET_DATA: scoped mechanical classifier tail; production wire reads tracked in governance/SCHWAB_V4_REVIEW_MEMOS cone walk
1b5e756032246676df1a,cross_validator,call_engine.py,1752,0,pattern_kind_miss,"    elif inp.mins_to_close is None and final_signal in (""long"", ""short""):",long short,chains.callExpDateMap.*.quoteTimeInLong;chains.callExpDateMap.*.tradeTimeInLong;chains.putExpDateMap.*.quoteTimeInLong;chains.putExpDateMap.*.tradeTimeInLong;instruments.*.fundamental.shortIntDayToCover;instruments.*.fundamental.shortIntToFloat,chains.callExpDateMap.*.optionDeliverablesList.*.symbol;chains.callExpDateMap.*.optionDeliverablesList;chains.callExpDateMap.*.optionDeliverablesList.*,V3 G2 cross-validator (CSV vocabulary),NOT_MARKET_DATA,,,NOT_MARKET_DATA: scoped mechanical classifier tail; production wire reads tracked in governance/SCHWAB_V4_REVIEW_MEMOS cone walk
58e41067450d2ec8b00a,cross_validator,call_engine.py,1753,0,pattern_kind_miss,"        time_warning = ""Session close time unknown — no new entries.""",session close time unknown,market_hours.bond.BON.sessionHours;market_hours.bond.BON.sessionHours.postMarket;market_hours.bond.BON.sessionHours.postMarket.*;market_hours.bond.BON.sessionHours.postMarket.*.end;market_hours.bond.BON.sessionHours.postMarket.*.start;market_hours.bond.BON.sessionHours.preMarket;market_hours.bond.BON.sessionHours.preMarket.*;market_hours.bond.BON.sessionHours.preMarket.*.end;market_hours.bond.BON.sessionHours.preMarket.*.start;market_hours.bond.BON.sessionHours.regularMarket;market_hours.bond.BON.sessionHours.regularMarket.*;market_hours.bond.BON.sessionHours.regularMarket.*.end;market_hours.bond.BON.sessionHours.regularMarket.*.start;market_hours.equity.EQ.sessionHours;market_hours.equity.EQ.sessionHours.postMarket;market_hours.equity.EQ.sessionHours.postMarket.*;market_hours.equity.EQ.sessionHours.postMarket.*.end;market_hours.equity.EQ.sessionHours.postMarket.*.start;market_hours.equity.EQ.sessionHours.preMarket;market_hours.equity.EQ.sessionHours.preMarket.*;market_hours.equity.EQ.sessionHours.preMarket.*.end;market_hours.equity.EQ.sessionHours.preMarket.*.start;market_hours.equity.EQ.sessionHours.regularMarket;market_hours.equity.EQ.sessionHours.regularMarket.*;market_hours.equity.EQ.sessionHours.regularMarket.*.end,streaming.service;pricehistory.candles.*.datetime;streaming.,V3 G2 cross-validator (CSV vocabulary),NOT_MARKET_DATA,,,NOT_MARKET_DATA: scoped mechanical classifier tail; production wire reads tracked in governance/SCHWAB_V4_REVIEW_MEMOS cone walk
55e8aceea638b2e478d2,cross_validator,call_engine.py,1755,0,pattern_kind_miss,"        conviction = ""low""",low,chains.callExpDateMap.*.lowPrice;chains.putExpDateMap.*.lowPrice;chains.underlying.fiftyTwoWeekLow;chains.underlying.lowPrice;pricehistory.candles.*.low;quotes.quote.52WeekLow;quotes.quote.lowPrice;streaming.content.*.LOW_PRICE;streaming.content.*.LOW_PRICE_52_WEEK,chains.callExpDateMap.*.optionRoot;chains.volatility;quotes.quote.lowPrice,V3 G2 cross-validator (CSV vocabulary),NOT_MARKET_DATA,,,NOT_MARKET_DATA: scoped mechanical classifier tail; production wire reads tracked in governance/SCHWAB_V4_REVIEW_MEMOS cone walk
689a0d6d99fac8d90a50,cross_validator,call_engine.py,1760,0,pattern_kind_miss,"            ""full_detail"": ""Session close time unknown — no new entries."",",session close time unknown,market_hours.bond.BON.sessionHours;market_hours.bond.BON.sessionHours.postMarket;market_hours.bond.BON.sessionHours.postMarket.*;market_hours.bond.BON.sessionHours.postMarket.*.end;market_hours.bond.BON.sessionHours.postMarket.*.start;market_hours.bond.BON.sessionHours.preMarket;market_hours.bond.BON.sessionHours.preMarket.*;market_hours.bond.BON.sessionHours.preMarket.*.end;market_hours.bond.BON.sessionHours.preMarket.*.start;market_hours.bond.BON.sessionHours.regularMarket;market_hours.bond.BON.sessionHours.regularMarket.*;market_hours.bond.BON.sessionHours.regularMarket.*.end;market_hours.bond.BON.sessionHours.regularMarket.*.start;market_hours.equity.EQ.sessionHours;market_hours.equity.EQ.sessionHours.postMarket;market_hours.equity.EQ.sessionHours.postMarket.*;market_hours.equity.EQ.sessionHours.postMarket.*.end;market_hours.equity.EQ.sessionHours.postMarket.*.start;market_hours.equity.EQ.sessionHours.preMarket;market_hours.equity.EQ.sessionHours.preMarket.*;market_hours.equity.EQ.sessionHours.preMarket.*.end;market_hours.equity.EQ.sessionHours.preMarket.*.start;market_hours.equity.EQ.sessionHours.regularMarket;market_hours.equity.EQ.sessionHours.regularMarket.*;market_hours.equity.EQ.sessionHours.regularMarket.*.end,quotes.extended.lastSize;quotes.quote.closePrice;quotes.extended.lastPrice,V3 G2 cross-validator (CSV vocabulary),NOT_MARKET_DATA,,,NOT_MARKET_DATA: scoped mechanical classifier tail; production wire reads tracked in governance/SCHWAB_V4_REVIEW_MEMOS cone walk
37b718f02c3161ebd410,cross_validator,call_engine.py,1767,0,pattern_kind_miss,    # ── Diagnostics: log call decision bundle when signal=wait (set log level DEBUG to see),call,chains.callExpDateMap;chains.callExpDateMap.*;chains.callExpDateMap.*.ask;chains.callExpDateMap.*.askSize;chains.callExpDateMap.*.bid;chains.callExpDateMap.*.bidAskSize;chains.callExpDateMap.*.bidSize;chains.callExpDateMap.*.closePrice;chains.callExpDateMap.*.daysToExpiration;chains.callExpDateMap.*.deliverableNote;chains.callExpDateMap.*.delta;chains.callExpDateMap.*.description;chains.callExpDateMap.*.exchangeName;chains.callExpDateMap.*.exerciseType;chains.callExpDateMap.*.expirationDate;chains.callExpDateMap.*.expirationType;chains.callExpDateMap.*.extrinsicValue;chains.callExpDateMap.*.gamma;chains.callExpDateMap.*.high52Week;chains.callExpDateMap.*.highPrice;chains.callExpDateMap.*.inTheMoney;chains.callExpDateMap.*.intrinsicValue;chains.callExpDateMap.*.last;chains.callExpDateMap.*.lastSize;chains.callExpDateMap.*.lastTradingDay,chains.volatility;chains.callExpDateMap.*.delta;chains.callExpDateMap.*.volatility,V3 G2 cross-validator (CSV vocabulary),NOT_MARKET_DATA,,,NOT_MARKET_DATA: scoped mechanical classifier tail; production wire reads tracked in governance/SCHWAB_V4_REVIEW_MEMOS cone walk
