register_id,language,path,line,col,pattern_kind,surface_form,tokens,csv_candidates,csv_lexical_topk_note,v2_trace,disposition,canonical_field_citation,governed_ref,notes
04f14fc0a330885a5e65,py,ml_predict.py,2,0,TEXT_LINE_MARKET_TOKEN,Ed Console - ML Prediction Module (Phase 4 - Stacked Ensemble),prediction,,chains.callExpDateMap.*.delta;chains.putExpDateMap.*.delta;chains.callExpDateMap.*.theta,V3-B universal catch-all (CSV-derived vocabulary),NOT_MARKET_DATA,,,module docstring (AST); tools/track_a_module_docstring_nmd_pass.py
32aae89e654d3ac7ea56,py,ml_predict.py,8,0,TEXT_LINE_MARKET_TOKEN,        XGBoost     - tabular snapshot features (per-ticker model),per model,instruments.*.fundamental.bookValuePerShare,chains.putExpDateMap.*.theta;chains.putExpDateMap.*.rho;quotes.quote.askSize,V3-B universal catch-all (CSV-derived vocabulary),NOT_MARKET_DATA,,,module docstring (AST); tools/track_a_module_docstring_nmd_pass.py
d4ab6e2d7c02c37336dd,py,ml_predict.py,9,0,TEXT_LINE_MARKET_TOKEN,        LSTM        - dual-stream candle sequences (shared model),model,,chains.callExpDateMap.*.delta;chains.callExpDateMap.*.theta;chains.callExpDateMap.*.gamma,V3-B universal catch-all (CSV-derived vocabulary),NOT_MARKET_DATA,,,module docstring (AST); tools/track_a_module_docstring_nmd_pass.py
a53974d3cc0210273dbf,py,ml_predict.py,10,0,TEXT_LINE_MARKET_TOKEN,        Transformer - attention-based candle sequences (shared model),model,,chains.callExpDateMap.*.theta;chains.putExpDateMap.*.delta;chains.putExpDateMap.*.theta,V3-B universal catch-all (CSV-derived vocabulary),NOT_MARKET_DATA,,,module docstring (AST); tools/track_a_module_docstring_nmd_pass.py
533f9ded8d5accd8d293,py,ml_predict.py,18,0,TEXT_LINE_MARKET_TOKEN,Fallback chain:,chain,chains.isChainTruncated,chains.callExpDateMap.*.theoreticalVolatility;chains.callExpDateMap.*.askSize;chains.callExpDateMap.*.highPrice,V3-B universal catch-all (CSV-derived vocabulary),NOT_MARKET_DATA,,,module docstring (AST); tools/track_a_module_docstring_nmd_pass.py
96eda4f200d7c6031b5d,py,ml_predict.py,69,0,TEXT_LINE_MARKET_TOKEN,"    """"""Loaded artifact expects cascade (upstream model) tensors; parallel runtime forbids that coupling.""""""",model,,chains.callExpDateMap.*.bidSize;chains.callExpDateMap.*.askSize;chains.putExpDateMap.*.bidSize,V3-B universal catch-all (CSV-derived vocabulary),NOT_MARKET_DATA,,,NOT_MARKET_DATA: scoped mechanical classifier tail; production wire reads tracked in governance/SCHWAB_V4_REVIEW_MEMOS cone walk
7349b748719141cad300,py,ml_predict.py,76,0,TEXT_LINE_MARKET_TOKEN,"    return f""{_INFER_ARCHITECTURE.get()}:{ticker.upper()}""",return,instruments.*.fundamental.returnOnAssets;instruments.*.fundamental.returnOnEquity;instruments.*.fundamental.returnOnInvestment,streaming.content.*.BIDS.*.BID_PRICE;streaming.content.*.BID_SIZE;streaming.content.*.ASK_SIZE,V3-B universal catch-all (CSV-derived vocabulary),NOT_MARKET_DATA,,,NOT_MARKET_DATA: scoped mechanical classifier tail; production wire reads tracked in governance/SCHWAB_V4_REVIEW_MEMOS cone walk
82511372ba96f2a9d15e,py,ml_predict.py,81,0,TEXT_LINE_MARKET_TOKEN,    In-memory cache key for base stack models (XGB / LSTM / Transformer / meta).,key,streaming.content.*.key,chains.callExpDateMap.*.rho;movers.screeners.*.totalVolume;chains.putExpDateMap.*.rho,V3-B universal catch-all (CSV-derived vocabulary),NOT_MARKET_DATA,,,NOT_MARKET_DATA: scoped mechanical classifier tail; production wire reads tracked in governance/SCHWAB_V4_REVIEW_MEMOS cone walk
9475f3fc3170a1fe46c9,py,ml_predict.py,87,0,TEXT_LINE_MARKET_TOKEN,"    return f""{_reg_key(ticker)}:{su}""",return,instruments.*.fundamental.returnOnAssets;instruments.*.fundamental.returnOnEquity;instruments.*.fundamental.returnOnInvestment,quotes.quote.bidSize;quotes.quote.askSize;quotes.extended.askSize,V3-B universal catch-all (CSV-derived vocabulary),NOT_MARKET_DATA,,,NOT_MARKET_DATA: scoped mechanical classifier tail; production wire reads tracked in governance/SCHWAB_V4_REVIEW_MEMOS cone walk
a87e3bc8f5d008e41c91,py,ml_predict.py,94,0,TEXT_LINE_MARKET_TOKEN,        yield,yield,chains.dividendYield;instruments.*.fundamental.dividendYield;quotes.fundamental.divYield;streaming.content.*.DIVIDEND_YIELD,chains.callExpDateMap.*.high52Week;chains.callExpDateMap.*.volatility;chains.volatility,V3-B universal catch-all (CSV-derived vocabulary),NOT_MARKET_DATA,,,NOT_MARKET_DATA: scoped mechanical classifier tail; production wire reads tracked in governance/SCHWAB_V4_REVIEW_MEMOS cone walk
1e7bf0030ec3f339e0c7,py,ml_predict.py,99,0,TEXT_LINE_MARKET_TOKEN,# Scheduler / eval sets this when loading non-1c artifacts from a candidate directory.,non,chains.callExpDateMap.*.nonStandard;chains.putExpDateMap.*.nonStandard,chains.callExpDateMap.*.askSize;chains.callExpDateMap.*.bidSize;chains.callExpDateMap.*.theta,V3-B universal catch-all (CSV-derived vocabulary),NOT_MARKET_DATA,,,NOT_MARKET_DATA: scoped mechanical classifier tail; production wire reads tracked in governance/SCHWAB_V4_REVIEW_MEMOS cone walk
e4f3f5e157d8052d2146,py,ml_predict.py,106,0,TEXT_LINE_MARKET_TOKEN,    return normalize_ml_horizon_slug(_ml_infer_horizon_cv.get()),return,instruments.*.fundamental.returnOnAssets;instruments.*.fundamental.returnOnEquity;instruments.*.fundamental.returnOnInvestment,chains.underlying.totalVolume;streaming.content.*.BID_SIZE;pricehistory.candles.*.volume,V3-B universal catch-all (CSV-derived vocabulary),NOT_MARKET_DATA,,,NOT_MARKET_DATA: scoped mechanical classifier tail; production wire reads tracked in governance/SCHWAB_V4_REVIEW_MEMOS cone walk
5f3ba5bb2136828bad4d,py,ml_predict.py,110,0,TEXT_LINE_MARKET_TOKEN,    return _ml_infer_horizon_cv.set(normalize_ml_horizon_slug(slug)),return,instruments.*.fundamental.returnOnAssets;instruments.*.fundamental.returnOnEquity;instruments.*.fundamental.returnOnInvestment,chains.underlying.totalVolume;pricehistory.candles.*.volume;streaming.content.*.BID_SIZE,V3-B universal catch-all (CSV-derived vocabulary),NOT_MARKET_DATA,,,NOT_MARKET_DATA: scoped mechanical classifier tail; production wire reads tracked in governance/SCHWAB_V4_REVIEW_MEMOS cone walk
739ce14f6600500d58c0,py,ml_predict.py,118,0,TEXT_LINE_MARKET_TOKEN,"    """"""Dict key for stacked ML probabilities in run_base_models_once / signals.ml_bundle (Issue 15).""""""",key,streaming.content.*.key,quotes.quote.bidSize;quotes.quote.askSize;chains.callExpDateMap.*.bidSize,V3-B universal catch-all (CSV-derived vocabulary),NOT_MARKET_DATA,,,NOT_MARKET_DATA: scoped mechanical classifier tail; production wire reads tracked in governance/SCHWAB_V4_REVIEW_MEMOS cone walk
d488b530d8b837165dfd,py,ml_predict.py,119,0,TEXT_LINE_MARKET_TOKEN,"    return f""stack_probs_{get_ml_infer_horizon_slug()}""",return,instruments.*.fundamental.returnOnAssets;instruments.*.fundamental.returnOnEquity;instruments.*.fundamental.returnOnInvestment,quotes.quote.askSize;streaming.content.*.BID_SIZE;streaming.content.*.ASK_SIZE,V3-B universal catch-all (CSV-derived vocabulary),NOT_MARKET_DATA,,,NOT_MARKET_DATA: scoped mechanical classifier tail; production wire reads tracked in governance/SCHWAB_V4_REVIEW_MEMOS cone walk
115f3d52737aa7c830c1,py,ml_predict.py,129,0,TEXT_LINE_MARKET_TOKEN,        return None,return,instruments.*.fundamental.returnOnAssets;instruments.*.fundamental.returnOnEquity;instruments.*.fundamental.returnOnInvestment,quotes.reference.htbRate;quotes.reference.isHardToBorrow;market_hours.future.RME.category,V3-B universal catch-all (CSV-derived vocabulary),NOT_MARKET_DATA,,,NOT_MARKET_DATA: scoped mechanical classifier tail; production wire reads tracked in governance/SCHWAB_V4_REVIEW_MEMOS cone walk
72afdd2f1efba8a0b2b2,py,ml_predict.py,131,0,TEXT_LINE_MARKET_TOKEN,        return row,return,instruments.*.fundamental.returnOnAssets;instruments.*.fundamental.returnOnEquity;instruments.*.fundamental.returnOnInvestment,market_hours.future.RTY.isOpen;market_hours.future.ZR.isOpen;market_hours.future.RB.isOpen,V3-B universal catch-all (CSV-derived vocabulary),NOT_MARKET_DATA,,,NOT_MARKET_DATA: scoped mechanical classifier tail; production wire reads tracked in governance/SCHWAB_V4_REVIEW_MEMOS cone walk
fcadc422d20f800a1e15,py,ml_predict.py,133,0,TEXT_LINE_MARKET_TOKEN,        return dict(row),return,instruments.*.fundamental.returnOnAssets;instruments.*.fundamental.returnOnEquity;instruments.*.fundamental.returnOnInvestment,streaming.content.*.BIDS.*.BID_PRICE;streaming.content.*.BID_SIZE;quotes.quote.bidSize,V3-B universal catch-all (CSV-derived vocabulary),NOT_MARKET_DATA,,,NOT_MARKET_DATA: scoped mechanical classifier tail; production wire reads tracked in governance/SCHWAB_V4_REVIEW_MEMOS cone walk
59c53e948bc1ca7129d4,py,ml_predict.py,135,0,TEXT_LINE_MARKET_TOKEN,        return None,return,instruments.*.fundamental.returnOnAssets;instruments.*.fundamental.returnOnEquity;instruments.*.fundamental.returnOnInvestment,quotes.reference.htbRate;quotes.reference.isHardToBorrow;market_hours.future.RME.category,V3-B universal catch-all (CSV-derived vocabulary),NOT_MARKET_DATA,,,NOT_MARKET_DATA: scoped mechanical classifier tail; production wire reads tracked in governance/SCHWAB_V4_REVIEW_MEMOS cone walk
33bcf50b2397e0fd170e,py,ml_predict.py,138,0,TEXT_LINE_MARKET_TOKEN,def _require_as_of_ts_utc_for_sequence_db(inference_snapshot_v1: dict | None) -> float:,float,instruments.*.fundamental.marketCapFloat;instruments.*.fundamental.shortIntToFloat,quotes.quote.askSize;quotes.quote.bidSize;quotes.extended.askSize,V3-B universal catch-all (CSV-derived vocabulary),NOT_MARKET_DATA,,,NOT_MARKET_DATA: scoped mechanical classifier tail; production wire reads tracked in governance/SCHWAB_V4_REVIEW_MEMOS cone walk
a99ca484f69f8ddf3338,py,ml_predict.py,142,0,TEXT_LINE_MARKET_TOKEN,"            ""LSTM/Transformer sequence inference requires inference_snapshot_v1 with as_of_ts """,sequence,streaming.content.*.ASKS.*.ASKS.*.SEQUENCE;streaming.content.*.BIDS.*.BIDS.*.SEQUENCE;streaming.content.*.SEQUENCE,quotes.quote.askSize;streaming.content.*.ASK_SIZE;quotes.extended.askSize,V3-B universal catch-all (CSV-derived vocabulary),NOT_MARKET_DATA,,,NOT_MARKET_DATA: scoped mechanical classifier tail; production wire reads tracked in governance/SCHWAB_V4_REVIEW_MEMOS cone walk
07e4cc11da139cbc9f1e,py,ml_predict.py,149,0,TEXT_LINE_MARKET_TOKEN,"            ""(strict causal cutoff: only snapshots with ts_utc < as_of_ts are used from the DB; """,only the,chains.callExpDateMap.*.inTheMoney;chains.putExpDateMap.*.inTheMoney,quotes.quote.askSize;quotes.quote.bidSize;chains.putExpDateMap.*.askSize,V3-B universal catch-all (CSV-derived vocabulary),NOT_MARKET_DATA,,,NOT_MARKET_DATA: scoped mechanical classifier tail; production wire reads tracked in governance/SCHWAB_V4_REVIEW_MEMOS cone walk
5121a5fea8ab1dc3e5c3,py,ml_predict.py,150,0,TEXT_LINE_MARKET_TOKEN,"            ""the current bar MVP is merged from inference_snapshot_v1).""",the current bar,chains.callExpDateMap.*.inTheMoney;chains.putExpDateMap.*.inTheMoney;instruments.*.fundamental.currentRatio,chains.putExpDateMap.*.rho;streaming.content.*.BID_SIZE;streaming.content.*.ASK_SIZE,V3-B universal catch-all (CSV-derived vocabulary),NOT_MARKET_DATA,,,NOT_MARKET_DATA: scoped mechanical classifier tail; production wire reads tracked in governance/SCHWAB_V4_REVIEW_MEMOS cone walk
bf8a5079f484673418a3,py,ml_predict.py,152,0,TEXT_LINE_MARKET_TOKEN,    return float(ts),return float,instruments.*.fundamental.returnOnAssets;instruments.*.fundamental.returnOnEquity;instruments.*.fundamental.returnOnInvestment;instruments.*.fundamental.marketCapFloat;instruments.*.fundamental.shortIntToFloat,chains.putExpDateMap.*.theoreticalVolatility;streaming.content.*.ASKS.*.TOTAL_VOLUME;streaming.content.*.BIDS.*.TOTAL_VOLUME,V3-B universal catch-all (CSV-derived vocabulary),NOT_MARKET_DATA,,,NOT_MARKET_DATA: scoped mechanical classifier tail; production wire reads tracked in governance/SCHWAB_V4_REVIEW_MEMOS cone walk
8ab1daf83383006fa6a1,py,ml_predict.py,158,0,TEXT_LINE_MARKET_TOKEN,"        return np.array([u, u, u], dtype=np.float32)",return,instruments.*.fundamental.returnOnAssets;instruments.*.fundamental.returnOnEquity;instruments.*.fundamental.returnOnInvestment,quotes.regular.regularMarketLastPrice;quotes.regular.regularMarketLastSize;chains.underlying.totalVolume,V3-B universal catch-all (CSV-derived vocabulary),NOT_MARKET_DATA,,,NOT_MARKET_DATA: scoped mechanical classifier tail; production wire reads tracked in governance/SCHWAB_V4_REVIEW_MEMOS cone walk
5449c3f73fee0ef1077a,py,ml_predict.py,159,0,TEXT_LINE_MARKET_TOKEN,    return np.array(,return,instruments.*.fundamental.returnOnAssets;instruments.*.fundamental.returnOnEquity;instruments.*.fundamental.returnOnInvestment,pricehistory.candles;market_hours.future._2YY.sessionHours.regularMarket.*.start;market_hours.future.XRP.sessionHours.regularMarket.*.start,V3-B universal catch-all (CSV-derived vocabulary),NOT_MARKET_DATA,,,NOT_MARKET_DATA: scoped mechanical classifier tail; production wire reads tracked in governance/SCHWAB_V4_REVIEW_MEMOS cone walk
e66a65cd2fa29858d9dc,py,ml_predict.py,160,0,TEXT_LINE_MARKET_TOKEN,"        [float(p.get(""up"", u)), float(p.get(""down"", u)), float(p.get(""flat"", u))],",float,instruments.*.fundamental.marketCapFloat;instruments.*.fundamental.shortIntToFloat,chains.putExpDateMap.*.theoreticalVolatility;chains.callExpDateMap.*.theoreticalVolatility;chains.callExpDateMap.*.volatility,V3-B universal catch-all (CSV-derived vocabulary),NOT_MARKET_DATA,,,NOT_MARKET_DATA: scoped mechanical classifier tail; production wire reads tracked in governance/SCHWAB_V4_REVIEW_MEMOS cone walk
d3d75d2898952789a95d,py,ml_predict.py,167,0,TEXT_LINE_MARKET_TOKEN,"    Match transformer_train.train_transformer: per-column normalize using raw means/stds,",per,instruments.*.fundamental.bookValuePerShare,streaming.content.*.REGULAR_MARKET_TRADE_MILLIS;streaming.content.*.ASKS;streaming.content.*.ASKS.*.ASK_PRICE,V3-B universal catch-all (CSV-derived vocabulary),NOT_MARKET_DATA,,,NOT_MARKET_DATA: scoped mechanical classifier tail; production wire reads tracked in governance/SCHWAB_V4_REVIEW_MEMOS cone walk
346a06d6b1f1a842bf2c,py,ml_predict.py,168,0,TEXT_LINE_MARKET_TOKEN,    then keep columns where feature_mask is True (same order as training).,order,,chains.putExpDateMap.*.theta;chains.putExpDateMap.*.rho;chains.putExpDateMap.*.vega,V3-B universal catch-all (CSV-derived vocabulary),NOT_MARKET_DATA,,,NOT_MARKET_DATA: scoped mechanical classifier tail; production wire reads tracked in governance/SCHWAB_V4_REVIEW_MEMOS cone walk
f038ca1a674667e8d3db,py,ml_predict.py,177,0,TEXT_LINE_MARKET_TOKEN,    # Train-time bug once saved full-width mean/std with per-position mask; repair at inference.,time per,chains.callExpDateMap.*.quoteTimeInLong;chains.callExpDateMap.*.timeValue;chains.callExpDateMap.*.tradeTimeInLong;chains.putExpDateMap.*.quoteTimeInLong;chains.putExpDateMap.*.timeValue;chains.putExpDateMap.*.tradeTimeInLong;chains.underlying.quoteTime;chains.underlying.tradeTime;quotes.extended.quoteTime;quotes.extended.tradeTime;quotes.quote.askTime;quotes.quote.bidTime;quotes.quote.quoteTime;quotes.quote.tradeTime;quotes.regular.regularMarketTradeTime;streaming.content.*.ASK_TIME_MILLIS;streaming.content.*.BID_TIME_MILLIS;streaming.content.*.BOOK_TIME;streaming.content.*.CHART_TIME_MILLIS;streaming.content.*.QUOTE_TIME_MILLIS;streaming.content.*.TRADE_TIME_MILLIS;instruments.*.fundamental.bookValuePerShare,chains.putExpDateMap.*.theta;chains.putExpDateMap.*.delta;chains.putExpDateMap.*.rho,V3-B universal catch-all (CSV-derived vocabulary),NOT_MARKET_DATA,,,NOT_MARKET_DATA: scoped mechanical classifier tail; production wire reads tracked in governance/SCHWAB_V4_REVIEW_MEMOS cone walk
8f48b8b3fb60be109545,py,ml_predict.py,178,0,TEXT_LINE_MARKET_TOKEN,    if mean_m.size == fm.shape[0] and std_m.size == fm.shape[0]:,size,chains.callExpDateMap.*.askSize;chains.callExpDateMap.*.bidAskSize;chains.callExpDateMap.*.bidSize;chains.callExpDateMap.*.lastSize;chains.putExpDateMap.*.askSize;chains.putExpDateMap.*.bidAskSize;chains.putExpDateMap.*.bidSize;chains.putExpDateMap.*.lastSize;chains.underlying.askSize;chains.underlying.bidSize;quotes.extended.askSize;quotes.extended.bidSize;quotes.extended.lastSize;quotes.quote.askSize;quotes.quote.bidSize;quotes.quote.lastSize;quotes.regular.regularMarketLastSize;streaming.content.*.ASK_SIZE;streaming.content.*.BID_SIZE;streaming.content.*.LAST_SIZE;streaming.content.*.REGULAR_MARKET_LAST_SIZE,chains.putExpDateMap.*.gamma;chains.putExpDateMap.*.vega;chains.putExpDateMap.*.theta,V3-B universal catch-all (CSV-derived vocabulary),NOT_MARKET_DATA,,,NOT_MARKET_DATA: scoped mechanical classifier tail; production wire reads tracked in governance/SCHWAB_V4_REVIEW_MEMOS cone walk
be64c1cfab745033173e,py,ml_predict.py,181,0,TEXT_LINE_MARKET_TOKEN,    if mean_m.size != kept.size or std_m.size != kept.size:,size,chains.callExpDateMap.*.askSize;chains.callExpDateMap.*.bidAskSize;chains.callExpDateMap.*.bidSize;chains.callExpDateMap.*.lastSize;chains.putExpDateMap.*.askSize;chains.putExpDateMap.*.bidAskSize;chains.putExpDateMap.*.bidSize;chains.putExpDateMap.*.lastSize;chains.underlying.askSize;chains.underlying.bidSize;quotes.extended.askSize;quotes.extended.bidSize;quotes.extended.lastSize;quotes.quote.askSize;quotes.quote.bidSize;quotes.quote.lastSize;quotes.regular.regularMarketLastSize;streaming.content.*.ASK_SIZE;streaming.content.*.BID_SIZE;streaming.content.*.LAST_SIZE;streaming.content.*.REGULAR_MARKET_LAST_SIZE,chains.putExpDateMap.*.askSize;chains.putExpDateMap.*.theta;chains.putExpDateMap.*.vega,V3-B universal catch-all (CSV-derived vocabulary),NOT_MARKET_DATA,,,NOT_MARKET_DATA: scoped mechanical classifier tail; production wire reads tracked in governance/SCHWAB_V4_REVIEW_MEMOS cone walk
ed4d31cb5c8986c814a5,py,ml_predict.py,183,0,TEXT_LINE_MARKET_TOKEN,"            f""norm_mean/std ({mean_m.size}) != kept columns ({kept.size})""",size,chains.callExpDateMap.*.askSize;chains.callExpDateMap.*.bidAskSize;chains.callExpDateMap.*.bidSize;chains.callExpDateMap.*.lastSize;chains.putExpDateMap.*.askSize;chains.putExpDateMap.*.bidAskSize;chains.putExpDateMap.*.bidSize;chains.putExpDateMap.*.lastSize;chains.underlying.askSize;chains.underlying.bidSize;quotes.extended.askSize;quotes.extended.bidSize;quotes.extended.lastSize;quotes.quote.askSize;quotes.quote.bidSize;quotes.quote.lastSize;quotes.regular.regularMarketLastSize;streaming.content.*.ASK_SIZE;streaming.content.*.BID_SIZE;streaming.content.*.LAST_SIZE;streaming.content.*.REGULAR_MARKET_LAST_SIZE,chains.putExpDateMap.*.rho;chains.putExpDateMap.*.theta;chains.putExpDateMap.*.gamma,V3-B universal catch-all (CSV-derived vocabulary),NOT_MARKET_DATA,,,NOT_MARKET_DATA: scoped mechanical classifier tail; production wire reads tracked in governance/SCHWAB_V4_REVIEW_MEMOS cone walk
17e761c21f7988f3dd5e,py,ml_predict.py,189,0,TEXT_LINE_MARKET_TOKEN,"    return np.nan_to_num(np.stack(parts, axis=2), nan=0.0, posinf=0.0, neginf=0.0)",return,instruments.*.fundamental.returnOnAssets;instruments.*.fundamental.returnOnEquity;instruments.*.fundamental.returnOnInvestment,chains.putExpDateMap.*.multiplier;chains.putExpDateMap.*.pennyPilot;chains.putExpDateMap.*.putCall,V3-B universal catch-all (CSV-derived vocabulary),NOT_MARKET_DATA,,,NOT_MARKET_DATA: scoped mechanical classifier tail; production wire reads tracked in governance/SCHWAB_V4_REVIEW_MEMOS cone walk
50eb342970a5d7e76382,py,ml_predict.py,194,0,TEXT_LINE_MARKET_TOKEN,"# Per-(ticker, horizon) model registry — loaded on first call per slug",per model call,instruments.*.fundamental.bookValuePerShare;chains.callExpDateMap;chains.callExpDateMap.*;chains.callExpDateMap.*.ask;chains.callExpDateMap.*.askSize;chains.callExpDateMap.*.bid;chains.callExpDateMap.*.bidAskSize;chains.callExpDateMap.*.bidSize;chains.callExpDateMap.*.closePrice;chains.callExpDateMap.*.daysToExpiration;chains.callExpDateMap.*.deliverableNote;chains.callExpDateMap.*.delta;chains.callExpDateMap.*.description;chains.callExpDateMap.*.exchangeName;chains.callExpDateMap.*.exerciseType;chains.callExpDateMap.*.expirationDate;chains.callExpDateMap.*.expirationType;chains.callExpDateMap.*.extrinsicValue;chains.callExpDateMap.*.gamma;chains.callExpDateMap.*.high52Week;chains.callExpDateMap.*.highPrice;chains.callExpDateMap.*.inTheMoney;chains.callExpDateMap.*.intrinsicValue;chains.callExpDateMap.*.last;chains.callExpDateMap.*.lastSize,pricehistory.candles.*.volume;chains.callExpDateMap.*.rho;chains.callExpDateMap.*.theoreticalVolatility,V3-B universal catch-all (CSV-derived vocabulary),NOT_MARKET_DATA,,,NOT_MARKET_DATA: scoped mechanical classifier tail; production wire reads tracked in governance/SCHWAB_V4_REVIEW_MEMOS cone walk
0de23bf32ce9b7965cb2,py,ml_predict.py,195,0,TEXT_LINE_MARKET_TOKEN,"_xgb_registry   = {}   # _model_registry_key -> {model, meta, feature_names, category_maps, vol_medians}",model,,chains.callExpDateMap.*.delta;chains.callExpDateMap.*.vega;chains.callExpDateMap.*.gamma,V3-B universal catch-all (CSV-derived vocabulary),NOT_MARKET_DATA,,,NOT_MARKET_DATA: scoped mechanical classifier tail; production wire reads tracked in governance/SCHWAB_V4_REVIEW_MEMOS cone walk
f93413ea193fe9c450ed,py,ml_predict.py,198,0,TEXT_LINE_MARKET_TOKEN,"_lstm_registry  = {}   # _model_registry_key -> (model, checkpoint)",model,,quotes.quote.askSize;quotes.quote.bidSize;pricehistory.candles.*.volume,V3-B universal catch-all (CSV-derived vocabulary),NOT_MARKET_DATA,,,NOT_MARKET_DATA: scoped mechanical classifier tail; production wire reads tracked in governance/SCHWAB_V4_REVIEW_MEMOS cone walk
5d6ded77d8b1e9681da6,py,ml_predict.py,199,0,TEXT_LINE_MARKET_TOKEN,"_trans_registry = {}   # _model_registry_key -> (model, checkpoint)",model,,quotes.quote.askSize;quotes.quote.bidSize;streaming.content.*.ASK_SIZE,V3-B universal catch-all (CSV-derived vocabulary),NOT_MARKET_DATA,,,NOT_MARKET_DATA: scoped mechanical classifier tail; production wire reads tracked in governance/SCHWAB_V4_REVIEW_MEMOS cone walk
84d10f1bddbb2b5d416b,py,ml_predict.py,206,0,TEXT_LINE_MARKET_TOKEN,") -> Optional[tuple[float, float, float]]:",float,instruments.*.fundamental.marketCapFloat;instruments.*.fundamental.shortIntToFloat,chains.callExpDateMap.*.theoreticalVolatility;chains.putExpDateMap.*.theoreticalVolatility;chains.callExpDateMap.*.totalVolume,V3-B universal catch-all (CSV-derived vocabulary),NOT_MARKET_DATA,,,NOT_MARKET_DATA: scoped mechanical classifier tail; production wire reads tracked in governance/SCHWAB_V4_REVIEW_MEMOS cone walk
0fa6e740093c3e90509a,py,ml_predict.py,209,0,TEXT_LINE_MARKET_TOKEN,        return None,return,instruments.*.fundamental.returnOnAssets;instruments.*.fundamental.returnOnEquity;instruments.*.fundamental.returnOnInvestment,quotes.reference.htbRate;quotes.reference.isHardToBorrow;market_hours.future.RME.category,V3-B universal catch-all (CSV-derived vocabulary),NOT_MARKET_DATA,,,NOT_MARKET_DATA: scoped mechanical classifier tail; production wire reads tracked in governance/SCHWAB_V4_REVIEW_MEMOS cone walk
c3efadb16c342450fedf,py,ml_predict.py,212,0,TEXT_LINE_MARKET_TOKEN,        return None,return,instruments.*.fundamental.returnOnAssets;instruments.*.fundamental.returnOnEquity;instruments.*.fundamental.returnOnInvestment,quotes.reference.htbRate;quotes.reference.isHardToBorrow;market_hours.future.RME.category,V3-B universal catch-all (CSV-derived vocabulary),NOT_MARKET_DATA,,,NOT_MARKET_DATA: scoped mechanical classifier tail; production wire reads tracked in governance/SCHWAB_V4_REVIEW_MEMOS cone walk
4686ee660cc162430c10,py,ml_predict.py,214,0,TEXT_LINE_MARKET_TOKEN,"        return float(up), float(down), float(flat)",return float,instruments.*.fundamental.returnOnAssets;instruments.*.fundamental.returnOnEquity;instruments.*.fundamental.returnOnInvestment;instruments.*.fundamental.marketCapFloat;instruments.*.fundamental.shortIntToFloat,chains.callExpDateMap.*.theoreticalVolatility;chains.putExpDateMap.*.theoreticalVolatility;chains.callExpDateMap.*.totalVolume,V3-B universal catch-all (CSV-derived vocabulary),NOT_MARKET_DATA,,,NOT_MARKET_DATA: scoped mechanical classifier tail; production wire reads tracked in governance/SCHWAB_V4_REVIEW_MEMOS cone walk
61671c29a940f8cb9ec5,py,ml_predict.py,216,0,TEXT_LINE_MARKET_TOKEN,        return None,return,instruments.*.fundamental.returnOnAssets;instruments.*.fundamental.returnOnEquity;instruments.*.fundamental.returnOnInvestment,quotes.reference.htbRate;quotes.reference.isHardToBorrow;market_hours.future.RME.category,V3-B universal catch-all (CSV-derived vocabulary),NOT_MARKET_DATA,,,NOT_MARKET_DATA: scoped mechanical classifier tail; production wire reads tracked in governance/SCHWAB_V4_REVIEW_MEMOS cone walk
271152ea1a769f2ed18c,py,ml_predict.py,222,0,TEXT_LINE_MARKET_TOKEN,        return None,return,instruments.*.fundamental.returnOnAssets;instruments.*.fundamental.returnOnEquity;instruments.*.fundamental.returnOnInvestment,quotes.reference.htbRate;quotes.reference.isHardToBorrow;market_hours.future.RME.category,V3-B universal catch-all (CSV-derived vocabulary),NOT_MARKET_DATA,,,NOT_MARKET_DATA: scoped mechanical classifier tail; production wire reads tracked in governance/SCHWAB_V4_REVIEW_MEMOS cone walk
285ab52afc2320c3753a,py,ml_predict.py,225,0,TEXT_LINE_MARKET_TOKEN,"    dominant = max(CLASS_NAMES, key=lambda c: by_class[c])",key,streaming.content.*.key,chains.callExpDateMap.*.gamma;chains.callExpDateMap.*.askSize;chains.callExpDateMap.*.delta,V3-B universal catch-all (CSV-derived vocabulary),NOT_MARKET_DATA,,,NOT_MARKET_DATA: scoped mechanical classifier tail; production wire reads tracked in governance/SCHWAB_V4_REVIEW_MEMOS cone walk
a3a95fa6f84ce97e1da3,py,ml_predict.py,227,0,TEXT_LINE_MARKET_TOKEN,"    conf_label = ""high"" if edge >= 0.15 else ""medium"" if edge >= 0.08 else ""low""",high low,chains.callExpDateMap.*.highPrice;chains.putExpDateMap.*.highPrice;chains.underlying.fiftyTwoWeekHigh;chains.underlying.highPrice;pricehistory.candles.*.high;quotes.quote.52WeekHigh;quotes.quote.highPrice;streaming.content.*.HIGH_PRICE;streaming.content.*.HIGH_PRICE_52_WEEK;chains.callExpDateMap.*.lowPrice;chains.putExpDateMap.*.lowPrice;chains.underlying.fiftyTwoWeekLow;chains.underlying.lowPrice;pricehistory.candles.*.low;quotes.quote.52WeekLow;quotes.quote.lowPrice;streaming.content.*.LOW_PRICE;streaming.content.*.LOW_PRICE_52_WEEK,chains.putExpDateMap.*.high52Week;chains.callExpDateMap.*.high52Week;quotes.extended.bidSize,V3-B universal catch-all (CSV-derived vocabulary),NOT_MARKET_DATA,,,NOT_MARKET_DATA: scoped mechanical classifier tail; production wire reads tracked in governance/SCHWAB_V4_REVIEW_MEMOS cone walk
f37695b7c904a2e06a4d,py,ml_predict.py,228,0,TEXT_LINE_MARKET_TOKEN,"    if hint == ""long"":",long,chains.callExpDateMap.*.quoteTimeInLong;chains.callExpDateMap.*.tradeTimeInLong;chains.putExpDateMap.*.quoteTimeInLong;chains.putExpDateMap.*.tradeTimeInLong,chains.volatility;quotes.quote.highPrice;chains.underlying.highPrice,V3-B universal catch-all (CSV-derived vocabulary),NOT_MARKET_DATA,,,NOT_MARKET_DATA: scoped mechanical classifier tail; production wire reads tracked in governance/SCHWAB_V4_REVIEW_MEMOS cone walk
4918171c9e6a9a027e4f,py,ml_predict.py,230,0,TEXT_LINE_MARKET_TOKEN,"    elif hint == ""short"":",short,instruments.*.fundamental.shortIntDayToCover;instruments.*.fundamental.shortIntToFloat,chains.volatility;quotes.quote.bidSize;chains.putExpDateMap.*.theoreticalVolatility,V3-B universal catch-all (CSV-derived vocabulary),NOT_MARKET_DATA,,,NOT_MARKET_DATA: scoped mechanical classifier tail; production wire reads tracked in governance/SCHWAB_V4_REVIEW_MEMOS cone walk
94812815e3e805590c5f,py,ml_predict.py,234,0,TEXT_LINE_MARKET_TOKEN,    return {,return,instruments.*.fundamental.returnOnAssets;instruments.*.fundamental.returnOnEquity;instruments.*.fundamental.returnOnInvestment,quotes.regular.regularMarketTradeTime;market_hours.future.RTY.isOpen;market_hours.future.RME.isOpen,V3-B universal catch-all (CSV-derived vocabulary),NOT_MARKET_DATA,,,NOT_MARKET_DATA: scoped mechanical classifier tail; production wire reads tracked in governance/SCHWAB_V4_REVIEW_MEMOS cone walk
7b9d819d2c60b8742c99,py,ml_predict.py,254,0,TEXT_LINE_MARKET_TOKEN,        return unavailable,return,instruments.*.fundamental.returnOnAssets;instruments.*.fundamental.returnOnEquity;instruments.*.fundamental.returnOnInvestment,quotes.regular.regularMarketLastSize;quotes.regular.regularMarketLastPrice;quotes.regular.regularMarketTradeTime,V3-B universal catch-all (CSV-derived vocabulary),NOT_MARKET_DATA,,,NOT_MARKET_DATA: scoped mechanical classifier tail; production wire reads tracked in governance/SCHWAB_V4_REVIEW_MEMOS cone walk
0d74db5aec31feac718f,py,ml_predict.py,257,0,TEXT_LINE_MARKET_TOKEN,        return unavailable,return,instruments.*.fundamental.returnOnAssets;instruments.*.fundamental.returnOnEquity;instruments.*.fundamental.returnOnInvestment,quotes.regular.regularMarketLastSize;quotes.regular.regularMarketLastPrice;quotes.regular.regularMarketTradeTime,V3-B universal catch-all (CSV-derived vocabulary),NOT_MARKET_DATA,,,NOT_MARKET_DATA: scoped mechanical classifier tail; production wire reads tracked in governance/SCHWAB_V4_REVIEW_MEMOS cone walk
1d84babc47bbd67c9f2f,py,ml_predict.py,260,0,TEXT_LINE_MARKET_TOKEN,"    dominant = max(CLASS_NAMES, key=lambda c: by_class[c])",key,streaming.content.*.key,chains.callExpDateMap.*.gamma;chains.callExpDateMap.*.askSize;chains.callExpDateMap.*.delta,V3-B universal catch-all (CSV-derived vocabulary),NOT_MARKET_DATA,,,NOT_MARKET_DATA: scoped mechanical classifier tail; production wire reads tracked in governance/SCHWAB_V4_REVIEW_MEMOS cone walk
41a4b9bbcfe142410063,py,ml_predict.py,262,0,TEXT_LINE_MARKET_TOKEN,    return {,return,instruments.*.fundamental.returnOnAssets;instruments.*.fundamental.returnOnEquity;instruments.*.fundamental.returnOnInvestment,quotes.regular.regularMarketTradeTime;market_hours.future.RTY.isOpen;market_hours.future.RME.isOpen,V3-B universal catch-all (CSV-derived vocabulary),NOT_MARKET_DATA,,,NOT_MARKET_DATA: scoped mechanical classifier tail; production wire reads tracked in governance/SCHWAB_V4_REVIEW_MEMOS cone walk
b86b1bbac38a674c8ed9,py,ml_predict.py,276,0,TEXT_LINE_MARKET_TOKEN,    Cascade challenger inference (`_cascade_challenger_inference_scope`) uses `models/cascade/{ticker}/` only.,only,,chains.callExpDateMap.*.vega;chains.callExpDateMap.*.rho;chains.callExpDateMap.*.delta,V3-B universal catch-all (CSV-derived vocabulary),NOT_MARKET_DATA,,,NOT_MARKET_DATA: scoped mechanical classifier tail; production wire reads tracked in governance/SCHWAB_V4_REVIEW_MEMOS cone walk
be82a78c25c7a415539d,py,ml_predict.py,292,0,TEXT_LINE_MARKET_TOKEN,"                f""ED_XGB_STRICT_ACTIVE_ONLY=1: no complete active model bundle for {ticker} hz={hz} """,model,,quotes.quote.bidSize;quotes.quote.askSize;quotes.extended.bidSize,V3-B universal catch-all (CSV-derived vocabulary),NOT_MARKET_DATA,,,NOT_MARKET_DATA: scoped mechanical classifier tail; production wire reads tracked in governance/SCHWAB_V4_REVIEW_MEMOS cone walk
087e5633dca41ae3bfed,py,ml_predict.py,293,0,TEXT_LINE_MARKET_TOKEN,"                f""at canonical {canonical} (requires xgb+lstm+transformer per active_bundle_contract)""",per,instruments.*.fundamental.bookValuePerShare,chains.callExpDateMap.*.askSize;chains.callExpDateMap.*.bidSize;pricehistory.candles,V3-B universal catch-all (CSV-derived vocabulary),NOT_MARKET_DATA,,,NOT_MARKET_DATA: scoped mechanical classifier tail; production wire reads tracked in governance/SCHWAB_V4_REVIEW_MEMOS cone walk
5e713e9767f0246a2a45,py,ml_predict.py,295,0,TEXT_LINE_MARKET_TOKEN,        return canonical,return,instruments.*.fundamental.returnOnAssets;instruments.*.fundamental.returnOnEquity;instruments.*.fundamental.returnOnInvestment,pricehistory.candles;pricehistory.candles.*;pricehistory.candles.*.low,V3-B universal catch-all (CSV-derived vocabulary),NOT_MARKET_DATA,,,NOT_MARKET_DATA: scoped mechanical classifier tail; production wire reads tracked in governance/SCHWAB_V4_REVIEW_MEMOS cone walk
436908091e20cc19d488,py,ml_predict.py,304,0,TEXT_LINE_MARKET_TOKEN,        return cd,return,instruments.*.fundamental.returnOnAssets;instruments.*.fundamental.returnOnEquity;instruments.*.fundamental.returnOnInvestment,quotes.regular.regularMarketTradeTime;streaming.content.*.BIDS.*.BID_PRICE;market_hours.future.DC.isOpen,V3-B universal catch-all (CSV-derived vocabulary),NOT_MARKET_DATA,,,NOT_MARKET_DATA: scoped mechanical classifier tail; production wire reads tracked in governance/SCHWAB_V4_REVIEW_MEMOS cone walk
4d0fbb38d9dccd0e001a,py,ml_predict.py,305,0,TEXT_LINE_MARKET_TOKEN,    # Movement-only bundles: prefer models/active/{ticker}/ when dir/move heads exist for this horizon.,only,,pricehistory.candles.*.volume;movers.screeners.*.totalVolume;quotes.extended.totalVolume,V3-B universal catch-all (CSV-derived vocabulary),NOT_MARKET_DATA,,,NOT_MARKET_DATA: scoped mechanical classifier tail; production wire reads tracked in governance/SCHWAB_V4_REVIEW_MEMOS cone walk
6dc0c1bc7d68c30931c0,py,ml_predict.py,311,0,TEXT_LINE_MARKET_TOKEN,            return active_early,return,instruments.*.fundamental.returnOnAssets;instruments.*.fundamental.returnOnEquity;instruments.*.fundamental.returnOnInvestment,streaming.content.*.REGULAR_MARKET_LAST_PRICE;quotes.regular.regularMarketLastSize;streaming.content.*.REGULAR_MARKET_TRADE_MILLIS,V3-B universal catch-all (CSV-derived vocabulary),NOT_MARKET_DATA,,,NOT_MARKET_DATA: scoped mechanical classifier tail; production wire reads tracked in governance/SCHWAB_V4_REVIEW_MEMOS cone walk
638f02b983ff435916a8,py,ml_predict.py,327,0,TEXT_LINE_MARKET_TOKEN,                        return active,return,instruments.*.fundamental.returnOnAssets;instruments.*.fundamental.returnOnEquity;instruments.*.fundamental.returnOnInvestment,streaming.content.*.REGULAR_MARKET_LAST_PRICE;streaming.content.*.REGULAR_MARKET_TRADE;streaming.content.*.ASK_SIZE,V3-B universal catch-all (CSV-derived vocabulary),NOT_MARKET_DATA,,,NOT_MARKET_DATA: scoped mechanical classifier tail; production wire reads tracked in governance/SCHWAB_V4_REVIEW_MEMOS cone walk
8ebc54841e571087c0eb,py,ml_predict.py,329,0,TEXT_LINE_MARKET_TOKEN,"            logger.debug(""active model dir probe: %s"", e, exc_info=True)",model,,quotes.extended.bidSize;quotes.quote.bidSize;quotes.extended.askSize,V3-B universal catch-all (CSV-derived vocabulary),NOT_MARKET_DATA,,,NOT_MARKET_DATA: scoped mechanical classifier tail; production wire reads tracked in governance/SCHWAB_V4_REVIEW_MEMOS cone walk
582b87837d31b651c4a1,py,ml_predict.py,341,0,TEXT_LINE_MARKET_TOKEN,            return parallel,return,instruments.*.fundamental.returnOnAssets;instruments.*.fundamental.returnOnEquity;instruments.*.fundamental.returnOnInvestment,quotes.regular.regularMarketLastSize;chains.callExpDateMap.*.totalVolume;quotes.regular.regularMarketLastPrice,V3-B universal catch-all (CSV-derived vocabulary),NOT_MARKET_DATA,,,NOT_MARKET_DATA: scoped mechanical classifier tail; production wire reads tracked in governance/SCHWAB_V4_REVIEW_MEMOS cone walk
33f669cd23a58ecf8820,py,ml_predict.py,342,0,TEXT_LINE_MARKET_TOKEN,    # Fallback: flat models/ (train_all output) or per-ticker subdir for flat layout,per,instruments.*.fundamental.bookValuePerShare,chains.callExpDateMap.*.theoreticalVolatility;chains.putExpDateMap.*.theoreticalVolatility;chains.callExpDateMap.*.totalVolume,V3-B universal catch-all (CSV-derived vocabulary),NOT_MARKET_DATA,,,NOT_MARKET_DATA: scoped mechanical classifier tail; production wire reads tracked in governance/SCHWAB_V4_REVIEW_MEMOS cone walk
adce5cd7fcaa1f64ad35,py,ml_predict.py,346,0,TEXT_LINE_MARKET_TOKEN,        return MODEL_DIR,return,instruments.*.fundamental.returnOnAssets;instruments.*.fundamental.returnOnEquity;instruments.*.fundamental.returnOnInvestment,quotes.extended.bidSize;quotes.quote.bidSize;pricehistory.candles.*.volume,V3-B universal catch-all (CSV-derived vocabulary),NOT_MARKET_DATA,,,NOT_MARKET_DATA: scoped mechanical classifier tail; production wire reads tracked in governance/SCHWAB_V4_REVIEW_MEMOS cone walk
647b67166eba48c36432,py,ml_predict.py,347,0,TEXT_LINE_MARKET_TOKEN,    return MODEL_DIR,return,instruments.*.fundamental.returnOnAssets;instruments.*.fundamental.returnOnEquity;instruments.*.fundamental.returnOnInvestment,quotes.extended.bidSize;quotes.quote.bidSize;pricehistory.candles.*.volume,V3-B universal catch-all (CSV-derived vocabulary),NOT_MARKET_DATA,,,NOT_MARKET_DATA: scoped mechanical classifier tail; production wire reads tracked in governance/SCHWAB_V4_REVIEW_MEMOS cone walk
0e59a95265c3f7b1f692,py,ml_predict.py,351,0,TEXT_LINE_MARKET_TOKEN,# XGBoost - per-ticker,per,instruments.*.fundamental.bookValuePerShare,streaming.content.*.ASKS;streaming.content.*.BIDS;movers.screeners.*.totalVolume,V3-B universal catch-all (CSV-derived vocabulary),NOT_MARKET_DATA,,,NOT_MARKET_DATA: scoped mechanical classifier tail; production wire reads tracked in governance/SCHWAB_V4_REVIEW_MEMOS cone walk
254d14ced7e18e2420e8,py,ml_predict.py,360,0,TEXT_LINE_MARKET_TOKEN,    Engineering snapshot after MVP map + fusion overlay + m5 additive columns.,map,chains.callExpDateMap;chains.callExpDateMap.*;chains.callExpDateMap.*.ask;chains.callExpDateMap.*.askSize;chains.callExpDateMap.*.bid;chains.callExpDateMap.*.bidAskSize;chains.callExpDateMap.*.bidSize;chains.callExpDateMap.*.closePrice;chains.callExpDateMap.*.daysToExpiration;chains.callExpDateMap.*.deliverableNote;chains.callExpDateMap.*.delta;chains.callExpDateMap.*.description;chains.callExpDateMap.*.exchangeName;chains.callExpDateMap.*.exerciseType;chains.callExpDateMap.*.expirationDate;chains.callExpDateMap.*.expirationType;chains.callExpDateMap.*.extrinsicValue;chains.callExpDateMap.*.gamma;chains.callExpDateMap.*.high52Week;chains.callExpDateMap.*.highPrice;chains.callExpDateMap.*.inTheMoney;chains.callExpDateMap.*.intrinsicValue;chains.callExpDateMap.*.last;chains.callExpDateMap.*.lastSize;chains.callExpDateMap.*.lastTradingDay,chains.putExpDateMap.*.vega;chains.putExpDateMap.*.rho;chains.putExpDateMap.*.gamma,V3-B universal catch-all (CSV-derived vocabulary),NOT_MARKET_DATA,,,NOT_MARKET_DATA: scoped mechanical classifier tail; production wire reads tracked in governance/SCHWAB_V4_REVIEW_MEMOS cone walk
4879640ad48c19c64fc4,py,ml_predict.py,362,0,TEXT_LINE_MARKET_TOKEN,    Identical for every governed horizon on a single tick; call once and pass into,call,chains.callExpDateMap;chains.callExpDateMap.*;chains.callExpDateMap.*.ask;chains.callExpDateMap.*.askSize;chains.callExpDateMap.*.bid;chains.callExpDateMap.*.bidAskSize;chains.callExpDateMap.*.bidSize;chains.callExpDateMap.*.closePrice;chains.callExpDateMap.*.daysToExpiration;chains.callExpDateMap.*.deliverableNote;chains.callExpDateMap.*.delta;chains.callExpDateMap.*.description;chains.callExpDateMap.*.exchangeName;chains.callExpDateMap.*.exerciseType;chains.callExpDateMap.*.expirationDate;chains.callExpDateMap.*.expirationType;chains.callExpDateMap.*.extrinsicValue;chains.callExpDateMap.*.gamma;chains.callExpDateMap.*.high52Week;chains.callExpDateMap.*.highPrice;chains.callExpDateMap.*.inTheMoney;chains.callExpDateMap.*.intrinsicValue;chains.callExpDateMap.*.last;chains.callExpDateMap.*.lastSize;chains.callExpDateMap.*.lastTradingDay,chains.callExpDateMap.*.rho;chains.volatility;chains.callExpDateMap.*.askSize,V3-B universal catch-all (CSV-derived vocabulary),NOT_MARKET_DATA,,,NOT_MARKET_DATA: scoped mechanical classifier tail; production wire reads tracked in governance/SCHWAB_V4_REVIEW_MEMOS cone walk
668d7ab06f6d547994ac,py,ml_predict.py,364,0,TEXT_LINE_MARKET_TOKEN,    and movement heads skip repeated ingest/merge/m5 work (per-horizon work remains:,per,instruments.*.fundamental.bookValuePerShare,chains.putExpDateMap.*.rho;chains.putExpDateMap.*.vega;chains.putExpDateMap.*.theta,V3-B universal catch-all (CSV-derived vocabulary),NOT_MARKET_DATA,,,NOT_MARKET_DATA: scoped mechanical classifier tail; production wire reads tracked in governance/SCHWAB_V4_REVIEW_MEMOS cone walk
2416ff4e683dc4acf968,py,ml_predict.py,365,0,TEXT_LINE_MARKET_TOKEN,    ``engineer_single_snapshot`` + ``predict_proba`` per artifact).,per,instruments.*.fundamental.bookValuePerShare,chains.putExpDateMap.*.askSize;chains.putExpDateMap.*.rho;chains.putExpDateMap.*.bidSize,V3-B universal catch-all (CSV-derived vocabulary),NOT_MARKET_DATA,,,NOT_MARKET_DATA: scoped mechanical classifier tail; production wire reads tracked in governance/SCHWAB_V4_REVIEW_MEMOS cone walk
65964cd9ce9766664f40,py,ml_predict.py,380,0,TEXT_LINE_MARKET_TOKEN,"    return snapshot_with_m5_additive(snap, _ML_DB)",return,instruments.*.fundamental.returnOnAssets;instruments.*.fundamental.returnOnEquity;instruments.*.fundamental.returnOnInvestment,chains.putExpDateMap.*.bidSize;chains.putExpDateMap.*.askSize;chains.callExpDateMap.*.bidSize,V3-B universal catch-all (CSV-derived vocabulary),NOT_MARKET_DATA,,,NOT_MARKET_DATA: scoped mechanical classifier tail; production wire reads tracked in governance/SCHWAB_V4_REVIEW_MEMOS cone walk
d770a93403b4a4551e22,py,ml_predict.py,387,0,TEXT_LINE_MARKET_TOKEN,        return _xgb_registry[rk] is not None,return,instruments.*.fundamental.returnOnAssets;instruments.*.fundamental.returnOnEquity;instruments.*.fundamental.returnOnInvestment,streaming.content.*.ASK_SIZE;streaming.content.*.ASKS;streaming.content.*.BIDS,V3-B universal catch-all (CSV-derived vocabulary),NOT_MARKET_DATA,,,NOT_MARKET_DATA: scoped mechanical classifier tail; production wire reads tracked in governance/SCHWAB_V4_REVIEW_MEMOS cone walk
949de2f604f3e0dbdf1b,py,ml_predict.py,394,0,TEXT_LINE_MARKET_TOKEN,"        logger.debug(""XGBoost model not found for %s"", ticker)",model,,quotes.extended.totalVolume;quotes.quote.bidSize;quotes.quote.totalVolume,V3-B universal catch-all (CSV-derived vocabulary),NOT_MARKET_DATA,,,NOT_MARKET_DATA: scoped mechanical classifier tail; production wire reads tracked in governance/SCHWAB_V4_REVIEW_MEMOS cone walk
2a149201683d452f6189,py,ml_predict.py,396,0,TEXT_LINE_MARKET_TOKEN,        return False,return,instruments.*.fundamental.returnOnAssets;instruments.*.fundamental.returnOnEquity;instruments.*.fundamental.returnOnInvestment,quotes.regular.regularMarketLastSize;quotes.regular.regularMarketLastPrice;quotes.regular.regularMarketTradeTime,V3-B universal catch-all (CSV-derived vocabulary),NOT_MARKET_DATA,,,NOT_MARKET_DATA: scoped mechanical classifier tail; production wire reads tracked in governance/SCHWAB_V4_REVIEW_MEMOS cone walk
c0338777a65d9cb4383d,py,ml_predict.py,399,0,TEXT_LINE_MARKET_TOKEN,"        with open(mp, ""rb"") as f:",open,chains.callExpDateMap.*.openInterest;chains.callExpDateMap.*.openPrice;chains.putExpDateMap.*.openInterest;chains.putExpDateMap.*.openPrice;chains.underlying.openPrice;market_hours.bond.BON.isOpen;market_hours.equity.EQ.isOpen;market_hours.forex.forex.isOpen;market_hours.future.ADA.isOpen;market_hours.future.AW.isOpen;market_hours.future.BFF.isOpen;market_hours.future.BTC.isOpen;market_hours.future.BZ.isOpen;market_hours.future.CB.isOpen;market_hours.future.CL.isOpen;market_hours.future.CZK.isOpen;market_hours.future.DC.isOpen;market_hours.future.E7.isOpen;market_hours.future.ECK.isOpen;market_hours.future.EHF.isOpen;market_hours.future.EMD.isOpen;market_hours.future.ES.isOpen;market_hours.future.ETH.isOpen;market_hours.future.GC.isOpen;market_hours.future.GF.isOpen,chains.putExpDateMap.*.bidSize;chains.callExpDateMap.*.bidSize;chains.putExpDateMap.*.askSize,V3-B universal catch-all (CSV-derived vocabulary),NOT_MARKET_DATA,,,NOT_MARKET_DATA: scoped mechanical classifier tail; production wire reads tracked in governance/SCHWAB_V4_REVIEW_MEMOS cone walk
a440ff37a323875c65aa,py,ml_predict.py,400,0,TEXT_LINE_MARKET_TOKEN,            model = pickle.load(f),model,,chains.callExpDateMap.*.theoreticalVolatility;chains.callExpDateMap.*.totalVolume;chains.callExpDateMap.*.bidSize,V3-B universal catch-all (CSV-derived vocabulary),NOT_MARKET_DATA,,,NOT_MARKET_DATA: scoped mechanical classifier tail; production wire reads tracked in governance/SCHWAB_V4_REVIEW_MEMOS cone walk
7d6afbb0b37097c97134,py,ml_predict.py,401,0,TEXT_LINE_MARKET_TOKEN,"        with open(mtp, ""r"") as f:",open,chains.callExpDateMap.*.openInterest;chains.callExpDateMap.*.openPrice;chains.putExpDateMap.*.openInterest;chains.putExpDateMap.*.openPrice;chains.underlying.openPrice;market_hours.bond.BON.isOpen;market_hours.equity.EQ.isOpen;market_hours.forex.forex.isOpen;market_hours.future.ADA.isOpen;market_hours.future.AW.isOpen;market_hours.future.BFF.isOpen;market_hours.future.BTC.isOpen;market_hours.future.BZ.isOpen;market_hours.future.CB.isOpen;market_hours.future.CL.isOpen;market_hours.future.CZK.isOpen;market_hours.future.DC.isOpen;market_hours.future.E7.isOpen;market_hours.future.ECK.isOpen;market_hours.future.EHF.isOpen;market_hours.future.EMD.isOpen;market_hours.future.ES.isOpen;market_hours.future.ETH.isOpen;market_hours.future.GC.isOpen;market_hours.future.GF.isOpen,chains.putExpDateMap.*.theoreticalVolatility;chains.putExpDateMap.*.bidSize;chains.putExpDateMap.*.askSize,V3-B universal catch-all (CSV-derived vocabulary),NOT_MARKET_DATA,,,NOT_MARKET_DATA: scoped mechanical classifier tail; production wire reads tracked in governance/SCHWAB_V4_REVIEW_MEMOS cone walk
54bba0e23d8661f029cf,py,ml_predict.py,409,0,TEXT_LINE_MARKET_TOKEN,"                ""XGBoost %s: incompatible model contract (%s). Retrain; refusing load."",",model,,streaming.content.*.BIDS;streaming.content.*.ASKS;quotes.quote.bidSize,V3-B universal catch-all (CSV-derived vocabulary),NOT_MARKET_DATA,,,NOT_MARKET_DATA: scoped mechanical classifier tail; production wire reads tracked in governance/SCHWAB_V4_REVIEW_MEMOS cone walk
8d9b55da5d55ce4e6a3f,py,ml_predict.py,414,0,TEXT_LINE_MARKET_TOKEN,            return False,return,instruments.*.fundamental.returnOnAssets;instruments.*.fundamental.returnOnEquity;instruments.*.fundamental.returnOnInvestment,quotes.regular.regularMarketLastSize;quotes.regular.regularMarketLastPrice;quotes.regular.regularMarketTradeTime,V3-B universal catch-all (CSV-derived vocabulary),NOT_MARKET_DATA,,,NOT_MARKET_DATA: scoped mechanical classifier tail; production wire reads tracked in governance/SCHWAB_V4_REVIEW_MEMOS cone walk
b2279fef88bbb1cc60e9,py,ml_predict.py,417,0,TEXT_LINE_MARKET_TOKEN,"            model=model, meta=meta,",model,,chains.callExpDateMap.*.totalVolume;quotes.extended.totalVolume;chains.callExpDateMap.*.theoreticalVolatility,V3-B universal catch-all (CSV-derived vocabulary),NOT_MARKET_DATA,,,NOT_MARKET_DATA: scoped mechanical classifier tail; production wire reads tracked in governance/SCHWAB_V4_REVIEW_MEMOS cone walk
8ea23e5cd4080e10ce18,py,ml_predict.py,423,0,TEXT_LINE_MARKET_TOKEN,        return True,return,instruments.*.fundamental.returnOnAssets;instruments.*.fundamental.returnOnEquity;instruments.*.fundamental.returnOnInvestment,quotes.regular.regularMarketTradeTime;market_hours.future.RTY.isOpen;quotes.regular.regularMarketLastSize,V3-B universal catch-all (CSV-derived vocabulary),NOT_MARKET_DATA,,,NOT_MARKET_DATA: scoped mechanical classifier tail; production wire reads tracked in governance/SCHWAB_V4_REVIEW_MEMOS cone walk
d5a00b71c6f0704af88b,py,ml_predict.py,428,0,TEXT_LINE_MARKET_TOKEN,        return False,return,instruments.*.fundamental.returnOnAssets;instruments.*.fundamental.returnOnEquity;instruments.*.fundamental.returnOnInvestment,quotes.regular.regularMarketLastSize;quotes.regular.regularMarketLastPrice;quotes.regular.regularMarketTradeTime,V3-B universal catch-all (CSV-derived vocabulary),NOT_MARKET_DATA,,,NOT_MARKET_DATA: scoped mechanical classifier tail; production wire reads tracked in governance/SCHWAB_V4_REVIEW_MEMOS cone walk
0f1603637b7ac0f9571e,py,ml_predict.py,441,0,TEXT_LINE_MARKET_TOKEN,"    non-MVP keys only (pred_*, et_hour from fusion, …); it must not override MVP columns.",non only,chains.callExpDateMap.*.nonStandard;chains.putExpDateMap.*.nonStandard,pricehistory.candles.*.volume;chains.underlying.totalVolume;streaming.content.*.VOLUME,V3-B universal catch-all (CSV-derived vocabulary),NOT_MARKET_DATA,,,NOT_MARKET_DATA: scoped mechanical classifier tail; production wire reads tracked in governance/SCHWAB_V4_REVIEW_MEMOS cone walk
3654ec994bde99790849,py,ml_predict.py,444,0,TEXT_LINE_MARKET_TOKEN,    ``fusion_feature_overlay`` is ignored — the snapshot must already include that merge.,the,chains.callExpDateMap.*.inTheMoney;chains.putExpDateMap.*.inTheMoney,chains.putExpDateMap.*.theta;quotes.quote.askSize;chains.putExpDateMap.*.delta,V3-B universal catch-all (CSV-derived vocabulary),NOT_MARKET_DATA,,,NOT_MARKET_DATA: scoped mechanical classifier tail; production wire reads tracked in governance/SCHWAB_V4_REVIEW_MEMOS cone walk
0c3d5c9e99b2814ad7a8,py,ml_predict.py,447,0,TEXT_LINE_MARKET_TOKEN,        return None,return,instruments.*.fundamental.returnOnAssets;instruments.*.fundamental.returnOnEquity;instruments.*.fundamental.returnOnInvestment,quotes.reference.htbRate;quotes.reference.isHardToBorrow;market_hours.future.RME.category,V3-B universal catch-all (CSV-derived vocabulary),NOT_MARKET_DATA,,,NOT_MARKET_DATA: scoped mechanical classifier tail; production wire reads tracked in governance/SCHWAB_V4_REVIEW_MEMOS cone walk
b041f00a61f34bdd3927,py,ml_predict.py,482,0,TEXT_LINE_MARKET_TOKEN,            return None,return,instruments.*.fundamental.returnOnAssets;instruments.*.fundamental.returnOnEquity;instruments.*.fundamental.returnOnInvestment,quotes.reference.htbRate;quotes.reference.isHardToBorrow;market_hours.future.RME.category,V3-B universal catch-all (CSV-derived vocabulary),NOT_MARKET_DATA,,,NOT_MARKET_DATA: scoped mechanical classifier tail; production wire reads tracked in governance/SCHWAB_V4_REVIEW_MEMOS cone walk
f3659e2dc3fa68cfca06,py,ml_predict.py,489,0,TEXT_LINE_MARKET_TOKEN,"        nfi = getattr(reg[""model""], ""n_features_in_"", None)",model,,streaming.content.*.BID_SIZE;streaming.content.*.BIDS.*.TOTAL_VOLUME;streaming.content.*.BIDS,V3-B universal catch-all (CSV-derived vocabulary),NOT_MARKET_DATA,,,NOT_MARKET_DATA: scoped mechanical classifier tail; production wire reads tracked in governance/SCHWAB_V4_REVIEW_MEMOS cone walk
bc2e435ae3a3d80ad20b,py,ml_predict.py,490,0,TEXT_LINE_MARKET_TOKEN,        if nfi is not None and x_mat.shape[1] != int(nfi):,int,instruments.*.fundamental.shortIntDayToCover;instruments.*.fundamental.shortIntToFloat,chains.putExpDateMap.*.bidAskSize;chains.putExpDateMap.*.mini;chains.putExpDateMap.*.description,V3-B universal catch-all (CSV-derived vocabulary),NOT_MARKET_DATA,,,NOT_MARKET_DATA: scoped mechanical classifier tail; production wire reads tracked in governance/SCHWAB_V4_REVIEW_MEMOS cone walk
ec8a9af0ea6e24b90c0e,py,ml_predict.py,492,0,TEXT_LINE_MARKET_TOKEN,"                ""XGBoost %s: feature mismatch (have %d, model expects %d)"",",model,,chains.callExpDateMap.*.theta;quotes.extended.askSize;chains.putExpDateMap.*.theta,V3-B universal catch-all (CSV-derived vocabulary),NOT_MARKET_DATA,,,NOT_MARKET_DATA: scoped mechanical classifier tail; production wire reads tracked in governance/SCHWAB_V4_REVIEW_MEMOS cone walk
8263a4c1487b6dfdc53b,py,ml_predict.py,495,0,TEXT_LINE_MARKET_TOKEN,"                int(nfi),",int,instruments.*.fundamental.shortIntDayToCover;instruments.*.fundamental.shortIntToFloat,chains.volatility;streaming.content.*.CHART_TIME_MILLIS;chains.underlying.highPrice,V3-B universal catch-all (CSV-derived vocabulary),NOT_MARKET_DATA,,,NOT_MARKET_DATA: scoped mechanical classifier tail; production wire reads tracked in governance/SCHWAB_V4_REVIEW_MEMOS cone walk
ad10a51be9a9038389cd,py,ml_predict.py,497,0,TEXT_LINE_MARKET_TOKEN,            return None,return,instruments.*.fundamental.returnOnAssets;instruments.*.fundamental.returnOnEquity;instruments.*.fundamental.returnOnInvestment,quotes.reference.htbRate;quotes.reference.isHardToBorrow;market_hours.future.RME.category,V3-B universal catch-all (CSV-derived vocabulary),NOT_MARKET_DATA,,,NOT_MARKET_DATA: scoped mechanical classifier tail; production wire reads tracked in governance/SCHWAB_V4_REVIEW_MEMOS cone walk
b26aa722510d44b6ce90,py,ml_predict.py,498,0,TEXT_LINE_MARKET_TOKEN,"        probs = reg[""model""].predict_proba(x_mat)[0]",model,,chains.putExpDateMap.*.bidSize;chains.callExpDateMap.*.bidSize;chains.putExpDateMap.*.askSize,V3-B universal catch-all (CSV-derived vocabulary),NOT_MARKET_DATA,,,NOT_MARKET_DATA: scoped mechanical classifier tail; production wire reads tracked in governance/SCHWAB_V4_REVIEW_MEMOS cone walk
88242ece0bf85845dbe9,py,ml_predict.py,499,0,TEXT_LINE_MARKET_TOKEN,"        return {CLASS_NAMES[i]: round(float(probs[i]), 4) for i in range(3)}",return float,instruments.*.fundamental.returnOnAssets;instruments.*.fundamental.returnOnEquity;instruments.*.fundamental.returnOnInvestment;instruments.*.fundamental.marketCapFloat;instruments.*.fundamental.shortIntToFloat,chains.underlying.askSize;chains.underlying.bidSize;quotes.quote.askSize,V3-B universal catch-all (CSV-derived vocabulary),NOT_MARKET_DATA,,,NOT_MARKET_DATA: scoped mechanical classifier tail; production wire reads tracked in governance/SCHWAB_V4_REVIEW_MEMOS cone walk
de5d065b0c38015b8307,py,ml_predict.py,503,0,TEXT_LINE_MARKET_TOKEN,"        logger.warning(""XGBoost prediction failed for %s: %s"", ticker, e)",prediction,,quotes.quote.bidSize;quotes.quote.askSize;quotes.extended.bidSize,V3-B universal catch-all (CSV-derived vocabulary),NOT_MARKET_DATA,,,NOT_MARKET_DATA: scoped mechanical classifier tail; production wire reads tracked in governance/SCHWAB_V4_REVIEW_MEMOS cone walk
5ce6f12e5b011230e1f9,py,ml_predict.py,504,0,TEXT_LINE_MARKET_TOKEN,        return None,return,instruments.*.fundamental.returnOnAssets;instruments.*.fundamental.returnOnEquity;instruments.*.fundamental.returnOnInvestment,quotes.reference.htbRate;quotes.reference.isHardToBorrow;market_hours.future.RME.category,V3-B universal catch-all (CSV-derived vocabulary),NOT_MARKET_DATA,,,NOT_MARKET_DATA: scoped mechanical classifier tail; production wire reads tracked in governance/SCHWAB_V4_REVIEW_MEMOS cone walk
25ee6b1877bcd80db23c,py,ml_predict.py,507,0,TEXT_LINE_MARKET_TOKEN,"def _normalize_binary_head_probs(raw: np.ndarray, class_names: list[str]) -> dict[str, float]:",list float,chains.callExpDateMap.*.optionDeliverablesList;chains.callExpDateMap.*.optionDeliverablesList.*;chains.callExpDateMap.*.optionDeliverablesList.*.assetType;chains.callExpDateMap.*.optionDeliverablesList.*.currencyType;chains.callExpDateMap.*.optionDeliverablesList.*.deliverableUnits;chains.callExpDateMap.*.optionDeliverablesList.*.symbol;chains.putExpDateMap.*.optionDeliverablesList;chains.putExpDateMap.*.optionDeliverablesList.*;chains.putExpDateMap.*.optionDeliverablesList.*.assetType;chains.putExpDateMap.*.optionDeliverablesList.*.currencyType;chains.putExpDateMap.*.optionDeliverablesList.*.deliverableUnits;chains.putExpDateMap.*.optionDeliverablesList.*.symbol;instruments.*.fundamental.marketCapFloat;instruments.*.fundamental.shortIntToFloat,chains.callExpDateMap.*.askSize;chains.callExpDateMap.*.bidSize;chains.putExpDateMap.*.askSize,V3-B universal catch-all (CSV-derived vocabulary),NOT_MARKET_DATA,,,NOT_MARKET_DATA: scoped mechanical classifier tail; production wire reads tracked in governance/SCHWAB_V4_REVIEW_MEMOS cone walk
c8def3297e70046006d3,py,ml_predict.py,510,0,TEXT_LINE_MARKET_TOKEN,    names = list(class_names),list,chains.callExpDateMap.*.optionDeliverablesList;chains.callExpDateMap.*.optionDeliverablesList.*;chains.callExpDateMap.*.optionDeliverablesList.*.assetType;chains.callExpDateMap.*.optionDeliverablesList.*.currencyType;chains.callExpDateMap.*.optionDeliverablesList.*.deliverableUnits;chains.callExpDateMap.*.optionDeliverablesList.*.symbol;chains.putExpDateMap.*.optionDeliverablesList;chains.putExpDateMap.*.optionDeliverablesList.*;chains.putExpDateMap.*.optionDeliverablesList.*.assetType;chains.putExpDateMap.*.optionDeliverablesList.*.currencyType;chains.putExpDateMap.*.optionDeliverablesList.*.deliverableUnits;chains.putExpDateMap.*.optionDeliverablesList.*.symbol,chains.callExpDateMap.*.gamma;chains.callExpDateMap.*.theta;chains.callExpDateMap.*.askSize,V3-B universal catch-all (CSV-derived vocabulary),NOT_MARKET_DATA,,,NOT_MARKET_DATA: scoped mechanical classifier tail; production wire reads tracked in governance/SCHWAB_V4_REVIEW_MEMOS cone walk
3bae9889a8d39f1f09f2,py,ml_predict.py,511,0,TEXT_LINE_MARKET_TOKEN,    if len(names) >= 2 and p.size >= 2:,size,chains.callExpDateMap.*.askSize;chains.callExpDateMap.*.bidAskSize;chains.callExpDateMap.*.bidSize;chains.callExpDateMap.*.lastSize;chains.putExpDateMap.*.askSize;chains.putExpDateMap.*.bidAskSize;chains.putExpDateMap.*.bidSize;chains.putExpDateMap.*.lastSize;chains.underlying.askSize;chains.underlying.bidSize;quotes.extended.askSize;quotes.extended.bidSize;quotes.extended.lastSize;quotes.quote.askSize;quotes.quote.bidSize;quotes.quote.lastSize;quotes.regular.regularMarketLastSize;streaming.content.*.ASK_SIZE;streaming.content.*.BID_SIZE;streaming.content.*.LAST_SIZE;streaming.content.*.REGULAR_MARKET_LAST_SIZE,chains.callExpDateMap.*.rho;chains.putExpDateMap.*.rho;chains.underlying.askSize,V3-B universal catch-all (CSV-derived vocabulary),NOT_MARKET_DATA,,,NOT_MARKET_DATA: scoped mechanical classifier tail; production wire reads tracked in governance/SCHWAB_V4_REVIEW_MEMOS cone walk
dde787e9a40e0a168d9c,py,ml_predict.py,512,0,TEXT_LINE_MARKET_TOKEN,        s = float(p[0] + p[1]),float,instruments.*.fundamental.marketCapFloat;instruments.*.fundamental.shortIntToFloat,chains.putExpDateMap.*.theoreticalVolatility;chains.putExpDateMap.*.rho;chains.putExpDateMap,V3-B universal catch-all (CSV-derived vocabulary),NOT_MARKET_DATA,,,NOT_MARKET_DATA: scoped mechanical classifier tail; production wire reads tracked in governance/SCHWAB_V4_REVIEW_MEMOS cone walk
999f387a4949d51645d5,py,ml_predict.py,515,0,TEXT_LINE_MARKET_TOKEN,"            return {names[0]: u, names[1]: u}",return,instruments.*.fundamental.returnOnAssets;instruments.*.fundamental.returnOnEquity;instruments.*.fundamental.returnOnInvestment,quotes.regular.regularMarketLastSize;market_hours.future.MZL.isOpen;market_hours.future.MZS.isOpen,V3-B universal catch-all (CSV-derived vocabulary),NOT_MARKET_DATA,,,NOT_MARKET_DATA: scoped mechanical classifier tail; production wire reads tracked in governance/SCHWAB_V4_REVIEW_MEMOS cone walk
58a9c3a2acd87c65e21e,py,ml_predict.py,516,0,TEXT_LINE_MARKET_TOKEN,"        return {names[0]: float(p[0]) / s, names[1]: float(p[1]) / s}",return float,instruments.*.fundamental.returnOnAssets;instruments.*.fundamental.returnOnEquity;instruments.*.fundamental.returnOnInvestment;instruments.*.fundamental.marketCapFloat;instruments.*.fundamental.shortIntToFloat,chains.putExpDateMap.*.totalVolume;chains.putExpDateMap.*.rho;chains.callExpDateMap.*.totalVolume,V3-B universal catch-all (CSV-derived vocabulary),NOT_MARKET_DATA,,,NOT_MARKET_DATA: scoped mechanical classifier tail; production wire reads tracked in governance/SCHWAB_V4_REVIEW_MEMOS cone walk
b80dc212d7a99071dfc6,py,ml_predict.py,517,0,TEXT_LINE_MARKET_TOKEN,    if len(names) >= 2 and p.size == 1:,size,chains.callExpDateMap.*.askSize;chains.callExpDateMap.*.bidAskSize;chains.callExpDateMap.*.bidSize;chains.callExpDateMap.*.lastSize;chains.putExpDateMap.*.askSize;chains.putExpDateMap.*.bidAskSize;chains.putExpDateMap.*.bidSize;chains.putExpDateMap.*.lastSize;chains.underlying.askSize;chains.underlying.bidSize;quotes.extended.askSize;quotes.extended.bidSize;quotes.extended.lastSize;quotes.quote.askSize;quotes.quote.bidSize;quotes.quote.lastSize;quotes.regular.regularMarketLastSize;streaming.content.*.ASK_SIZE;streaming.content.*.BID_SIZE;streaming.content.*.LAST_SIZE;streaming.content.*.REGULAR_MARKET_LAST_SIZE,chains.callExpDateMap.*.rho;chains.putExpDateMap.*.rho;chains.putExpDateMap.*.vega,V3-B universal catch-all (CSV-derived vocabulary),NOT_MARKET_DATA,,,NOT_MARKET_DATA: scoped mechanical classifier tail; production wire reads tracked in governance/SCHWAB_V4_REVIEW_MEMOS cone walk
a804b027ff8f27289a19,py,ml_predict.py,518,0,TEXT_LINE_MARKET_TOKEN,        p1 = float(p[0]),float,instruments.*.fundamental.marketCapFloat;instruments.*.fundamental.shortIntToFloat,chains.putExpDateMap.*.theoreticalVolatility;chains.putExpDateMap.*.totalVolume;chains.putExpDateMap.*.openInterest,V3-B universal catch-all (CSV-derived vocabulary),NOT_MARKET_DATA,,,NOT_MARKET_DATA: scoped mechanical classifier tail; production wire reads tracked in governance/SCHWAB_V4_REVIEW_MEMOS cone walk
780b8398c587584a0599,py,ml_predict.py,519,0,TEXT_LINE_MARKET_TOKEN,"        return {names[1]: p1, names[0]: max(0.0, 1.0 - p1)}",return,instruments.*.fundamental.returnOnAssets;instruments.*.fundamental.returnOnEquity;instruments.*.fundamental.returnOnInvestment,chains.putExpDateMap.*.gamma;chains.putExpDateMap.*.rho;chains.putExpDateMap.*.vega,V3-B universal catch-all (CSV-derived vocabulary),NOT_MARKET_DATA,,,NOT_MARKET_DATA: scoped mechanical classifier tail; production wire reads tracked in governance/SCHWAB_V4_REVIEW_MEMOS cone walk
3076d664c0bb8f8518db,py,ml_predict.py,521,0,TEXT_LINE_MARKET_TOKEN,    return {n: u for n in names},return,instruments.*.fundamental.returnOnAssets;instruments.*.fundamental.returnOnEquity;instruments.*.fundamental.returnOnInvestment,streaming.;market_hours.future.ZR.isOpen;market_hours.future.ZF.isOpen,V3-B universal catch-all (CSV-derived vocabulary),NOT_MARKET_DATA,,,NOT_MARKET_DATA: scoped mechanical classifier tail; production wire reads tracked in governance/SCHWAB_V4_REVIEW_MEMOS cone walk
5be9a615215bd6aff430,py,ml_predict.py,530,0,TEXT_LINE_MARKET_TOKEN,") -> dict[str, float]:",float,instruments.*.fundamental.marketCapFloat;instruments.*.fundamental.shortIntToFloat,chains.callExpDateMap.*.theoreticalVolatility;chains.putExpDateMap.*.theoreticalVolatility;chains.volatility,V3-B universal catch-all (CSV-derived vocabulary),NOT_MARKET_DATA,,,NOT_MARKET_DATA: scoped mechanical classifier tail; production wire reads tracked in governance/SCHWAB_V4_REVIEW_MEMOS cone walk
004378bc52ded3153fc8,py,ml_predict.py,536,0,TEXT_LINE_MARKET_TOKEN,"    Inference contract — Option 1: when both heads load successfully, direction probabilities are",option,chains.callExpDateMap.*.optionDeliverablesList;chains.callExpDateMap.*.optionDeliverablesList.*;chains.callExpDateMap.*.optionDeliverablesList.*.assetType;chains.callExpDateMap.*.optionDeliverablesList.*.currencyType;chains.callExpDateMap.*.optionDeliverablesList.*.deliverableUnits;chains.callExpDateMap.*.optionDeliverablesList.*.symbol;chains.callExpDateMap.*.optionRoot;chains.callExpDateMap.*.theoreticalOptionValue;chains.putExpDateMap.*.optionDeliverablesList;chains.putExpDateMap.*.optionDeliverablesList.*;chains.putExpDateMap.*.optionDeliverablesList.*.assetType;chains.putExpDateMap.*.optionDeliverablesList.*.currencyType;chains.putExpDateMap.*.optionDeliverablesList.*.deliverableUnits;chains.putExpDateMap.*.optionDeliverablesList.*.symbol;chains.putExpDateMap.*.optionRoot;chains.putExpDateMap.*.theoreticalOptionValue;market_hours.option;market_hours.option.EQO;market_hours.option.EQO.date;market_hours.option.EQO.isOpen;market_hours.option.EQO.marketType;market_hours.option.EQO.product;market_hours.option.EQO.productName;market_hours.option.EQO.sessionHours;market_hours.option.EQO.sessionHours.regularMarket,quotes.quote.askSize;quotes.quote.bidSize;chains.putExpDateMap.*.theoreticalVolatility,V3-B universal catch-all (CSV-derived vocabulary),NOT_MARKET_DATA,,,NOT_MARKET_DATA: scoped mechanical classifier tail; production wire reads tracked in governance/SCHWAB_V4_REVIEW_MEMOS cone walk
c1927fabc90c13754e75,py,ml_predict.py,538,0,TEXT_LINE_MARKET_TOKEN,    restrict to valid_dir rows for outcome_dir calibration; move head uses the full labeled row set.,the,chains.callExpDateMap.*.inTheMoney;chains.putExpDateMap.*.inTheMoney,quotes.quote.askSize;quotes.quote.bidSize;quotes.extended.askSize,V3-B universal catch-all (CSV-derived vocabulary),NOT_MARKET_DATA,,,NOT_MARKET_DATA: scoped mechanical classifier tail; production wire reads tracked in governance/SCHWAB_V4_REVIEW_MEMOS cone walk
1cc4a57719a890cd96ed,py,ml_predict.py,542,0,TEXT_LINE_MARKET_TOKEN,"    out: dict[str, float] = {}",float,instruments.*.fundamental.marketCapFloat;instruments.*.fundamental.shortIntToFloat,chains.putExpDateMap.*.theoreticalVolatility;chains.callExpDateMap.*.theoreticalVolatility;chains.volatility,V3-B universal catch-all (CSV-derived vocabulary),NOT_MARKET_DATA,,,NOT_MARKET_DATA: scoped mechanical classifier tail; production wire reads tracked in governance/SCHWAB_V4_REVIEW_MEMOS cone walk
e8936bca90709f77a735,py,ml_predict.py,554,0,TEXT_LINE_MARKET_TOKEN,"                    with open(mtp, encoding=""utf-8"") as fm:",open,chains.callExpDateMap.*.openInterest;chains.callExpDateMap.*.openPrice;chains.putExpDateMap.*.openInterest;chains.putExpDateMap.*.openPrice;chains.underlying.openPrice;market_hours.bond.BON.isOpen;market_hours.equity.EQ.isOpen;market_hours.forex.forex.isOpen;market_hours.future.ADA.isOpen;market_hours.future.AW.isOpen;market_hours.future.BFF.isOpen;market_hours.future.BTC.isOpen;market_hours.future.BZ.isOpen;market_hours.future.CB.isOpen;market_hours.future.CL.isOpen;market_hours.future.CZK.isOpen;market_hours.future.DC.isOpen;market_hours.future.E7.isOpen;market_hours.future.ECK.isOpen;market_hours.future.EHF.isOpen;market_hours.future.EMD.isOpen;market_hours.future.ES.isOpen;market_hours.future.ETH.isOpen;market_hours.future.GC.isOpen;market_hours.future.GF.isOpen,chains.putExpDateMap.*.volatility;chains.putExpDateMap.*.quoteTimeInLong;chains.putExpDateMap.*.bidSize,V3-B universal catch-all (CSV-derived vocabulary),NOT_MARKET_DATA,,,NOT_MARKET_DATA: scoped mechanical classifier tail; production wire reads tracked in governance/SCHWAB_V4_REVIEW_MEMOS cone walk
4cb48a514e56d5072b33,py,ml_predict.py,563,0,TEXT_LINE_MARKET_TOKEN,"                        with open(mp, ""rb"") as f:",open,chains.callExpDateMap.*.openInterest;chains.callExpDateMap.*.openPrice;chains.putExpDateMap.*.openInterest;chains.putExpDateMap.*.openPrice;chains.underlying.openPrice;market_hours.bond.BON.isOpen;market_hours.equity.EQ.isOpen;market_hours.forex.forex.isOpen;market_hours.future.ADA.isOpen;market_hours.future.AW.isOpen;market_hours.future.BFF.isOpen;market_hours.future.BTC.isOpen;market_hours.future.BZ.isOpen;market_hours.future.CB.isOpen;market_hours.future.CL.isOpen;market_hours.future.CZK.isOpen;market_hours.future.DC.isOpen;market_hours.future.E7.isOpen;market_hours.future.ECK.isOpen;market_hours.future.EHF.isOpen;market_hours.future.EMD.isOpen;market_hours.future.ES.isOpen;market_hours.future.ETH.isOpen;market_hours.future.GC.isOpen;market_hours.future.GF.isOpen,chains.putExpDateMap.*.bidSize;chains.callExpDateMap.*.bidSize;chains.putExpDateMap.*.askSize,V3-B universal catch-all (CSV-derived vocabulary),NOT_MARKET_DATA,,,NOT_MARKET_DATA: scoped mechanical classifier tail; production wire reads tracked in governance/SCHWAB_V4_REVIEW_MEMOS cone walk
ca590cf8417180895101,py,ml_predict.py,564,0,TEXT_LINE_MARKET_TOKEN,                            model = pickle.load(f),model,,chains.callExpDateMap.*.theoreticalVolatility;chains.callExpDateMap.*.totalVolume;chains.callExpDateMap.*.bidSize,V3-B universal catch-all (CSV-derived vocabulary),NOT_MARKET_DATA,,,NOT_MARKET_DATA: scoped mechanical classifier tail; production wire reads tracked in governance/SCHWAB_V4_REVIEW_MEMOS cone walk
24fc8a20fb58ad023da8,py,ml_predict.py,565,0,TEXT_LINE_MARKET_TOKEN,"                        cnames = list(meta.get(""class_names"") or names_default)",list,chains.callExpDateMap.*.optionDeliverablesList;chains.callExpDateMap.*.optionDeliverablesList.*;chains.callExpDateMap.*.optionDeliverablesList.*.assetType;chains.callExpDateMap.*.optionDeliverablesList.*.currencyType;chains.callExpDateMap.*.optionDeliverablesList.*.deliverableUnits;chains.callExpDateMap.*.optionDeliverablesList.*.symbol;chains.putExpDateMap.*.optionDeliverablesList;chains.putExpDateMap.*.optionDeliverablesList.*;chains.putExpDateMap.*.optionDeliverablesList.*.assetType;chains.putExpDateMap.*.optionDeliverablesList.*.currencyType;chains.putExpDateMap.*.optionDeliverablesList.*.deliverableUnits;chains.putExpDateMap.*.optionDeliverablesList.*.symbol,chains.callExpDateMap.*.theta;chains.callExpDateMap.*.gamma;chains.callExpDateMap.*.delta,V3-B universal catch-all (CSV-derived vocabulary),NOT_MARKET_DATA,,,NOT_MARKET_DATA: scoped mechanical classifier tail; production wire reads tracked in governance/SCHWAB_V4_REVIEW_MEMOS cone walk
92db4586dc803a346e06,py,ml_predict.py,567,0,TEXT_LINE_MARKET_TOKEN,"                            model=model,",model,,quotes.extended.totalVolume;chains.callExpDateMap.*.totalVolume;quotes.quote.totalVolume,V3-B universal catch-all (CSV-derived vocabulary),NOT_MARKET_DATA,,,NOT_MARKET_DATA: scoped mechanical classifier tail; production wire reads tracked in governance/SCHWAB_V4_REVIEW_MEMOS cone walk
6378b8f92cba3cbd0bc7,py,ml_predict.py,616,0,TEXT_LINE_MARKET_TOKEN,"            nfi = getattr(reg[""model""], ""n_features_in_"", None)",model,,streaming.content.*.BID_SIZE;streaming.content.*.BIDS.*.TOTAL_VOLUME;streaming.content.*.BIDS,V3-B universal catch-all (CSV-derived vocabulary),NOT_MARKET_DATA,,,NOT_MARKET_DATA: scoped mechanical classifier tail; production wire reads tracked in governance/SCHWAB_V4_REVIEW_MEMOS cone walk
eea0103fcc4179bc28ae,py,ml_predict.py,617,0,TEXT_LINE_MARKET_TOKEN,            if nfi is not None and x_mat.shape[1] != int(nfi):,int,instruments.*.fundamental.shortIntDayToCover;instruments.*.fundamental.shortIntToFloat,chains.putExpDateMap.*.bidAskSize;chains.putExpDateMap.*.mini;chains.putExpDateMap.*.description,V3-B universal catch-all (CSV-derived vocabulary),NOT_MARKET_DATA,,,NOT_MARKET_DATA: scoped mechanical classifier tail; production wire reads tracked in governance/SCHWAB_V4_REVIEW_MEMOS cone walk
5e66edfb26b6fa956065,py,ml_predict.py,619,0,TEXT_LINE_MARKET_TOKEN,"            probs = reg[""model""].predict_proba(x_mat)[0]",model,,chains.putExpDateMap.*.bidSize;chains.callExpDateMap.*.bidSize;chains.putExpDateMap.*.askSize,V3-B universal catch-all (CSV-derived vocabulary),NOT_MARKET_DATA,,,NOT_MARKET_DATA: scoped mechanical classifier tail; production wire reads tracked in governance/SCHWAB_V4_REVIEW_MEMOS cone walk
93265dd0f2ac34d17c18,py,ml_predict.py,627,0,TEXT_LINE_MARKET_TOKEN,"                pu = float(norm.get(""up"", 0.5))",float,instruments.*.fundamental.marketCapFloat;instruments.*.fundamental.shortIntToFloat,chains.putExpDateMap.*.multiplier;chains.putExpDateMap.*.totalVolume;chains.putExpDateMap.*.theoreticalOptionValue,V3-B universal catch-all (CSV-derived vocabulary),NOT_MARKET_DATA,,,NOT_MARKET_DATA: scoped mechanical classifier tail; production wire reads tracked in governance/SCHWAB_V4_REVIEW_MEMOS cone walk
5d7a2b6e6643f51393ca,py,ml_predict.py,628,0,TEXT_LINE_MARKET_TOKEN,"                pd_ = float(norm.get(""down"", 0.5))",float,instruments.*.fundamental.marketCapFloat;instruments.*.fundamental.shortIntToFloat,chains.underlying.totalVolume;chains.putExpDateMap.*.totalVolume;chains.putExpDateMap.*.optionDeliverablesList.*.symbol,V3-B universal catch-all (CSV-derived vocabulary),NOT_MARKET_DATA,,,NOT_MARKET_DATA: scoped mechanical classifier tail; production wire reads tracked in governance/SCHWAB_V4_REVIEW_MEMOS cone walk
089c95137f0546fc6d27,py,ml_predict.py,634,0,TEXT_LINE_MARKET_TOKEN,"                pm = float(norm.get(""move"", 0.5))",float,instruments.*.fundamental.marketCapFloat;instruments.*.fundamental.shortIntToFloat,chains.putExpDateMap.*.totalVolume;chains.callExpDateMap.*.totalVolume;chains.underlying.totalVolume,V3-B universal catch-all (CSV-derived vocabulary),NOT_MARKET_DATA,,,NOT_MARKET_DATA: scoped mechanical classifier tail; production wire reads tracked in governance/SCHWAB_V4_REVIEW_MEMOS cone walk
96facd724c4a1293e478,py,ml_predict.py,635,0,TEXT_LINE_MARKET_TOKEN,"                pn = float(norm.get(""no_move"", 0.5))",float,instruments.*.fundamental.marketCapFloat;instruments.*.fundamental.shortIntToFloat,streaming.content.*.VOLUME;chains.underlying.totalVolume;chains.putExpDateMap.*.totalVolume,V3-B universal catch-all (CSV-derived vocabulary),NOT_MARKET_DATA,,,NOT_MARKET_DATA: scoped mechanical classifier tail; production wire reads tracked in governance/SCHWAB_V4_REVIEW_MEMOS cone walk
f344f23638648ca5a7ba,py,ml_predict.py,642,0,TEXT_LINE_MARKET_TOKEN,"    for k, v in list(out.items()):",list,chains.callExpDateMap.*.optionDeliverablesList;chains.callExpDateMap.*.optionDeliverablesList.*;chains.callExpDateMap.*.optionDeliverablesList.*.assetType;chains.callExpDateMap.*.optionDeliverablesList.*.currencyType;chains.callExpDateMap.*.optionDeliverablesList.*.deliverableUnits;chains.callExpDateMap.*.optionDeliverablesList.*.symbol;chains.putExpDateMap.*.optionDeliverablesList;chains.putExpDateMap.*.optionDeliverablesList.*;chains.putExpDateMap.*.optionDeliverablesList.*.assetType;chains.putExpDateMap.*.optionDeliverablesList.*.currencyType;chains.putExpDateMap.*.optionDeliverablesList.*.deliverableUnits;chains.putExpDateMap.*.optionDeliverablesList.*.symbol,chains.volatility;chains.putExpDateMap.*.theoreticalVolatility;chains.callExpDateMap.*.theoreticalVolatility,V3-B universal catch-all (CSV-derived vocabulary),NOT_MARKET_DATA,,,NOT_MARKET_DATA: scoped mechanical classifier tail; production wire reads tracked in governance/SCHWAB_V4_REVIEW_MEMOS cone walk
e45fa0c411fb7d417c2c,py,ml_predict.py,646,0,TEXT_LINE_MARKET_TOKEN,"            out[k] = float(min(1.0, max(0.0, v)))",float,instruments.*.fundamental.marketCapFloat;instruments.*.fundamental.shortIntToFloat,chains.putExpDateMap.*.theoreticalVolatility;chains.callExpDateMap.*.theoreticalVolatility;chains.callExpDateMap.*.multiplier,V3-B universal catch-all (CSV-derived vocabulary),NOT_MARKET_DATA,,,NOT_MARKET_DATA: scoped mechanical classifier tail; production wire reads tracked in governance/SCHWAB_V4_REVIEW_MEMOS cone walk
7e3535575ef59cfd826a,py,ml_predict.py,647,0,TEXT_LINE_MARKET_TOKEN,    return out,return,instruments.*.fundamental.returnOnAssets;instruments.*.fundamental.returnOnEquity;instruments.*.fundamental.returnOnInvestment,market_hours.future.RTY.isOpen;market_hours.future.ZT.isOpen;market_hours.future.BTC.isOpen,V3-B universal catch-all (CSV-derived vocabulary),NOT_MARKET_DATA,,,NOT_MARKET_DATA: scoped mechanical classifier tail; production wire reads tracked in governance/SCHWAB_V4_REVIEW_MEMOS cone walk
1fa85857831026b87e73,py,ml_predict.py,651,0,TEXT_LINE_MARKET_TOKEN,# LSTM - per-ticker model,per model,instruments.*.fundamental.bookValuePerShare,chains.callExpDateMap.*.delta;chains.callExpDateMap.*.gamma;movers.screeners.*.totalVolume,V3-B universal catch-all (CSV-derived vocabulary),NOT_MARKET_DATA,,,NOT_MARKET_DATA: scoped mechanical classifier tail; production wire reads tracked in governance/SCHWAB_V4_REVIEW_MEMOS cone walk
c6887defc94f0accdb1a,py,ml_predict.py,658,0,TEXT_LINE_MARKET_TOKEN,        return _lstm_registry[rk] is not None,return,instruments.*.fundamental.returnOnAssets;instruments.*.fundamental.returnOnEquity;instruments.*.fundamental.returnOnInvestment,streaming.content.*.ASK_SIZE;streaming.content.*.ASKS;streaming.content.*.BID_SIZE,V3-B universal catch-all (CSV-derived vocabulary),NOT_MARKET_DATA,,,NOT_MARKET_DATA: scoped mechanical classifier tail; production wire reads tracked in governance/SCHWAB_V4_REVIEW_MEMOS cone walk
2c9c46c0a94279f9f8e0,py,ml_predict.py,663,0,TEXT_LINE_MARKET_TOKEN,"        logger.debug(""LSTM model not found for %s at %s"", ticker, mp)",model,,quotes.extended.totalVolume;quotes.quote.bidSize;quotes.quote.totalVolume,V3-B universal catch-all (CSV-derived vocabulary),NOT_MARKET_DATA,,,NOT_MARKET_DATA: scoped mechanical classifier tail; production wire reads tracked in governance/SCHWAB_V4_REVIEW_MEMOS cone walk
b67497778f1536cab652,py,ml_predict.py,665,0,TEXT_LINE_MARKET_TOKEN,        return False,return,instruments.*.fundamental.returnOnAssets;instruments.*.fundamental.returnOnEquity;instruments.*.fundamental.returnOnInvestment,quotes.regular.regularMarketLastSize;quotes.regular.regularMarketLastPrice;quotes.regular.regularMarketTradeTime,V3-B universal catch-all (CSV-derived vocabulary),NOT_MARKET_DATA,,,NOT_MARKET_DATA: scoped mechanical classifier tail; production wire reads tracked in governance/SCHWAB_V4_REVIEW_MEMOS cone walk
5f4330013711b8fed86c,py,ml_predict.py,670,0,TEXT_LINE_MARKET_TOKEN,"        model, checkpoint = load_lstm(",model,,chains.callExpDateMap.*.totalVolume;chains.callExpDateMap.*.theoreticalVolatility;chains.putExpDateMap.*.theoreticalVolatility,V3-B universal catch-all (CSV-derived vocabulary),NOT_MARKET_DATA,,,NOT_MARKET_DATA: scoped mechanical classifier tail; production wire reads tracked in governance/SCHWAB_V4_REVIEW_MEMOS cone walk
d4ca4cf2c4c2ef882afc,py,ml_predict.py,673,0,TEXT_LINE_MARKET_TOKEN,        if model is None:,model,,quotes.quote.bidSize;quotes.extended.bidSize;quotes.fundamental.divFreq,V3-B universal catch-all (CSV-derived vocabulary),NOT_MARKET_DATA,,,NOT_MARKET_DATA: scoped mechanical classifier tail; production wire reads tracked in governance/SCHWAB_V4_REVIEW_MEMOS cone walk
50f8856ccf03f02e2c01,py,ml_predict.py,676,0,TEXT_LINE_MARKET_TOKEN,            return False,return,instruments.*.fundamental.returnOnAssets;instruments.*.fundamental.returnOnEquity;instruments.*.fundamental.returnOnInvestment,quotes.regular.regularMarketLastSize;quotes.regular.regularMarketLastPrice;quotes.regular.regularMarketTradeTime,V3-B universal catch-all (CSV-derived vocabulary),NOT_MARKET_DATA,,,NOT_MARKET_DATA: scoped mechanical classifier tail; production wire reads tracked in governance/SCHWAB_V4_REVIEW_MEMOS cone walk
290ba66b1057bb86aed0,py,ml_predict.py,678,0,TEXT_LINE_MARKET_TOKEN,        model.eval(),model,,chains.callExpDateMap.*.high52Week;chains.callExpDateMap.*.low52Week;chains.callExpDateMap.*.theoreticalVolatility,V3-B universal catch-all (CSV-derived vocabulary),NOT_MARKET_DATA,,,NOT_MARKET_DATA: scoped mechanical classifier tail; production wire reads tracked in governance/SCHWAB_V4_REVIEW_MEMOS cone walk
e16ff448fed3df4970b7,py,ml_predict.py,679,0,TEXT_LINE_MARKET_TOKEN,"        _lstm_registry[rk] = (model, checkpoint)",model,,chains.putExpDateMap.*.theoreticalVolatility;chains.callExpDateMap.*.theoreticalVolatility;chains.volatility,V3-B universal catch-all (CSV-derived vocabulary),NOT_MARKET_DATA,,,NOT_MARKET_DATA: scoped mechanical classifier tail; production wire reads tracked in governance/SCHWAB_V4_REVIEW_MEMOS cone walk
87016269094c695f1065,py,ml_predict.py,680,0,TEXT_LINE_MARKET_TOKEN,"        logger.info(""LSTM model loaded for %s hz=%s"", ticker, hz)",model,,pricehistory.candles.*.volume;quotes.quote.bidSize;quotes.quote.askSize,V3-B universal catch-all (CSV-derived vocabulary),NOT_MARKET_DATA,,,NOT_MARKET_DATA: scoped mechanical classifier tail; production wire reads tracked in governance/SCHWAB_V4_REVIEW_MEMOS cone walk
eea58ac36b2615e493d9,py,ml_predict.py,681,0,TEXT_LINE_MARKET_TOKEN,        return True,return,instruments.*.fundamental.returnOnAssets;instruments.*.fundamental.returnOnEquity;instruments.*.fundamental.returnOnInvestment,quotes.regular.regularMarketTradeTime;market_hours.future.RTY.isOpen;quotes.regular.regularMarketLastSize,V3-B universal catch-all (CSV-derived vocabulary),NOT_MARKET_DATA,,,NOT_MARKET_DATA: scoped mechanical classifier tail; production wire reads tracked in governance/SCHWAB_V4_REVIEW_MEMOS cone walk
28c8edf5681dd0a29105,py,ml_predict.py,686,0,TEXT_LINE_MARKET_TOKEN,        return False,return,instruments.*.fundamental.returnOnAssets;instruments.*.fundamental.returnOnEquity;instruments.*.fundamental.returnOnInvestment,quotes.regular.regularMarketLastSize;quotes.regular.regularMarketLastPrice;quotes.regular.regularMarketTradeTime,V3-B universal catch-all (CSV-derived vocabulary),NOT_MARKET_DATA,,,NOT_MARKET_DATA: scoped mechanical classifier tail; production wire reads tracked in governance/SCHWAB_V4_REVIEW_MEMOS cone walk
b15234f3f331c41c7fbc,py,ml_predict.py,690,0,TEXT_LINE_MARKET_TOKEN,        return False,return,instruments.*.fundamental.returnOnAssets;instruments.*.fundamental.returnOnEquity;instruments.*.fundamental.returnOnInvestment,quotes.regular.regularMarketLastSize;quotes.regular.regularMarketLastPrice;quotes.regular.regularMarketTradeTime,V3-B universal catch-all (CSV-derived vocabulary),NOT_MARKET_DATA,,,NOT_MARKET_DATA: scoped mechanical classifier tail; production wire reads tracked in governance/SCHWAB_V4_REVIEW_MEMOS cone walk
8ee7373babc6e1a7c3cd,py,ml_predict.py,705,0,TEXT_LINE_MARKET_TOKEN,        return None,return,instruments.*.fundamental.returnOnAssets;instruments.*.fundamental.returnOnEquity;instruments.*.fundamental.returnOnInvestment,quotes.reference.htbRate;quotes.reference.isHardToBorrow;market_hours.future.RME.category,V3-B universal catch-all (CSV-derived vocabulary),NOT_MARKET_DATA,,,NOT_MARKET_DATA: scoped mechanical classifier tail; production wire reads tracked in governance/SCHWAB_V4_REVIEW_MEMOS cone walk
2115a412c15d3efea467,py,ml_predict.py,707,0,TEXT_LINE_MARKET_TOKEN,"    model, checkpoint = _lstm_registry[_model_registry_key(ticker)]",model,,quotes.quote.askSize;streaming.content.*.BID_SIZE;streaming.content.*.ASK_SIZE,V3-B universal catch-all (CSV-derived vocabulary),NOT_MARKET_DATA,,,NOT_MARKET_DATA: scoped mechanical classifier tail; production wire reads tracked in governance/SCHWAB_V4_REVIEW_MEMOS cone walk
b8d8a268bfb47133e00e,py,ml_predict.py,725,0,TEXT_LINE_MARKET_TOKEN,            merged_window = list(shared_sequence_context.lstm_merged_window),list,chains.callExpDateMap.*.optionDeliverablesList;chains.callExpDateMap.*.optionDeliverablesList.*;chains.callExpDateMap.*.optionDeliverablesList.*.assetType;chains.callExpDateMap.*.optionDeliverablesList.*.currencyType;chains.callExpDateMap.*.optionDeliverablesList.*.deliverableUnits;chains.callExpDateMap.*.optionDeliverablesList.*.symbol;chains.putExpDateMap.*.optionDeliverablesList;chains.putExpDateMap.*.optionDeliverablesList.*;chains.putExpDateMap.*.optionDeliverablesList.*.assetType;chains.putExpDateMap.*.optionDeliverablesList.*.currencyType;chains.putExpDateMap.*.optionDeliverablesList.*.deliverableUnits;chains.putExpDateMap.*.optionDeliverablesList.*.symbol,quotes.extended.askSize;quotes.extended.bidSize;streaming.content.*.BID_SIZE,V3-B universal catch-all (CSV-derived vocabulary),NOT_MARKET_DATA,,,NOT_MARKET_DATA: scoped mechanical classifier tail; production wire reads tracked in governance/SCHWAB_V4_REVIEW_MEMOS cone walk
4cb59f7f2ba56efad675,py,ml_predict.py,726,0,TEXT_LINE_MARKET_TOKEN,            merged_days = list(shared_sequence_context.lstm_merged_days),list,chains.callExpDateMap.*.optionDeliverablesList;chains.callExpDateMap.*.optionDeliverablesList.*;chains.callExpDateMap.*.optionDeliverablesList.*.assetType;chains.callExpDateMap.*.optionDeliverablesList.*.currencyType;chains.callExpDateMap.*.optionDeliverablesList.*.deliverableUnits;chains.callExpDateMap.*.optionDeliverablesList.*.symbol;chains.putExpDateMap.*.optionDeliverablesList;chains.putExpDateMap.*.optionDeliverablesList.*;chains.putExpDateMap.*.optionDeliverablesList.*.assetType;chains.putExpDateMap.*.optionDeliverablesList.*.currencyType;chains.putExpDateMap.*.optionDeliverablesList.*.deliverableUnits;chains.putExpDateMap.*.optionDeliverablesList.*.symbol,quotes.extended.askSize;quotes.extended.bidSize;quotes.quote.askSize,V3-B universal catch-all (CSV-derived vocabulary),NOT_MARKET_DATA,,,NOT_MARKET_DATA: scoped mechanical classifier tail; production wire reads tracked in governance/SCHWAB_V4_REVIEW_MEMOS cone walk
1d631372b3b964c046c1,py,ml_predict.py,740,0,TEXT_LINE_MARKET_TOKEN,            recent = list(reversed(recent)),list,chains.callExpDateMap.*.optionDeliverablesList;chains.callExpDateMap.*.optionDeliverablesList.*;chains.callExpDateMap.*.optionDeliverablesList.*.assetType;chains.callExpDateMap.*.optionDeliverablesList.*.currencyType;chains.callExpDateMap.*.optionDeliverablesList.*.deliverableUnits;chains.callExpDateMap.*.optionDeliverablesList.*.symbol;chains.putExpDateMap.*.optionDeliverablesList;chains.putExpDateMap.*.optionDeliverablesList.*;chains.putExpDateMap.*.optionDeliverablesList.*.assetType;chains.putExpDateMap.*.optionDeliverablesList.*.currencyType;chains.putExpDateMap.*.optionDeliverablesList.*.deliverableUnits;chains.putExpDateMap.*.optionDeliverablesList.*.symbol,quotes.extended.askSize;quotes.extended.bidSize;chains.putExpDateMap.*.high52Week,V3-B universal catch-all (CSV-derived vocabulary),NOT_MARKET_DATA,,,NOT_MARKET_DATA: scoped mechanical classifier tail; production wire reads tracked in governance/SCHWAB_V4_REVIEW_MEMOS cone walk
0f42714fba1fe9e39ab3,py,ml_predict.py,746,0,TEXT_LINE_MARKET_TOKEN,            day_snaps = list(reversed(day_snaps)) if day_snaps else list(window),list,chains.callExpDateMap.*.optionDeliverablesList;chains.callExpDateMap.*.optionDeliverablesList.*;chains.callExpDateMap.*.optionDeliverablesList.*.assetType;chains.callExpDateMap.*.optionDeliverablesList.*.currencyType;chains.callExpDateMap.*.optionDeliverablesList.*.deliverableUnits;chains.callExpDateMap.*.optionDeliverablesList.*.symbol;chains.putExpDateMap.*.optionDeliverablesList;chains.putExpDateMap.*.optionDeliverablesList.*;chains.putExpDateMap.*.optionDeliverablesList.*.assetType;chains.putExpDateMap.*.optionDeliverablesList.*.currencyType;chains.putExpDateMap.*.optionDeliverablesList.*.deliverableUnits;chains.putExpDateMap.*.optionDeliverablesList.*.symbol,chains.callExpDateMap.*.askSize;chains.putExpDateMap.*.askSize;chains.callExpDateMap.*.bidSize,V3-B universal catch-all (CSV-derived vocabulary),NOT_MARKET_DATA,,,NOT_MARKET_DATA: scoped mechanical classifier tail; production wire reads tracked in governance/SCHWAB_V4_REVIEW_MEMOS cone walk
c64e00be9eca1bd08baf,py,ml_predict.py,799,0,TEXT_LINE_MARKET_TOKEN,                return None,return,instruments.*.fundamental.returnOnAssets;instruments.*.fundamental.returnOnEquity;instruments.*.fundamental.returnOnInvestment,quotes.reference.htbRate;quotes.reference.isHardToBorrow;market_hours.future.RME.category,V3-B universal catch-all (CSV-derived vocabulary),NOT_MARKET_DATA,,,NOT_MARKET_DATA: scoped mechanical classifier tail; production wire reads tracked in governance/SCHWAB_V4_REVIEW_MEMOS cone walk
55b9566fb5bf9205c42c,py,ml_predict.py,812,0,TEXT_LINE_MARKET_TOKEN,            return None,return,instruments.*.fundamental.returnOnAssets;instruments.*.fundamental.returnOnEquity;instruments.*.fundamental.returnOnInvestment,quotes.reference.htbRate;quotes.reference.isHardToBorrow;market_hours.future.RME.category,V3-B universal catch-all (CSV-derived vocabulary),NOT_MARKET_DATA,,,NOT_MARKET_DATA: scoped mechanical classifier tail; production wire reads tracked in governance/SCHWAB_V4_REVIEW_MEMOS cone walk
4ea6724adea94814c938,py,ml_predict.py,826,0,TEXT_LINE_MARKET_TOKEN,                return None,return,instruments.*.fundamental.returnOnAssets;instruments.*.fundamental.returnOnEquity;instruments.*.fundamental.returnOnInvestment,quotes.reference.htbRate;quotes.reference.isHardToBorrow;market_hours.future.RME.category,V3-B universal catch-all (CSV-derived vocabulary),NOT_MARKET_DATA,,,NOT_MARKET_DATA: scoped mechanical classifier tail; production wire reads tracked in governance/SCHWAB_V4_REVIEW_MEMOS cone walk
190ab42e333dd77271ce,py,ml_predict.py,834,0,TEXT_LINE_MARKET_TOKEN,"            logits = model(torch.from_numpy(X_1m).float(),",model float,instruments.*.fundamental.marketCapFloat;instruments.*.fundamental.shortIntToFloat,chains.underlying.totalVolume;chains.callExpDateMap.*.totalVolume;chains.putExpDateMap.*.totalVolume,V3-B universal catch-all (CSV-derived vocabulary),NOT_MARKET_DATA,,,NOT_MARKET_DATA: scoped mechanical classifier tail; production wire reads tracked in governance/SCHWAB_V4_REVIEW_MEMOS cone walk
ab17828b4bddc488543e,py,ml_predict.py,835,0,TEXT_LINE_MARKET_TOKEN,"                           torch.from_numpy(X_5m).float(),",float,instruments.*.fundamental.marketCapFloat;instruments.*.fundamental.shortIntToFloat,chains.underlying.totalVolume;chains.putExpDateMap.*.totalVolume;chains.callExpDateMap.*.totalVolume,V3-B universal catch-all (CSV-derived vocabulary),NOT_MARKET_DATA,,,NOT_MARKET_DATA: scoped mechanical classifier tail; production wire reads tracked in governance/SCHWAB_V4_REVIEW_MEMOS cone walk
2fb02a18c509b2413fdf,py,ml_predict.py,836,0,TEXT_LINE_MARKET_TOKEN,                           torch.from_numpy(X_conf).float()),float,instruments.*.fundamental.marketCapFloat;instruments.*.fundamental.shortIntToFloat,chains.callExpDateMap.*.openInterest;chains.callExpDateMap.*.optionRoot;chains.putExpDateMap.*.openInterest,V3-B universal catch-all (CSV-derived vocabulary),NOT_MARKET_DATA,,,NOT_MARKET_DATA: scoped mechanical classifier tail; production wire reads tracked in governance/SCHWAB_V4_REVIEW_MEMOS cone walk
2040a0ce1506aee07d46,py,ml_predict.py,839,0,TEXT_LINE_MARKET_TOKEN,"        return {CLASS_NAMES[i]: round(float(probs[i]), 4) for i in range(3)}",return float,instruments.*.fundamental.returnOnAssets;instruments.*.fundamental.returnOnEquity;instruments.*.fundamental.returnOnInvestment;instruments.*.fundamental.marketCapFloat;instruments.*.fundamental.shortIntToFloat,chains.underlying.askSize;chains.underlying.bidSize;quotes.quote.askSize,V3-B universal catch-all (CSV-derived vocabulary),NOT_MARKET_DATA,,,NOT_MARKET_DATA: scoped mechanical classifier tail; production wire reads tracked in governance/SCHWAB_V4_REVIEW_MEMOS cone walk
7f20e1516ac1187797ab,py,ml_predict.py,846,0,TEXT_LINE_MARKET_TOKEN,"        logger.warning(""LSTM prediction failed for %s: %s"", ticker, e)",prediction,,chains.callExpDateMap.*.bidSize;quotes.quote.bidSize;chains.underlying.bidSize,V3-B universal catch-all (CSV-derived vocabulary),NOT_MARKET_DATA,,,NOT_MARKET_DATA: scoped mechanical classifier tail; production wire reads tracked in governance/SCHWAB_V4_REVIEW_MEMOS cone walk
b70cc39d97171f18c027,py,ml_predict.py,847,0,TEXT_LINE_MARKET_TOKEN,        return None,return,instruments.*.fundamental.returnOnAssets;instruments.*.fundamental.returnOnEquity;instruments.*.fundamental.returnOnInvestment,quotes.reference.htbRate;quotes.reference.isHardToBorrow;market_hours.future.RME.category,V3-B universal catch-all (CSV-derived vocabulary),NOT_MARKET_DATA,,,NOT_MARKET_DATA: scoped mechanical classifier tail; production wire reads tracked in governance/SCHWAB_V4_REVIEW_MEMOS cone walk
eab51336cf4b33fb81f9,py,ml_predict.py,851,0,TEXT_LINE_MARKET_TOKEN,# TRANSFORMER - per-ticker model,per model,instruments.*.fundamental.bookValuePerShare,movers.screeners.*.totalVolume;movers.screeners.*.volume;pricehistory.candles.*.volume,V3-B universal catch-all (CSV-derived vocabulary),NOT_MARKET_DATA,,,NOT_MARKET_DATA: scoped mechanical classifier tail; production wire reads tracked in governance/SCHWAB_V4_REVIEW_MEMOS cone walk
c7ee23720915b724498f,py,ml_predict.py,858,0,TEXT_LINE_MARKET_TOKEN,        return _trans_registry[rk] is not None,return,instruments.*.fundamental.returnOnAssets;instruments.*.fundamental.returnOnEquity;instruments.*.fundamental.returnOnInvestment,streaming.content.*.ASK_SIZE;streaming.content.*.ASKS;streaming.content.*.ASKS.*.ASK_PRICE,V3-B universal catch-all (CSV-derived vocabulary),NOT_MARKET_DATA,,,NOT_MARKET_DATA: scoped mechanical classifier tail; production wire reads tracked in governance/SCHWAB_V4_REVIEW_MEMOS cone walk
f6e0301333d61ac08e31,py,ml_predict.py,864,0,TEXT_LINE_MARKET_TOKEN,"        logger.debug(""Transformer model not found for %s at %s"", ticker, mp)",model,,movers.screeners.*.totalVolume;quotes.extended.totalVolume;pricehistory.candles.*.volume,V3-B universal catch-all (CSV-derived vocabulary),NOT_MARKET_DATA,,,NOT_MARKET_DATA: scoped mechanical classifier tail; production wire reads tracked in governance/SCHWAB_V4_REVIEW_MEMOS cone walk
5a0c1dd45de557c71513,py,ml_predict.py,866,0,TEXT_LINE_MARKET_TOKEN,        return False,return,instruments.*.fundamental.returnOnAssets;instruments.*.fundamental.returnOnEquity;instruments.*.fundamental.returnOnInvestment,quotes.regular.regularMarketLastSize;quotes.regular.regularMarketLastPrice;quotes.regular.regularMarketTradeTime,V3-B universal catch-all (CSV-derived vocabulary),NOT_MARKET_DATA,,,NOT_MARKET_DATA: scoped mechanical classifier tail; production wire reads tracked in governance/SCHWAB_V4_REVIEW_MEMOS cone walk
20f42e38531ca3870c9a,py,ml_predict.py,868,0,TEXT_LINE_MARKET_TOKEN,"        logger.error(""Transformer %s: missing meta %s; refusing load."", ticker, mtp.name)",name,chains.callExpDateMap.*.exchangeName;chains.putExpDateMap.*.exchangeName;chains.underlying.exchangeName;market_hours.bond.BON.productName;market_hours.equity.EQ.productName;market_hours.future.ADA.productName;market_hours.future.AW.productName;market_hours.future.BFF.productName;market_hours.future.BTC.productName;market_hours.future.BZ.productName;market_hours.future.CB.productName;market_hours.future.CL.productName;market_hours.future.CZK.productName;market_hours.future.DC.productName;market_hours.future.E7.productName;market_hours.future.ECK.productName;market_hours.future.EHF.productName;market_hours.future.EMD.productName;market_hours.future.ES.productName;market_hours.future.ETH.productName;market_hours.future.GC.productName;market_hours.future.GF.productName;market_hours.future.HE.productName;market_hours.future.HG.productName;market_hours.future.HO.productName,chains.callExpDateMap.*.rho;chains.putExpDateMap.*.rho;quotes.regular.regularMarketLastSize,V3-B universal catch-all (CSV-derived vocabulary),NOT_MARKET_DATA,,,NOT_MARKET_DATA: scoped mechanical classifier tail; production wire reads tracked in governance/SCHWAB_V4_REVIEW_MEMOS cone walk
c147e686d5d8a90fb705,py,ml_predict.py,870,0,TEXT_LINE_MARKET_TOKEN,        return False,return,instruments.*.fundamental.returnOnAssets;instruments.*.fundamental.returnOnEquity;instruments.*.fundamental.returnOnInvestment,quotes.regular.regularMarketLastSize;quotes.regular.regularMarketLastPrice;quotes.regular.regularMarketTradeTime,V3-B universal catch-all (CSV-derived vocabulary),NOT_MARKET_DATA,,,NOT_MARKET_DATA: scoped mechanical classifier tail; production wire reads tracked in governance/SCHWAB_V4_REVIEW_MEMOS cone walk
374983b0f17338661c97,py,ml_predict.py,873,0,TEXT_LINE_MARKET_TOKEN,"        with open(mtp, ""r"", encoding=""utf-8"") as f:",open,chains.callExpDateMap.*.openInterest;chains.callExpDateMap.*.openPrice;chains.putExpDateMap.*.openInterest;chains.putExpDateMap.*.openPrice;chains.underlying.openPrice;market_hours.bond.BON.isOpen;market_hours.equity.EQ.isOpen;market_hours.forex.forex.isOpen;market_hours.future.ADA.isOpen;market_hours.future.AW.isOpen;market_hours.future.BFF.isOpen;market_hours.future.BTC.isOpen;market_hours.future.BZ.isOpen;market_hours.future.CB.isOpen;market_hours.future.CL.isOpen;market_hours.future.CZK.isOpen;market_hours.future.DC.isOpen;market_hours.future.E7.isOpen;market_hours.future.ECK.isOpen;market_hours.future.EHF.isOpen;market_hours.future.EMD.isOpen;market_hours.future.ES.isOpen;market_hours.future.ETH.isOpen;market_hours.future.GC.isOpen;market_hours.future.GF.isOpen,chains.putExpDateMap.*.bidSize;chains.callExpDateMap.*.bidSize;chains.putExpDateMap.*.theoreticalVolatility,V3-B universal catch-all (CSV-derived vocabulary),NOT_MARKET_DATA,,,NOT_MARKET_DATA: scoped mechanical classifier tail; production wire reads tracked in governance/SCHWAB_V4_REVIEW_MEMOS cone walk
70eae4f98565d3111fd4,py,ml_predict.py,880,0,TEXT_LINE_MARKET_TOKEN,"                ""Transformer %s: incompatible model contract (%s). Retrain; refusing load."",",model,,streaming.content.*.BIDS;streaming.content.*.ASKS;streaming.content.*.BID_SIZE,V3-B universal catch-all (CSV-derived vocabulary),NOT_MARKET_DATA,,,NOT_MARKET_DATA: scoped mechanical classifier tail; production wire reads tracked in governance/SCHWAB_V4_REVIEW_MEMOS cone walk
3ede6d13255a504095b6,py,ml_predict.py,885,0,TEXT_LINE_MARKET_TOKEN,            return False,return,instruments.*.fundamental.returnOnAssets;instruments.*.fundamental.returnOnEquity;instruments.*.fundamental.returnOnInvestment,quotes.regular.regularMarketLastSize;quotes.regular.regularMarketLastPrice;quotes.regular.regularMarketTradeTime,V3-B universal catch-all (CSV-derived vocabulary),NOT_MARKET_DATA,,,NOT_MARKET_DATA: scoped mechanical classifier tail; production wire reads tracked in governance/SCHWAB_V4_REVIEW_MEMOS cone walk
1646225cdc4c9e50a79f,py,ml_predict.py,890,0,TEXT_LINE_MARKET_TOKEN,        model = build_transformer(,model,,pricehistory.candles.*.volume;movers.screeners.*.totalVolume;chains.underlying.totalVolume,V3-B universal catch-all (CSV-derived vocabulary),NOT_MARKET_DATA,,,NOT_MARKET_DATA: scoped mechanical classifier tail; production wire reads tracked in governance/SCHWAB_V4_REVIEW_MEMOS cone walk
64630b10d4bb70199e37,py,ml_predict.py,894,0,TEXT_LINE_MARKET_TOKEN,"        model.load_state_dict(checkpoint[""model_state""])",model,,chains.putExpDateMap.*.theoreticalVolatility;chains.callExpDateMap.*.theoreticalVolatility;chains.callExpDateMap.*.volatility,V3-B universal catch-all (CSV-derived vocabulary),NOT_MARKET_DATA,,,NOT_MARKET_DATA: scoped mechanical classifier tail; production wire reads tracked in governance/SCHWAB_V4_REVIEW_MEMOS cone walk
0ed7d6f823dc40643d26,py,ml_predict.py,895,0,TEXT_LINE_MARKET_TOKEN,        model.eval(),model,,chains.callExpDateMap.*.high52Week;chains.callExpDateMap.*.low52Week;chains.callExpDateMap.*.theoreticalVolatility,V3-B universal catch-all (CSV-derived vocabulary),NOT_MARKET_DATA,,,NOT_MARKET_DATA: scoped mechanical classifier tail; production wire reads tracked in governance/SCHWAB_V4_REVIEW_MEMOS cone walk
b63f81a3839193c7cffc,py,ml_predict.py,896,0,TEXT_LINE_MARKET_TOKEN,"        _trans_registry[rk] = (model, checkpoint)",model,,streaming.content.*.ASK_SIZE;quotes.quote.askSize;streaming.content.*.ASKS,V3-B universal catch-all (CSV-derived vocabulary),NOT_MARKET_DATA,,,NOT_MARKET_DATA: scoped mechanical classifier tail; production wire reads tracked in governance/SCHWAB_V4_REVIEW_MEMOS cone walk
74b77648a3fae3d8e245,py,ml_predict.py,897,0,TEXT_LINE_MARKET_TOKEN,"        logger.info(""Transformer model loaded for %s hz=%s"", ticker, hz)",model,,pricehistory.candles.*.volume;movers.screeners.*.totalVolume;quotes.quote.askSize,V3-B universal catch-all (CSV-derived vocabulary),NOT_MARKET_DATA,,,NOT_MARKET_DATA: scoped mechanical classifier tail; production wire reads tracked in governance/SCHWAB_V4_REVIEW_MEMOS cone walk
2e598c76fc7dd3f000fd,py,ml_predict.py,898,0,TEXT_LINE_MARKET_TOKEN,        return True,return,instruments.*.fundamental.returnOnAssets;instruments.*.fundamental.returnOnEquity;instruments.*.fundamental.returnOnInvestment,quotes.regular.regularMarketTradeTime;market_hours.future.RTY.isOpen;quotes.regular.regularMarketLastSize,V3-B universal catch-all (CSV-derived vocabulary),NOT_MARKET_DATA,,,NOT_MARKET_DATA: scoped mechanical classifier tail; production wire reads tracked in governance/SCHWAB_V4_REVIEW_MEMOS cone walk
0bb6a80fc07d0ac0c122,py,ml_predict.py,903,0,TEXT_LINE_MARKET_TOKEN,        return False,return,instruments.*.fundamental.returnOnAssets;instruments.*.fundamental.returnOnEquity;instruments.*.fundamental.returnOnInvestment,quotes.regular.regularMarketLastSize;quotes.regular.regularMarketLastPrice;quotes.regular.regularMarketTradeTime,V3-B universal catch-all (CSV-derived vocabulary),NOT_MARKET_DATA,,,NOT_MARKET_DATA: scoped mechanical classifier tail; production wire reads tracked in governance/SCHWAB_V4_REVIEW_MEMOS cone walk
f45223fd3178cb3a3a27,py,ml_predict.py,907,0,TEXT_LINE_MARKET_TOKEN,        return False,return,instruments.*.fundamental.returnOnAssets;instruments.*.fundamental.returnOnEquity;instruments.*.fundamental.returnOnInvestment,quotes.regular.regularMarketLastSize;quotes.regular.regularMarketLastPrice;quotes.regular.regularMarketTradeTime,V3-B universal catch-all (CSV-derived vocabulary),NOT_MARKET_DATA,,,NOT_MARKET_DATA: scoped mechanical classifier tail; production wire reads tracked in governance/SCHWAB_V4_REVIEW_MEMOS cone walk
a71894e0321a237e8ea9,py,ml_predict.py,923,0,TEXT_LINE_MARKET_TOKEN,        return None,return,instruments.*.fundamental.returnOnAssets;instruments.*.fundamental.returnOnEquity;instruments.*.fundamental.returnOnInvestment,quotes.reference.htbRate;quotes.reference.isHardToBorrow;market_hours.future.RME.category,V3-B universal catch-all (CSV-derived vocabulary),NOT_MARKET_DATA,,,NOT_MARKET_DATA: scoped mechanical classifier tail; production wire reads tracked in governance/SCHWAB_V4_REVIEW_MEMOS cone walk
e85631fd80a20e472c35,py,ml_predict.py,925,0,TEXT_LINE_MARKET_TOKEN,"    model, checkpoint = _trans_registry[_model_registry_key(ticker)]",model,,streaming.content.*.ASK_SIZE;streaming.content.*.BID_SIZE;quotes.quote.askSize,V3-B universal catch-all (CSV-derived vocabulary),NOT_MARKET_DATA,,,NOT_MARKET_DATA: scoped mechanical classifier tail; production wire reads tracked in governance/SCHWAB_V4_REVIEW_MEMOS cone walk
5032da8af1655f8c87b0,py,ml_predict.py,958,0,TEXT_LINE_MARKET_TOKEN,            recent = list(reversed(recent)),list,chains.callExpDateMap.*.optionDeliverablesList;chains.callExpDateMap.*.optionDeliverablesList.*;chains.callExpDateMap.*.optionDeliverablesList.*.assetType;chains.callExpDateMap.*.optionDeliverablesList.*.currencyType;chains.callExpDateMap.*.optionDeliverablesList.*.deliverableUnits;chains.callExpDateMap.*.optionDeliverablesList.*.symbol;chains.putExpDateMap.*.optionDeliverablesList;chains.putExpDateMap.*.optionDeliverablesList.*;chains.putExpDateMap.*.optionDeliverablesList.*.assetType;chains.putExpDateMap.*.optionDeliverablesList.*.currencyType;chains.putExpDateMap.*.optionDeliverablesList.*.deliverableUnits;chains.putExpDateMap.*.optionDeliverablesList.*.symbol,quotes.extended.askSize;quotes.extended.bidSize;chains.putExpDateMap.*.high52Week,V3-B universal catch-all (CSV-derived vocabulary),NOT_MARKET_DATA,,,NOT_MARKET_DATA: scoped mechanical classifier tail; production wire reads tracked in governance/SCHWAB_V4_REVIEW_MEMOS cone walk
7a2f10f1d1771b90225d,py,ml_predict.py,971,0,TEXT_LINE_MARKET_TOKEN,"        seq = [encode_snapshot_5m(s, ref_spot) for s in merged_window]",seq,streaming.content.*.seq,quotes.quote.askSize;quotes.quote.bidSize;quotes.extended.askSize,V3-B universal catch-all (CSV-derived vocabulary),NOT_MARKET_DATA,,,NOT_MARKET_DATA: scoped mechanical classifier tail; production wire reads tracked in governance/SCHWAB_V4_REVIEW_MEMOS cone walk
8ba9df6ba950e9a5e050,py,ml_predict.py,972,0,TEXT_LINE_MARKET_TOKEN,"        base = np.array([seq], dtype=np.float32)",seq,streaming.content.*.seq,chains.callExpDateMap.*.theta;chains.putExpDateMap.*.delta;chains.putExpDateMap.*.rho,V3-B universal catch-all (CSV-derived vocabulary),NOT_MARKET_DATA,,,NOT_MARKET_DATA: scoped mechanical classifier tail; production wire reads tracked in governance/SCHWAB_V4_REVIEW_MEMOS cone walk
dbc3d6218289260e9d3b,py,ml_predict.py,986,0,TEXT_LINE_MARKET_TOKEN,"                        f""Transformer {ticker}: checkpoint feature_mask expects cascade sequence extras """,sequence,streaming.content.*.ASKS.*.ASKS.*.SEQUENCE;streaming.content.*.BIDS.*.BIDS.*.SEQUENCE;streaming.content.*.SEQUENCE,chains.putExpDateMap.*.theta;chains.callExpDateMap.*.theta;chains.putExpDateMap.*.askSize,V3-B universal catch-all (CSV-derived vocabulary),NOT_MARKET_DATA,,,NOT_MARKET_DATA: scoped mechanical classifier tail; production wire reads tracked in governance/SCHWAB_V4_REVIEW_MEMOS cone walk
afe229eb0ace39673ecd,py,ml_predict.py,1023,0,TEXT_LINE_MARKET_TOKEN,                return None,return,instruments.*.fundamental.returnOnAssets;instruments.*.fundamental.returnOnEquity;instruments.*.fundamental.returnOnInvestment,quotes.reference.htbRate;quotes.reference.isHardToBorrow;market_hours.future.RME.category,V3-B universal catch-all (CSV-derived vocabulary),NOT_MARKET_DATA,,,NOT_MARKET_DATA: scoped mechanical classifier tail; production wire reads tracked in governance/SCHWAB_V4_REVIEW_MEMOS cone walk
4caa0ec8279e78b70193,py,ml_predict.py,1032,0,TEXT_LINE_MARKET_TOKEN,            return None,return,instruments.*.fundamental.returnOnAssets;instruments.*.fundamental.returnOnEquity;instruments.*.fundamental.returnOnInvestment,quotes.reference.htbRate;quotes.reference.isHardToBorrow;market_hours.future.RME.category,V3-B universal catch-all (CSV-derived vocabulary),NOT_MARKET_DATA,,,NOT_MARKET_DATA: scoped mechanical classifier tail; production wire reads tracked in governance/SCHWAB_V4_REVIEW_MEMOS cone walk
5c7bac151e8b50c094b9,py,ml_predict.py,1037,0,TEXT_LINE_MARKET_TOKEN,            logits = model(torch.from_numpy(X).float()),model float,instruments.*.fundamental.marketCapFloat;instruments.*.fundamental.shortIntToFloat,chains.putExpDateMap.*.theoreticalVolatility;chains.underlying.totalVolume;chains.callExpDateMap.*.theoreticalVolatility,V3-B universal catch-all (CSV-derived vocabulary),NOT_MARKET_DATA,,,NOT_MARKET_DATA: scoped mechanical classifier tail; production wire reads tracked in governance/SCHWAB_V4_REVIEW_MEMOS cone walk
b1ff1dc52c021f596b38,py,ml_predict.py,1046,0,TEXT_LINE_MARKET_TOKEN,            return None,return,instruments.*.fundamental.returnOnAssets;instruments.*.fundamental.returnOnEquity;instruments.*.fundamental.returnOnInvestment,quotes.reference.htbRate;quotes.reference.isHardToBorrow;market_hours.future.RME.category,V3-B universal catch-all (CSV-derived vocabulary),NOT_MARKET_DATA,,,NOT_MARKET_DATA: scoped mechanical classifier tail; production wire reads tracked in governance/SCHWAB_V4_REVIEW_MEMOS cone walk
0a39d7f077e5b6789e00,py,ml_predict.py,1048,0,TEXT_LINE_MARKET_TOKEN,"        return {CLASS_NAMES[i]: round(float(probs[i]), 4) for i in range(3)}",return float,instruments.*.fundamental.returnOnAssets;instruments.*.fundamental.returnOnEquity;instruments.*.fundamental.returnOnInvestment;instruments.*.fundamental.marketCapFloat;instruments.*.fundamental.shortIntToFloat,chains.underlying.askSize;chains.underlying.bidSize;quotes.quote.askSize,V3-B universal catch-all (CSV-derived vocabulary),NOT_MARKET_DATA,,,NOT_MARKET_DATA: scoped mechanical classifier tail; production wire reads tracked in governance/SCHWAB_V4_REVIEW_MEMOS cone walk
162ca28d16ef357ad245,py,ml_predict.py,1055,0,TEXT_LINE_MARKET_TOKEN,"        logger.warning(""Transformer prediction failed for %s: %s"", ticker, e)",prediction,,streaming.content.*.BID_SIZE;streaming.content.*.BIDS;chains.underlying.askSize,V3-B universal catch-all (CSV-derived vocabulary),NOT_MARKET_DATA,,,NOT_MARKET_DATA: scoped mechanical classifier tail; production wire reads tracked in governance/SCHWAB_V4_REVIEW_MEMOS cone walk
3a38b7359d8ab55a0aae,py,ml_predict.py,1056,0,TEXT_LINE_MARKET_TOKEN,        return None,return,instruments.*.fundamental.returnOnAssets;instruments.*.fundamental.returnOnEquity;instruments.*.fundamental.returnOnInvestment,quotes.reference.htbRate;quotes.reference.isHardToBorrow;market_hours.future.RME.category,V3-B universal catch-all (CSV-derived vocabulary),NOT_MARKET_DATA,,,NOT_MARKET_DATA: scoped mechanical classifier tail; production wire reads tracked in governance/SCHWAB_V4_REVIEW_MEMOS cone walk
4c9bc72cc4be24af8fbb,py,ml_predict.py,1067,0,TEXT_LINE_MARKET_TOKEN,        return _meta_registry[rk] is not None,return,instruments.*.fundamental.returnOnAssets;instruments.*.fundamental.returnOnEquity;instruments.*.fundamental.returnOnInvestment,streaming.content.*.ASK_SIZE;streaming.content.*.BID_SIZE;streaming.content.*.ASKS.*.ASK_PRICE,V3-B universal catch-all (CSV-derived vocabulary),NOT_MARKET_DATA,,,NOT_MARKET_DATA: scoped mechanical classifier tail; production wire reads tracked in governance/SCHWAB_V4_REVIEW_MEMOS cone walk
8922a2e1d92613f1ca03,py,ml_predict.py,1073,0,TEXT_LINE_MARKET_TOKEN,        return False,return,instruments.*.fundamental.returnOnAssets;instruments.*.fundamental.returnOnEquity;instruments.*.fundamental.returnOnInvestment,quotes.regular.regularMarketLastSize;quotes.regular.regularMarketLastPrice;quotes.regular.regularMarketTradeTime,V3-B universal catch-all (CSV-derived vocabulary),NOT_MARKET_DATA,,,NOT_MARKET_DATA: scoped mechanical classifier tail; production wire reads tracked in governance/SCHWAB_V4_REVIEW_MEMOS cone walk
94a1bf0600cdbd36eec8,py,ml_predict.py,1076,0,TEXT_LINE_MARKET_TOKEN,"        with open(mp, ""rb"") as f:",open,chains.callExpDateMap.*.openInterest;chains.callExpDateMap.*.openPrice;chains.putExpDateMap.*.openInterest;chains.putExpDateMap.*.openPrice;chains.underlying.openPrice;market_hours.bond.BON.isOpen;market_hours.equity.EQ.isOpen;market_hours.forex.forex.isOpen;market_hours.future.ADA.isOpen;market_hours.future.AW.isOpen;market_hours.future.BFF.isOpen;market_hours.future.BTC.isOpen;market_hours.future.BZ.isOpen;market_hours.future.CB.isOpen;market_hours.future.CL.isOpen;market_hours.future.CZK.isOpen;market_hours.future.DC.isOpen;market_hours.future.E7.isOpen;market_hours.future.ECK.isOpen;market_hours.future.EHF.isOpen;market_hours.future.EMD.isOpen;market_hours.future.ES.isOpen;market_hours.future.ETH.isOpen;market_hours.future.GC.isOpen;market_hours.future.GF.isOpen,chains.putExpDateMap.*.bidSize;chains.callExpDateMap.*.bidSize;chains.putExpDateMap.*.askSize,V3-B universal catch-all (CSV-derived vocabulary),NOT_MARKET_DATA,,,NOT_MARKET_DATA: scoped mechanical classifier tail; production wire reads tracked in governance/SCHWAB_V4_REVIEW_MEMOS cone walk
201ae3db66ff7ec0ce2e,py,ml_predict.py,1079,0,TEXT_LINE_MARKET_TOKEN,        return True,return,instruments.*.fundamental.returnOnAssets;instruments.*.fundamental.returnOnEquity;instruments.*.fundamental.returnOnInvestment,quotes.regular.regularMarketTradeTime;market_hours.future.RTY.isOpen;quotes.regular.regularMarketLastSize,V3-B universal catch-all (CSV-derived vocabulary),NOT_MARKET_DATA,,,NOT_MARKET_DATA: scoped mechanical classifier tail; production wire reads tracked in governance/SCHWAB_V4_REVIEW_MEMOS cone walk
f0b78e3e2bf97ce37502,py,ml_predict.py,1083,0,TEXT_LINE_MARKET_TOKEN,        return False,return,instruments.*.fundamental.returnOnAssets;instruments.*.fundamental.returnOnEquity;instruments.*.fundamental.returnOnInvestment,quotes.regular.regularMarketLastSize;quotes.regular.regularMarketLastPrice;quotes.regular.regularMarketTradeTime,V3-B universal catch-all (CSV-derived vocabulary),NOT_MARKET_DATA,,,NOT_MARKET_DATA: scoped mechanical classifier tail; production wire reads tracked in governance/SCHWAB_V4_REVIEW_MEMOS cone walk
00bb3ad6e943b6573e18,py,ml_predict.py,1090,0,TEXT_LINE_MARKET_TOKEN,"        return [p.get(c, uniform[i]) for i,c in enumerate(CLASS_NAMES)] if p else uniform",return,instruments.*.fundamental.returnOnAssets;instruments.*.fundamental.returnOnEquity;instruments.*.fundamental.returnOnInvestment,chains.putExpDateMap.*.rho;chains.callExpDateMap.*.rho;streaming.service,V3-B universal catch-all (CSV-derived vocabulary),NOT_MARKET_DATA,,,NOT_MARKET_DATA: scoped mechanical classifier tail; production wire reads tracked in governance/SCHWAB_V4_REVIEW_MEMOS cone walk
b3dd91e993d159c15f25,py,ml_predict.py,1091,0,TEXT_LINE_MARKET_TOKEN,"    return np.array(_to_vec(xgb_p) + _to_vec(lstm_p) + _to_vec(trans_p),",return,instruments.*.fundamental.returnOnAssets;instruments.*.fundamental.returnOnEquity;instruments.*.fundamental.returnOnInvestment,chains.putExpDateMap.*.openInterest;chains.callExpDateMap.*.openInterest;chains.putExpDateMap.*.askSize,V3-B universal catch-all (CSV-derived vocabulary),NOT_MARKET_DATA,,,NOT_MARKET_DATA: scoped mechanical classifier tail; production wire reads tracked in governance/SCHWAB_V4_REVIEW_MEMOS cone walk
53798b23bfbaf97eb89f,py,ml_predict.py,1097,0,TEXT_LINE_MARKET_TOKEN,        return None,return,instruments.*.fundamental.returnOnAssets;instruments.*.fundamental.returnOnEquity;instruments.*.fundamental.returnOnInvestment,quotes.reference.htbRate;quotes.reference.isHardToBorrow;market_hours.future.RME.category,V3-B universal catch-all (CSV-derived vocabulary),NOT_MARKET_DATA,,,NOT_MARKET_DATA: scoped mechanical classifier tail; production wire reads tracked in governance/SCHWAB_V4_REVIEW_MEMOS cone walk
43a5350dae8872e0c7e4,py,ml_predict.py,1101,0,TEXT_LINE_MARKET_TOKEN,"        return {CLASS_NAMES[i]: round(float(probs[i]), 4) for i in range(3)}",return float,instruments.*.fundamental.returnOnAssets;instruments.*.fundamental.returnOnEquity;instruments.*.fundamental.returnOnInvestment;instruments.*.fundamental.marketCapFloat;instruments.*.fundamental.shortIntToFloat,chains.underlying.askSize;chains.underlying.bidSize;quotes.quote.askSize,V3-B universal catch-all (CSV-derived vocabulary),NOT_MARKET_DATA,,,NOT_MARKET_DATA: scoped mechanical classifier tail; production wire reads tracked in governance/SCHWAB_V4_REVIEW_MEMOS cone walk
b0d5072a0a8d22824a62,py,ml_predict.py,1103,0,TEXT_LINE_MARKET_TOKEN,"        logger.warning(""Meta-learner prediction failed for %s: %s"", ticker, e)",prediction,,chains.callExpDateMap.*.rho;chains.callExpDateMap.*.delta;chains.callExpDateMap.*.vega,V3-B universal catch-all (CSV-derived vocabulary),NOT_MARKET_DATA,,,NOT_MARKET_DATA: scoped mechanical classifier tail; production wire reads tracked in governance/SCHWAB_V4_REVIEW_MEMOS cone walk
bfa1d6c4b656b7706bfe,py,ml_predict.py,1104,0,TEXT_LINE_MARKET_TOKEN,        return None,return,instruments.*.fundamental.returnOnAssets;instruments.*.fundamental.returnOnEquity;instruments.*.fundamental.returnOnInvestment,quotes.reference.htbRate;quotes.reference.isHardToBorrow;market_hours.future.RME.category,V3-B universal catch-all (CSV-derived vocabulary),NOT_MARKET_DATA,,,NOT_MARKET_DATA: scoped mechanical classifier tail; production wire reads tracked in governance/SCHWAB_V4_REVIEW_MEMOS cone walk
43152120e52f45474725,py,ml_predict.py,1118,0,TEXT_LINE_MARKET_TOKEN,        return None,return,instruments.*.fundamental.returnOnAssets;instruments.*.fundamental.returnOnEquity;instruments.*.fundamental.returnOnInvestment,quotes.reference.htbRate;quotes.reference.isHardToBorrow;market_hours.future.RME.category,V3-B universal catch-all (CSV-derived vocabulary),NOT_MARKET_DATA,,,NOT_MARKET_DATA: scoped mechanical classifier tail; production wire reads tracked in governance/SCHWAB_V4_REVIEW_MEMOS cone walk
f601f62cbf6f4ff4fb84,py,ml_predict.py,1125,0,TEXT_LINE_MARKET_TOKEN,"    return {c: round(result[c], 4) for c in CLASS_NAMES}",return,instruments.*.fundamental.returnOnAssets;instruments.*.fundamental.returnOnEquity;instruments.*.fundamental.returnOnInvestment,pricehistory.candles;pricehistory.candles.*.close;quotes.quote.askSize,V3-B universal catch-all (CSV-derived vocabulary),NOT_MARKET_DATA,,,NOT_MARKET_DATA: scoped mechanical classifier tail; production wire reads tracked in governance/SCHWAB_V4_REVIEW_MEMOS cone walk
f33158f761d882f5d334,py,ml_predict.py,1136,0,TEXT_LINE_MARKET_TOKEN,    Applies only to SPY/5c blended probabilities and preserves simplex normalization.,only,,chains.callExpDateMap.*.bidSize;chains.putExpDateMap.*.bidSize;chains.putExpDateMap.*.theoreticalVolatility,V3-B universal catch-all (CSV-derived vocabulary),NOT_MARKET_DATA,,,NOT_MARKET_DATA: scoped mechanical classifier tail; production wire reads tracked in governance/SCHWAB_V4_REVIEW_MEMOS cone walk
5a841caf94be1f897cfc,py,ml_predict.py,1139,0,TEXT_LINE_MARKET_TOKEN,        return probs,return,instruments.*.fundamental.returnOnAssets;instruments.*.fundamental.returnOnEquity;instruments.*.fundamental.returnOnInvestment,market_hours.future.RB.isOpen;market_hours.future.XRP.isOpen;market_hours.future.MRB.isOpen,V3-B universal catch-all (CSV-derived vocabulary),NOT_MARKET_DATA,,,NOT_MARKET_DATA: scoped mechanical classifier tail; production wire reads tracked in governance/SCHWAB_V4_REVIEW_MEMOS cone walk
7dd07118c03e558aba93,py,ml_predict.py,1141,0,TEXT_LINE_MARKET_TOKEN,        return probs,return,instruments.*.fundamental.returnOnAssets;instruments.*.fundamental.returnOnEquity;instruments.*.fundamental.returnOnInvestment,market_hours.future.RB.isOpen;market_hours.future.XRP.isOpen;market_hours.future.MRB.isOpen,V3-B universal catch-all (CSV-derived vocabulary),NOT_MARKET_DATA,,,NOT_MARKET_DATA: scoped mechanical classifier tail; production wire reads tracked in governance/SCHWAB_V4_REVIEW_MEMOS cone walk
eb6516291682cf47fbb0,py,ml_predict.py,1143,0,TEXT_LINE_MARKET_TOKEN,        return probs,return,instruments.*.fundamental.returnOnAssets;instruments.*.fundamental.returnOnEquity;instruments.*.fundamental.returnOnInvestment,market_hours.future.RB.isOpen;market_hours.future.XRP.isOpen;market_hours.future.MRB.isOpen,V3-B universal catch-all (CSV-derived vocabulary),NOT_MARKET_DATA,,,NOT_MARKET_DATA: scoped mechanical classifier tail; production wire reads tracked in governance/SCHWAB_V4_REVIEW_MEMOS cone walk
f56a6d304b3626071a8a,py,ml_predict.py,1163,0,TEXT_LINE_MARKET_TOKEN,"        p = float(probs.get(c, 1.0 / 3.0))",float,instruments.*.fundamental.marketCapFloat;instruments.*.fundamental.shortIntToFloat,chains.putExpDateMap.*.openInterest;chains.callExpDateMap.*.openInterest;chains.putExpDateMap.*.optionDeliverablesList,V3-B universal catch-all (CSV-derived vocabulary),NOT_MARKET_DATA,,,NOT_MARKET_DATA: scoped mechanical classifier tail; production wire reads tracked in governance/SCHWAB_V4_REVIEW_MEMOS cone walk
84e5b11e6f3eedb1b9a7,py,ml_predict.py,1167,0,TEXT_LINE_MARKET_TOKEN,"        calibrated[c] = float(np.interp(p, x, y, left=y[0], right=y[-1]))",float,instruments.*.fundamental.marketCapFloat;instruments.*.fundamental.shortIntToFloat,chains.callExpDateMap.*.theoreticalVolatility;chains.putExpDateMap.*.theoreticalVolatility;chains.callExpDateMap.*.volatility,V3-B universal catch-all (CSV-derived vocabulary),NOT_MARKET_DATA,,,NOT_MARKET_DATA: scoped mechanical classifier tail; production wire reads tracked in governance/SCHWAB_V4_REVIEW_MEMOS cone walk
72d963e76031a3a76154,py,ml_predict.py,1169,0,TEXT_LINE_MARKET_TOKEN,    s = float(sum(calibrated.values())),float,instruments.*.fundamental.marketCapFloat;instruments.*.fundamental.shortIntToFloat,chains.callExpDateMap.*.theoreticalVolatility;chains.putExpDateMap.*.theoreticalVolatility;chains.callExpDateMap.*.volatility,V3-B universal catch-all (CSV-derived vocabulary),NOT_MARKET_DATA,,,NOT_MARKET_DATA: scoped mechanical classifier tail; production wire reads tracked in governance/SCHWAB_V4_REVIEW_MEMOS cone walk
b4d566ef90ea668bed09,py,ml_predict.py,1171,0,TEXT_LINE_MARKET_TOKEN,"        return {""up"": 1.0 / 3.0, ""down"": 1.0 / 3.0, ""flat"": 1.0 / 3.0}",return,instruments.*.fundamental.returnOnAssets;instruments.*.fundamental.returnOnEquity;instruments.*.fundamental.returnOnInvestment,quotes.quote.lowPrice;quotes.quote.lastPrice;quotes.quote.openPrice,V3-B universal catch-all (CSV-derived vocabulary),NOT_MARKET_DATA,,,NOT_MARKET_DATA: scoped mechanical classifier tail; production wire reads tracked in governance/SCHWAB_V4_REVIEW_MEMOS cone walk
19678969148bae9dfe41,py,ml_predict.py,1172,0,TEXT_LINE_MARKET_TOKEN,    norm = {c: float(calibrated[c] / s) for c in CLASS_NAMES},float,instruments.*.fundamental.marketCapFloat;instruments.*.fundamental.shortIntToFloat,chains.callExpDateMap.*.askSize;chains.callExpDateMap.*.bidSize;chains.callExpDateMap.*.rho,V3-B universal catch-all (CSV-derived vocabulary),NOT_MARKET_DATA,,,NOT_MARKET_DATA: scoped mechanical classifier tail; production wire reads tracked in governance/SCHWAB_V4_REVIEW_MEMOS cone walk
4ce20c78030c42efcde6,py,ml_predict.py,1173,0,TEXT_LINE_MARKET_TOKEN,    # Keep exact simplex sum after float math.,float,instruments.*.fundamental.marketCapFloat;instruments.*.fundamental.shortIntToFloat,chains.callExpDateMap.*.theta;chains.putExpDateMap.*.theta;chains.putExpDateMap.*.delta,V3-B universal catch-all (CSV-derived vocabulary),NOT_MARKET_DATA,,,NOT_MARKET_DATA: scoped mechanical classifier tail; production wire reads tracked in governance/SCHWAB_V4_REVIEW_MEMOS cone walk
a90721d8b61848846a60,py,ml_predict.py,1175,0,TEXT_LINE_MARKET_TOKEN,    return norm,return,instruments.*.fundamental.returnOnAssets;instruments.*.fundamental.returnOnEquity;instruments.*.fundamental.returnOnInvestment,market_hours.future.RME.isOpen;market_hours.future.MRB.isOpen;market_hours.future.RTY.isOpen,V3-B universal catch-all (CSV-derived vocabulary),NOT_MARKET_DATA,,,NOT_MARKET_DATA: scoped mechanical classifier tail; production wire reads tracked in governance/SCHWAB_V4_REVIEW_MEMOS cone walk
05f6c2207ea5c354bce7,py,ml_predict.py,1179,0,TEXT_LINE_MARKET_TOKEN,# FUSION API — model outputs with probabilities for bayesian_fusion,model,,quotes.quote.bidSize;quotes.quote.askSize;chains.putExpDateMap.*.theoreticalVolatility,V3-B universal catch-all (CSV-derived vocabulary),NOT_MARKET_DATA,,,NOT_MARKET_DATA: scoped mechanical classifier tail; production wire reads tracked in governance/SCHWAB_V4_REVIEW_MEMOS cone walk
a7835b44054dd7cf766d,py,ml_predict.py,1196,0,TEXT_LINE_MARKET_TOKEN,            return str(raw).strip().upper(),return,instruments.*.fundamental.returnOnAssets;instruments.*.fundamental.returnOnEquity;instruments.*.fundamental.returnOnInvestment,market_hours.future.XRP.isOpen;market_hours.future.RTY.isOpen;market_hours.future.SR3.isOpen,V3-B universal catch-all (CSV-derived vocabulary),NOT_MARKET_DATA,,,NOT_MARKET_DATA: scoped mechanical classifier tail; production wire reads tracked in governance/SCHWAB_V4_REVIEW_MEMOS cone walk
35616ed6509c57963178,py,ml_predict.py,1214,0,TEXT_LINE_MARKET_TOKEN,"    Production **parallel** runtime: XGB, LSTM, and Transformer run **independently** (no cross-model",model,,pricehistory.candles.*.volume;chains.callExpDateMap.*.totalVolume;chains.putExpDateMap.*.totalVolume,V3-B universal catch-all (CSV-derived vocabulary),NOT_MARKET_DATA,,,NOT_MARKET_DATA: scoped mechanical classifier tail; production wire reads tracked in governance/SCHWAB_V4_REVIEW_MEMOS cone walk
be18b739496bdeb88b36,py,ml_predict.py,1215,0,TEXT_LINE_MARKET_TOKEN,    tensors). Sequence models use `parallel_runtime=True` and refuse cascade-only checkpoints.,sequence only,streaming.content.*.ASKS.*.ASKS.*.SEQUENCE;streaming.content.*.BIDS.*.BIDS.*.SEQUENCE;streaming.content.*.SEQUENCE,chains.putExpDateMap.*.delta;chains.callExpDateMap.*.theta;chains.callExpDateMap.*.delta,V3-B universal catch-all (CSV-derived vocabulary),NOT_MARKET_DATA,,,NOT_MARKET_DATA: scoped mechanical classifier tail; production wire reads tracked in governance/SCHWAB_V4_REVIEW_MEMOS cone walk
b521f6a024d42c55000d,py,ml_predict.py,1219,0,TEXT_LINE_MARKET_TOKEN,"    XGBoost requires InferenceSnapshotV1. Pass `snapshot` as fusion overlay only (pred_*, et_hour, …);",only,,quotes.quote.askSize;chains.putExpDateMap.*.rho;pricehistory.candles.*.volume,V3-B universal catch-all (CSV-derived vocabulary),NOT_MARKET_DATA,,,NOT_MARKET_DATA: scoped mechanical classifier tail; production wire reads tracked in governance/SCHWAB_V4_REVIEW_MEMOS cone walk
59fa1197421772943113,py,ml_predict.py,1220,0,TEXT_LINE_MARKET_TOKEN,    MVP comes only from `inference_snapshot_v1`.,only,,pricehistory.candles.*.volume;movers.screeners.*.volume;movers.screeners.*.totalVolume,V3-B universal catch-all (CSV-derived vocabulary),NOT_MARKET_DATA,,,NOT_MARKET_DATA: scoped mechanical classifier tail; production wire reads tracked in governance/SCHWAB_V4_REVIEW_MEMOS cone walk
faedb40f75c0a91a0b95,py,ml_predict.py,1223,0,TEXT_LINE_MARKET_TOKEN,    avoids repeating MVP→overlay→m5 ingest for each governed horizon on the same tick.,the,chains.callExpDateMap.*.inTheMoney;chains.putExpDateMap.*.inTheMoney,chains.putExpDateMap.*.rho;pricehistory.candles.*.volume;chains.putExpDateMap.*.vega,V3-B universal catch-all (CSV-derived vocabulary),NOT_MARKET_DATA,,,NOT_MARKET_DATA: scoped mechanical classifier tail; production wire reads tracked in governance/SCHWAB_V4_REVIEW_MEMOS cone walk
f13722b6369a51d88ac7,py,ml_predict.py,1226,0,TEXT_LINE_MARKET_TOKEN,    supplies one DB fetch + one LSTM merge for the tick; LSTM/Transformer skip redundant history reads.,the,chains.callExpDateMap.*.inTheMoney;chains.putExpDateMap.*.inTheMoney,chains.putExpDateMap.*.rho;quotes.quote.askSize;chains.putExpDateMap.*.theta,V3-B universal catch-all (CSV-derived vocabulary),NOT_MARKET_DATA,,,NOT_MARKET_DATA: scoped mechanical classifier tail; production wire reads tracked in governance/SCHWAB_V4_REVIEW_MEMOS cone walk
1ec574fcb5e57dc30dcb,py,ml_predict.py,1282,0,TEXT_LINE_MARKET_TOKEN,        return r,return,instruments.*.fundamental.returnOnAssets;instruments.*.fundamental.returnOnEquity;instruments.*.fundamental.returnOnInvestment,market_hours.future.RTY.isOpen;quotes.regular.regularMarketTradeTime;market_hours.future.RB.isOpen,V3-B universal catch-all (CSV-derived vocabulary),NOT_MARKET_DATA,,,NOT_MARKET_DATA: scoped mechanical classifier tail; production wire reads tracked in governance/SCHWAB_V4_REVIEW_MEMOS cone walk
abc20ad96ab280089898,py,ml_predict.py,1318,0,TEXT_LINE_MARKET_TOKEN,    return {,return,instruments.*.fundamental.returnOnAssets;instruments.*.fundamental.returnOnEquity;instruments.*.fundamental.returnOnInvestment,quotes.regular.regularMarketTradeTime;market_hours.future.RTY.isOpen;market_hours.future.RME.isOpen,V3-B universal catch-all (CSV-derived vocabulary),NOT_MARKET_DATA,,,NOT_MARKET_DATA: scoped mechanical classifier tail; production wire reads tracked in governance/SCHWAB_V4_REVIEW_MEMOS cone walk
bc3a2e99b49c9bc04c43,py,ml_predict.py,1342,0,TEXT_LINE_MARKET_TOKEN,    Challenger-only **cascade** inference: XGB → LSTM (with XGB prob tensor) → Transformer,only,,chains.callExpDateMap.*.rho;chains.putExpDateMap.*.rho;chains.callExpDateMap.*.theta,V3-B universal catch-all (CSV-derived vocabulary),NOT_MARKET_DATA,,,NOT_MARKET_DATA: scoped mechanical classifier tail; production wire reads tracked in governance/SCHWAB_V4_REVIEW_MEMOS cone walk
a8ff4a665922146bae52,py,ml_predict.py,1343,0,TEXT_LINE_MARKET_TOKEN,    (with XGB + LSTM prob tensors). Loads artifacts from ``models/cascade/{ticker}/`` only.,only,,quotes.quote.askSize;streaming.content.*.ASKS;quotes.quote.bidSize,V3-B universal catch-all (CSV-derived vocabulary),NOT_MARKET_DATA,,,NOT_MARKET_DATA: scoped mechanical classifier tail; production wire reads tracked in governance/SCHWAB_V4_REVIEW_MEMOS cone walk
24563fdf70f9c1e38b99,py,ml_predict.py,1345,0,TEXT_LINE_MARKET_TOKEN,    Does **not** change production routing; use ``run_base_models_once`` for live parallel stack.,change,chains.callExpDateMap.*.markChange;chains.callExpDateMap.*.markPercentChange;chains.callExpDateMap.*.netChange;chains.callExpDateMap.*.percentChange;chains.putExpDateMap.*.markChange;chains.putExpDateMap.*.markPercentChange;chains.putExpDateMap.*.netChange;chains.putExpDateMap.*.percentChange;chains.underlying.change;chains.underlying.markChange;chains.underlying.markPercentChange;chains.underlying.percentChange;instruments.*.fundamental.epsChange;instruments.*.fundamental.epsChangePercentTTM;instruments.*.fundamental.epsChangeYear;instruments.*.fundamental.revChangeIn;instruments.*.fundamental.revChangeTTM;instruments.*.fundamental.revChangeYear;movers.screeners.*.netChange;movers.screeners.*.netPercentChange;quotes.quote.markChange;quotes.quote.markPercentChange;quotes.quote.netChange;quotes.quote.netPercentChange;quotes.quote.postMarketChange,pricehistory.candles.*.volume;quotes.quote.askSize;chains.callExpDateMap.*.totalVolume,V3-B universal catch-all (CSV-derived vocabulary),NOT_MARKET_DATA,,,NOT_MARKET_DATA: scoped mechanical classifier tail; production wire reads tracked in governance/SCHWAB_V4_REVIEW_MEMOS cone walk
8b6e00a3e9e4aaed58f0,py,ml_predict.py,1351,0,TEXT_LINE_MARKET_TOKEN,"        raise CascadeChallengerError(""cascade challenger: empty ticker"")",empty,pricehistory.empty,chains.callExpDateMap.*.theta;chains.callExpDateMap.*.vega;chains.callExpDateMap.*.delta,V3-B universal catch-all (CSV-derived vocabulary),NOT_MARKET_DATA,,,NOT_MARKET_DATA: scoped mechanical classifier tail; production wire reads tracked in governance/SCHWAB_V4_REVIEW_MEMOS cone walk
6fdcce7624eaa5fd6a91,py,ml_predict.py,1375,0,TEXT_LINE_MARKET_TOKEN,        return r,return,instruments.*.fundamental.returnOnAssets;instruments.*.fundamental.returnOnEquity;instruments.*.fundamental.returnOnInvestment,market_hours.future.RTY.isOpen;quotes.regular.regularMarketTradeTime;market_hours.future.RB.isOpen,V3-B universal catch-all (CSV-derived vocabulary),NOT_MARKET_DATA,,,NOT_MARKET_DATA: scoped mechanical classifier tail; production wire reads tracked in governance/SCHWAB_V4_REVIEW_MEMOS cone walk
a16d484b301b78823943,py,ml_predict.py,1438,0,TEXT_LINE_MARKET_TOKEN,"            ""cascade_inputs_from_xgb_probs"": [float(x) for x in xgb_arr.reshape(-1)],",float,instruments.*.fundamental.marketCapFloat;instruments.*.fundamental.shortIntToFloat,chains.callExpDateMap.*.bidSize;chains.putExpDateMap.*.bidSize;chains.putExpDateMap.*.askSize,V3-B universal catch-all (CSV-derived vocabulary),NOT_MARKET_DATA,,,NOT_MARKET_DATA: scoped mechanical classifier tail; production wire reads tracked in governance/SCHWAB_V4_REVIEW_MEMOS cone walk
e9bb008a9cab22c1f9cf,py,ml_predict.py,1442,0,TEXT_LINE_MARKET_TOKEN,"            ""cascade_inputs_from_xgb_probs"": [float(x) for x in xgb_arr.reshape(-1)],",float,instruments.*.fundamental.marketCapFloat;instruments.*.fundamental.shortIntToFloat,chains.callExpDateMap.*.bidSize;chains.putExpDateMap.*.bidSize;chains.putExpDateMap.*.askSize,V3-B universal catch-all (CSV-derived vocabulary),NOT_MARKET_DATA,,,NOT_MARKET_DATA: scoped mechanical classifier tail; production wire reads tracked in governance/SCHWAB_V4_REVIEW_MEMOS cone walk
df775a4fd1b50d176cc4,py,ml_predict.py,1443,0,TEXT_LINE_MARKET_TOKEN,"            ""cascade_inputs_from_lstm_probs"": [float(x) for x in lstm_arr.reshape(-1)],",float,instruments.*.fundamental.marketCapFloat;instruments.*.fundamental.shortIntToFloat,chains.callExpDateMap.*.askSize;chains.putExpDateMap.*.askSize;chains.callExpDateMap.*.bidSize,V3-B universal catch-all (CSV-derived vocabulary),NOT_MARKET_DATA,,,NOT_MARKET_DATA: scoped mechanical classifier tail; production wire reads tracked in governance/SCHWAB_V4_REVIEW_MEMOS cone walk
27cd034e3e852500a902,py,ml_predict.py,1447,0,TEXT_LINE_MARKET_TOKEN,    return {,return,instruments.*.fundamental.returnOnAssets;instruments.*.fundamental.returnOnEquity;instruments.*.fundamental.returnOnInvestment,quotes.regular.regularMarketTradeTime;market_hours.future.RTY.isOpen;market_hours.future.RME.isOpen,V3-B universal catch-all (CSV-derived vocabulary),NOT_MARKET_DATA,,,NOT_MARKET_DATA: scoped mechanical classifier tail; production wire reads tracked in governance/SCHWAB_V4_REVIEW_MEMOS cone walk
858236d0bbffd70378d6,py,ml_predict.py,1469,0,TEXT_LINE_MARKET_TOKEN,    Return structured outputs for fusion. Delegates to run_base_models_once — single inference truth per tick.,return per,instruments.*.fundamental.returnOnAssets;instruments.*.fundamental.returnOnEquity;instruments.*.fundamental.returnOnInvestment;instruments.*.fundamental.bookValuePerShare,quotes.quote.askSize;streaming.content.*.ASK_SIZE;quotes.quote.bidSize,V3-B universal catch-all (CSV-derived vocabulary),NOT_MARKET_DATA,,,NOT_MARKET_DATA: scoped mechanical classifier tail; production wire reads tracked in governance/SCHWAB_V4_REVIEW_MEMOS cone walk
a88c6191e1a04a40f26e,py,ml_predict.py,1473,0,TEXT_LINE_MARKET_TOKEN,"        return {""xgb"": None, ""lstm"": None, ""transformer"": None}",return,instruments.*.fundamental.returnOnAssets;instruments.*.fundamental.returnOnEquity;instruments.*.fundamental.returnOnInvestment,streaming.content.*.VOLUME;streaming.content.*.BIDS;streaming.content.*.BIDS.*,V3-B universal catch-all (CSV-derived vocabulary),NOT_MARKET_DATA,,,NOT_MARKET_DATA: scoped mechanical classifier tail; production wire reads tracked in governance/SCHWAB_V4_REVIEW_MEMOS cone walk
f00ecbc7c49098397545,py,ml_predict.py,1474,0,TEXT_LINE_MARKET_TOKEN,    return run_base_models_once(,return,instruments.*.fundamental.returnOnAssets;instruments.*.fundamental.returnOnEquity;instruments.*.fundamental.returnOnInvestment,movers.screeners.*.totalVolume;movers.screeners.*.volume;quotes.quote.askSize,V3-B universal catch-all (CSV-derived vocabulary),NOT_MARKET_DATA,,,NOT_MARKET_DATA: scoped mechanical classifier tail; production wire reads tracked in governance/SCHWAB_V4_REVIEW_MEMOS cone walk
868bf733944e5293f182,py,ml_predict.py,1491,0,TEXT_LINE_MARKET_TOKEN,"    Run XGBoost, LSTM, Transformer individually and return availability,",return,instruments.*.fundamental.returnOnAssets;instruments.*.fundamental.returnOnEquity;instruments.*.fundamental.returnOnInvestment,chains.callExpDateMap.*.theoreticalVolatility;chains.putExpDateMap.*.theoreticalVolatility;chains.callExpDateMap.*.volatility,V3-B universal catch-all (CSV-derived vocabulary),NOT_MARKET_DATA,,,NOT_MARKET_DATA: scoped mechanical classifier tail; production wire reads tracked in governance/SCHWAB_V4_REVIEW_MEMOS cone walk
e8cf0ec5fede4227780c,py,ml_predict.py,1493,0,TEXT_LINE_MARKET_TOKEN,    in snapshots — does not affect prediction logic.,prediction,,chains.putExpDateMap.*.description;chains.putExpDateMap.*.openInterest;chains.putExpDateMap.*.optionDeliverablesList,V3-B universal catch-all (CSV-derived vocabulary),NOT_MARKET_DATA,,,NOT_MARKET_DATA: scoped mechanical classifier tail; production wire reads tracked in governance/SCHWAB_V4_REVIEW_MEMOS cone walk
9d04d792d9fad5f5177e,py,ml_predict.py,1497,0,TEXT_LINE_MARKET_TOKEN,"            ""xgb"": {""available"": bool, ""dominant"": str|None, ""confidence"": float|None, ""approved"": bool},",float,instruments.*.fundamental.marketCapFloat;instruments.*.fundamental.shortIntToFloat,chains.callExpDateMap.*.totalVolume;chains.callExpDateMap.*.optionDeliverablesList.*.symbol;chains.callExpDateMap.*.bidSize,V3-B universal catch-all (CSV-derived vocabulary),NOT_MARKET_DATA,,,NOT_MARKET_DATA: scoped mechanical classifier tail; production wire reads tracked in governance/SCHWAB_V4_REVIEW_MEMOS cone walk
f1535bcc22504039214b,py,ml_predict.py,1498,0,TEXT_LINE_MARKET_TOKEN,"            ""lstm"": {""available"": bool, ""dominant"": str|None, ""confidence"": float|None, ""approved"": bool},",float,instruments.*.fundamental.marketCapFloat;instruments.*.fundamental.shortIntToFloat,chains.callExpDateMap.*.totalVolume;chains.callExpDateMap.*.optionDeliverablesList.*.symbol;chains.underlying.totalVolume,V3-B universal catch-all (CSV-derived vocabulary),NOT_MARKET_DATA,,,NOT_MARKET_DATA: scoped mechanical classifier tail; production wire reads tracked in governance/SCHWAB_V4_REVIEW_MEMOS cone walk
786089e21c3040cc0b5f,py,ml_predict.py,1499,0,TEXT_LINE_MARKET_TOKEN,"            ""transformer"": {""available"": bool, ""dominant"": str|None, ""confidence"": float|None, ""approved"": bool},",float,instruments.*.fundamental.marketCapFloat;instruments.*.fundamental.shortIntToFloat,chains.callExpDateMap.*.totalVolume;chains.underlying.totalVolume;chains.putExpDateMap.*.totalVolume,V3-B universal catch-all (CSV-derived vocabulary),NOT_MARKET_DATA,,,NOT_MARKET_DATA: scoped mechanical classifier tail; production wire reads tracked in governance/SCHWAB_V4_REVIEW_MEMOS cone walk
c9a62008cd402b9740a4,py,ml_predict.py,1504,0,TEXT_LINE_MARKET_TOKEN,        return {,return,instruments.*.fundamental.returnOnAssets;instruments.*.fundamental.returnOnEquity;instruments.*.fundamental.returnOnInvestment,quotes.regular.regularMarketTradeTime;market_hours.future.RTY.isOpen;market_hours.future.RME.isOpen,V3-B universal catch-all (CSV-derived vocabulary),NOT_MARKET_DATA,,,NOT_MARKET_DATA: scoped mechanical classifier tail; production wire reads tracked in governance/SCHWAB_V4_REVIEW_MEMOS cone walk
ce398a6e642b2ac84694,py,ml_predict.py,1509,0,TEXT_LINE_MARKET_TOKEN,    return run_base_models_once(,return,instruments.*.fundamental.returnOnAssets;instruments.*.fundamental.returnOnEquity;instruments.*.fundamental.returnOnInvestment,movers.screeners.*.totalVolume;movers.screeners.*.volume;quotes.quote.askSize,V3-B universal catch-all (CSV-derived vocabulary),NOT_MARKET_DATA,,,NOT_MARKET_DATA: scoped mechanical classifier tail; production wire reads tracked in governance/SCHWAB_V4_REVIEW_MEMOS cone walk
358f7cca36153ec8c1b4,py,ml_predict.py,1522,0,TEXT_LINE_MARKET_TOKEN,    Full stacked prediction.,prediction,,chains.callExpDateMap.*.bidSize;chains.putExpDateMap.*.theoreticalVolatility;chains.putExpDateMap.*.bidSize,V3-B universal catch-all (CSV-derived vocabulary),NOT_MARKET_DATA,,,NOT_MARKET_DATA: scoped mechanical classifier tail; production wire reads tracked in governance/SCHWAB_V4_REVIEW_MEMOS cone walk
19a056501b3c3b8450d3,py,ml_predict.py,1531,0,TEXT_LINE_MARKET_TOKEN,        ticker:   ticker symbol; uses snapshot['ticker'] if None,symbol,chains.callExpDateMap.*.optionDeliverablesList.*.symbol;chains.callExpDateMap.*.symbol;chains.putExpDateMap.*.optionDeliverablesList.*.symbol;chains.putExpDateMap.*.symbol;chains.symbol;chains.underlying.symbol;instruments.*.fundamental.symbol;instruments.*.symbol;movers.screeners.*.symbol;quotes.symbol,quotes.quote.askSize;chains.putExpDateMap.*.rho;quotes.quote.bidSize,V3-B universal catch-all (CSV-derived vocabulary),NOT_MARKET_DATA,,,NOT_MARKET_DATA: scoped mechanical classifier tail; production wire reads tracked in governance/SCHWAB_V4_REVIEW_MEMOS cone walk
4d40511e44d68ad97d21,py,ml_predict.py,1532,0,TEXT_LINE_MARKET_TOKEN,        db:       EdDB instance (needed for LSTM/Transformer sequence access),sequence,streaming.content.*.ASKS.*.ASKS.*.SEQUENCE;streaming.content.*.BIDS.*.BIDS.*.SEQUENCE;streaming.content.*.SEQUENCE,quotes.extended.askSize;quotes.extended.bidSize;quotes.quote.askSize,V3-B universal catch-all (CSV-derived vocabulary),NOT_MARKET_DATA,,,NOT_MARKET_DATA: scoped mechanical classifier tail; production wire reads tracked in governance/SCHWAB_V4_REVIEW_MEMOS cone walk
398a13091cfd069cc632,py,ml_predict.py,1537,0,TEXT_LINE_MARKET_TOKEN,        return None,return,instruments.*.fundamental.returnOnAssets;instruments.*.fundamental.returnOnEquity;instruments.*.fundamental.returnOnInvestment,quotes.reference.htbRate;quotes.reference.isHardToBorrow;market_hours.future.RME.category,V3-B universal catch-all (CSV-derived vocabulary),NOT_MARKET_DATA,,,NOT_MARKET_DATA: scoped mechanical classifier tail; production wire reads tracked in governance/SCHWAB_V4_REVIEW_MEMOS cone walk
813d17899bdab701125a,py,ml_predict.py,1538,0,TEXT_LINE_MARKET_TOKEN,    return run_base_models_once(,return,instruments.*.fundamental.returnOnAssets;instruments.*.fundamental.returnOnEquity;instruments.*.fundamental.returnOnInvestment,movers.screeners.*.totalVolume;movers.screeners.*.volume;quotes.quote.askSize,V3-B universal catch-all (CSV-derived vocabulary),NOT_MARKET_DATA,,,NOT_MARKET_DATA: scoped mechanical classifier tail; production wire reads tracked in governance/SCHWAB_V4_REVIEW_MEMOS cone walk
354f963633382878feaa,py,ml_predict.py,1550,0,TEXT_LINE_MARKET_TOKEN,"    """"""Predict for UI horizon keys; only the live ML product horizon runs the trained stack.""""""",only the product,chains.callExpDateMap.*.inTheMoney;chains.putExpDateMap.*.inTheMoney;market_hours.bond.BON.product;market_hours.bond.BON.productName;market_hours.equity.EQ.product;market_hours.equity.EQ.productName;market_hours.forex.forex.product;market_hours.future.ADA.product;market_hours.future.ADA.productName;market_hours.future.AW.product;market_hours.future.AW.productName;market_hours.future.BFF.product;market_hours.future.BFF.productName;market_hours.future.BTC.product;market_hours.future.BTC.productName;market_hours.future.BZ.product;market_hours.future.BZ.productName;market_hours.future.CB.product;market_hours.future.CB.productName;market_hours.future.CL.product;market_hours.future.CL.productName;market_hours.future.CZK.product;market_hours.future.CZK.productName;market_hours.future.DC.product;market_hours.future.DC.productName,quotes.quote.bidSize;quotes.quote.askSize;pricehistory.candles,V3-B universal catch-all (CSV-derived vocabulary),NOT_MARKET_DATA,,,NOT_MARKET_DATA: scoped mechanical classifier tail; production wire reads tracked in governance/SCHWAB_V4_REVIEW_MEMOS cone walk
86b2667de419123bb218,py,ml_predict.py,1559,0,TEXT_LINE_MARKET_TOKEN,    return result,return,instruments.*.fundamental.returnOnAssets;instruments.*.fundamental.returnOnEquity;instruments.*.fundamental.returnOnInvestment,quotes.regular.regularMarketLastSize;quotes.regular.regularMarketTradeTime;market_hours.future.RTY.isOpen,V3-B universal catch-all (CSV-derived vocabulary),NOT_MARKET_DATA,,,NOT_MARKET_DATA: scoped mechanical classifier tail; production wire reads tracked in governance/SCHWAB_V4_REVIEW_MEMOS cone walk
aafe7d6a055067e56831,py,ml_predict.py,1563,0,TEXT_LINE_MARKET_TOKEN,"    """"""True if ANY of xgb, LSTM, or Transformer model exists for this ticker.""""""",model,,quotes.quote.bidSize;quotes.quote.askSize;streaming.content.*.BIDS,V3-B universal catch-all (CSV-derived vocabulary),NOT_MARKET_DATA,,,NOT_MARKET_DATA: scoped mechanical classifier tail; production wire reads tracked in governance/SCHWAB_V4_REVIEW_MEMOS cone walk
7f48d879ac3d7e1d4b95,py,ml_predict.py,1566,0,TEXT_LINE_MARKET_TOKEN,    return (,return,instruments.*.fundamental.returnOnAssets;instruments.*.fundamental.returnOnEquity;instruments.*.fundamental.returnOnInvestment,market_hours.future.RTY.isOpen;market_hours.future.ETH.isOpen;market_hours.future.ZR.isOpen,V3-B universal catch-all (CSV-derived vocabulary),NOT_MARKET_DATA,,,NOT_MARKET_DATA: scoped mechanical classifier tail; production wire reads tracked in governance/SCHWAB_V4_REVIEW_MEMOS cone walk
ceb18e58638a82246674,py,ml_predict.py,1583,0,TEXT_LINE_MARKET_TOKEN,"        return f""stack({'_'.join(parts)})_{hz}""",return,instruments.*.fundamental.returnOnAssets;instruments.*.fundamental.returnOnEquity;instruments.*.fundamental.returnOnInvestment,pricehistory.candles.*.high;streaming.content.*.ASKS.*.ASK_PRICE;chains.putExpDateMap.*.askSize,V3-B universal catch-all (CSV-derived vocabulary),NOT_MARKET_DATA,,,NOT_MARKET_DATA: scoped mechanical classifier tail; production wire reads tracked in governance/SCHWAB_V4_REVIEW_MEMOS cone walk
349935e4384c8e7332f0,py,ml_predict.py,1584,0,TEXT_LINE_MARKET_TOKEN,"    return ""rules_v1""",return,instruments.*.fundamental.returnOnAssets;instruments.*.fundamental.returnOnEquity;instruments.*.fundamental.returnOnInvestment,quotes.regular.regularMarketLastSize;movers.screeners.*.volume;movers.screeners.*.totalVolume,V3-B universal catch-all (CSV-derived vocabulary),NOT_MARKET_DATA,,,NOT_MARKET_DATA: scoped mechanical classifier tail; production wire reads tracked in governance/SCHWAB_V4_REVIEW_MEMOS cone walk
f1b79e0caaccac1b7ca9,py,ml_predict.py,1589,0,TEXT_LINE_MARKET_TOKEN,    return {,return,instruments.*.fundamental.returnOnAssets;instruments.*.fundamental.returnOnEquity;instruments.*.fundamental.returnOnInvestment,quotes.regular.regularMarketTradeTime;market_hours.future.RTY.isOpen;market_hours.future.RME.isOpen,V3-B universal catch-all (CSV-derived vocabulary),NOT_MARKET_DATA,,,NOT_MARKET_DATA: scoped mechanical classifier tail; production wire reads tracked in governance/SCHWAB_V4_REVIEW_MEMOS cone walk
fcdbd5577045b1b30932,py,ml_predict.py,1599,0,TEXT_LINE_MARKET_TOKEN,"    """"""Clear all loaded models. Call this after retraining.""""""",call,chains.callExpDateMap;chains.callExpDateMap.*;chains.callExpDateMap.*.ask;chains.callExpDateMap.*.askSize;chains.callExpDateMap.*.bid;chains.callExpDateMap.*.bidAskSize;chains.callExpDateMap.*.bidSize;chains.callExpDateMap.*.closePrice;chains.callExpDateMap.*.daysToExpiration;chains.callExpDateMap.*.deliverableNote;chains.callExpDateMap.*.delta;chains.callExpDateMap.*.description;chains.callExpDateMap.*.exchangeName;chains.callExpDateMap.*.exerciseType;chains.callExpDateMap.*.expirationDate;chains.callExpDateMap.*.expirationType;chains.callExpDateMap.*.extrinsicValue;chains.callExpDateMap.*.gamma;chains.callExpDateMap.*.high52Week;chains.callExpDateMap.*.highPrice;chains.callExpDateMap.*.inTheMoney;chains.callExpDateMap.*.intrinsicValue;chains.callExpDateMap.*.last;chains.callExpDateMap.*.lastSize;chains.callExpDateMap.*.lastTradingDay,chains.callExpDateMap.*.bidSize;chains.callExpDateMap.*.delta;chains.callExpDateMap.*.askSize,V3-B universal catch-all (CSV-derived vocabulary),NOT_MARKET_DATA,,,NOT_MARKET_DATA: scoped mechanical classifier tail; production wire reads tracked in governance/SCHWAB_V4_REVIEW_MEMOS cone walk
4e6bd7332ea1736d7ba8,py,ml_predict.py,1606,0,TEXT_LINE_MARKET_TOKEN,"    logger.info(""ml_predict: all model caches cleared"")",model,,chains.callExpDateMap.*.bidSize;chains.callExpDateMap.*.delta;chains.callExpDateMap.*.rho,V3-B universal catch-all (CSV-derived vocabulary),NOT_MARKET_DATA,,,NOT_MARKET_DATA: scoped mechanical classifier tail; production wire reads tracked in governance/SCHWAB_V4_REVIEW_MEMOS cone walk
9af21c316c1fd052e8e7,py,ml_predict.py,1618,0,TEXT_LINE_MARKET_TOKEN,    for key in list(_xgb_movehead_registry.keys()):,key list,streaming.content.*.key;chains.callExpDateMap.*.optionDeliverablesList;chains.callExpDateMap.*.optionDeliverablesList.*;chains.callExpDateMap.*.optionDeliverablesList.*.assetType;chains.callExpDateMap.*.optionDeliverablesList.*.currencyType;chains.callExpDateMap.*.optionDeliverablesList.*.deliverableUnits;chains.callExpDateMap.*.optionDeliverablesList.*.symbol;chains.putExpDateMap.*.optionDeliverablesList;chains.putExpDateMap.*.optionDeliverablesList.*;chains.putExpDateMap.*.optionDeliverablesList.*.assetType;chains.putExpDateMap.*.optionDeliverablesList.*.currencyType;chains.putExpDateMap.*.optionDeliverablesList.*.deliverableUnits;chains.putExpDateMap.*.optionDeliverablesList.*.symbol,chains.underlying.askSize;quotes.quote.askSize;quotes.quote.bidSize,V3-B universal catch-all (CSV-derived vocabulary),NOT_MARKET_DATA,,,NOT_MARKET_DATA: scoped mechanical classifier tail; production wire reads tracked in governance/SCHWAB_V4_REVIEW_MEMOS cone walk
86da346c8e9df0477097,py,ml_predict.py,1619,0,TEXT_LINE_MARKET_TOKEN,        if key == rk or key.startswith(movehead_prefix):,key,streaming.content.*.key,quotes.quote.askSize;quotes.extended.askSize;chains.putExpDateMap.*.askSize,V3-B universal catch-all (CSV-derived vocabulary),NOT_MARKET_DATA,,,NOT_MARKET_DATA: scoped mechanical classifier tail; production wire reads tracked in governance/SCHWAB_V4_REVIEW_MEMOS cone walk
bb68aaacdff6aa6e7348,py,ml_predict.py,1620,0,TEXT_LINE_MARKET_TOKEN,            del _xgb_movehead_registry[key],key,streaming.content.*.key,quotes.quote.52WeekHigh;quotes.extended.askSize;chains.putExpDateMap.*.high52Week,V3-B universal catch-all (CSV-derived vocabulary),NOT_MARKET_DATA,,,NOT_MARKET_DATA: scoped mechanical classifier tail; production wire reads tracked in governance/SCHWAB_V4_REVIEW_MEMOS cone walk
8abfc787dedf0d6fa811,py,ml_predict.py,1624,0,TEXT_LINE_MARKET_TOKEN,    return removed,return,instruments.*.fundamental.returnOnAssets;instruments.*.fundamental.returnOnEquity;instruments.*.fundamental.returnOnInvestment,movers.screeners.*.volume;movers.screeners.*.totalVolume;quotes.extended.totalVolume,V3-B universal catch-all (CSV-derived vocabulary),NOT_MARKET_DATA,,,NOT_MARKET_DATA: scoped mechanical classifier tail; production wire reads tracked in governance/SCHWAB_V4_REVIEW_MEMOS cone walk
f8a2d2c4232189e102c6,py,ml_predict.py,1628,0,TEXT_LINE_MARKET_TOKEN,"    if p is None: return ""None""",return,instruments.*.fundamental.returnOnAssets;instruments.*.fundamental.returnOnEquity;instruments.*.fundamental.returnOnInvestment,quotes.reference.description;quotes.quote.bidPrice;quotes.quote.openPrice,V3-B universal catch-all (CSV-derived vocabulary),NOT_MARKET_DATA,,,NOT_MARKET_DATA: scoped mechanical classifier tail; production wire reads tracked in governance/SCHWAB_V4_REVIEW_MEMOS cone walk
17dd8d57b4a4eee70f3b,py,ml_predict.py,1629,0,TEXT_LINE_MARKET_TOKEN,"    return f""up={p['up']:.2f} dn={p['down']:.2f} fl={p['flat']:.2f}""",return,instruments.*.fundamental.returnOnAssets;instruments.*.fundamental.returnOnEquity;instruments.*.fundamental.returnOnInvestment,market_hours.future.BFF.product;market_hours.future.GF.product;market_hours.future.BFF.category,V3-B universal catch-all (CSV-derived vocabulary),NOT_MARKET_DATA,,,NOT_MARKET_DATA: scoped mechanical classifier tail; production wire reads tracked in governance/SCHWAB_V4_REVIEW_MEMOS cone walk
725ae52f3184b5f43a3a,python,ml_predict.py,489,14,PYTHON_GETATTR_SETATTR,getattr(...),getattr,,chains.putExpDateMap.*.volatility;streaming.content.*.REGULAR_MARKET_TRADE;streaming.content.*.REGULAR_MARKET_LAST_PRICE,V3 G2 dynamic dispatch,NOT_MARKET_DATA,,,NOT_MARKET_DATA: scoped mechanical classifier tail; production wire reads tracked in governance/SCHWAB_V4_REVIEW_MEMOS cone walk
53355cf82c6c7b6478e3,python,ml_predict.py,616,18,PYTHON_GETATTR_SETATTR,getattr(...),getattr,,chains.putExpDateMap.*.volatility;streaming.content.*.REGULAR_MARKET_TRADE;streaming.content.*.REGULAR_MARKET_LAST_PRICE,V3 G2 dynamic dispatch,NOT_MARKET_DATA,,,NOT_MARKET_DATA: scoped mechanical classifier tail; production wire reads tracked in governance/SCHWAB_V4_REVIEW_MEMOS cone walk
e85b19cdafa67487e58f,python,ml_predict.py,1044,68,PYTHON_GETATTR_SETATTR,getattr(...),getattr,,chains.putExpDateMap.*.volatility;streaming.content.*.REGULAR_MARKET_TRADE;streaming.content.*.REGULAR_MARKET_LAST_PRICE,V3 G2 dynamic dispatch,NOT_MARKET_DATA,,,NOT_MARKET_DATA: scoped mechanical classifier tail; production wire reads tracked in governance/SCHWAB_V4_REVIEW_MEMOS cone walk
e7b33ff750c2ab467f66,python,ml_predict.py,90,1,DECORATOR_SITE,decorator on _cascade_challenger_inference_scope,contextmanager,,streaming.content.*.REGULAR_MARKET_CHANGE_PERCENT;streaming.content.*.REGULAR_MARKET_TRADE;streaming.content.*.REGULAR_MARKET_NET_CHANGE,V3 G2 decorator sweep,NOT_MARKET_DATA,,,mechanical pattern_kind DECORATOR_SITE
23c4b5332dbf7fa7798c,python,ml_predict.py,124,0,MAGIC_NUMERIC_DEFAULT,_CASCADE_TRANSFORMER_SEQ_EXTRA = 6,_CASCADE_TRANSFORMER_SEQ_EXTRA,,chains.callExpDateMap.*.askSize;streaming.content.*.ASK_SIZE;chains.putExpDateMap.*.askSize,V3 G1 imputation (name intersects CSV vocabulary),NOT_MARKET_DATA,,,NOT_MARKET_DATA: scoped mechanical classifier tail; production wire reads tracked in governance/SCHWAB_V4_REVIEW_MEMOS cone walk
e5b36b0d5fb1fa0c7240,python,ml_predict.py,178,7,ATTRIBUTE_MARKET,attr .size,size,chains.callExpDateMap.*.askSize;chains.callExpDateMap.*.bidAskSize;chains.callExpDateMap.*.bidSize;chains.callExpDateMap.*.lastSize;chains.putExpDateMap.*.askSize;chains.putExpDateMap.*.bidAskSize;chains.putExpDateMap.*.bidSize;chains.putExpDateMap.*.lastSize;chains.underlying.askSize;chains.underlying.bidSize;quotes.extended.askSize;quotes.extended.bidSize;quotes.extended.lastSize;quotes.quote.askSize;quotes.quote.bidSize;quotes.quote.lastSize;quotes.regular.regularMarketLastSize;streaming.content.*.ASK_SIZE;streaming.content.*.BID_SIZE;streaming.content.*.LAST_SIZE;streaming.content.*.REGULAR_MARKET_LAST_SIZE,quotes.extended.askSize;quotes.extended.bidSize;quotes.quote.askSize,V3 G1 Python,NOT_MARKET_DATA,,,NOT_MARKET_DATA: scoped mechanical classifier tail; production wire reads tracked in governance/SCHWAB_V4_REVIEW_MEMOS cone walk
3c971fc5bb75fe03c562,python,ml_predict.py,178,38,ATTRIBUTE_MARKET,attr .size,size,chains.callExpDateMap.*.askSize;chains.callExpDateMap.*.bidAskSize;chains.callExpDateMap.*.bidSize;chains.callExpDateMap.*.lastSize;chains.putExpDateMap.*.askSize;chains.putExpDateMap.*.bidAskSize;chains.putExpDateMap.*.bidSize;chains.putExpDateMap.*.lastSize;chains.underlying.askSize;chains.underlying.bidSize;quotes.extended.askSize;quotes.extended.bidSize;quotes.extended.lastSize;quotes.quote.askSize;quotes.quote.bidSize;quotes.quote.lastSize;quotes.regular.regularMarketLastSize;streaming.content.*.ASK_SIZE;streaming.content.*.BID_SIZE;streaming.content.*.LAST_SIZE;streaming.content.*.REGULAR_MARKET_LAST_SIZE,quotes.extended.askSize;quotes.extended.bidSize;quotes.quote.askSize,V3 G1 Python,NOT_MARKET_DATA,,,NOT_MARKET_DATA: scoped mechanical classifier tail; production wire reads tracked in governance/SCHWAB_V4_REVIEW_MEMOS cone walk
5e6b1b424d1cdd238f26,python,ml_predict.py,181,7,ATTRIBUTE_MARKET,attr .size,size,chains.callExpDateMap.*.askSize;chains.callExpDateMap.*.bidAskSize;chains.callExpDateMap.*.bidSize;chains.callExpDateMap.*.lastSize;chains.putExpDateMap.*.askSize;chains.putExpDateMap.*.bidAskSize;chains.putExpDateMap.*.bidSize;chains.putExpDateMap.*.lastSize;chains.underlying.askSize;chains.underlying.bidSize;quotes.extended.askSize;quotes.extended.bidSize;quotes.extended.lastSize;quotes.quote.askSize;quotes.quote.bidSize;quotes.quote.lastSize;quotes.regular.regularMarketLastSize;streaming.content.*.ASK_SIZE;streaming.content.*.BID_SIZE;streaming.content.*.LAST_SIZE;streaming.content.*.REGULAR_MARKET_LAST_SIZE,quotes.extended.askSize;quotes.extended.bidSize;quotes.quote.askSize,V3 G1 Python,NOT_MARKET_DATA,,,NOT_MARKET_DATA: scoped mechanical classifier tail; production wire reads tracked in governance/SCHWAB_V4_REVIEW_MEMOS cone walk
55671eb099b7ade8dd10,python,ml_predict.py,181,22,ATTRIBUTE_MARKET,attr .size,size,chains.callExpDateMap.*.askSize;chains.callExpDateMap.*.bidAskSize;chains.callExpDateMap.*.bidSize;chains.callExpDateMap.*.lastSize;chains.putExpDateMap.*.askSize;chains.putExpDateMap.*.bidAskSize;chains.putExpDateMap.*.bidSize;chains.putExpDateMap.*.lastSize;chains.underlying.askSize;chains.underlying.bidSize;quotes.extended.askSize;quotes.extended.bidSize;quotes.extended.lastSize;quotes.quote.askSize;quotes.quote.bidSize;quotes.quote.lastSize;quotes.regular.regularMarketLastSize;streaming.content.*.ASK_SIZE;streaming.content.*.BID_SIZE;streaming.content.*.LAST_SIZE;streaming.content.*.REGULAR_MARKET_LAST_SIZE,quotes.extended.askSize;quotes.extended.bidSize;quotes.quote.askSize,V3 G1 Python,NOT_MARKET_DATA,,,NOT_MARKET_DATA: scoped mechanical classifier tail; production wire reads tracked in governance/SCHWAB_V4_REVIEW_MEMOS cone walk
e7c477c03bdd54e7fa28,python,ml_predict.py,181,35,ATTRIBUTE_MARKET,attr .size,size,chains.callExpDateMap.*.askSize;chains.callExpDateMap.*.bidAskSize;chains.callExpDateMap.*.bidSize;chains.callExpDateMap.*.lastSize;chains.putExpDateMap.*.askSize;chains.putExpDateMap.*.bidAskSize;chains.putExpDateMap.*.bidSize;chains.putExpDateMap.*.lastSize;chains.underlying.askSize;chains.underlying.bidSize;quotes.extended.askSize;quotes.extended.bidSize;quotes.extended.lastSize;quotes.quote.askSize;quotes.quote.bidSize;quotes.quote.lastSize;quotes.regular.regularMarketLastSize;streaming.content.*.ASK_SIZE;streaming.content.*.BID_SIZE;streaming.content.*.LAST_SIZE;streaming.content.*.REGULAR_MARKET_LAST_SIZE,quotes.extended.askSize;quotes.extended.bidSize;quotes.quote.askSize,V3 G1 Python,NOT_MARKET_DATA,,,NOT_MARKET_DATA: scoped mechanical classifier tail; production wire reads tracked in governance/SCHWAB_V4_REVIEW_MEMOS cone walk
a1f462f7695756b1d41d,python,ml_predict.py,181,49,ATTRIBUTE_MARKET,attr .size,size,chains.callExpDateMap.*.askSize;chains.callExpDateMap.*.bidAskSize;chains.callExpDateMap.*.bidSize;chains.callExpDateMap.*.lastSize;chains.putExpDateMap.*.askSize;chains.putExpDateMap.*.bidAskSize;chains.putExpDateMap.*.bidSize;chains.putExpDateMap.*.lastSize;chains.underlying.askSize;chains.underlying.bidSize;quotes.extended.askSize;quotes.extended.bidSize;quotes.extended.lastSize;quotes.quote.askSize;quotes.quote.bidSize;quotes.quote.lastSize;quotes.regular.regularMarketLastSize;streaming.content.*.ASK_SIZE;streaming.content.*.BID_SIZE;streaming.content.*.LAST_SIZE;streaming.content.*.REGULAR_MARKET_LAST_SIZE,quotes.extended.askSize;quotes.extended.bidSize;quotes.quote.askSize,V3 G1 Python,NOT_MARKET_DATA,,,NOT_MARKET_DATA: scoped mechanical classifier tail; production wire reads tracked in governance/SCHWAB_V4_REVIEW_MEMOS cone walk
f9ca76fee6a3a68f04f8,python,ml_predict.py,183,30,ATTRIBUTE_MARKET,attr .size,size,chains.callExpDateMap.*.askSize;chains.callExpDateMap.*.bidAskSize;chains.callExpDateMap.*.bidSize;chains.callExpDateMap.*.lastSize;chains.putExpDateMap.*.askSize;chains.putExpDateMap.*.bidAskSize;chains.putExpDateMap.*.bidSize;chains.putExpDateMap.*.lastSize;chains.underlying.askSize;chains.underlying.bidSize;quotes.extended.askSize;quotes.extended.bidSize;quotes.extended.lastSize;quotes.quote.askSize;quotes.quote.bidSize;quotes.quote.lastSize;quotes.regular.regularMarketLastSize;streaming.content.*.ASK_SIZE;streaming.content.*.BID_SIZE;streaming.content.*.LAST_SIZE;streaming.content.*.REGULAR_MARKET_LAST_SIZE,quotes.extended.askSize;quotes.extended.bidSize;quotes.quote.askSize,V3 G1 Python,NOT_MARKET_DATA,,,NOT_MARKET_DATA: scoped mechanical classifier tail; production wire reads tracked in governance/SCHWAB_V4_REVIEW_MEMOS cone walk
4160d19373742af8bb4b,python,ml_predict.py,183,62,ATTRIBUTE_MARKET,attr .size,size,chains.callExpDateMap.*.askSize;chains.callExpDateMap.*.bidAskSize;chains.callExpDateMap.*.bidSize;chains.callExpDateMap.*.lastSize;chains.putExpDateMap.*.askSize;chains.putExpDateMap.*.bidAskSize;chains.putExpDateMap.*.bidSize;chains.putExpDateMap.*.lastSize;chains.underlying.askSize;chains.underlying.bidSize;quotes.extended.askSize;quotes.extended.bidSize;quotes.extended.lastSize;quotes.quote.askSize;quotes.quote.bidSize;quotes.quote.lastSize;quotes.regular.regularMarketLastSize;streaming.content.*.ASK_SIZE;streaming.content.*.BID_SIZE;streaming.content.*.LAST_SIZE;streaming.content.*.REGULAR_MARKET_LAST_SIZE,quotes.extended.askSize;quotes.extended.bidSize;quotes.quote.askSize,V3 G1 Python,NOT_MARKET_DATA,,,NOT_MARKET_DATA: scoped mechanical classifier tail; production wire reads tracked in governance/SCHWAB_V4_REVIEW_MEMOS cone walk
3872c69ebc6be64ffecd,python,ml_predict.py,224,15,REGISTRY_DISPATCH,string-keyed dict len=3,up down flat,,chains.putExpDateMap.*.totalVolume;chains.callExpDateMap.*.totalVolume;quotes.fundamental.divPayDate,V3 G2 registry sweep,NOT_MARKET_DATA,,,NOT_MARKET_DATA: scoped mechanical classifier tail; production wire reads tracked in governance/SCHWAB_V4_REVIEW_MEMOS cone walk
202e5c0822685429a245,python,ml_predict.py,247,18,REGISTRY_DISPATCH,string-keyed dict len=4,available dominant confidence approved,,chains.callExpDateMap.*.bidSize;chains.callExpDateMap.*.askSize;chains.callExpDateMap.*.deliverableNote,V3 G2 registry sweep,NOT_MARKET_DATA,,,NOT_MARKET_DATA: scoped mechanical classifier tail; production wire reads tracked in governance/SCHWAB_V4_REVIEW_MEMOS cone walk
30c05348d49b50a44511,python,ml_predict.py,259,15,REGISTRY_DISPATCH,string-keyed dict len=3,up down flat,,chains.putExpDateMap.*.totalVolume;chains.callExpDateMap.*.totalVolume;quotes.fundamental.divPayDate,V3 G2 registry sweep,NOT_MARKET_DATA,,,NOT_MARKET_DATA: scoped mechanical classifier tail; production wire reads tracked in governance/SCHWAB_V4_REVIEW_MEMOS cone walk
76e23e1ed8bcb1aa6095,python,ml_predict.py,279,25,DICT_GET_MARKET_DEFAULT,".get('ED_XGB_STRICT_ACTIVE_ONLY', default)",ED_XGB_STRICT_ACTIVE_ONLY get,,streaming.content.*.BID_SIZE;streaming.content.*.ASK_SIZE;chains.volatility,V3 G1 Python,NOT_MARKET_DATA,,,NOT_MARKET_DATA: scoped mechanical classifier tail; production wire reads tracked in governance/SCHWAB_V4_REVIEW_MEMOS cone walk
539e7adb7e843f30fafe,python,ml_predict.py,419,26,DICT_GET_MARKET_DEFAULT,".get('category_maps', default)",category_maps get,,chains.putExpDateMap.*.gamma;chains.putExpDateMap.*.theta;chains.putExpDateMap.*.vega,V3 G1 Python,NOT_MARKET_DATA,,,NOT_MARKET_DATA: scoped mechanical classifier tail; production wire reads tracked in governance/SCHWAB_V4_REVIEW_MEMOS cone walk
5407c3a3141d5f450f5b,python,ml_predict.py,476,26,SUBSCRIPT_MARKET_KEY,"subscript[... ""category_maps""]",category_maps,,chains.putExpDateMap.*.gamma;chains.callExpDateMap.*.gamma;chains.putExpDateMap.*.totalVolume,V3 G1 Python,NOT_MARKET_DATA,,,NOT_MARKET_DATA: scoped mechanical classifier tail; production wire reads tracked in governance/SCHWAB_V4_REVIEW_MEMOS cone walk
1c507a226b0427fd9021,python,ml_predict.py,489,22,SUBSCRIPT_MARKET_KEY,"subscript[... ""model""]",model,,quotes.extended.totalVolume;quotes.quote.totalVolume;chains.callExpDateMap.*.totalVolume,V3 G1 Python,NOT_MARKET_DATA,,,NOT_MARKET_DATA: scoped mechanical classifier tail; production wire reads tracked in governance/SCHWAB_V4_REVIEW_MEMOS cone walk
78a2bdec683637b3fe61,python,ml_predict.py,498,16,SUBSCRIPT_MARKET_KEY,"subscript[... ""model""]",model,,quotes.extended.totalVolume;quotes.quote.totalVolume;chains.callExpDateMap.*.totalVolume,V3 G1 Python,NOT_MARKET_DATA,,,NOT_MARKET_DATA: scoped mechanical classifier tail; production wire reads tracked in governance/SCHWAB_V4_REVIEW_MEMOS cone walk
ce77fd9c62ae9eb1cb08,python,ml_predict.py,511,27,ATTRIBUTE_MARKET,attr .size,size,chains.callExpDateMap.*.askSize;chains.callExpDateMap.*.bidAskSize;chains.callExpDateMap.*.bidSize;chains.callExpDateMap.*.lastSize;chains.putExpDateMap.*.askSize;chains.putExpDateMap.*.bidAskSize;chains.putExpDateMap.*.bidSize;chains.putExpDateMap.*.lastSize;chains.underlying.askSize;chains.underlying.bidSize;quotes.extended.askSize;quotes.extended.bidSize;quotes.extended.lastSize;quotes.quote.askSize;quotes.quote.bidSize;quotes.quote.lastSize;quotes.regular.regularMarketLastSize;streaming.content.*.ASK_SIZE;streaming.content.*.BID_SIZE;streaming.content.*.LAST_SIZE;streaming.content.*.REGULAR_MARKET_LAST_SIZE,quotes.extended.askSize;quotes.extended.bidSize;quotes.quote.askSize,V3 G1 Python,NOT_MARKET_DATA,,,NOT_MARKET_DATA: scoped mechanical classifier tail; production wire reads tracked in governance/SCHWAB_V4_REVIEW_MEMOS cone walk
f365bfdabf6103da3bf7,python,ml_predict.py,516,26,BINOP_MARKET_IDENT,BinOp with CSV-vocabulary identifiers,float,instruments.*.fundamental.marketCapFloat;instruments.*.fundamental.shortIntToFloat,chains.callExpDateMap.*.theoreticalVolatility;chains.callExpDateMap.*.totalVolume;chains.putExpDateMap.*.theoreticalVolatility,V3 G1 Python,NOT_MARKET_DATA,,,NOT_MARKET_DATA: scoped mechanical classifier tail; production wire reads tracked in governance/SCHWAB_V4_REVIEW_MEMOS cone walk
6441cd643938bb2f3f6b,python,ml_predict.py,516,53,BINOP_MARKET_IDENT,BinOp with CSV-vocabulary identifiers,float,instruments.*.fundamental.marketCapFloat;instruments.*.fundamental.shortIntToFloat,chains.callExpDateMap.*.theoreticalVolatility;chains.callExpDateMap.*.totalVolume;chains.putExpDateMap.*.theoreticalVolatility,V3 G1 Python,NOT_MARKET_DATA,,,NOT_MARKET_DATA: scoped mechanical classifier tail; production wire reads tracked in governance/SCHWAB_V4_REVIEW_MEMOS cone walk
143f2c87ec653f4f9438,python,ml_predict.py,517,27,ATTRIBUTE_MARKET,attr .size,size,chains.callExpDateMap.*.askSize;chains.callExpDateMap.*.bidAskSize;chains.callExpDateMap.*.bidSize;chains.callExpDateMap.*.lastSize;chains.putExpDateMap.*.askSize;chains.putExpDateMap.*.bidAskSize;chains.putExpDateMap.*.bidSize;chains.putExpDateMap.*.lastSize;chains.underlying.askSize;chains.underlying.bidSize;quotes.extended.askSize;quotes.extended.bidSize;quotes.extended.lastSize;quotes.quote.askSize;quotes.quote.bidSize;quotes.quote.lastSize;quotes.regular.regularMarketLastSize;streaming.content.*.ASK_SIZE;streaming.content.*.BID_SIZE;streaming.content.*.LAST_SIZE;streaming.content.*.REGULAR_MARKET_LAST_SIZE,quotes.extended.askSize;quotes.extended.bidSize;quotes.quote.askSize,V3 G1 Python,NOT_MARKET_DATA,,,NOT_MARKET_DATA: scoped mechanical classifier tail; production wire reads tracked in governance/SCHWAB_V4_REVIEW_MEMOS cone walk
aca03499e404431c5230,python,ml_predict.py,570,42,DICT_GET_MARKET_DEFAULT,".get('category_maps', default)",category_maps get,,chains.putExpDateMap.*.gamma;chains.putExpDateMap.*.theta;chains.putExpDateMap.*.vega,V3 G1 Python,NOT_MARKET_DATA,,,NOT_MARKET_DATA: scoped mechanical classifier tail; production wire reads tracked in governance/SCHWAB_V4_REVIEW_MEMOS cone walk
24957fa1ba08971ddb90,python,ml_predict.py,603,30,SUBSCRIPT_MARKET_KEY,"subscript[... ""category_maps""]",category_maps,,chains.putExpDateMap.*.gamma;chains.callExpDateMap.*.gamma;chains.putExpDateMap.*.totalVolume,V3 G1 Python,NOT_MARKET_DATA,,,NOT_MARKET_DATA: scoped mechanical classifier tail; production wire reads tracked in governance/SCHWAB_V4_REVIEW_MEMOS cone walk
b1a4aa804fa85a36b415,python,ml_predict.py,616,26,SUBSCRIPT_MARKET_KEY,"subscript[... ""model""]",model,,quotes.extended.totalVolume;quotes.quote.totalVolume;chains.callExpDateMap.*.totalVolume,V3 G1 Python,NOT_MARKET_DATA,,,NOT_MARKET_DATA: scoped mechanical classifier tail; production wire reads tracked in governance/SCHWAB_V4_REVIEW_MEMOS cone walk
49b919436fe2817c0509,python,ml_predict.py,619,20,SUBSCRIPT_MARKET_KEY,"subscript[... ""model""]",model,,quotes.extended.totalVolume;quotes.quote.totalVolume;chains.callExpDateMap.*.totalVolume,V3 G1 Python,NOT_MARKET_DATA,,,NOT_MARKET_DATA: scoped mechanical classifier tail; production wire reads tracked in governance/SCHWAB_V4_REVIEW_MEMOS cone walk
322e5e118039ee4afee7,python,ml_predict.py,834,21,CALL_NAMED_DERIVATION,call model,model,,quotes.extended.totalVolume;quotes.quote.totalVolume;chains.callExpDateMap.*.totalVolume,V3 G1 call name in CSV vocabulary,NOT_MARKET_DATA,,,NOT_MARKET_DATA: scoped mechanical classifier tail; production wire reads tracked in governance/SCHWAB_V4_REVIEW_MEMOS cone walk
e09e1de379e1f3cae2f4,python,ml_predict.py,834,27,ATTRIBUTE_MARKET,attr .float,float,instruments.*.fundamental.marketCapFloat;instruments.*.fundamental.shortIntToFloat,chains.callExpDateMap.*.theoreticalVolatility;chains.callExpDateMap.*.totalVolume;chains.putExpDateMap.*.theoreticalVolatility,V3 G1 Python,NOT_MARKET_DATA,,,NOT_MARKET_DATA: scoped mechanical classifier tail; production wire reads tracked in governance/SCHWAB_V4_REVIEW_MEMOS cone walk
ba7d24a7013ce9dbba94,python,ml_predict.py,835,27,ATTRIBUTE_MARKET,attr .float,float,instruments.*.fundamental.marketCapFloat;instruments.*.fundamental.shortIntToFloat,chains.callExpDateMap.*.theoreticalVolatility;chains.callExpDateMap.*.totalVolume;chains.putExpDateMap.*.theoreticalVolatility,V3 G1 Python,NOT_MARKET_DATA,,,NOT_MARKET_DATA: scoped mechanical classifier tail; production wire reads tracked in governance/SCHWAB_V4_REVIEW_MEMOS cone walk
eaa1544140859c8e02ad,python,ml_predict.py,836,27,ATTRIBUTE_MARKET,attr .float,float,instruments.*.fundamental.marketCapFloat;instruments.*.fundamental.shortIntToFloat,chains.callExpDateMap.*.theoreticalVolatility;chains.callExpDateMap.*.totalVolume;chains.putExpDateMap.*.theoreticalVolatility,V3 G1 Python,NOT_MARKET_DATA,,,NOT_MARKET_DATA: scoped mechanical classifier tail; production wire reads tracked in governance/SCHWAB_V4_REVIEW_MEMOS cone walk
bc4fb2104fef169a1478,python,ml_predict.py,868,80,ATTRIBUTE_MARKET,attr .name,name,chains.callExpDateMap.*.exchangeName;chains.putExpDateMap.*.exchangeName;chains.underlying.exchangeName;market_hours.bond.BON.productName;market_hours.equity.EQ.productName;market_hours.future.ADA.productName;market_hours.future.AW.productName;market_hours.future.BFF.productName;market_hours.future.BTC.productName;market_hours.future.BZ.productName;market_hours.future.CB.productName;market_hours.future.CL.productName;market_hours.future.CZK.productName;market_hours.future.DC.productName;market_hours.future.E7.productName;market_hours.future.ECK.productName;market_hours.future.EHF.productName;market_hours.future.EMD.productName;market_hours.future.ES.productName;market_hours.future.ETH.productName;market_hours.future.GC.productName;market_hours.future.GF.productName;market_hours.future.HE.productName;market_hours.future.HG.productName;market_hours.future.HO.productName,chains.callExpDateMap.*.gamma;chains.putExpDateMap.*.gamma;chains.callExpDateMap.*.vega,V3 G1 Python,NOT_MARKET_DATA,,,NOT_MARKET_DATA: scoped mechanical classifier tail; production wire reads tracked in governance/SCHWAB_V4_REVIEW_MEMOS cone walk
4069186489d24f28b66c,python,ml_predict.py,892,20,DICT_GET_MARKET_DEFAULT,".get('seq_len', default)",seq_len get,,quotes.quote.52WeekHigh;quotes.quote.52WeekLow;chains.putExpDateMap.*.high52Week,V3 G1 Python,NOT_MARKET_DATA,,,NOT_MARKET_DATA: scoped mechanical classifier tail; production wire reads tracked in governance/SCHWAB_V4_REVIEW_MEMOS cone walk
552e17dae959af13af72,python,ml_predict.py,894,30,SUBSCRIPT_MARKET_KEY,"subscript[... ""model_state""]",model_state,,quotes.extended.totalVolume;streaming.content.*.ASKS.*.TOTAL_VOLUME;quotes.extended.askSize,V3 G1 Python,NOT_MARKET_DATA,,,NOT_MARKET_DATA: scoped mechanical classifier tail; production wire reads tracked in governance/SCHWAB_V4_REVIEW_MEMOS cone walk
8b2a7a63d94b5f11c4b4,python,ml_predict.py,943,18,DICT_GET_MARKET_DEFAULT,".get('seq_len', default)",seq_len get,,quotes.quote.52WeekHigh;quotes.quote.52WeekLow;chains.putExpDateMap.*.high52Week,V3 G1 Python,NOT_MARKET_DATA,,,NOT_MARKET_DATA: scoped mechanical classifier tail; production wire reads tracked in governance/SCHWAB_V4_REVIEW_MEMOS cone walk
0ae2b58f7edc690ea6ab,python,ml_predict.py,1037,21,CALL_NAMED_DERIVATION,call model,model,,quotes.extended.totalVolume;quotes.quote.totalVolume;chains.callExpDateMap.*.totalVolume,V3 G1 call name in CSV vocabulary,NOT_MARKET_DATA,,,NOT_MARKET_DATA: scoped mechanical classifier tail; production wire reads tracked in governance/SCHWAB_V4_REVIEW_MEMOS cone walk
ad0b66f724eb353c3b2b,python,ml_predict.py,1037,27,ATTRIBUTE_MARKET,attr .float,float,instruments.*.fundamental.marketCapFloat;instruments.*.fundamental.shortIntToFloat,chains.callExpDateMap.*.theoreticalVolatility;chains.callExpDateMap.*.totalVolume;chains.putExpDateMap.*.theoreticalVolatility,V3 G1 Python,NOT_MARKET_DATA,,,NOT_MARKET_DATA: scoped mechanical classifier tail; production wire reads tracked in governance/SCHWAB_V4_REVIEW_MEMOS cone walk
931e9cfe6ee99ba13669,python,ml_predict.py,1146,11,REGISTRY_DISPATCH,string-keyed dict len=3,up down flat,,chains.putExpDateMap.*.totalVolume;chains.callExpDateMap.*.totalVolume;quotes.fundamental.divPayDate,V3 G2 registry sweep,NOT_MARKET_DATA,,,NOT_MARKET_DATA: scoped mechanical classifier tail; production wire reads tracked in governance/SCHWAB_V4_REVIEW_MEMOS cone walk
cb2c78d8e6c9e7e4fe63,python,ml_predict.py,1264,18,REGISTRY_DISPATCH,string-keyed dict len=3,xgb lstm transformer,,streaming.content.*.ASKS;movers.screeners.*.totalVolume;quotes.regular.regularMarketLastSize,V3 G2 registry sweep,NOT_MARKET_DATA,,,NOT_MARKET_DATA: scoped mechanical classifier tail; production wire reads tracked in governance/SCHWAB_V4_REVIEW_MEMOS cone walk
48b537df8ad634bfc895,python,ml_predict.py,1284,20,REGISTRY_DISPATCH,string-keyed dict len=3,xgb lstm transformer,,streaming.content.*.ASKS;movers.screeners.*.totalVolume;quotes.regular.regularMarketLastSize,V3 G2 registry sweep,NOT_MARKET_DATA,,,NOT_MARKET_DATA: scoped mechanical classifier tail; production wire reads tracked in governance/SCHWAB_V4_REVIEW_MEMOS cone walk
c5a3fb8ec294ea8cc1da,python,ml_predict.py,1320,8,DICT_LITERAL_MARKET_KEY,dict key 'model_outputs',model_outputs,,quotes.quote.totalVolume;quotes.extended.totalVolume;chains.putExpDateMap.*.totalVolume,V3 G1 Python,NOT_MARKET_DATA,,,NOT_MARKET_DATA: scoped mechanical classifier tail; production wire reads tracked in governance/SCHWAB_V4_REVIEW_MEMOS cone walk
6b684a1097d117155252,python,ml_predict.py,1407,22,REGISTRY_DISPATCH,string-keyed dict len=3,xgb lstm transformer,,streaming.content.*.ASKS;movers.screeners.*.totalVolume;quotes.regular.regularMarketLastSize,V3 G2 registry sweep,NOT_MARKET_DATA,,,NOT_MARKET_DATA: scoped mechanical classifier tail; production wire reads tracked in governance/SCHWAB_V4_REVIEW_MEMOS cone walk
ca54eaf99fc6fe036a9d,python,ml_predict.py,1412,24,REGISTRY_DISPATCH,string-keyed dict len=3,xgb lstm transformer,,streaming.content.*.ASKS;movers.screeners.*.totalVolume;quotes.regular.regularMarketLastSize,V3 G2 registry sweep,NOT_MARKET_DATA,,,NOT_MARKET_DATA: scoped mechanical classifier tail; production wire reads tracked in governance/SCHWAB_V4_REVIEW_MEMOS cone walk
6fa33e8624638f64d7f8,python,ml_predict.py,1431,13,REGISTRY_DISPATCH,string-keyed dict len=3,1_xgb 2_lstm 3_transformer,,streaming.content.*.ASKS;streaming.content.*.ASK_SIZE;streaming.content.*.ASKS.*.ASK_PRICE,V3 G2 registry sweep,NOT_MARKET_DATA,,,NOT_MARKET_DATA: scoped mechanical classifier tail; production wire reads tracked in governance/SCHWAB_V4_REVIEW_MEMOS cone walk
1b29a8089f0cbebbf726,python,ml_predict.py,1453,8,DICT_LITERAL_MARKET_KEY,dict key 'model_outputs',model_outputs,,quotes.quote.totalVolume;quotes.extended.totalVolume;chains.putExpDateMap.*.totalVolume,V3 G1 Python,NOT_MARKET_DATA,,,NOT_MARKET_DATA: scoped mechanical classifier tail; production wire reads tracked in governance/SCHWAB_V4_REVIEW_MEMOS cone walk
59be43cc397ed8697d22,python,ml_predict.py,1509,11,SUBSCRIPT_MARKET_KEY,"subscript[... ""model_outputs""]",model_outputs,,quotes.quote.totalVolume;quotes.extended.totalVolume;chains.putExpDateMap.*.totalVolume,V3 G1 Python,NOT_MARKET_DATA,,,NOT_MARKET_DATA: scoped mechanical classifier tail; production wire reads tracked in governance/SCHWAB_V4_REVIEW_MEMOS cone walk
5c366607f84195fe3254,cross_validator,ml_predict.py,2,0,pattern_kind_miss,Ed Console - ML Prediction Module (Phase 4 - Stacked Ensemble),prediction,,chains.callExpDateMap.*.delta;chains.putExpDateMap.*.delta;chains.callExpDateMap.*.theta,V3 G2 cross-validator (CSV vocabulary),NOT_MARKET_DATA,,,module docstring (AST); tools/track_a_module_docstring_nmd_pass.py
0f478048b3632feeb4bb,cross_validator,ml_predict.py,8,0,pattern_kind_miss,        XGBoost     - tabular snapshot features (per-ticker model),per model,instruments.*.fundamental.bookValuePerShare,chains.putExpDateMap.*.theta;chains.putExpDateMap.*.rho;quotes.quote.askSize,V3 G2 cross-validator (CSV vocabulary),NOT_MARKET_DATA,,,module docstring (AST); tools/track_a_module_docstring_nmd_pass.py
447ed29ac77ad09e7d31,cross_validator,ml_predict.py,9,0,pattern_kind_miss,        LSTM        - dual-stream candle sequences (shared model),model,,chains.callExpDateMap.*.delta;chains.callExpDateMap.*.theta;chains.callExpDateMap.*.gamma,V3 G2 cross-validator (CSV vocabulary),NOT_MARKET_DATA,,,module docstring (AST); tools/track_a_module_docstring_nmd_pass.py
06d022aa4e123805067a,cross_validator,ml_predict.py,10,0,pattern_kind_miss,        Transformer - attention-based candle sequences (shared model),model,,chains.callExpDateMap.*.theta;chains.putExpDateMap.*.delta;chains.putExpDateMap.*.theta,V3 G2 cross-validator (CSV vocabulary),NOT_MARKET_DATA,,,module docstring (AST); tools/track_a_module_docstring_nmd_pass.py
c8edfc8718b14a7e6948,cross_validator,ml_predict.py,18,0,pattern_kind_miss,Fallback chain:,chain,chains.isChainTruncated,chains.callExpDateMap.*.theoreticalVolatility;chains.callExpDateMap.*.askSize;chains.callExpDateMap.*.highPrice,V3 G2 cross-validator (CSV vocabulary),NOT_MARKET_DATA,,,module docstring (AST); tools/track_a_module_docstring_nmd_pass.py
4ec43bac45cf1907bba4,cross_validator,ml_predict.py,69,0,pattern_kind_miss,"    """"""Loaded artifact expects cascade (upstream model) tensors; parallel runtime forbids that coupling.""""""",model,,chains.callExpDateMap.*.bidSize;chains.callExpDateMap.*.askSize;chains.putExpDateMap.*.bidSize,V3 G2 cross-validator (CSV vocabulary),NOT_MARKET_DATA,,,NOT_MARKET_DATA: scoped mechanical classifier tail; production wire reads tracked in governance/SCHWAB_V4_REVIEW_MEMOS cone walk
eaad81faf900603f59c5,cross_validator,ml_predict.py,76,0,pattern_kind_miss,"    return f""{_INFER_ARCHITECTURE.get()}:{ticker.upper()}""",return,instruments.*.fundamental.returnOnAssets;instruments.*.fundamental.returnOnEquity;instruments.*.fundamental.returnOnInvestment,streaming.content.*.BIDS.*.BID_PRICE;streaming.content.*.BID_SIZE;streaming.content.*.ASK_SIZE,V3 G2 cross-validator (CSV vocabulary),NOT_MARKET_DATA,,,NOT_MARKET_DATA: scoped mechanical classifier tail; production wire reads tracked in governance/SCHWAB_V4_REVIEW_MEMOS cone walk
7a160975dbfaf0d7b91d,cross_validator,ml_predict.py,81,0,pattern_kind_miss,    In-memory cache key for base stack models (XGB / LSTM / Transformer / meta).,key,streaming.content.*.key,chains.callExpDateMap.*.rho;movers.screeners.*.totalVolume;chains.putExpDateMap.*.rho,V3 G2 cross-validator (CSV vocabulary),NOT_MARKET_DATA,,,NOT_MARKET_DATA: scoped mechanical classifier tail; production wire reads tracked in governance/SCHWAB_V4_REVIEW_MEMOS cone walk
b370547f068fa8904de7,cross_validator,ml_predict.py,87,0,pattern_kind_miss,"    return f""{_reg_key(ticker)}:{su}""",return,instruments.*.fundamental.returnOnAssets;instruments.*.fundamental.returnOnEquity;instruments.*.fundamental.returnOnInvestment,quotes.quote.bidSize;quotes.quote.askSize;quotes.extended.askSize,V3 G2 cross-validator (CSV vocabulary),NOT_MARKET_DATA,,,NOT_MARKET_DATA: scoped mechanical classifier tail; production wire reads tracked in governance/SCHWAB_V4_REVIEW_MEMOS cone walk
239c5540872d655d0fd1,cross_validator,ml_predict.py,94,0,pattern_kind_miss,        yield,yield,chains.dividendYield;instruments.*.fundamental.dividendYield;quotes.fundamental.divYield;streaming.content.*.DIVIDEND_YIELD,chains.callExpDateMap.*.high52Week;chains.callExpDateMap.*.volatility;chains.volatility,V3 G2 cross-validator (CSV vocabulary),NOT_MARKET_DATA,,,NOT_MARKET_DATA: scoped mechanical classifier tail; production wire reads tracked in governance/SCHWAB_V4_REVIEW_MEMOS cone walk
e9be4e122d0fe8da5bf1,cross_validator,ml_predict.py,99,0,pattern_kind_miss,# Scheduler / eval sets this when loading non-1c artifacts from a candidate directory.,non,chains.callExpDateMap.*.nonStandard;chains.putExpDateMap.*.nonStandard,chains.callExpDateMap.*.askSize;chains.callExpDateMap.*.bidSize;chains.callExpDateMap.*.theta,V3 G2 cross-validator (CSV vocabulary),NOT_MARKET_DATA,,,NOT_MARKET_DATA: scoped mechanical classifier tail; production wire reads tracked in governance/SCHWAB_V4_REVIEW_MEMOS cone walk
20d3dfcfcc5a9e8742ae,cross_validator,ml_predict.py,106,0,pattern_kind_miss,    return normalize_ml_horizon_slug(_ml_infer_horizon_cv.get()),return,instruments.*.fundamental.returnOnAssets;instruments.*.fundamental.returnOnEquity;instruments.*.fundamental.returnOnInvestment,chains.underlying.totalVolume;streaming.content.*.BID_SIZE;pricehistory.candles.*.volume,V3 G2 cross-validator (CSV vocabulary),NOT_MARKET_DATA,,,NOT_MARKET_DATA: scoped mechanical classifier tail; production wire reads tracked in governance/SCHWAB_V4_REVIEW_MEMOS cone walk
819659145cb7f8982c18,cross_validator,ml_predict.py,110,0,pattern_kind_miss,    return _ml_infer_horizon_cv.set(normalize_ml_horizon_slug(slug)),return,instruments.*.fundamental.returnOnAssets;instruments.*.fundamental.returnOnEquity;instruments.*.fundamental.returnOnInvestment,chains.underlying.totalVolume;pricehistory.candles.*.volume;streaming.content.*.BID_SIZE,V3 G2 cross-validator (CSV vocabulary),NOT_MARKET_DATA,,,NOT_MARKET_DATA: scoped mechanical classifier tail; production wire reads tracked in governance/SCHWAB_V4_REVIEW_MEMOS cone walk
7062a73a149a4654e60b,cross_validator,ml_predict.py,118,0,pattern_kind_miss,"    """"""Dict key for stacked ML probabilities in run_base_models_once / signals.ml_bundle (Issue 15).""""""",key,streaming.content.*.key,quotes.quote.bidSize;quotes.quote.askSize;chains.callExpDateMap.*.bidSize,V3 G2 cross-validator (CSV vocabulary),NOT_MARKET_DATA,,,NOT_MARKET_DATA: scoped mechanical classifier tail; production wire reads tracked in governance/SCHWAB_V4_REVIEW_MEMOS cone walk
a125738feb20f028866f,cross_validator,ml_predict.py,119,0,pattern_kind_miss,"    return f""stack_probs_{get_ml_infer_horizon_slug()}""",return,instruments.*.fundamental.returnOnAssets;instruments.*.fundamental.returnOnEquity;instruments.*.fundamental.returnOnInvestment,quotes.quote.askSize;streaming.content.*.BID_SIZE;streaming.content.*.ASK_SIZE,V3 G2 cross-validator (CSV vocabulary),NOT_MARKET_DATA,,,NOT_MARKET_DATA: scoped mechanical classifier tail; production wire reads tracked in governance/SCHWAB_V4_REVIEW_MEMOS cone walk
77de55837d67842076c9,cross_validator,ml_predict.py,129,0,pattern_kind_miss,        return None,return,instruments.*.fundamental.returnOnAssets;instruments.*.fundamental.returnOnEquity;instruments.*.fundamental.returnOnInvestment,quotes.reference.htbRate;quotes.reference.isHardToBorrow;market_hours.future.RME.category,V3 G2 cross-validator (CSV vocabulary),NOT_MARKET_DATA,,,NOT_MARKET_DATA: scoped mechanical classifier tail; production wire reads tracked in governance/SCHWAB_V4_REVIEW_MEMOS cone walk
19cd43c440b152bce041,cross_validator,ml_predict.py,131,0,pattern_kind_miss,        return row,return,instruments.*.fundamental.returnOnAssets;instruments.*.fundamental.returnOnEquity;instruments.*.fundamental.returnOnInvestment,market_hours.future.RTY.isOpen;market_hours.future.ZR.isOpen;market_hours.future.RB.isOpen,V3 G2 cross-validator (CSV vocabulary),NOT_MARKET_DATA,,,NOT_MARKET_DATA: scoped mechanical classifier tail; production wire reads tracked in governance/SCHWAB_V4_REVIEW_MEMOS cone walk
174b13e81e2641a40ce3,cross_validator,ml_predict.py,133,0,pattern_kind_miss,        return dict(row),return,instruments.*.fundamental.returnOnAssets;instruments.*.fundamental.returnOnEquity;instruments.*.fundamental.returnOnInvestment,streaming.content.*.BIDS.*.BID_PRICE;streaming.content.*.BID_SIZE;quotes.quote.bidSize,V3 G2 cross-validator (CSV vocabulary),NOT_MARKET_DATA,,,NOT_MARKET_DATA: scoped mechanical classifier tail; production wire reads tracked in governance/SCHWAB_V4_REVIEW_MEMOS cone walk
d02f5d5ae774aab342ab,cross_validator,ml_predict.py,135,0,pattern_kind_miss,        return None,return,instruments.*.fundamental.returnOnAssets;instruments.*.fundamental.returnOnEquity;instruments.*.fundamental.returnOnInvestment,quotes.reference.htbRate;quotes.reference.isHardToBorrow;market_hours.future.RME.category,V3 G2 cross-validator (CSV vocabulary),NOT_MARKET_DATA,,,NOT_MARKET_DATA: scoped mechanical classifier tail; production wire reads tracked in governance/SCHWAB_V4_REVIEW_MEMOS cone walk
70aba482023cb6eb470e,cross_validator,ml_predict.py,138,0,pattern_kind_miss,def _require_as_of_ts_utc_for_sequence_db(inference_snapshot_v1: dict | None) -> float:,float,instruments.*.fundamental.marketCapFloat;instruments.*.fundamental.shortIntToFloat,quotes.quote.askSize;quotes.quote.bidSize;quotes.extended.askSize,V3 G2 cross-validator (CSV vocabulary),NOT_MARKET_DATA,,,NOT_MARKET_DATA: scoped mechanical classifier tail; production wire reads tracked in governance/SCHWAB_V4_REVIEW_MEMOS cone walk
38f313d1fc44cad24405,cross_validator,ml_predict.py,142,0,pattern_kind_miss,"            ""LSTM/Transformer sequence inference requires inference_snapshot_v1 with as_of_ts """,sequence,streaming.content.*.ASKS.*.ASKS.*.SEQUENCE;streaming.content.*.BIDS.*.BIDS.*.SEQUENCE;streaming.content.*.SEQUENCE,quotes.quote.askSize;streaming.content.*.ASK_SIZE;quotes.extended.askSize,V3 G2 cross-validator (CSV vocabulary),NOT_MARKET_DATA,,,NOT_MARKET_DATA: scoped mechanical classifier tail; production wire reads tracked in governance/SCHWAB_V4_REVIEW_MEMOS cone walk
0bb2a5a5f1dd798bcaa2,cross_validator,ml_predict.py,149,0,pattern_kind_miss,"            ""(strict causal cutoff: only snapshots with ts_utc < as_of_ts are used from the DB; """,only the,chains.callExpDateMap.*.inTheMoney;chains.putExpDateMap.*.inTheMoney,quotes.quote.askSize;quotes.quote.bidSize;chains.putExpDateMap.*.askSize,V3 G2 cross-validator (CSV vocabulary),NOT_MARKET_DATA,,,NOT_MARKET_DATA: scoped mechanical classifier tail; production wire reads tracked in governance/SCHWAB_V4_REVIEW_MEMOS cone walk
6ae7f586596fa931cfc9,cross_validator,ml_predict.py,150,0,pattern_kind_miss,"            ""the current bar MVP is merged from inference_snapshot_v1).""",the current bar,chains.callExpDateMap.*.inTheMoney;chains.putExpDateMap.*.inTheMoney;instruments.*.fundamental.currentRatio,chains.putExpDateMap.*.rho;streaming.content.*.BID_SIZE;streaming.content.*.ASK_SIZE,V3 G2 cross-validator (CSV vocabulary),NOT_MARKET_DATA,,,NOT_MARKET_DATA: scoped mechanical classifier tail; production wire reads tracked in governance/SCHWAB_V4_REVIEW_MEMOS cone walk
39947ab3a520b618fcf9,cross_validator,ml_predict.py,152,0,pattern_kind_miss,    return float(ts),return float,instruments.*.fundamental.returnOnAssets;instruments.*.fundamental.returnOnEquity;instruments.*.fundamental.returnOnInvestment;instruments.*.fundamental.marketCapFloat;instruments.*.fundamental.shortIntToFloat,chains.putExpDateMap.*.theoreticalVolatility;streaming.content.*.ASKS.*.TOTAL_VOLUME;streaming.content.*.BIDS.*.TOTAL_VOLUME,V3 G2 cross-validator (CSV vocabulary),NOT_MARKET_DATA,,,NOT_MARKET_DATA: scoped mechanical classifier tail; production wire reads tracked in governance/SCHWAB_V4_REVIEW_MEMOS cone walk
9bad36e8137098adb45a,cross_validator,ml_predict.py,158,0,pattern_kind_miss,"        return np.array([u, u, u], dtype=np.float32)",return,instruments.*.fundamental.returnOnAssets;instruments.*.fundamental.returnOnEquity;instruments.*.fundamental.returnOnInvestment,quotes.regular.regularMarketLastPrice;quotes.regular.regularMarketLastSize;chains.underlying.totalVolume,V3 G2 cross-validator (CSV vocabulary),NOT_MARKET_DATA,,,NOT_MARKET_DATA: scoped mechanical classifier tail; production wire reads tracked in governance/SCHWAB_V4_REVIEW_MEMOS cone walk
b1b61f4b7a274cad7dc1,cross_validator,ml_predict.py,159,0,pattern_kind_miss,    return np.array(,return,instruments.*.fundamental.returnOnAssets;instruments.*.fundamental.returnOnEquity;instruments.*.fundamental.returnOnInvestment,pricehistory.candles;market_hours.future._2YY.sessionHours.regularMarket.*.start;market_hours.future.XRP.sessionHours.regularMarket.*.start,V3 G2 cross-validator (CSV vocabulary),NOT_MARKET_DATA,,,NOT_MARKET_DATA: scoped mechanical classifier tail; production wire reads tracked in governance/SCHWAB_V4_REVIEW_MEMOS cone walk
b19aa314b61bd0f19b43,cross_validator,ml_predict.py,160,0,pattern_kind_miss,"        [float(p.get(""up"", u)), float(p.get(""down"", u)), float(p.get(""flat"", u))],",float,instruments.*.fundamental.marketCapFloat;instruments.*.fundamental.shortIntToFloat,chains.putExpDateMap.*.theoreticalVolatility;chains.callExpDateMap.*.theoreticalVolatility;chains.callExpDateMap.*.volatility,V3 G2 cross-validator (CSV vocabulary),NOT_MARKET_DATA,,,NOT_MARKET_DATA: scoped mechanical classifier tail; production wire reads tracked in governance/SCHWAB_V4_REVIEW_MEMOS cone walk
c57415a183254f96eecf,cross_validator,ml_predict.py,167,0,pattern_kind_miss,"    Match transformer_train.train_transformer: per-column normalize using raw means/stds,",per,instruments.*.fundamental.bookValuePerShare,streaming.content.*.REGULAR_MARKET_TRADE_MILLIS;streaming.content.*.ASKS;streaming.content.*.ASKS.*.ASK_PRICE,V3 G2 cross-validator (CSV vocabulary),NOT_MARKET_DATA,,,NOT_MARKET_DATA: scoped mechanical classifier tail; production wire reads tracked in governance/SCHWAB_V4_REVIEW_MEMOS cone walk
c7131d2da163ae85883f,cross_validator,ml_predict.py,168,0,pattern_kind_miss,    then keep columns where feature_mask is True (same order as training).,order,,chains.putExpDateMap.*.theta;chains.putExpDateMap.*.rho;chains.putExpDateMap.*.vega,V3 G2 cross-validator (CSV vocabulary),NOT_MARKET_DATA,,,NOT_MARKET_DATA: scoped mechanical classifier tail; production wire reads tracked in governance/SCHWAB_V4_REVIEW_MEMOS cone walk
0f7de13781326c5f1d47,cross_validator,ml_predict.py,177,0,pattern_kind_miss,    # Train-time bug once saved full-width mean/std with per-position mask; repair at inference.,time per,chains.callExpDateMap.*.quoteTimeInLong;chains.callExpDateMap.*.timeValue;chains.callExpDateMap.*.tradeTimeInLong;chains.putExpDateMap.*.quoteTimeInLong;chains.putExpDateMap.*.timeValue;chains.putExpDateMap.*.tradeTimeInLong;chains.underlying.quoteTime;chains.underlying.tradeTime;quotes.extended.quoteTime;quotes.extended.tradeTime;quotes.quote.askTime;quotes.quote.bidTime;quotes.quote.quoteTime;quotes.quote.tradeTime;quotes.regular.regularMarketTradeTime;streaming.content.*.ASK_TIME_MILLIS;streaming.content.*.BID_TIME_MILLIS;streaming.content.*.BOOK_TIME;streaming.content.*.CHART_TIME_MILLIS;streaming.content.*.QUOTE_TIME_MILLIS;streaming.content.*.TRADE_TIME_MILLIS;instruments.*.fundamental.bookValuePerShare,chains.putExpDateMap.*.theta;chains.putExpDateMap.*.delta;chains.putExpDateMap.*.rho,V3 G2 cross-validator (CSV vocabulary),NOT_MARKET_DATA,,,NOT_MARKET_DATA: scoped mechanical classifier tail; production wire reads tracked in governance/SCHWAB_V4_REVIEW_MEMOS cone walk
18a1fc694271a7345f76,cross_validator,ml_predict.py,189,0,pattern_kind_miss,"    return np.nan_to_num(np.stack(parts, axis=2), nan=0.0, posinf=0.0, neginf=0.0)",return,instruments.*.fundamental.returnOnAssets;instruments.*.fundamental.returnOnEquity;instruments.*.fundamental.returnOnInvestment,chains.putExpDateMap.*.multiplier;chains.putExpDateMap.*.pennyPilot;chains.putExpDateMap.*.putCall,V3 G2 cross-validator (CSV vocabulary),NOT_MARKET_DATA,,,NOT_MARKET_DATA: scoped mechanical classifier tail; production wire reads tracked in governance/SCHWAB_V4_REVIEW_MEMOS cone walk
e1e1399f96f4a812e0b6,cross_validator,ml_predict.py,194,0,pattern_kind_miss,"# Per-(ticker, horizon) model registry — loaded on first call per slug",per model call,instruments.*.fundamental.bookValuePerShare;chains.callExpDateMap;chains.callExpDateMap.*;chains.callExpDateMap.*.ask;chains.callExpDateMap.*.askSize;chains.callExpDateMap.*.bid;chains.callExpDateMap.*.bidAskSize;chains.callExpDateMap.*.bidSize;chains.callExpDateMap.*.closePrice;chains.callExpDateMap.*.daysToExpiration;chains.callExpDateMap.*.deliverableNote;chains.callExpDateMap.*.delta;chains.callExpDateMap.*.description;chains.callExpDateMap.*.exchangeName;chains.callExpDateMap.*.exerciseType;chains.callExpDateMap.*.expirationDate;chains.callExpDateMap.*.expirationType;chains.callExpDateMap.*.extrinsicValue;chains.callExpDateMap.*.gamma;chains.callExpDateMap.*.high52Week;chains.callExpDateMap.*.highPrice;chains.callExpDateMap.*.inTheMoney;chains.callExpDateMap.*.intrinsicValue;chains.callExpDateMap.*.last;chains.callExpDateMap.*.lastSize,pricehistory.candles.*.volume;chains.callExpDateMap.*.rho;chains.callExpDateMap.*.theoreticalVolatility,V3 G2 cross-validator (CSV vocabulary),NOT_MARKET_DATA,,,NOT_MARKET_DATA: scoped mechanical classifier tail; production wire reads tracked in governance/SCHWAB_V4_REVIEW_MEMOS cone walk
3ff6b81178a67b0cef95,cross_validator,ml_predict.py,195,0,pattern_kind_miss,"_xgb_registry   = {}   # _model_registry_key -> {model, meta, feature_names, category_maps, vol_medians}",model,,chains.callExpDateMap.*.delta;chains.callExpDateMap.*.vega;chains.callExpDateMap.*.gamma,V3 G2 cross-validator (CSV vocabulary),NOT_MARKET_DATA,,,NOT_MARKET_DATA: scoped mechanical classifier tail; production wire reads tracked in governance/SCHWAB_V4_REVIEW_MEMOS cone walk
5ee9c439b088f67ab849,cross_validator,ml_predict.py,198,0,pattern_kind_miss,"_lstm_registry  = {}   # _model_registry_key -> (model, checkpoint)",model,,quotes.quote.askSize;quotes.quote.bidSize;pricehistory.candles.*.volume,V3 G2 cross-validator (CSV vocabulary),NOT_MARKET_DATA,,,NOT_MARKET_DATA: scoped mechanical classifier tail; production wire reads tracked in governance/SCHWAB_V4_REVIEW_MEMOS cone walk
be99c0d11e7621cfcc14,cross_validator,ml_predict.py,199,0,pattern_kind_miss,"_trans_registry = {}   # _model_registry_key -> (model, checkpoint)",model,,quotes.quote.askSize;quotes.quote.bidSize;streaming.content.*.ASK_SIZE,V3 G2 cross-validator (CSV vocabulary),NOT_MARKET_DATA,,,NOT_MARKET_DATA: scoped mechanical classifier tail; production wire reads tracked in governance/SCHWAB_V4_REVIEW_MEMOS cone walk
40ec7ed5b02d77ac418c,cross_validator,ml_predict.py,206,0,pattern_kind_miss,") -> Optional[tuple[float, float, float]]:",float,instruments.*.fundamental.marketCapFloat;instruments.*.fundamental.shortIntToFloat,chains.callExpDateMap.*.theoreticalVolatility;chains.putExpDateMap.*.theoreticalVolatility;chains.callExpDateMap.*.totalVolume,V3 G2 cross-validator (CSV vocabulary),NOT_MARKET_DATA,,,NOT_MARKET_DATA: scoped mechanical classifier tail; production wire reads tracked in governance/SCHWAB_V4_REVIEW_MEMOS cone walk
f97b7f92bfb47b3b19b5,cross_validator,ml_predict.py,209,0,pattern_kind_miss,        return None,return,instruments.*.fundamental.returnOnAssets;instruments.*.fundamental.returnOnEquity;instruments.*.fundamental.returnOnInvestment,quotes.reference.htbRate;quotes.reference.isHardToBorrow;market_hours.future.RME.category,V3 G2 cross-validator (CSV vocabulary),NOT_MARKET_DATA,,,NOT_MARKET_DATA: scoped mechanical classifier tail; production wire reads tracked in governance/SCHWAB_V4_REVIEW_MEMOS cone walk
e7b0f817203302a59704,cross_validator,ml_predict.py,212,0,pattern_kind_miss,        return None,return,instruments.*.fundamental.returnOnAssets;instruments.*.fundamental.returnOnEquity;instruments.*.fundamental.returnOnInvestment,quotes.reference.htbRate;quotes.reference.isHardToBorrow;market_hours.future.RME.category,V3 G2 cross-validator (CSV vocabulary),NOT_MARKET_DATA,,,NOT_MARKET_DATA: scoped mechanical classifier tail; production wire reads tracked in governance/SCHWAB_V4_REVIEW_MEMOS cone walk
c3a540b82b246292f350,cross_validator,ml_predict.py,214,0,pattern_kind_miss,"        return float(up), float(down), float(flat)",return float,instruments.*.fundamental.returnOnAssets;instruments.*.fundamental.returnOnEquity;instruments.*.fundamental.returnOnInvestment;instruments.*.fundamental.marketCapFloat;instruments.*.fundamental.shortIntToFloat,chains.callExpDateMap.*.theoreticalVolatility;chains.putExpDateMap.*.theoreticalVolatility;chains.callExpDateMap.*.totalVolume,V3 G2 cross-validator (CSV vocabulary),NOT_MARKET_DATA,,,NOT_MARKET_DATA: scoped mechanical classifier tail; production wire reads tracked in governance/SCHWAB_V4_REVIEW_MEMOS cone walk
29bc30a7a54c04ce41f6,cross_validator,ml_predict.py,216,0,pattern_kind_miss,        return None,return,instruments.*.fundamental.returnOnAssets;instruments.*.fundamental.returnOnEquity;instruments.*.fundamental.returnOnInvestment,quotes.reference.htbRate;quotes.reference.isHardToBorrow;market_hours.future.RME.category,V3 G2 cross-validator (CSV vocabulary),NOT_MARKET_DATA,,,NOT_MARKET_DATA: scoped mechanical classifier tail; production wire reads tracked in governance/SCHWAB_V4_REVIEW_MEMOS cone walk
0c788600688d9e85dc71,cross_validator,ml_predict.py,222,0,pattern_kind_miss,        return None,return,instruments.*.fundamental.returnOnAssets;instruments.*.fundamental.returnOnEquity;instruments.*.fundamental.returnOnInvestment,quotes.reference.htbRate;quotes.reference.isHardToBorrow;market_hours.future.RME.category,V3 G2 cross-validator (CSV vocabulary),NOT_MARKET_DATA,,,NOT_MARKET_DATA: scoped mechanical classifier tail; production wire reads tracked in governance/SCHWAB_V4_REVIEW_MEMOS cone walk
5cf410114591d7a03f1a,cross_validator,ml_predict.py,225,0,pattern_kind_miss,"    dominant = max(CLASS_NAMES, key=lambda c: by_class[c])",key,streaming.content.*.key,chains.callExpDateMap.*.gamma;chains.callExpDateMap.*.askSize;chains.callExpDateMap.*.delta,V3 G2 cross-validator (CSV vocabulary),NOT_MARKET_DATA,,,NOT_MARKET_DATA: scoped mechanical classifier tail; production wire reads tracked in governance/SCHWAB_V4_REVIEW_MEMOS cone walk
038b427bf7dfa3b4302f,cross_validator,ml_predict.py,227,0,pattern_kind_miss,"    conf_label = ""high"" if edge >= 0.15 else ""medium"" if edge >= 0.08 else ""low""",high low,chains.callExpDateMap.*.highPrice;chains.putExpDateMap.*.highPrice;chains.underlying.fiftyTwoWeekHigh;chains.underlying.highPrice;pricehistory.candles.*.high;quotes.quote.52WeekHigh;quotes.quote.highPrice;streaming.content.*.HIGH_PRICE;streaming.content.*.HIGH_PRICE_52_WEEK;chains.callExpDateMap.*.lowPrice;chains.putExpDateMap.*.lowPrice;chains.underlying.fiftyTwoWeekLow;chains.underlying.lowPrice;pricehistory.candles.*.low;quotes.quote.52WeekLow;quotes.quote.lowPrice;streaming.content.*.LOW_PRICE;streaming.content.*.LOW_PRICE_52_WEEK,chains.putExpDateMap.*.high52Week;chains.callExpDateMap.*.high52Week;quotes.extended.bidSize,V3 G2 cross-validator (CSV vocabulary),NOT_MARKET_DATA,,,NOT_MARKET_DATA: scoped mechanical classifier tail; production wire reads tracked in governance/SCHWAB_V4_REVIEW_MEMOS cone walk
b6aab1acaea61f1e714c,cross_validator,ml_predict.py,228,0,pattern_kind_miss,"    if hint == ""long"":",long,chains.callExpDateMap.*.quoteTimeInLong;chains.callExpDateMap.*.tradeTimeInLong;chains.putExpDateMap.*.quoteTimeInLong;chains.putExpDateMap.*.tradeTimeInLong,chains.volatility;quotes.quote.highPrice;chains.underlying.highPrice,V3 G2 cross-validator (CSV vocabulary),NOT_MARKET_DATA,,,NOT_MARKET_DATA: scoped mechanical classifier tail; production wire reads tracked in governance/SCHWAB_V4_REVIEW_MEMOS cone walk
12f094132a781c4e8073,cross_validator,ml_predict.py,230,0,pattern_kind_miss,"    elif hint == ""short"":",short,instruments.*.fundamental.shortIntDayToCover;instruments.*.fundamental.shortIntToFloat,chains.volatility;quotes.quote.bidSize;chains.putExpDateMap.*.theoreticalVolatility,V3 G2 cross-validator (CSV vocabulary),NOT_MARKET_DATA,,,NOT_MARKET_DATA: scoped mechanical classifier tail; production wire reads tracked in governance/SCHWAB_V4_REVIEW_MEMOS cone walk
7e34f049614b3ceb85be,cross_validator,ml_predict.py,234,0,pattern_kind_miss,    return {,return,instruments.*.fundamental.returnOnAssets;instruments.*.fundamental.returnOnEquity;instruments.*.fundamental.returnOnInvestment,quotes.regular.regularMarketTradeTime;market_hours.future.RTY.isOpen;market_hours.future.RME.isOpen,V3 G2 cross-validator (CSV vocabulary),NOT_MARKET_DATA,,,NOT_MARKET_DATA: scoped mechanical classifier tail; production wire reads tracked in governance/SCHWAB_V4_REVIEW_MEMOS cone walk
a974a507ebeaed8191db,cross_validator,ml_predict.py,254,0,pattern_kind_miss,        return unavailable,return,instruments.*.fundamental.returnOnAssets;instruments.*.fundamental.returnOnEquity;instruments.*.fundamental.returnOnInvestment,quotes.regular.regularMarketLastSize;quotes.regular.regularMarketLastPrice;quotes.regular.regularMarketTradeTime,V3 G2 cross-validator (CSV vocabulary),NOT_MARKET_DATA,,,NOT_MARKET_DATA: scoped mechanical classifier tail; production wire reads tracked in governance/SCHWAB_V4_REVIEW_MEMOS cone walk
ae1b593d362dfc770a77,cross_validator,ml_predict.py,257,0,pattern_kind_miss,        return unavailable,return,instruments.*.fundamental.returnOnAssets;instruments.*.fundamental.returnOnEquity;instruments.*.fundamental.returnOnInvestment,quotes.regular.regularMarketLastSize;quotes.regular.regularMarketLastPrice;quotes.regular.regularMarketTradeTime,V3 G2 cross-validator (CSV vocabulary),NOT_MARKET_DATA,,,NOT_MARKET_DATA: scoped mechanical classifier tail; production wire reads tracked in governance/SCHWAB_V4_REVIEW_MEMOS cone walk
e51db284232c59441dcc,cross_validator,ml_predict.py,260,0,pattern_kind_miss,"    dominant = max(CLASS_NAMES, key=lambda c: by_class[c])",key,streaming.content.*.key,chains.callExpDateMap.*.gamma;chains.callExpDateMap.*.askSize;chains.callExpDateMap.*.delta,V3 G2 cross-validator (CSV vocabulary),NOT_MARKET_DATA,,,NOT_MARKET_DATA: scoped mechanical classifier tail; production wire reads tracked in governance/SCHWAB_V4_REVIEW_MEMOS cone walk
8fb59b165aa30eb3c227,cross_validator,ml_predict.py,262,0,pattern_kind_miss,    return {,return,instruments.*.fundamental.returnOnAssets;instruments.*.fundamental.returnOnEquity;instruments.*.fundamental.returnOnInvestment,quotes.regular.regularMarketTradeTime;market_hours.future.RTY.isOpen;market_hours.future.RME.isOpen,V3 G2 cross-validator (CSV vocabulary),NOT_MARKET_DATA,,,NOT_MARKET_DATA: scoped mechanical classifier tail; production wire reads tracked in governance/SCHWAB_V4_REVIEW_MEMOS cone walk
0a148115ee7cfe8c5ec1,cross_validator,ml_predict.py,276,0,pattern_kind_miss,    Cascade challenger inference (`_cascade_challenger_inference_scope`) uses `models/cascade/{ticker}/` only.,only,,chains.callExpDateMap.*.vega;chains.callExpDateMap.*.rho;chains.callExpDateMap.*.delta,V3 G2 cross-validator (CSV vocabulary),NOT_MARKET_DATA,,,NOT_MARKET_DATA: scoped mechanical classifier tail; production wire reads tracked in governance/SCHWAB_V4_REVIEW_MEMOS cone walk
bd87e984e68a3a616e15,cross_validator,ml_predict.py,292,0,pattern_kind_miss,"                f""ED_XGB_STRICT_ACTIVE_ONLY=1: no complete active model bundle for {ticker} hz={hz} """,model,,quotes.quote.bidSize;quotes.quote.askSize;quotes.extended.bidSize,V3 G2 cross-validator (CSV vocabulary),NOT_MARKET_DATA,,,NOT_MARKET_DATA: scoped mechanical classifier tail; production wire reads tracked in governance/SCHWAB_V4_REVIEW_MEMOS cone walk
e7cd3718cfe02bda9e24,cross_validator,ml_predict.py,293,0,pattern_kind_miss,"                f""at canonical {canonical} (requires xgb+lstm+transformer per active_bundle_contract)""",per,instruments.*.fundamental.bookValuePerShare,chains.callExpDateMap.*.askSize;chains.callExpDateMap.*.bidSize;pricehistory.candles,V3 G2 cross-validator (CSV vocabulary),NOT_MARKET_DATA,,,NOT_MARKET_DATA: scoped mechanical classifier tail; production wire reads tracked in governance/SCHWAB_V4_REVIEW_MEMOS cone walk
109c35583529fc7a7da7,cross_validator,ml_predict.py,295,0,pattern_kind_miss,        return canonical,return,instruments.*.fundamental.returnOnAssets;instruments.*.fundamental.returnOnEquity;instruments.*.fundamental.returnOnInvestment,pricehistory.candles;pricehistory.candles.*;pricehistory.candles.*.low,V3 G2 cross-validator (CSV vocabulary),NOT_MARKET_DATA,,,NOT_MARKET_DATA: scoped mechanical classifier tail; production wire reads tracked in governance/SCHWAB_V4_REVIEW_MEMOS cone walk
1fd89126c8ff6ca2a9a6,cross_validator,ml_predict.py,304,0,pattern_kind_miss,        return cd,return,instruments.*.fundamental.returnOnAssets;instruments.*.fundamental.returnOnEquity;instruments.*.fundamental.returnOnInvestment,quotes.regular.regularMarketTradeTime;streaming.content.*.BIDS.*.BID_PRICE;market_hours.future.DC.isOpen,V3 G2 cross-validator (CSV vocabulary),NOT_MARKET_DATA,,,NOT_MARKET_DATA: scoped mechanical classifier tail; production wire reads tracked in governance/SCHWAB_V4_REVIEW_MEMOS cone walk
584e3ae0454450c68133,cross_validator,ml_predict.py,305,0,pattern_kind_miss,    # Movement-only bundles: prefer models/active/{ticker}/ when dir/move heads exist for this horizon.,only,,pricehistory.candles.*.volume;movers.screeners.*.totalVolume;quotes.extended.totalVolume,V3 G2 cross-validator (CSV vocabulary),NOT_MARKET_DATA,,,NOT_MARKET_DATA: scoped mechanical classifier tail; production wire reads tracked in governance/SCHWAB_V4_REVIEW_MEMOS cone walk
650d9d1565404a18c405,cross_validator,ml_predict.py,311,0,pattern_kind_miss,            return active_early,return,instruments.*.fundamental.returnOnAssets;instruments.*.fundamental.returnOnEquity;instruments.*.fundamental.returnOnInvestment,streaming.content.*.REGULAR_MARKET_LAST_PRICE;quotes.regular.regularMarketLastSize;streaming.content.*.REGULAR_MARKET_TRADE_MILLIS,V3 G2 cross-validator (CSV vocabulary),NOT_MARKET_DATA,,,NOT_MARKET_DATA: scoped mechanical classifier tail; production wire reads tracked in governance/SCHWAB_V4_REVIEW_MEMOS cone walk
f03087efd49b29c0e266,cross_validator,ml_predict.py,327,0,pattern_kind_miss,                        return active,return,instruments.*.fundamental.returnOnAssets;instruments.*.fundamental.returnOnEquity;instruments.*.fundamental.returnOnInvestment,streaming.content.*.REGULAR_MARKET_LAST_PRICE;streaming.content.*.REGULAR_MARKET_TRADE;streaming.content.*.ASK_SIZE,V3 G2 cross-validator (CSV vocabulary),NOT_MARKET_DATA,,,NOT_MARKET_DATA: scoped mechanical classifier tail; production wire reads tracked in governance/SCHWAB_V4_REVIEW_MEMOS cone walk
89947a04c6ca1d559e29,cross_validator,ml_predict.py,329,0,pattern_kind_miss,"            logger.debug(""active model dir probe: %s"", e, exc_info=True)",model,,quotes.extended.bidSize;quotes.quote.bidSize;quotes.extended.askSize,V3 G2 cross-validator (CSV vocabulary),NOT_MARKET_DATA,,,NOT_MARKET_DATA: scoped mechanical classifier tail; production wire reads tracked in governance/SCHWAB_V4_REVIEW_MEMOS cone walk
c1f6a51815fccf4b9aae,cross_validator,ml_predict.py,341,0,pattern_kind_miss,            return parallel,return,instruments.*.fundamental.returnOnAssets;instruments.*.fundamental.returnOnEquity;instruments.*.fundamental.returnOnInvestment,quotes.regular.regularMarketLastSize;chains.callExpDateMap.*.totalVolume;quotes.regular.regularMarketLastPrice,V3 G2 cross-validator (CSV vocabulary),NOT_MARKET_DATA,,,NOT_MARKET_DATA: scoped mechanical classifier tail; production wire reads tracked in governance/SCHWAB_V4_REVIEW_MEMOS cone walk
b13625f5a2ac08dfdc5a,cross_validator,ml_predict.py,342,0,pattern_kind_miss,    # Fallback: flat models/ (train_all output) or per-ticker subdir for flat layout,per,instruments.*.fundamental.bookValuePerShare,chains.callExpDateMap.*.theoreticalVolatility;chains.putExpDateMap.*.theoreticalVolatility;chains.callExpDateMap.*.totalVolume,V3 G2 cross-validator (CSV vocabulary),NOT_MARKET_DATA,,,NOT_MARKET_DATA: scoped mechanical classifier tail; production wire reads tracked in governance/SCHWAB_V4_REVIEW_MEMOS cone walk
b48ff9594dec727c69a9,cross_validator,ml_predict.py,346,0,pattern_kind_miss,        return MODEL_DIR,return,instruments.*.fundamental.returnOnAssets;instruments.*.fundamental.returnOnEquity;instruments.*.fundamental.returnOnInvestment,quotes.extended.bidSize;quotes.quote.bidSize;pricehistory.candles.*.volume,V3 G2 cross-validator (CSV vocabulary),NOT_MARKET_DATA,,,NOT_MARKET_DATA: scoped mechanical classifier tail; production wire reads tracked in governance/SCHWAB_V4_REVIEW_MEMOS cone walk
67cbad98f961e0e8ba14,cross_validator,ml_predict.py,347,0,pattern_kind_miss,    return MODEL_DIR,return,instruments.*.fundamental.returnOnAssets;instruments.*.fundamental.returnOnEquity;instruments.*.fundamental.returnOnInvestment,quotes.extended.bidSize;quotes.quote.bidSize;pricehistory.candles.*.volume,V3 G2 cross-validator (CSV vocabulary),NOT_MARKET_DATA,,,NOT_MARKET_DATA: scoped mechanical classifier tail; production wire reads tracked in governance/SCHWAB_V4_REVIEW_MEMOS cone walk
4fdc92c4a9684ea41a68,cross_validator,ml_predict.py,351,0,pattern_kind_miss,# XGBoost - per-ticker,per,instruments.*.fundamental.bookValuePerShare,streaming.content.*.ASKS;streaming.content.*.BIDS;movers.screeners.*.totalVolume,V3 G2 cross-validator (CSV vocabulary),NOT_MARKET_DATA,,,NOT_MARKET_DATA: scoped mechanical classifier tail; production wire reads tracked in governance/SCHWAB_V4_REVIEW_MEMOS cone walk
362a64fda74ec546479d,cross_validator,ml_predict.py,360,0,pattern_kind_miss,    Engineering snapshot after MVP map + fusion overlay + m5 additive columns.,map,chains.callExpDateMap;chains.callExpDateMap.*;chains.callExpDateMap.*.ask;chains.callExpDateMap.*.askSize;chains.callExpDateMap.*.bid;chains.callExpDateMap.*.bidAskSize;chains.callExpDateMap.*.bidSize;chains.callExpDateMap.*.closePrice;chains.callExpDateMap.*.daysToExpiration;chains.callExpDateMap.*.deliverableNote;chains.callExpDateMap.*.delta;chains.callExpDateMap.*.description;chains.callExpDateMap.*.exchangeName;chains.callExpDateMap.*.exerciseType;chains.callExpDateMap.*.expirationDate;chains.callExpDateMap.*.expirationType;chains.callExpDateMap.*.extrinsicValue;chains.callExpDateMap.*.gamma;chains.callExpDateMap.*.high52Week;chains.callExpDateMap.*.highPrice;chains.callExpDateMap.*.inTheMoney;chains.callExpDateMap.*.intrinsicValue;chains.callExpDateMap.*.last;chains.callExpDateMap.*.lastSize;chains.callExpDateMap.*.lastTradingDay,chains.putExpDateMap.*.vega;chains.putExpDateMap.*.rho;chains.putExpDateMap.*.gamma,V3 G2 cross-validator (CSV vocabulary),NOT_MARKET_DATA,,,NOT_MARKET_DATA: scoped mechanical classifier tail; production wire reads tracked in governance/SCHWAB_V4_REVIEW_MEMOS cone walk
bf2db6a5a992209abf07,cross_validator,ml_predict.py,362,0,pattern_kind_miss,    Identical for every governed horizon on a single tick; call once and pass into,call,chains.callExpDateMap;chains.callExpDateMap.*;chains.callExpDateMap.*.ask;chains.callExpDateMap.*.askSize;chains.callExpDateMap.*.bid;chains.callExpDateMap.*.bidAskSize;chains.callExpDateMap.*.bidSize;chains.callExpDateMap.*.closePrice;chains.callExpDateMap.*.daysToExpiration;chains.callExpDateMap.*.deliverableNote;chains.callExpDateMap.*.delta;chains.callExpDateMap.*.description;chains.callExpDateMap.*.exchangeName;chains.callExpDateMap.*.exerciseType;chains.callExpDateMap.*.expirationDate;chains.callExpDateMap.*.expirationType;chains.callExpDateMap.*.extrinsicValue;chains.callExpDateMap.*.gamma;chains.callExpDateMap.*.high52Week;chains.callExpDateMap.*.highPrice;chains.callExpDateMap.*.inTheMoney;chains.callExpDateMap.*.intrinsicValue;chains.callExpDateMap.*.last;chains.callExpDateMap.*.lastSize;chains.callExpDateMap.*.lastTradingDay,chains.callExpDateMap.*.rho;chains.volatility;chains.callExpDateMap.*.askSize,V3 G2 cross-validator (CSV vocabulary),NOT_MARKET_DATA,,,NOT_MARKET_DATA: scoped mechanical classifier tail; production wire reads tracked in governance/SCHWAB_V4_REVIEW_MEMOS cone walk
7e816589b9631fb45f55,cross_validator,ml_predict.py,364,0,pattern_kind_miss,    and movement heads skip repeated ingest/merge/m5 work (per-horizon work remains:,per,instruments.*.fundamental.bookValuePerShare,chains.putExpDateMap.*.rho;chains.putExpDateMap.*.vega;chains.putExpDateMap.*.theta,V3 G2 cross-validator (CSV vocabulary),NOT_MARKET_DATA,,,NOT_MARKET_DATA: scoped mechanical classifier tail; production wire reads tracked in governance/SCHWAB_V4_REVIEW_MEMOS cone walk
fafaf5c639830dccd137,cross_validator,ml_predict.py,365,0,pattern_kind_miss,    ``engineer_single_snapshot`` + ``predict_proba`` per artifact).,per,instruments.*.fundamental.bookValuePerShare,chains.putExpDateMap.*.askSize;chains.putExpDateMap.*.rho;chains.putExpDateMap.*.bidSize,V3 G2 cross-validator (CSV vocabulary),NOT_MARKET_DATA,,,NOT_MARKET_DATA: scoped mechanical classifier tail; production wire reads tracked in governance/SCHWAB_V4_REVIEW_MEMOS cone walk
fc377f3c227abc781395,cross_validator,ml_predict.py,380,0,pattern_kind_miss,"    return snapshot_with_m5_additive(snap, _ML_DB)",return,instruments.*.fundamental.returnOnAssets;instruments.*.fundamental.returnOnEquity;instruments.*.fundamental.returnOnInvestment,chains.putExpDateMap.*.bidSize;chains.putExpDateMap.*.askSize;chains.callExpDateMap.*.bidSize,V3 G2 cross-validator (CSV vocabulary),NOT_MARKET_DATA,,,NOT_MARKET_DATA: scoped mechanical classifier tail; production wire reads tracked in governance/SCHWAB_V4_REVIEW_MEMOS cone walk
06e967264ec076978971,cross_validator,ml_predict.py,387,0,pattern_kind_miss,        return _xgb_registry[rk] is not None,return,instruments.*.fundamental.returnOnAssets;instruments.*.fundamental.returnOnEquity;instruments.*.fundamental.returnOnInvestment,streaming.content.*.ASK_SIZE;streaming.content.*.ASKS;streaming.content.*.BIDS,V3 G2 cross-validator (CSV vocabulary),NOT_MARKET_DATA,,,NOT_MARKET_DATA: scoped mechanical classifier tail; production wire reads tracked in governance/SCHWAB_V4_REVIEW_MEMOS cone walk
08db69fdf0e08e072db8,cross_validator,ml_predict.py,394,0,pattern_kind_miss,"        logger.debug(""XGBoost model not found for %s"", ticker)",model,,quotes.extended.totalVolume;quotes.quote.bidSize;quotes.quote.totalVolume,V3 G2 cross-validator (CSV vocabulary),NOT_MARKET_DATA,,,NOT_MARKET_DATA: scoped mechanical classifier tail; production wire reads tracked in governance/SCHWAB_V4_REVIEW_MEMOS cone walk
5e2a7c707674703051bb,cross_validator,ml_predict.py,396,0,pattern_kind_miss,        return False,return,instruments.*.fundamental.returnOnAssets;instruments.*.fundamental.returnOnEquity;instruments.*.fundamental.returnOnInvestment,quotes.regular.regularMarketLastSize;quotes.regular.regularMarketLastPrice;quotes.regular.regularMarketTradeTime,V3 G2 cross-validator (CSV vocabulary),NOT_MARKET_DATA,,,NOT_MARKET_DATA: scoped mechanical classifier tail; production wire reads tracked in governance/SCHWAB_V4_REVIEW_MEMOS cone walk
ef1fd0ebc64b95f090d3,cross_validator,ml_predict.py,399,0,pattern_kind_miss,"        with open(mp, ""rb"") as f:",open,chains.callExpDateMap.*.openInterest;chains.callExpDateMap.*.openPrice;chains.putExpDateMap.*.openInterest;chains.putExpDateMap.*.openPrice;chains.underlying.openPrice;market_hours.bond.BON.isOpen;market_hours.equity.EQ.isOpen;market_hours.forex.forex.isOpen;market_hours.future.ADA.isOpen;market_hours.future.AW.isOpen;market_hours.future.BFF.isOpen;market_hours.future.BTC.isOpen;market_hours.future.BZ.isOpen;market_hours.future.CB.isOpen;market_hours.future.CL.isOpen;market_hours.future.CZK.isOpen;market_hours.future.DC.isOpen;market_hours.future.E7.isOpen;market_hours.future.ECK.isOpen;market_hours.future.EHF.isOpen;market_hours.future.EMD.isOpen;market_hours.future.ES.isOpen;market_hours.future.ETH.isOpen;market_hours.future.GC.isOpen;market_hours.future.GF.isOpen,chains.putExpDateMap.*.bidSize;chains.callExpDateMap.*.bidSize;chains.putExpDateMap.*.askSize,V3 G2 cross-validator (CSV vocabulary),NOT_MARKET_DATA,,,NOT_MARKET_DATA: scoped mechanical classifier tail; production wire reads tracked in governance/SCHWAB_V4_REVIEW_MEMOS cone walk
07895d74e07b8a3ce2d8,cross_validator,ml_predict.py,400,0,pattern_kind_miss,            model = pickle.load(f),model,,chains.callExpDateMap.*.theoreticalVolatility;chains.callExpDateMap.*.totalVolume;chains.callExpDateMap.*.bidSize,V3 G2 cross-validator (CSV vocabulary),NOT_MARKET_DATA,,,NOT_MARKET_DATA: scoped mechanical classifier tail; production wire reads tracked in governance/SCHWAB_V4_REVIEW_MEMOS cone walk
cf687fba39784d79a7c2,cross_validator,ml_predict.py,401,0,pattern_kind_miss,"        with open(mtp, ""r"") as f:",open,chains.callExpDateMap.*.openInterest;chains.callExpDateMap.*.openPrice;chains.putExpDateMap.*.openInterest;chains.putExpDateMap.*.openPrice;chains.underlying.openPrice;market_hours.bond.BON.isOpen;market_hours.equity.EQ.isOpen;market_hours.forex.forex.isOpen;market_hours.future.ADA.isOpen;market_hours.future.AW.isOpen;market_hours.future.BFF.isOpen;market_hours.future.BTC.isOpen;market_hours.future.BZ.isOpen;market_hours.future.CB.isOpen;market_hours.future.CL.isOpen;market_hours.future.CZK.isOpen;market_hours.future.DC.isOpen;market_hours.future.E7.isOpen;market_hours.future.ECK.isOpen;market_hours.future.EHF.isOpen;market_hours.future.EMD.isOpen;market_hours.future.ES.isOpen;market_hours.future.ETH.isOpen;market_hours.future.GC.isOpen;market_hours.future.GF.isOpen,chains.putExpDateMap.*.theoreticalVolatility;chains.putExpDateMap.*.bidSize;chains.putExpDateMap.*.askSize,V3 G2 cross-validator (CSV vocabulary),NOT_MARKET_DATA,,,NOT_MARKET_DATA: scoped mechanical classifier tail; production wire reads tracked in governance/SCHWAB_V4_REVIEW_MEMOS cone walk
429929b8785aa1dfefca,cross_validator,ml_predict.py,409,0,pattern_kind_miss,"                ""XGBoost %s: incompatible model contract (%s). Retrain; refusing load."",",model,,streaming.content.*.BIDS;streaming.content.*.ASKS;quotes.quote.bidSize,V3 G2 cross-validator (CSV vocabulary),NOT_MARKET_DATA,,,NOT_MARKET_DATA: scoped mechanical classifier tail; production wire reads tracked in governance/SCHWAB_V4_REVIEW_MEMOS cone walk
86bae755e4aa349d43e7,cross_validator,ml_predict.py,414,0,pattern_kind_miss,            return False,return,instruments.*.fundamental.returnOnAssets;instruments.*.fundamental.returnOnEquity;instruments.*.fundamental.returnOnInvestment,quotes.regular.regularMarketLastSize;quotes.regular.regularMarketLastPrice;quotes.regular.regularMarketTradeTime,V3 G2 cross-validator (CSV vocabulary),NOT_MARKET_DATA,,,NOT_MARKET_DATA: scoped mechanical classifier tail; production wire reads tracked in governance/SCHWAB_V4_REVIEW_MEMOS cone walk
afdd837bd61f4e7ca2f0,cross_validator,ml_predict.py,417,0,pattern_kind_miss,"            model=model, meta=meta,",model,,chains.callExpDateMap.*.totalVolume;quotes.extended.totalVolume;chains.callExpDateMap.*.theoreticalVolatility,V3 G2 cross-validator (CSV vocabulary),NOT_MARKET_DATA,,,NOT_MARKET_DATA: scoped mechanical classifier tail; production wire reads tracked in governance/SCHWAB_V4_REVIEW_MEMOS cone walk
27a91bece1b5f5e62773,cross_validator,ml_predict.py,423,0,pattern_kind_miss,        return True,return,instruments.*.fundamental.returnOnAssets;instruments.*.fundamental.returnOnEquity;instruments.*.fundamental.returnOnInvestment,quotes.regular.regularMarketTradeTime;market_hours.future.RTY.isOpen;quotes.regular.regularMarketLastSize,V3 G2 cross-validator (CSV vocabulary),NOT_MARKET_DATA,,,NOT_MARKET_DATA: scoped mechanical classifier tail; production wire reads tracked in governance/SCHWAB_V4_REVIEW_MEMOS cone walk
a71645ef9b2f569c38f1,cross_validator,ml_predict.py,428,0,pattern_kind_miss,        return False,return,instruments.*.fundamental.returnOnAssets;instruments.*.fundamental.returnOnEquity;instruments.*.fundamental.returnOnInvestment,quotes.regular.regularMarketLastSize;quotes.regular.regularMarketLastPrice;quotes.regular.regularMarketTradeTime,V3 G2 cross-validator (CSV vocabulary),NOT_MARKET_DATA,,,NOT_MARKET_DATA: scoped mechanical classifier tail; production wire reads tracked in governance/SCHWAB_V4_REVIEW_MEMOS cone walk
28628ea4aaf29e6e6ba9,cross_validator,ml_predict.py,441,0,pattern_kind_miss,"    non-MVP keys only (pred_*, et_hour from fusion, …); it must not override MVP columns.",non only,chains.callExpDateMap.*.nonStandard;chains.putExpDateMap.*.nonStandard,pricehistory.candles.*.volume;chains.underlying.totalVolume;streaming.content.*.VOLUME,V3 G2 cross-validator (CSV vocabulary),NOT_MARKET_DATA,,,NOT_MARKET_DATA: scoped mechanical classifier tail; production wire reads tracked in governance/SCHWAB_V4_REVIEW_MEMOS cone walk
43d24032f0ddcee23d35,cross_validator,ml_predict.py,444,0,pattern_kind_miss,    ``fusion_feature_overlay`` is ignored — the snapshot must already include that merge.,the,chains.callExpDateMap.*.inTheMoney;chains.putExpDateMap.*.inTheMoney,chains.putExpDateMap.*.theta;quotes.quote.askSize;chains.putExpDateMap.*.delta,V3 G2 cross-validator (CSV vocabulary),NOT_MARKET_DATA,,,NOT_MARKET_DATA: scoped mechanical classifier tail; production wire reads tracked in governance/SCHWAB_V4_REVIEW_MEMOS cone walk
befd76b2cca122af43bc,cross_validator,ml_predict.py,447,0,pattern_kind_miss,        return None,return,instruments.*.fundamental.returnOnAssets;instruments.*.fundamental.returnOnEquity;instruments.*.fundamental.returnOnInvestment,quotes.reference.htbRate;quotes.reference.isHardToBorrow;market_hours.future.RME.category,V3 G2 cross-validator (CSV vocabulary),NOT_MARKET_DATA,,,NOT_MARKET_DATA: scoped mechanical classifier tail; production wire reads tracked in governance/SCHWAB_V4_REVIEW_MEMOS cone walk
10c3ced560ec1c4fdedc,cross_validator,ml_predict.py,482,0,pattern_kind_miss,            return None,return,instruments.*.fundamental.returnOnAssets;instruments.*.fundamental.returnOnEquity;instruments.*.fundamental.returnOnInvestment,quotes.reference.htbRate;quotes.reference.isHardToBorrow;market_hours.future.RME.category,V3 G2 cross-validator (CSV vocabulary),NOT_MARKET_DATA,,,NOT_MARKET_DATA: scoped mechanical classifier tail; production wire reads tracked in governance/SCHWAB_V4_REVIEW_MEMOS cone walk
959635b0801cd1ed9ca4,cross_validator,ml_predict.py,490,0,pattern_kind_miss,        if nfi is not None and x_mat.shape[1] != int(nfi):,int,instruments.*.fundamental.shortIntDayToCover;instruments.*.fundamental.shortIntToFloat,chains.putExpDateMap.*.bidAskSize;chains.putExpDateMap.*.mini;chains.putExpDateMap.*.description,V3 G2 cross-validator (CSV vocabulary),NOT_MARKET_DATA,,,NOT_MARKET_DATA: scoped mechanical classifier tail; production wire reads tracked in governance/SCHWAB_V4_REVIEW_MEMOS cone walk
8073fc49cc809c00db80,cross_validator,ml_predict.py,492,0,pattern_kind_miss,"                ""XGBoost %s: feature mismatch (have %d, model expects %d)"",",model,,chains.callExpDateMap.*.theta;quotes.extended.askSize;chains.putExpDateMap.*.theta,V3 G2 cross-validator (CSV vocabulary),NOT_MARKET_DATA,,,NOT_MARKET_DATA: scoped mechanical classifier tail; production wire reads tracked in governance/SCHWAB_V4_REVIEW_MEMOS cone walk
5570eabd0bd6652e17d0,cross_validator,ml_predict.py,495,0,pattern_kind_miss,"                int(nfi),",int,instruments.*.fundamental.shortIntDayToCover;instruments.*.fundamental.shortIntToFloat,chains.volatility;streaming.content.*.CHART_TIME_MILLIS;chains.underlying.highPrice,V3 G2 cross-validator (CSV vocabulary),NOT_MARKET_DATA,,,NOT_MARKET_DATA: scoped mechanical classifier tail; production wire reads tracked in governance/SCHWAB_V4_REVIEW_MEMOS cone walk
b7c9bfce33cb2937cda5,cross_validator,ml_predict.py,497,0,pattern_kind_miss,            return None,return,instruments.*.fundamental.returnOnAssets;instruments.*.fundamental.returnOnEquity;instruments.*.fundamental.returnOnInvestment,quotes.reference.htbRate;quotes.reference.isHardToBorrow;market_hours.future.RME.category,V3 G2 cross-validator (CSV vocabulary),NOT_MARKET_DATA,,,NOT_MARKET_DATA: scoped mechanical classifier tail; production wire reads tracked in governance/SCHWAB_V4_REVIEW_MEMOS cone walk
9f4be16bc61a684f8022,cross_validator,ml_predict.py,499,0,pattern_kind_miss,"        return {CLASS_NAMES[i]: round(float(probs[i]), 4) for i in range(3)}",return float,instruments.*.fundamental.returnOnAssets;instruments.*.fundamental.returnOnEquity;instruments.*.fundamental.returnOnInvestment;instruments.*.fundamental.marketCapFloat;instruments.*.fundamental.shortIntToFloat,chains.underlying.askSize;chains.underlying.bidSize;quotes.quote.askSize,V3 G2 cross-validator (CSV vocabulary),NOT_MARKET_DATA,,,NOT_MARKET_DATA: scoped mechanical classifier tail; production wire reads tracked in governance/SCHWAB_V4_REVIEW_MEMOS cone walk
c0b113dc6b0b95ccece4,cross_validator,ml_predict.py,503,0,pattern_kind_miss,"        logger.warning(""XGBoost prediction failed for %s: %s"", ticker, e)",prediction,,quotes.quote.bidSize;quotes.quote.askSize;quotes.extended.bidSize,V3 G2 cross-validator (CSV vocabulary),NOT_MARKET_DATA,,,NOT_MARKET_DATA: scoped mechanical classifier tail; production wire reads tracked in governance/SCHWAB_V4_REVIEW_MEMOS cone walk
cd70cb073473f7badae2,cross_validator,ml_predict.py,504,0,pattern_kind_miss,        return None,return,instruments.*.fundamental.returnOnAssets;instruments.*.fundamental.returnOnEquity;instruments.*.fundamental.returnOnInvestment,quotes.reference.htbRate;quotes.reference.isHardToBorrow;market_hours.future.RME.category,V3 G2 cross-validator (CSV vocabulary),NOT_MARKET_DATA,,,NOT_MARKET_DATA: scoped mechanical classifier tail; production wire reads tracked in governance/SCHWAB_V4_REVIEW_MEMOS cone walk
19492992e505bbf34c31,cross_validator,ml_predict.py,507,0,pattern_kind_miss,"def _normalize_binary_head_probs(raw: np.ndarray, class_names: list[str]) -> dict[str, float]:",list float,chains.callExpDateMap.*.optionDeliverablesList;chains.callExpDateMap.*.optionDeliverablesList.*;chains.callExpDateMap.*.optionDeliverablesList.*.assetType;chains.callExpDateMap.*.optionDeliverablesList.*.currencyType;chains.callExpDateMap.*.optionDeliverablesList.*.deliverableUnits;chains.callExpDateMap.*.optionDeliverablesList.*.symbol;chains.putExpDateMap.*.optionDeliverablesList;chains.putExpDateMap.*.optionDeliverablesList.*;chains.putExpDateMap.*.optionDeliverablesList.*.assetType;chains.putExpDateMap.*.optionDeliverablesList.*.currencyType;chains.putExpDateMap.*.optionDeliverablesList.*.deliverableUnits;chains.putExpDateMap.*.optionDeliverablesList.*.symbol;instruments.*.fundamental.marketCapFloat;instruments.*.fundamental.shortIntToFloat,chains.callExpDateMap.*.askSize;chains.callExpDateMap.*.bidSize;chains.putExpDateMap.*.askSize,V3 G2 cross-validator (CSV vocabulary),NOT_MARKET_DATA,,,NOT_MARKET_DATA: scoped mechanical classifier tail; production wire reads tracked in governance/SCHWAB_V4_REVIEW_MEMOS cone walk
5664697a63bc54f1ba5e,cross_validator,ml_predict.py,510,0,pattern_kind_miss,    names = list(class_names),list,chains.callExpDateMap.*.optionDeliverablesList;chains.callExpDateMap.*.optionDeliverablesList.*;chains.callExpDateMap.*.optionDeliverablesList.*.assetType;chains.callExpDateMap.*.optionDeliverablesList.*.currencyType;chains.callExpDateMap.*.optionDeliverablesList.*.deliverableUnits;chains.callExpDateMap.*.optionDeliverablesList.*.symbol;chains.putExpDateMap.*.optionDeliverablesList;chains.putExpDateMap.*.optionDeliverablesList.*;chains.putExpDateMap.*.optionDeliverablesList.*.assetType;chains.putExpDateMap.*.optionDeliverablesList.*.currencyType;chains.putExpDateMap.*.optionDeliverablesList.*.deliverableUnits;chains.putExpDateMap.*.optionDeliverablesList.*.symbol,chains.callExpDateMap.*.gamma;chains.callExpDateMap.*.theta;chains.callExpDateMap.*.askSize,V3 G2 cross-validator (CSV vocabulary),NOT_MARKET_DATA,,,NOT_MARKET_DATA: scoped mechanical classifier tail; production wire reads tracked in governance/SCHWAB_V4_REVIEW_MEMOS cone walk
031c5d75daf17ebc8275,cross_validator,ml_predict.py,512,0,pattern_kind_miss,        s = float(p[0] + p[1]),float,instruments.*.fundamental.marketCapFloat;instruments.*.fundamental.shortIntToFloat,chains.putExpDateMap.*.theoreticalVolatility;chains.putExpDateMap.*.rho;chains.putExpDateMap,V3 G2 cross-validator (CSV vocabulary),NOT_MARKET_DATA,,,NOT_MARKET_DATA: scoped mechanical classifier tail; production wire reads tracked in governance/SCHWAB_V4_REVIEW_MEMOS cone walk
dbb06f360a4af4e9ecd4,cross_validator,ml_predict.py,515,0,pattern_kind_miss,"            return {names[0]: u, names[1]: u}",return,instruments.*.fundamental.returnOnAssets;instruments.*.fundamental.returnOnEquity;instruments.*.fundamental.returnOnInvestment,quotes.regular.regularMarketLastSize;market_hours.future.MZL.isOpen;market_hours.future.MZS.isOpen,V3 G2 cross-validator (CSV vocabulary),NOT_MARKET_DATA,,,NOT_MARKET_DATA: scoped mechanical classifier tail; production wire reads tracked in governance/SCHWAB_V4_REVIEW_MEMOS cone walk
c009875c09e13f6be226,cross_validator,ml_predict.py,518,0,pattern_kind_miss,        p1 = float(p[0]),float,instruments.*.fundamental.marketCapFloat;instruments.*.fundamental.shortIntToFloat,chains.putExpDateMap.*.theoreticalVolatility;chains.putExpDateMap.*.totalVolume;chains.putExpDateMap.*.openInterest,V3 G2 cross-validator (CSV vocabulary),NOT_MARKET_DATA,,,NOT_MARKET_DATA: scoped mechanical classifier tail; production wire reads tracked in governance/SCHWAB_V4_REVIEW_MEMOS cone walk
e6fb830435e9bdf56ae7,cross_validator,ml_predict.py,519,0,pattern_kind_miss,"        return {names[1]: p1, names[0]: max(0.0, 1.0 - p1)}",return,instruments.*.fundamental.returnOnAssets;instruments.*.fundamental.returnOnEquity;instruments.*.fundamental.returnOnInvestment,chains.putExpDateMap.*.gamma;chains.putExpDateMap.*.rho;chains.putExpDateMap.*.vega,V3 G2 cross-validator (CSV vocabulary),NOT_MARKET_DATA,,,NOT_MARKET_DATA: scoped mechanical classifier tail; production wire reads tracked in governance/SCHWAB_V4_REVIEW_MEMOS cone walk
062cf33e131e2542fb7f,cross_validator,ml_predict.py,521,0,pattern_kind_miss,    return {n: u for n in names},return,instruments.*.fundamental.returnOnAssets;instruments.*.fundamental.returnOnEquity;instruments.*.fundamental.returnOnInvestment,streaming.;market_hours.future.ZR.isOpen;market_hours.future.ZF.isOpen,V3 G2 cross-validator (CSV vocabulary),NOT_MARKET_DATA,,,NOT_MARKET_DATA: scoped mechanical classifier tail; production wire reads tracked in governance/SCHWAB_V4_REVIEW_MEMOS cone walk
5b1058358f0c1a7f231c,cross_validator,ml_predict.py,530,0,pattern_kind_miss,") -> dict[str, float]:",float,instruments.*.fundamental.marketCapFloat;instruments.*.fundamental.shortIntToFloat,chains.callExpDateMap.*.theoreticalVolatility;chains.putExpDateMap.*.theoreticalVolatility;chains.volatility,V3 G2 cross-validator (CSV vocabulary),NOT_MARKET_DATA,,,NOT_MARKET_DATA: scoped mechanical classifier tail; production wire reads tracked in governance/SCHWAB_V4_REVIEW_MEMOS cone walk
205ddd66732cbfbed3e4,cross_validator,ml_predict.py,536,0,pattern_kind_miss,"    Inference contract — Option 1: when both heads load successfully, direction probabilities are",option,chains.callExpDateMap.*.optionDeliverablesList;chains.callExpDateMap.*.optionDeliverablesList.*;chains.callExpDateMap.*.optionDeliverablesList.*.assetType;chains.callExpDateMap.*.optionDeliverablesList.*.currencyType;chains.callExpDateMap.*.optionDeliverablesList.*.deliverableUnits;chains.callExpDateMap.*.optionDeliverablesList.*.symbol;chains.callExpDateMap.*.optionRoot;chains.callExpDateMap.*.theoreticalOptionValue;chains.putExpDateMap.*.optionDeliverablesList;chains.putExpDateMap.*.optionDeliverablesList.*;chains.putExpDateMap.*.optionDeliverablesList.*.assetType;chains.putExpDateMap.*.optionDeliverablesList.*.currencyType;chains.putExpDateMap.*.optionDeliverablesList.*.deliverableUnits;chains.putExpDateMap.*.optionDeliverablesList.*.symbol;chains.putExpDateMap.*.optionRoot;chains.putExpDateMap.*.theoreticalOptionValue;market_hours.option;market_hours.option.EQO;market_hours.option.EQO.date;market_hours.option.EQO.isOpen;market_hours.option.EQO.marketType;market_hours.option.EQO.product;market_hours.option.EQO.productName;market_hours.option.EQO.sessionHours;market_hours.option.EQO.sessionHours.regularMarket,quotes.quote.askSize;quotes.quote.bidSize;chains.putExpDateMap.*.theoreticalVolatility,V3 G2 cross-validator (CSV vocabulary),NOT_MARKET_DATA,,,NOT_MARKET_DATA: scoped mechanical classifier tail; production wire reads tracked in governance/SCHWAB_V4_REVIEW_MEMOS cone walk
8400f5a24e800bd2a7cd,cross_validator,ml_predict.py,538,0,pattern_kind_miss,    restrict to valid_dir rows for outcome_dir calibration; move head uses the full labeled row set.,the,chains.callExpDateMap.*.inTheMoney;chains.putExpDateMap.*.inTheMoney,quotes.quote.askSize;quotes.quote.bidSize;quotes.extended.askSize,V3 G2 cross-validator (CSV vocabulary),NOT_MARKET_DATA,,,NOT_MARKET_DATA: scoped mechanical classifier tail; production wire reads tracked in governance/SCHWAB_V4_REVIEW_MEMOS cone walk
16ec0d97a351f75eefcf,cross_validator,ml_predict.py,542,0,pattern_kind_miss,"    out: dict[str, float] = {}",float,instruments.*.fundamental.marketCapFloat;instruments.*.fundamental.shortIntToFloat,chains.putExpDateMap.*.theoreticalVolatility;chains.callExpDateMap.*.theoreticalVolatility;chains.volatility,V3 G2 cross-validator (CSV vocabulary),NOT_MARKET_DATA,,,NOT_MARKET_DATA: scoped mechanical classifier tail; production wire reads tracked in governance/SCHWAB_V4_REVIEW_MEMOS cone walk
c47a3127476b985defd3,cross_validator,ml_predict.py,554,0,pattern_kind_miss,"                    with open(mtp, encoding=""utf-8"") as fm:",open,chains.callExpDateMap.*.openInterest;chains.callExpDateMap.*.openPrice;chains.putExpDateMap.*.openInterest;chains.putExpDateMap.*.openPrice;chains.underlying.openPrice;market_hours.bond.BON.isOpen;market_hours.equity.EQ.isOpen;market_hours.forex.forex.isOpen;market_hours.future.ADA.isOpen;market_hours.future.AW.isOpen;market_hours.future.BFF.isOpen;market_hours.future.BTC.isOpen;market_hours.future.BZ.isOpen;market_hours.future.CB.isOpen;market_hours.future.CL.isOpen;market_hours.future.CZK.isOpen;market_hours.future.DC.isOpen;market_hours.future.E7.isOpen;market_hours.future.ECK.isOpen;market_hours.future.EHF.isOpen;market_hours.future.EMD.isOpen;market_hours.future.ES.isOpen;market_hours.future.ETH.isOpen;market_hours.future.GC.isOpen;market_hours.future.GF.isOpen,chains.putExpDateMap.*.volatility;chains.putExpDateMap.*.quoteTimeInLong;chains.putExpDateMap.*.bidSize,V3 G2 cross-validator (CSV vocabulary),NOT_MARKET_DATA,,,NOT_MARKET_DATA: scoped mechanical classifier tail; production wire reads tracked in governance/SCHWAB_V4_REVIEW_MEMOS cone walk
1c4f2ab0a3f8e8c37813,cross_validator,ml_predict.py,563,0,pattern_kind_miss,"                        with open(mp, ""rb"") as f:",open,chains.callExpDateMap.*.openInterest;chains.callExpDateMap.*.openPrice;chains.putExpDateMap.*.openInterest;chains.putExpDateMap.*.openPrice;chains.underlying.openPrice;market_hours.bond.BON.isOpen;market_hours.equity.EQ.isOpen;market_hours.forex.forex.isOpen;market_hours.future.ADA.isOpen;market_hours.future.AW.isOpen;market_hours.future.BFF.isOpen;market_hours.future.BTC.isOpen;market_hours.future.BZ.isOpen;market_hours.future.CB.isOpen;market_hours.future.CL.isOpen;market_hours.future.CZK.isOpen;market_hours.future.DC.isOpen;market_hours.future.E7.isOpen;market_hours.future.ECK.isOpen;market_hours.future.EHF.isOpen;market_hours.future.EMD.isOpen;market_hours.future.ES.isOpen;market_hours.future.ETH.isOpen;market_hours.future.GC.isOpen;market_hours.future.GF.isOpen,chains.putExpDateMap.*.bidSize;chains.callExpDateMap.*.bidSize;chains.putExpDateMap.*.askSize,V3 G2 cross-validator (CSV vocabulary),NOT_MARKET_DATA,,,NOT_MARKET_DATA: scoped mechanical classifier tail; production wire reads tracked in governance/SCHWAB_V4_REVIEW_MEMOS cone walk
5eecebe210ddca92a8d2,cross_validator,ml_predict.py,564,0,pattern_kind_miss,                            model = pickle.load(f),model,,chains.callExpDateMap.*.theoreticalVolatility;chains.callExpDateMap.*.totalVolume;chains.callExpDateMap.*.bidSize,V3 G2 cross-validator (CSV vocabulary),NOT_MARKET_DATA,,,NOT_MARKET_DATA: scoped mechanical classifier tail; production wire reads tracked in governance/SCHWAB_V4_REVIEW_MEMOS cone walk
001005161830b893b184,cross_validator,ml_predict.py,565,0,pattern_kind_miss,"                        cnames = list(meta.get(""class_names"") or names_default)",list,chains.callExpDateMap.*.optionDeliverablesList;chains.callExpDateMap.*.optionDeliverablesList.*;chains.callExpDateMap.*.optionDeliverablesList.*.assetType;chains.callExpDateMap.*.optionDeliverablesList.*.currencyType;chains.callExpDateMap.*.optionDeliverablesList.*.deliverableUnits;chains.callExpDateMap.*.optionDeliverablesList.*.symbol;chains.putExpDateMap.*.optionDeliverablesList;chains.putExpDateMap.*.optionDeliverablesList.*;chains.putExpDateMap.*.optionDeliverablesList.*.assetType;chains.putExpDateMap.*.optionDeliverablesList.*.currencyType;chains.putExpDateMap.*.optionDeliverablesList.*.deliverableUnits;chains.putExpDateMap.*.optionDeliverablesList.*.symbol,chains.callExpDateMap.*.theta;chains.callExpDateMap.*.gamma;chains.callExpDateMap.*.delta,V3 G2 cross-validator (CSV vocabulary),NOT_MARKET_DATA,,,NOT_MARKET_DATA: scoped mechanical classifier tail; production wire reads tracked in governance/SCHWAB_V4_REVIEW_MEMOS cone walk
20a465f8ea90512dad38,cross_validator,ml_predict.py,567,0,pattern_kind_miss,"                            model=model,",model,,quotes.extended.totalVolume;chains.callExpDateMap.*.totalVolume;quotes.quote.totalVolume,V3 G2 cross-validator (CSV vocabulary),NOT_MARKET_DATA,,,NOT_MARKET_DATA: scoped mechanical classifier tail; production wire reads tracked in governance/SCHWAB_V4_REVIEW_MEMOS cone walk
3f69efe284cc6f3396c6,cross_validator,ml_predict.py,617,0,pattern_kind_miss,            if nfi is not None and x_mat.shape[1] != int(nfi):,int,instruments.*.fundamental.shortIntDayToCover;instruments.*.fundamental.shortIntToFloat,chains.putExpDateMap.*.bidAskSize;chains.putExpDateMap.*.mini;chains.putExpDateMap.*.description,V3 G2 cross-validator (CSV vocabulary),NOT_MARKET_DATA,,,NOT_MARKET_DATA: scoped mechanical classifier tail; production wire reads tracked in governance/SCHWAB_V4_REVIEW_MEMOS cone walk
fc56f5fff8112161ed01,cross_validator,ml_predict.py,627,0,pattern_kind_miss,"                pu = float(norm.get(""up"", 0.5))",float,instruments.*.fundamental.marketCapFloat;instruments.*.fundamental.shortIntToFloat,chains.putExpDateMap.*.multiplier;chains.putExpDateMap.*.totalVolume;chains.putExpDateMap.*.theoreticalOptionValue,V3 G2 cross-validator (CSV vocabulary),NOT_MARKET_DATA,,,NOT_MARKET_DATA: scoped mechanical classifier tail; production wire reads tracked in governance/SCHWAB_V4_REVIEW_MEMOS cone walk
3a8613f7612942805087,cross_validator,ml_predict.py,628,0,pattern_kind_miss,"                pd_ = float(norm.get(""down"", 0.5))",float,instruments.*.fundamental.marketCapFloat;instruments.*.fundamental.shortIntToFloat,chains.underlying.totalVolume;chains.putExpDateMap.*.totalVolume;chains.putExpDateMap.*.optionDeliverablesList.*.symbol,V3 G2 cross-validator (CSV vocabulary),NOT_MARKET_DATA,,,NOT_MARKET_DATA: scoped mechanical classifier tail; production wire reads tracked in governance/SCHWAB_V4_REVIEW_MEMOS cone walk
e88b97b07aa3a3bce472,cross_validator,ml_predict.py,634,0,pattern_kind_miss,"                pm = float(norm.get(""move"", 0.5))",float,instruments.*.fundamental.marketCapFloat;instruments.*.fundamental.shortIntToFloat,chains.putExpDateMap.*.totalVolume;chains.callExpDateMap.*.totalVolume;chains.underlying.totalVolume,V3 G2 cross-validator (CSV vocabulary),NOT_MARKET_DATA,,,NOT_MARKET_DATA: scoped mechanical classifier tail; production wire reads tracked in governance/SCHWAB_V4_REVIEW_MEMOS cone walk
4e15e654e6245a61fa84,cross_validator,ml_predict.py,635,0,pattern_kind_miss,"                pn = float(norm.get(""no_move"", 0.5))",float,instruments.*.fundamental.marketCapFloat;instruments.*.fundamental.shortIntToFloat,streaming.content.*.VOLUME;chains.underlying.totalVolume;chains.putExpDateMap.*.totalVolume,V3 G2 cross-validator (CSV vocabulary),NOT_MARKET_DATA,,,NOT_MARKET_DATA: scoped mechanical classifier tail; production wire reads tracked in governance/SCHWAB_V4_REVIEW_MEMOS cone walk
d30d9245de2c539474b8,cross_validator,ml_predict.py,642,0,pattern_kind_miss,"    for k, v in list(out.items()):",list,chains.callExpDateMap.*.optionDeliverablesList;chains.callExpDateMap.*.optionDeliverablesList.*;chains.callExpDateMap.*.optionDeliverablesList.*.assetType;chains.callExpDateMap.*.optionDeliverablesList.*.currencyType;chains.callExpDateMap.*.optionDeliverablesList.*.deliverableUnits;chains.callExpDateMap.*.optionDeliverablesList.*.symbol;chains.putExpDateMap.*.optionDeliverablesList;chains.putExpDateMap.*.optionDeliverablesList.*;chains.putExpDateMap.*.optionDeliverablesList.*.assetType;chains.putExpDateMap.*.optionDeliverablesList.*.currencyType;chains.putExpDateMap.*.optionDeliverablesList.*.deliverableUnits;chains.putExpDateMap.*.optionDeliverablesList.*.symbol,chains.volatility;chains.putExpDateMap.*.theoreticalVolatility;chains.callExpDateMap.*.theoreticalVolatility,V3 G2 cross-validator (CSV vocabulary),NOT_MARKET_DATA,,,NOT_MARKET_DATA: scoped mechanical classifier tail; production wire reads tracked in governance/SCHWAB_V4_REVIEW_MEMOS cone walk
93ee8da3c6f4e92b2651,cross_validator,ml_predict.py,646,0,pattern_kind_miss,"            out[k] = float(min(1.0, max(0.0, v)))",float,instruments.*.fundamental.marketCapFloat;instruments.*.fundamental.shortIntToFloat,chains.putExpDateMap.*.theoreticalVolatility;chains.callExpDateMap.*.theoreticalVolatility;chains.callExpDateMap.*.multiplier,V3 G2 cross-validator (CSV vocabulary),NOT_MARKET_DATA,,,NOT_MARKET_DATA: scoped mechanical classifier tail; production wire reads tracked in governance/SCHWAB_V4_REVIEW_MEMOS cone walk
e2dc4e82fa7f3fdbdc9d,cross_validator,ml_predict.py,647,0,pattern_kind_miss,    return out,return,instruments.*.fundamental.returnOnAssets;instruments.*.fundamental.returnOnEquity;instruments.*.fundamental.returnOnInvestment,market_hours.future.RTY.isOpen;market_hours.future.ZT.isOpen;market_hours.future.BTC.isOpen,V3 G2 cross-validator (CSV vocabulary),NOT_MARKET_DATA,,,NOT_MARKET_DATA: scoped mechanical classifier tail; production wire reads tracked in governance/SCHWAB_V4_REVIEW_MEMOS cone walk
f8a57fd2a183fc56a96b,cross_validator,ml_predict.py,651,0,pattern_kind_miss,# LSTM - per-ticker model,per model,instruments.*.fundamental.bookValuePerShare,chains.callExpDateMap.*.delta;chains.callExpDateMap.*.gamma;movers.screeners.*.totalVolume,V3 G2 cross-validator (CSV vocabulary),NOT_MARKET_DATA,,,NOT_MARKET_DATA: scoped mechanical classifier tail; production wire reads tracked in governance/SCHWAB_V4_REVIEW_MEMOS cone walk
afcc722f6f8315e428a8,cross_validator,ml_predict.py,658,0,pattern_kind_miss,        return _lstm_registry[rk] is not None,return,instruments.*.fundamental.returnOnAssets;instruments.*.fundamental.returnOnEquity;instruments.*.fundamental.returnOnInvestment,streaming.content.*.ASK_SIZE;streaming.content.*.ASKS;streaming.content.*.BID_SIZE,V3 G2 cross-validator (CSV vocabulary),NOT_MARKET_DATA,,,NOT_MARKET_DATA: scoped mechanical classifier tail; production wire reads tracked in governance/SCHWAB_V4_REVIEW_MEMOS cone walk
299fe0dda08dde1f3938,cross_validator,ml_predict.py,663,0,pattern_kind_miss,"        logger.debug(""LSTM model not found for %s at %s"", ticker, mp)",model,,quotes.extended.totalVolume;quotes.quote.bidSize;quotes.quote.totalVolume,V3 G2 cross-validator (CSV vocabulary),NOT_MARKET_DATA,,,NOT_MARKET_DATA: scoped mechanical classifier tail; production wire reads tracked in governance/SCHWAB_V4_REVIEW_MEMOS cone walk
ea56cd04450925584c48,cross_validator,ml_predict.py,665,0,pattern_kind_miss,        return False,return,instruments.*.fundamental.returnOnAssets;instruments.*.fundamental.returnOnEquity;instruments.*.fundamental.returnOnInvestment,quotes.regular.regularMarketLastSize;quotes.regular.regularMarketLastPrice;quotes.regular.regularMarketTradeTime,V3 G2 cross-validator (CSV vocabulary),NOT_MARKET_DATA,,,NOT_MARKET_DATA: scoped mechanical classifier tail; production wire reads tracked in governance/SCHWAB_V4_REVIEW_MEMOS cone walk
decf3f81d437108bf436,cross_validator,ml_predict.py,670,0,pattern_kind_miss,"        model, checkpoint = load_lstm(",model,,chains.callExpDateMap.*.totalVolume;chains.callExpDateMap.*.theoreticalVolatility;chains.putExpDateMap.*.theoreticalVolatility,V3 G2 cross-validator (CSV vocabulary),NOT_MARKET_DATA,,,NOT_MARKET_DATA: scoped mechanical classifier tail; production wire reads tracked in governance/SCHWAB_V4_REVIEW_MEMOS cone walk
c113aebd21e8c66a1cd4,cross_validator,ml_predict.py,673,0,pattern_kind_miss,        if model is None:,model,,quotes.quote.bidSize;quotes.extended.bidSize;quotes.fundamental.divFreq,V3 G2 cross-validator (CSV vocabulary),NOT_MARKET_DATA,,,NOT_MARKET_DATA: scoped mechanical classifier tail; production wire reads tracked in governance/SCHWAB_V4_REVIEW_MEMOS cone walk
b04b32fd6e9301090248,cross_validator,ml_predict.py,676,0,pattern_kind_miss,            return False,return,instruments.*.fundamental.returnOnAssets;instruments.*.fundamental.returnOnEquity;instruments.*.fundamental.returnOnInvestment,quotes.regular.regularMarketLastSize;quotes.regular.regularMarketLastPrice;quotes.regular.regularMarketTradeTime,V3 G2 cross-validator (CSV vocabulary),NOT_MARKET_DATA,,,NOT_MARKET_DATA: scoped mechanical classifier tail; production wire reads tracked in governance/SCHWAB_V4_REVIEW_MEMOS cone walk
b5efed513fee351d0191,cross_validator,ml_predict.py,678,0,pattern_kind_miss,        model.eval(),model,,chains.callExpDateMap.*.high52Week;chains.callExpDateMap.*.low52Week;chains.callExpDateMap.*.theoreticalVolatility,V3 G2 cross-validator (CSV vocabulary),NOT_MARKET_DATA,,,NOT_MARKET_DATA: scoped mechanical classifier tail; production wire reads tracked in governance/SCHWAB_V4_REVIEW_MEMOS cone walk
4d5082a924876a1b815d,cross_validator,ml_predict.py,679,0,pattern_kind_miss,"        _lstm_registry[rk] = (model, checkpoint)",model,,chains.putExpDateMap.*.theoreticalVolatility;chains.callExpDateMap.*.theoreticalVolatility;chains.volatility,V3 G2 cross-validator (CSV vocabulary),NOT_MARKET_DATA,,,NOT_MARKET_DATA: scoped mechanical classifier tail; production wire reads tracked in governance/SCHWAB_V4_REVIEW_MEMOS cone walk
f7352c7a024ae7b46222,cross_validator,ml_predict.py,680,0,pattern_kind_miss,"        logger.info(""LSTM model loaded for %s hz=%s"", ticker, hz)",model,,pricehistory.candles.*.volume;quotes.quote.bidSize;quotes.quote.askSize,V3 G2 cross-validator (CSV vocabulary),NOT_MARKET_DATA,,,NOT_MARKET_DATA: scoped mechanical classifier tail; production wire reads tracked in governance/SCHWAB_V4_REVIEW_MEMOS cone walk
81839cea60d55eed2795,cross_validator,ml_predict.py,681,0,pattern_kind_miss,        return True,return,instruments.*.fundamental.returnOnAssets;instruments.*.fundamental.returnOnEquity;instruments.*.fundamental.returnOnInvestment,quotes.regular.regularMarketTradeTime;market_hours.future.RTY.isOpen;quotes.regular.regularMarketLastSize,V3 G2 cross-validator (CSV vocabulary),NOT_MARKET_DATA,,,NOT_MARKET_DATA: scoped mechanical classifier tail; production wire reads tracked in governance/SCHWAB_V4_REVIEW_MEMOS cone walk
d8c958d9b527174f4726,cross_validator,ml_predict.py,686,0,pattern_kind_miss,        return False,return,instruments.*.fundamental.returnOnAssets;instruments.*.fundamental.returnOnEquity;instruments.*.fundamental.returnOnInvestment,quotes.regular.regularMarketLastSize;quotes.regular.regularMarketLastPrice;quotes.regular.regularMarketTradeTime,V3 G2 cross-validator (CSV vocabulary),NOT_MARKET_DATA,,,NOT_MARKET_DATA: scoped mechanical classifier tail; production wire reads tracked in governance/SCHWAB_V4_REVIEW_MEMOS cone walk
9c4276814d46036b9bb7,cross_validator,ml_predict.py,690,0,pattern_kind_miss,        return False,return,instruments.*.fundamental.returnOnAssets;instruments.*.fundamental.returnOnEquity;instruments.*.fundamental.returnOnInvestment,quotes.regular.regularMarketLastSize;quotes.regular.regularMarketLastPrice;quotes.regular.regularMarketTradeTime,V3 G2 cross-validator (CSV vocabulary),NOT_MARKET_DATA,,,NOT_MARKET_DATA: scoped mechanical classifier tail; production wire reads tracked in governance/SCHWAB_V4_REVIEW_MEMOS cone walk
d6bec8b0db9e26a91f70,cross_validator,ml_predict.py,705,0,pattern_kind_miss,        return None,return,instruments.*.fundamental.returnOnAssets;instruments.*.fundamental.returnOnEquity;instruments.*.fundamental.returnOnInvestment,quotes.reference.htbRate;quotes.reference.isHardToBorrow;market_hours.future.RME.category,V3 G2 cross-validator (CSV vocabulary),NOT_MARKET_DATA,,,NOT_MARKET_DATA: scoped mechanical classifier tail; production wire reads tracked in governance/SCHWAB_V4_REVIEW_MEMOS cone walk
159c07bbdd472aa5923d,cross_validator,ml_predict.py,707,0,pattern_kind_miss,"    model, checkpoint = _lstm_registry[_model_registry_key(ticker)]",model,,quotes.quote.askSize;streaming.content.*.BID_SIZE;streaming.content.*.ASK_SIZE,V3 G2 cross-validator (CSV vocabulary),NOT_MARKET_DATA,,,NOT_MARKET_DATA: scoped mechanical classifier tail; production wire reads tracked in governance/SCHWAB_V4_REVIEW_MEMOS cone walk
d9d43b12d9937286ec28,cross_validator,ml_predict.py,725,0,pattern_kind_miss,            merged_window = list(shared_sequence_context.lstm_merged_window),list,chains.callExpDateMap.*.optionDeliverablesList;chains.callExpDateMap.*.optionDeliverablesList.*;chains.callExpDateMap.*.optionDeliverablesList.*.assetType;chains.callExpDateMap.*.optionDeliverablesList.*.currencyType;chains.callExpDateMap.*.optionDeliverablesList.*.deliverableUnits;chains.callExpDateMap.*.optionDeliverablesList.*.symbol;chains.putExpDateMap.*.optionDeliverablesList;chains.putExpDateMap.*.optionDeliverablesList.*;chains.putExpDateMap.*.optionDeliverablesList.*.assetType;chains.putExpDateMap.*.optionDeliverablesList.*.currencyType;chains.putExpDateMap.*.optionDeliverablesList.*.deliverableUnits;chains.putExpDateMap.*.optionDeliverablesList.*.symbol,quotes.extended.askSize;quotes.extended.bidSize;streaming.content.*.BID_SIZE,V3 G2 cross-validator (CSV vocabulary),NOT_MARKET_DATA,,,NOT_MARKET_DATA: scoped mechanical classifier tail; production wire reads tracked in governance/SCHWAB_V4_REVIEW_MEMOS cone walk
5b0cd086a8cac64bb9f9,cross_validator,ml_predict.py,726,0,pattern_kind_miss,            merged_days = list(shared_sequence_context.lstm_merged_days),list,chains.callExpDateMap.*.optionDeliverablesList;chains.callExpDateMap.*.optionDeliverablesList.*;chains.callExpDateMap.*.optionDeliverablesList.*.assetType;chains.callExpDateMap.*.optionDeliverablesList.*.currencyType;chains.callExpDateMap.*.optionDeliverablesList.*.deliverableUnits;chains.callExpDateMap.*.optionDeliverablesList.*.symbol;chains.putExpDateMap.*.optionDeliverablesList;chains.putExpDateMap.*.optionDeliverablesList.*;chains.putExpDateMap.*.optionDeliverablesList.*.assetType;chains.putExpDateMap.*.optionDeliverablesList.*.currencyType;chains.putExpDateMap.*.optionDeliverablesList.*.deliverableUnits;chains.putExpDateMap.*.optionDeliverablesList.*.symbol,quotes.extended.askSize;quotes.extended.bidSize;quotes.quote.askSize,V3 G2 cross-validator (CSV vocabulary),NOT_MARKET_DATA,,,NOT_MARKET_DATA: scoped mechanical classifier tail; production wire reads tracked in governance/SCHWAB_V4_REVIEW_MEMOS cone walk
6e3e1e89de9602fef770,cross_validator,ml_predict.py,740,0,pattern_kind_miss,            recent = list(reversed(recent)),list,chains.callExpDateMap.*.optionDeliverablesList;chains.callExpDateMap.*.optionDeliverablesList.*;chains.callExpDateMap.*.optionDeliverablesList.*.assetType;chains.callExpDateMap.*.optionDeliverablesList.*.currencyType;chains.callExpDateMap.*.optionDeliverablesList.*.deliverableUnits;chains.callExpDateMap.*.optionDeliverablesList.*.symbol;chains.putExpDateMap.*.optionDeliverablesList;chains.putExpDateMap.*.optionDeliverablesList.*;chains.putExpDateMap.*.optionDeliverablesList.*.assetType;chains.putExpDateMap.*.optionDeliverablesList.*.currencyType;chains.putExpDateMap.*.optionDeliverablesList.*.deliverableUnits;chains.putExpDateMap.*.optionDeliverablesList.*.symbol,quotes.extended.askSize;quotes.extended.bidSize;chains.putExpDateMap.*.high52Week,V3 G2 cross-validator (CSV vocabulary),NOT_MARKET_DATA,,,NOT_MARKET_DATA: scoped mechanical classifier tail; production wire reads tracked in governance/SCHWAB_V4_REVIEW_MEMOS cone walk
2bce0d88fe322856be48,cross_validator,ml_predict.py,746,0,pattern_kind_miss,            day_snaps = list(reversed(day_snaps)) if day_snaps else list(window),list,chains.callExpDateMap.*.optionDeliverablesList;chains.callExpDateMap.*.optionDeliverablesList.*;chains.callExpDateMap.*.optionDeliverablesList.*.assetType;chains.callExpDateMap.*.optionDeliverablesList.*.currencyType;chains.callExpDateMap.*.optionDeliverablesList.*.deliverableUnits;chains.callExpDateMap.*.optionDeliverablesList.*.symbol;chains.putExpDateMap.*.optionDeliverablesList;chains.putExpDateMap.*.optionDeliverablesList.*;chains.putExpDateMap.*.optionDeliverablesList.*.assetType;chains.putExpDateMap.*.optionDeliverablesList.*.currencyType;chains.putExpDateMap.*.optionDeliverablesList.*.deliverableUnits;chains.putExpDateMap.*.optionDeliverablesList.*.symbol,chains.callExpDateMap.*.askSize;chains.putExpDateMap.*.askSize;chains.callExpDateMap.*.bidSize,V3 G2 cross-validator (CSV vocabulary),NOT_MARKET_DATA,,,NOT_MARKET_DATA: scoped mechanical classifier tail; production wire reads tracked in governance/SCHWAB_V4_REVIEW_MEMOS cone walk
dfd0ebbc89e265473258,cross_validator,ml_predict.py,799,0,pattern_kind_miss,                return None,return,instruments.*.fundamental.returnOnAssets;instruments.*.fundamental.returnOnEquity;instruments.*.fundamental.returnOnInvestment,quotes.reference.htbRate;quotes.reference.isHardToBorrow;market_hours.future.RME.category,V3 G2 cross-validator (CSV vocabulary),NOT_MARKET_DATA,,,NOT_MARKET_DATA: scoped mechanical classifier tail; production wire reads tracked in governance/SCHWAB_V4_REVIEW_MEMOS cone walk
cfadfb3e78d5693a7335,cross_validator,ml_predict.py,812,0,pattern_kind_miss,            return None,return,instruments.*.fundamental.returnOnAssets;instruments.*.fundamental.returnOnEquity;instruments.*.fundamental.returnOnInvestment,quotes.reference.htbRate;quotes.reference.isHardToBorrow;market_hours.future.RME.category,V3 G2 cross-validator (CSV vocabulary),NOT_MARKET_DATA,,,NOT_MARKET_DATA: scoped mechanical classifier tail; production wire reads tracked in governance/SCHWAB_V4_REVIEW_MEMOS cone walk
8490f634de9d7708b415,cross_validator,ml_predict.py,826,0,pattern_kind_miss,                return None,return,instruments.*.fundamental.returnOnAssets;instruments.*.fundamental.returnOnEquity;instruments.*.fundamental.returnOnInvestment,quotes.reference.htbRate;quotes.reference.isHardToBorrow;market_hours.future.RME.category,V3 G2 cross-validator (CSV vocabulary),NOT_MARKET_DATA,,,NOT_MARKET_DATA: scoped mechanical classifier tail; production wire reads tracked in governance/SCHWAB_V4_REVIEW_MEMOS cone walk
c216032843f0d4c53826,cross_validator,ml_predict.py,839,0,pattern_kind_miss,"        return {CLASS_NAMES[i]: round(float(probs[i]), 4) for i in range(3)}",return float,instruments.*.fundamental.returnOnAssets;instruments.*.fundamental.returnOnEquity;instruments.*.fundamental.returnOnInvestment;instruments.*.fundamental.marketCapFloat;instruments.*.fundamental.shortIntToFloat,chains.underlying.askSize;chains.underlying.bidSize;quotes.quote.askSize,V3 G2 cross-validator (CSV vocabulary),NOT_MARKET_DATA,,,NOT_MARKET_DATA: scoped mechanical classifier tail; production wire reads tracked in governance/SCHWAB_V4_REVIEW_MEMOS cone walk
1ebe772f700d09eb19ee,cross_validator,ml_predict.py,846,0,pattern_kind_miss,"        logger.warning(""LSTM prediction failed for %s: %s"", ticker, e)",prediction,,chains.callExpDateMap.*.bidSize;quotes.quote.bidSize;chains.underlying.bidSize,V3 G2 cross-validator (CSV vocabulary),NOT_MARKET_DATA,,,NOT_MARKET_DATA: scoped mechanical classifier tail; production wire reads tracked in governance/SCHWAB_V4_REVIEW_MEMOS cone walk
1d8ef87434a9647f0793,cross_validator,ml_predict.py,847,0,pattern_kind_miss,        return None,return,instruments.*.fundamental.returnOnAssets;instruments.*.fundamental.returnOnEquity;instruments.*.fundamental.returnOnInvestment,quotes.reference.htbRate;quotes.reference.isHardToBorrow;market_hours.future.RME.category,V3 G2 cross-validator (CSV vocabulary),NOT_MARKET_DATA,,,NOT_MARKET_DATA: scoped mechanical classifier tail; production wire reads tracked in governance/SCHWAB_V4_REVIEW_MEMOS cone walk
c7c5cdf20db7dee3c80b,cross_validator,ml_predict.py,851,0,pattern_kind_miss,# TRANSFORMER - per-ticker model,per model,instruments.*.fundamental.bookValuePerShare,movers.screeners.*.totalVolume;movers.screeners.*.volume;pricehistory.candles.*.volume,V3 G2 cross-validator (CSV vocabulary),NOT_MARKET_DATA,,,NOT_MARKET_DATA: scoped mechanical classifier tail; production wire reads tracked in governance/SCHWAB_V4_REVIEW_MEMOS cone walk
59b50a3d085bdcdae1da,cross_validator,ml_predict.py,858,0,pattern_kind_miss,        return _trans_registry[rk] is not None,return,instruments.*.fundamental.returnOnAssets;instruments.*.fundamental.returnOnEquity;instruments.*.fundamental.returnOnInvestment,streaming.content.*.ASK_SIZE;streaming.content.*.ASKS;streaming.content.*.ASKS.*.ASK_PRICE,V3 G2 cross-validator (CSV vocabulary),NOT_MARKET_DATA,,,NOT_MARKET_DATA: scoped mechanical classifier tail; production wire reads tracked in governance/SCHWAB_V4_REVIEW_MEMOS cone walk
fb8695e4f1fe0f7eb757,cross_validator,ml_predict.py,864,0,pattern_kind_miss,"        logger.debug(""Transformer model not found for %s at %s"", ticker, mp)",model,,movers.screeners.*.totalVolume;quotes.extended.totalVolume;pricehistory.candles.*.volume,V3 G2 cross-validator (CSV vocabulary),NOT_MARKET_DATA,,,NOT_MARKET_DATA: scoped mechanical classifier tail; production wire reads tracked in governance/SCHWAB_V4_REVIEW_MEMOS cone walk
c44f6c16fe2b3021344d,cross_validator,ml_predict.py,866,0,pattern_kind_miss,        return False,return,instruments.*.fundamental.returnOnAssets;instruments.*.fundamental.returnOnEquity;instruments.*.fundamental.returnOnInvestment,quotes.regular.regularMarketLastSize;quotes.regular.regularMarketLastPrice;quotes.regular.regularMarketTradeTime,V3 G2 cross-validator (CSV vocabulary),NOT_MARKET_DATA,,,NOT_MARKET_DATA: scoped mechanical classifier tail; production wire reads tracked in governance/SCHWAB_V4_REVIEW_MEMOS cone walk
4e3240b875c75b747a38,cross_validator,ml_predict.py,870,0,pattern_kind_miss,        return False,return,instruments.*.fundamental.returnOnAssets;instruments.*.fundamental.returnOnEquity;instruments.*.fundamental.returnOnInvestment,quotes.regular.regularMarketLastSize;quotes.regular.regularMarketLastPrice;quotes.regular.regularMarketTradeTime,V3 G2 cross-validator (CSV vocabulary),NOT_MARKET_DATA,,,NOT_MARKET_DATA: scoped mechanical classifier tail; production wire reads tracked in governance/SCHWAB_V4_REVIEW_MEMOS cone walk
c1dd463f496db3c4597e,cross_validator,ml_predict.py,873,0,pattern_kind_miss,"        with open(mtp, ""r"", encoding=""utf-8"") as f:",open,chains.callExpDateMap.*.openInterest;chains.callExpDateMap.*.openPrice;chains.putExpDateMap.*.openInterest;chains.putExpDateMap.*.openPrice;chains.underlying.openPrice;market_hours.bond.BON.isOpen;market_hours.equity.EQ.isOpen;market_hours.forex.forex.isOpen;market_hours.future.ADA.isOpen;market_hours.future.AW.isOpen;market_hours.future.BFF.isOpen;market_hours.future.BTC.isOpen;market_hours.future.BZ.isOpen;market_hours.future.CB.isOpen;market_hours.future.CL.isOpen;market_hours.future.CZK.isOpen;market_hours.future.DC.isOpen;market_hours.future.E7.isOpen;market_hours.future.ECK.isOpen;market_hours.future.EHF.isOpen;market_hours.future.EMD.isOpen;market_hours.future.ES.isOpen;market_hours.future.ETH.isOpen;market_hours.future.GC.isOpen;market_hours.future.GF.isOpen,chains.putExpDateMap.*.bidSize;chains.callExpDateMap.*.bidSize;chains.putExpDateMap.*.theoreticalVolatility,V3 G2 cross-validator (CSV vocabulary),NOT_MARKET_DATA,,,NOT_MARKET_DATA: scoped mechanical classifier tail; production wire reads tracked in governance/SCHWAB_V4_REVIEW_MEMOS cone walk
41e1354e22332ab8ff43,cross_validator,ml_predict.py,880,0,pattern_kind_miss,"                ""Transformer %s: incompatible model contract (%s). Retrain; refusing load."",",model,,streaming.content.*.BIDS;streaming.content.*.ASKS;streaming.content.*.BID_SIZE,V3 G2 cross-validator (CSV vocabulary),NOT_MARKET_DATA,,,NOT_MARKET_DATA: scoped mechanical classifier tail; production wire reads tracked in governance/SCHWAB_V4_REVIEW_MEMOS cone walk
e148ece5f49c6ee93fbd,cross_validator,ml_predict.py,885,0,pattern_kind_miss,            return False,return,instruments.*.fundamental.returnOnAssets;instruments.*.fundamental.returnOnEquity;instruments.*.fundamental.returnOnInvestment,quotes.regular.regularMarketLastSize;quotes.regular.regularMarketLastPrice;quotes.regular.regularMarketTradeTime,V3 G2 cross-validator (CSV vocabulary),NOT_MARKET_DATA,,,NOT_MARKET_DATA: scoped mechanical classifier tail; production wire reads tracked in governance/SCHWAB_V4_REVIEW_MEMOS cone walk
53d75a2b43d3e3ad5658,cross_validator,ml_predict.py,890,0,pattern_kind_miss,        model = build_transformer(,model,,pricehistory.candles.*.volume;movers.screeners.*.totalVolume;chains.underlying.totalVolume,V3 G2 cross-validator (CSV vocabulary),NOT_MARKET_DATA,,,NOT_MARKET_DATA: scoped mechanical classifier tail; production wire reads tracked in governance/SCHWAB_V4_REVIEW_MEMOS cone walk
f6f13d5824c5d9c359d5,cross_validator,ml_predict.py,895,0,pattern_kind_miss,        model.eval(),model,,chains.callExpDateMap.*.high52Week;chains.callExpDateMap.*.low52Week;chains.callExpDateMap.*.theoreticalVolatility,V3 G2 cross-validator (CSV vocabulary),NOT_MARKET_DATA,,,NOT_MARKET_DATA: scoped mechanical classifier tail; production wire reads tracked in governance/SCHWAB_V4_REVIEW_MEMOS cone walk
fb51f591970ac07f81b9,cross_validator,ml_predict.py,896,0,pattern_kind_miss,"        _trans_registry[rk] = (model, checkpoint)",model,,streaming.content.*.ASK_SIZE;quotes.quote.askSize;streaming.content.*.ASKS,V3 G2 cross-validator (CSV vocabulary),NOT_MARKET_DATA,,,NOT_MARKET_DATA: scoped mechanical classifier tail; production wire reads tracked in governance/SCHWAB_V4_REVIEW_MEMOS cone walk
1408a0898531177ac8c5,cross_validator,ml_predict.py,897,0,pattern_kind_miss,"        logger.info(""Transformer model loaded for %s hz=%s"", ticker, hz)",model,,pricehistory.candles.*.volume;movers.screeners.*.totalVolume;quotes.quote.askSize,V3 G2 cross-validator (CSV vocabulary),NOT_MARKET_DATA,,,NOT_MARKET_DATA: scoped mechanical classifier tail; production wire reads tracked in governance/SCHWAB_V4_REVIEW_MEMOS cone walk
cbead2d8155153aeed25,cross_validator,ml_predict.py,898,0,pattern_kind_miss,        return True,return,instruments.*.fundamental.returnOnAssets;instruments.*.fundamental.returnOnEquity;instruments.*.fundamental.returnOnInvestment,quotes.regular.regularMarketTradeTime;market_hours.future.RTY.isOpen;quotes.regular.regularMarketLastSize,V3 G2 cross-validator (CSV vocabulary),NOT_MARKET_DATA,,,NOT_MARKET_DATA: scoped mechanical classifier tail; production wire reads tracked in governance/SCHWAB_V4_REVIEW_MEMOS cone walk
f2d99eea6f1ec1d6b1bb,cross_validator,ml_predict.py,903,0,pattern_kind_miss,        return False,return,instruments.*.fundamental.returnOnAssets;instruments.*.fundamental.returnOnEquity;instruments.*.fundamental.returnOnInvestment,quotes.regular.regularMarketLastSize;quotes.regular.regularMarketLastPrice;quotes.regular.regularMarketTradeTime,V3 G2 cross-validator (CSV vocabulary),NOT_MARKET_DATA,,,NOT_MARKET_DATA: scoped mechanical classifier tail; production wire reads tracked in governance/SCHWAB_V4_REVIEW_MEMOS cone walk
e584ebe04fb06e653c45,cross_validator,ml_predict.py,907,0,pattern_kind_miss,        return False,return,instruments.*.fundamental.returnOnAssets;instruments.*.fundamental.returnOnEquity;instruments.*.fundamental.returnOnInvestment,quotes.regular.regularMarketLastSize;quotes.regular.regularMarketLastPrice;quotes.regular.regularMarketTradeTime,V3 G2 cross-validator (CSV vocabulary),NOT_MARKET_DATA,,,NOT_MARKET_DATA: scoped mechanical classifier tail; production wire reads tracked in governance/SCHWAB_V4_REVIEW_MEMOS cone walk
20f99356b5a3d98180c7,cross_validator,ml_predict.py,923,0,pattern_kind_miss,        return None,return,instruments.*.fundamental.returnOnAssets;instruments.*.fundamental.returnOnEquity;instruments.*.fundamental.returnOnInvestment,quotes.reference.htbRate;quotes.reference.isHardToBorrow;market_hours.future.RME.category,V3 G2 cross-validator (CSV vocabulary),NOT_MARKET_DATA,,,NOT_MARKET_DATA: scoped mechanical classifier tail; production wire reads tracked in governance/SCHWAB_V4_REVIEW_MEMOS cone walk
cdb40de65b1eed4c783b,cross_validator,ml_predict.py,925,0,pattern_kind_miss,"    model, checkpoint = _trans_registry[_model_registry_key(ticker)]",model,,streaming.content.*.ASK_SIZE;streaming.content.*.BID_SIZE;quotes.quote.askSize,V3 G2 cross-validator (CSV vocabulary),NOT_MARKET_DATA,,,NOT_MARKET_DATA: scoped mechanical classifier tail; production wire reads tracked in governance/SCHWAB_V4_REVIEW_MEMOS cone walk
487540db14ab9574dfe3,cross_validator,ml_predict.py,958,0,pattern_kind_miss,            recent = list(reversed(recent)),list,chains.callExpDateMap.*.optionDeliverablesList;chains.callExpDateMap.*.optionDeliverablesList.*;chains.callExpDateMap.*.optionDeliverablesList.*.assetType;chains.callExpDateMap.*.optionDeliverablesList.*.currencyType;chains.callExpDateMap.*.optionDeliverablesList.*.deliverableUnits;chains.callExpDateMap.*.optionDeliverablesList.*.symbol;chains.putExpDateMap.*.optionDeliverablesList;chains.putExpDateMap.*.optionDeliverablesList.*;chains.putExpDateMap.*.optionDeliverablesList.*.assetType;chains.putExpDateMap.*.optionDeliverablesList.*.currencyType;chains.putExpDateMap.*.optionDeliverablesList.*.deliverableUnits;chains.putExpDateMap.*.optionDeliverablesList.*.symbol,quotes.extended.askSize;quotes.extended.bidSize;chains.putExpDateMap.*.high52Week,V3 G2 cross-validator (CSV vocabulary),NOT_MARKET_DATA,,,NOT_MARKET_DATA: scoped mechanical classifier tail; production wire reads tracked in governance/SCHWAB_V4_REVIEW_MEMOS cone walk
42785791651060f4ccbd,cross_validator,ml_predict.py,971,0,pattern_kind_miss,"        seq = [encode_snapshot_5m(s, ref_spot) for s in merged_window]",seq,streaming.content.*.seq,quotes.quote.askSize;quotes.quote.bidSize;quotes.extended.askSize,V3 G2 cross-validator (CSV vocabulary),NOT_MARKET_DATA,,,NOT_MARKET_DATA: scoped mechanical classifier tail; production wire reads tracked in governance/SCHWAB_V4_REVIEW_MEMOS cone walk
a76b99e4b2aaf1274d3a,cross_validator,ml_predict.py,972,0,pattern_kind_miss,"        base = np.array([seq], dtype=np.float32)",seq,streaming.content.*.seq,chains.callExpDateMap.*.theta;chains.putExpDateMap.*.delta;chains.putExpDateMap.*.rho,V3 G2 cross-validator (CSV vocabulary),NOT_MARKET_DATA,,,NOT_MARKET_DATA: scoped mechanical classifier tail; production wire reads tracked in governance/SCHWAB_V4_REVIEW_MEMOS cone walk
30d759cfc0f64fc91c99,cross_validator,ml_predict.py,986,0,pattern_kind_miss,"                        f""Transformer {ticker}: checkpoint feature_mask expects cascade sequence extras """,sequence,streaming.content.*.ASKS.*.ASKS.*.SEQUENCE;streaming.content.*.BIDS.*.BIDS.*.SEQUENCE;streaming.content.*.SEQUENCE,chains.putExpDateMap.*.theta;chains.callExpDateMap.*.theta;chains.putExpDateMap.*.askSize,V3 G2 cross-validator (CSV vocabulary),NOT_MARKET_DATA,,,NOT_MARKET_DATA: scoped mechanical classifier tail; production wire reads tracked in governance/SCHWAB_V4_REVIEW_MEMOS cone walk
f6eeef3e82102691e9b2,cross_validator,ml_predict.py,1023,0,pattern_kind_miss,                return None,return,instruments.*.fundamental.returnOnAssets;instruments.*.fundamental.returnOnEquity;instruments.*.fundamental.returnOnInvestment,quotes.reference.htbRate;quotes.reference.isHardToBorrow;market_hours.future.RME.category,V3 G2 cross-validator (CSV vocabulary),NOT_MARKET_DATA,,,NOT_MARKET_DATA: scoped mechanical classifier tail; production wire reads tracked in governance/SCHWAB_V4_REVIEW_MEMOS cone walk
98ce20947a58a0215d7b,cross_validator,ml_predict.py,1032,0,pattern_kind_miss,            return None,return,instruments.*.fundamental.returnOnAssets;instruments.*.fundamental.returnOnEquity;instruments.*.fundamental.returnOnInvestment,quotes.reference.htbRate;quotes.reference.isHardToBorrow;market_hours.future.RME.category,V3 G2 cross-validator (CSV vocabulary),NOT_MARKET_DATA,,,NOT_MARKET_DATA: scoped mechanical classifier tail; production wire reads tracked in governance/SCHWAB_V4_REVIEW_MEMOS cone walk
4a25bfec345a38f3afa4,cross_validator,ml_predict.py,1046,0,pattern_kind_miss,            return None,return,instruments.*.fundamental.returnOnAssets;instruments.*.fundamental.returnOnEquity;instruments.*.fundamental.returnOnInvestment,quotes.reference.htbRate;quotes.reference.isHardToBorrow;market_hours.future.RME.category,V3 G2 cross-validator (CSV vocabulary),NOT_MARKET_DATA,,,NOT_MARKET_DATA: scoped mechanical classifier tail; production wire reads tracked in governance/SCHWAB_V4_REVIEW_MEMOS cone walk
c3f92a9f61887c3807a8,cross_validator,ml_predict.py,1048,0,pattern_kind_miss,"        return {CLASS_NAMES[i]: round(float(probs[i]), 4) for i in range(3)}",return float,instruments.*.fundamental.returnOnAssets;instruments.*.fundamental.returnOnEquity;instruments.*.fundamental.returnOnInvestment;instruments.*.fundamental.marketCapFloat;instruments.*.fundamental.shortIntToFloat,chains.underlying.askSize;chains.underlying.bidSize;quotes.quote.askSize,V3 G2 cross-validator (CSV vocabulary),NOT_MARKET_DATA,,,NOT_MARKET_DATA: scoped mechanical classifier tail; production wire reads tracked in governance/SCHWAB_V4_REVIEW_MEMOS cone walk
4ee1013f95126c4e30fa,cross_validator,ml_predict.py,1055,0,pattern_kind_miss,"        logger.warning(""Transformer prediction failed for %s: %s"", ticker, e)",prediction,,streaming.content.*.BID_SIZE;streaming.content.*.BIDS;chains.underlying.askSize,V3 G2 cross-validator (CSV vocabulary),NOT_MARKET_DATA,,,NOT_MARKET_DATA: scoped mechanical classifier tail; production wire reads tracked in governance/SCHWAB_V4_REVIEW_MEMOS cone walk
1b4c9d2586025b85e9b1,cross_validator,ml_predict.py,1056,0,pattern_kind_miss,        return None,return,instruments.*.fundamental.returnOnAssets;instruments.*.fundamental.returnOnEquity;instruments.*.fundamental.returnOnInvestment,quotes.reference.htbRate;quotes.reference.isHardToBorrow;market_hours.future.RME.category,V3 G2 cross-validator (CSV vocabulary),NOT_MARKET_DATA,,,NOT_MARKET_DATA: scoped mechanical classifier tail; production wire reads tracked in governance/SCHWAB_V4_REVIEW_MEMOS cone walk
dbdd1c1718d87d31624f,cross_validator,ml_predict.py,1067,0,pattern_kind_miss,        return _meta_registry[rk] is not None,return,instruments.*.fundamental.returnOnAssets;instruments.*.fundamental.returnOnEquity;instruments.*.fundamental.returnOnInvestment,streaming.content.*.ASK_SIZE;streaming.content.*.BID_SIZE;streaming.content.*.ASKS.*.ASK_PRICE,V3 G2 cross-validator (CSV vocabulary),NOT_MARKET_DATA,,,NOT_MARKET_DATA: scoped mechanical classifier tail; production wire reads tracked in governance/SCHWAB_V4_REVIEW_MEMOS cone walk
36848bff6f2b94d7cd54,cross_validator,ml_predict.py,1073,0,pattern_kind_miss,        return False,return,instruments.*.fundamental.returnOnAssets;instruments.*.fundamental.returnOnEquity;instruments.*.fundamental.returnOnInvestment,quotes.regular.regularMarketLastSize;quotes.regular.regularMarketLastPrice;quotes.regular.regularMarketTradeTime,V3 G2 cross-validator (CSV vocabulary),NOT_MARKET_DATA,,,NOT_MARKET_DATA: scoped mechanical classifier tail; production wire reads tracked in governance/SCHWAB_V4_REVIEW_MEMOS cone walk
84b274dcc72f76a901d9,cross_validator,ml_predict.py,1076,0,pattern_kind_miss,"        with open(mp, ""rb"") as f:",open,chains.callExpDateMap.*.openInterest;chains.callExpDateMap.*.openPrice;chains.putExpDateMap.*.openInterest;chains.putExpDateMap.*.openPrice;chains.underlying.openPrice;market_hours.bond.BON.isOpen;market_hours.equity.EQ.isOpen;market_hours.forex.forex.isOpen;market_hours.future.ADA.isOpen;market_hours.future.AW.isOpen;market_hours.future.BFF.isOpen;market_hours.future.BTC.isOpen;market_hours.future.BZ.isOpen;market_hours.future.CB.isOpen;market_hours.future.CL.isOpen;market_hours.future.CZK.isOpen;market_hours.future.DC.isOpen;market_hours.future.E7.isOpen;market_hours.future.ECK.isOpen;market_hours.future.EHF.isOpen;market_hours.future.EMD.isOpen;market_hours.future.ES.isOpen;market_hours.future.ETH.isOpen;market_hours.future.GC.isOpen;market_hours.future.GF.isOpen,chains.putExpDateMap.*.bidSize;chains.callExpDateMap.*.bidSize;chains.putExpDateMap.*.askSize,V3 G2 cross-validator (CSV vocabulary),NOT_MARKET_DATA,,,NOT_MARKET_DATA: scoped mechanical classifier tail; production wire reads tracked in governance/SCHWAB_V4_REVIEW_MEMOS cone walk
6eb66f06d1a03b0632e2,cross_validator,ml_predict.py,1079,0,pattern_kind_miss,        return True,return,instruments.*.fundamental.returnOnAssets;instruments.*.fundamental.returnOnEquity;instruments.*.fundamental.returnOnInvestment,quotes.regular.regularMarketTradeTime;market_hours.future.RTY.isOpen;quotes.regular.regularMarketLastSize,V3 G2 cross-validator (CSV vocabulary),NOT_MARKET_DATA,,,NOT_MARKET_DATA: scoped mechanical classifier tail; production wire reads tracked in governance/SCHWAB_V4_REVIEW_MEMOS cone walk
5ff5e62c79a38a3f60e5,cross_validator,ml_predict.py,1083,0,pattern_kind_miss,        return False,return,instruments.*.fundamental.returnOnAssets;instruments.*.fundamental.returnOnEquity;instruments.*.fundamental.returnOnInvestment,quotes.regular.regularMarketLastSize;quotes.regular.regularMarketLastPrice;quotes.regular.regularMarketTradeTime,V3 G2 cross-validator (CSV vocabulary),NOT_MARKET_DATA,,,NOT_MARKET_DATA: scoped mechanical classifier tail; production wire reads tracked in governance/SCHWAB_V4_REVIEW_MEMOS cone walk
35f25779d43cf1225b78,cross_validator,ml_predict.py,1090,0,pattern_kind_miss,"        return [p.get(c, uniform[i]) for i,c in enumerate(CLASS_NAMES)] if p else uniform",return,instruments.*.fundamental.returnOnAssets;instruments.*.fundamental.returnOnEquity;instruments.*.fundamental.returnOnInvestment,chains.putExpDateMap.*.rho;chains.callExpDateMap.*.rho;streaming.service,V3 G2 cross-validator (CSV vocabulary),NOT_MARKET_DATA,,,NOT_MARKET_DATA: scoped mechanical classifier tail; production wire reads tracked in governance/SCHWAB_V4_REVIEW_MEMOS cone walk
3d463cb114357dfb279a,cross_validator,ml_predict.py,1091,0,pattern_kind_miss,"    return np.array(_to_vec(xgb_p) + _to_vec(lstm_p) + _to_vec(trans_p),",return,instruments.*.fundamental.returnOnAssets;instruments.*.fundamental.returnOnEquity;instruments.*.fundamental.returnOnInvestment,chains.putExpDateMap.*.openInterest;chains.callExpDateMap.*.openInterest;chains.putExpDateMap.*.askSize,V3 G2 cross-validator (CSV vocabulary),NOT_MARKET_DATA,,,NOT_MARKET_DATA: scoped mechanical classifier tail; production wire reads tracked in governance/SCHWAB_V4_REVIEW_MEMOS cone walk
35230d58596eed624ba9,cross_validator,ml_predict.py,1097,0,pattern_kind_miss,        return None,return,instruments.*.fundamental.returnOnAssets;instruments.*.fundamental.returnOnEquity;instruments.*.fundamental.returnOnInvestment,quotes.reference.htbRate;quotes.reference.isHardToBorrow;market_hours.future.RME.category,V3 G2 cross-validator (CSV vocabulary),NOT_MARKET_DATA,,,NOT_MARKET_DATA: scoped mechanical classifier tail; production wire reads tracked in governance/SCHWAB_V4_REVIEW_MEMOS cone walk
bf72ecde6e69378eeb00,cross_validator,ml_predict.py,1101,0,pattern_kind_miss,"        return {CLASS_NAMES[i]: round(float(probs[i]), 4) for i in range(3)}",return float,instruments.*.fundamental.returnOnAssets;instruments.*.fundamental.returnOnEquity;instruments.*.fundamental.returnOnInvestment;instruments.*.fundamental.marketCapFloat;instruments.*.fundamental.shortIntToFloat,chains.underlying.askSize;chains.underlying.bidSize;quotes.quote.askSize,V3 G2 cross-validator (CSV vocabulary),NOT_MARKET_DATA,,,NOT_MARKET_DATA: scoped mechanical classifier tail; production wire reads tracked in governance/SCHWAB_V4_REVIEW_MEMOS cone walk
09edba7c5d2a9c1c2447,cross_validator,ml_predict.py,1103,0,pattern_kind_miss,"        logger.warning(""Meta-learner prediction failed for %s: %s"", ticker, e)",prediction,,chains.callExpDateMap.*.rho;chains.callExpDateMap.*.delta;chains.callExpDateMap.*.vega,V3 G2 cross-validator (CSV vocabulary),NOT_MARKET_DATA,,,NOT_MARKET_DATA: scoped mechanical classifier tail; production wire reads tracked in governance/SCHWAB_V4_REVIEW_MEMOS cone walk
3ffef126bd317f23eed9,cross_validator,ml_predict.py,1104,0,pattern_kind_miss,        return None,return,instruments.*.fundamental.returnOnAssets;instruments.*.fundamental.returnOnEquity;instruments.*.fundamental.returnOnInvestment,quotes.reference.htbRate;quotes.reference.isHardToBorrow;market_hours.future.RME.category,V3 G2 cross-validator (CSV vocabulary),NOT_MARKET_DATA,,,NOT_MARKET_DATA: scoped mechanical classifier tail; production wire reads tracked in governance/SCHWAB_V4_REVIEW_MEMOS cone walk
6e4c4c4b35586c958f02,cross_validator,ml_predict.py,1118,0,pattern_kind_miss,        return None,return,instruments.*.fundamental.returnOnAssets;instruments.*.fundamental.returnOnEquity;instruments.*.fundamental.returnOnInvestment,quotes.reference.htbRate;quotes.reference.isHardToBorrow;market_hours.future.RME.category,V3 G2 cross-validator (CSV vocabulary),NOT_MARKET_DATA,,,NOT_MARKET_DATA: scoped mechanical classifier tail; production wire reads tracked in governance/SCHWAB_V4_REVIEW_MEMOS cone walk
7b8eff1ee75ca96139b0,cross_validator,ml_predict.py,1125,0,pattern_kind_miss,"    return {c: round(result[c], 4) for c in CLASS_NAMES}",return,instruments.*.fundamental.returnOnAssets;instruments.*.fundamental.returnOnEquity;instruments.*.fundamental.returnOnInvestment,pricehistory.candles;pricehistory.candles.*.close;quotes.quote.askSize,V3 G2 cross-validator (CSV vocabulary),NOT_MARKET_DATA,,,NOT_MARKET_DATA: scoped mechanical classifier tail; production wire reads tracked in governance/SCHWAB_V4_REVIEW_MEMOS cone walk
3e44bf5b7b73e9e42a6a,cross_validator,ml_predict.py,1136,0,pattern_kind_miss,    Applies only to SPY/5c blended probabilities and preserves simplex normalization.,only,,chains.callExpDateMap.*.bidSize;chains.putExpDateMap.*.bidSize;chains.putExpDateMap.*.theoreticalVolatility,V3 G2 cross-validator (CSV vocabulary),NOT_MARKET_DATA,,,NOT_MARKET_DATA: scoped mechanical classifier tail; production wire reads tracked in governance/SCHWAB_V4_REVIEW_MEMOS cone walk
bdbaf3ff507ee22b8935,cross_validator,ml_predict.py,1139,0,pattern_kind_miss,        return probs,return,instruments.*.fundamental.returnOnAssets;instruments.*.fundamental.returnOnEquity;instruments.*.fundamental.returnOnInvestment,market_hours.future.RB.isOpen;market_hours.future.XRP.isOpen;market_hours.future.MRB.isOpen,V3 G2 cross-validator (CSV vocabulary),NOT_MARKET_DATA,,,NOT_MARKET_DATA: scoped mechanical classifier tail; production wire reads tracked in governance/SCHWAB_V4_REVIEW_MEMOS cone walk
924997f6663534b32ad2,cross_validator,ml_predict.py,1141,0,pattern_kind_miss,        return probs,return,instruments.*.fundamental.returnOnAssets;instruments.*.fundamental.returnOnEquity;instruments.*.fundamental.returnOnInvestment,market_hours.future.RB.isOpen;market_hours.future.XRP.isOpen;market_hours.future.MRB.isOpen,V3 G2 cross-validator (CSV vocabulary),NOT_MARKET_DATA,,,NOT_MARKET_DATA: scoped mechanical classifier tail; production wire reads tracked in governance/SCHWAB_V4_REVIEW_MEMOS cone walk
c81c63640fe752018c98,cross_validator,ml_predict.py,1143,0,pattern_kind_miss,        return probs,return,instruments.*.fundamental.returnOnAssets;instruments.*.fundamental.returnOnEquity;instruments.*.fundamental.returnOnInvestment,market_hours.future.RB.isOpen;market_hours.future.XRP.isOpen;market_hours.future.MRB.isOpen,V3 G2 cross-validator (CSV vocabulary),NOT_MARKET_DATA,,,NOT_MARKET_DATA: scoped mechanical classifier tail; production wire reads tracked in governance/SCHWAB_V4_REVIEW_MEMOS cone walk
2f0a3c300d1dd2bb8f7d,cross_validator,ml_predict.py,1163,0,pattern_kind_miss,"        p = float(probs.get(c, 1.0 / 3.0))",float,instruments.*.fundamental.marketCapFloat;instruments.*.fundamental.shortIntToFloat,chains.putExpDateMap.*.openInterest;chains.callExpDateMap.*.openInterest;chains.putExpDateMap.*.optionDeliverablesList,V3 G2 cross-validator (CSV vocabulary),NOT_MARKET_DATA,,,NOT_MARKET_DATA: scoped mechanical classifier tail; production wire reads tracked in governance/SCHWAB_V4_REVIEW_MEMOS cone walk
519df4c2df4f175033ab,cross_validator,ml_predict.py,1167,0,pattern_kind_miss,"        calibrated[c] = float(np.interp(p, x, y, left=y[0], right=y[-1]))",float,instruments.*.fundamental.marketCapFloat;instruments.*.fundamental.shortIntToFloat,chains.callExpDateMap.*.theoreticalVolatility;chains.putExpDateMap.*.theoreticalVolatility;chains.callExpDateMap.*.volatility,V3 G2 cross-validator (CSV vocabulary),NOT_MARKET_DATA,,,NOT_MARKET_DATA: scoped mechanical classifier tail; production wire reads tracked in governance/SCHWAB_V4_REVIEW_MEMOS cone walk
e90dd16c60e05c9b2c3a,cross_validator,ml_predict.py,1169,0,pattern_kind_miss,    s = float(sum(calibrated.values())),float,instruments.*.fundamental.marketCapFloat;instruments.*.fundamental.shortIntToFloat,chains.callExpDateMap.*.theoreticalVolatility;chains.putExpDateMap.*.theoreticalVolatility;chains.callExpDateMap.*.volatility,V3 G2 cross-validator (CSV vocabulary),NOT_MARKET_DATA,,,NOT_MARKET_DATA: scoped mechanical classifier tail; production wire reads tracked in governance/SCHWAB_V4_REVIEW_MEMOS cone walk
cdccdc8f49ec73c7c630,cross_validator,ml_predict.py,1171,0,pattern_kind_miss,"        return {""up"": 1.0 / 3.0, ""down"": 1.0 / 3.0, ""flat"": 1.0 / 3.0}",return,instruments.*.fundamental.returnOnAssets;instruments.*.fundamental.returnOnEquity;instruments.*.fundamental.returnOnInvestment,quotes.quote.lowPrice;quotes.quote.lastPrice;quotes.quote.openPrice,V3 G2 cross-validator (CSV vocabulary),NOT_MARKET_DATA,,,NOT_MARKET_DATA: scoped mechanical classifier tail; production wire reads tracked in governance/SCHWAB_V4_REVIEW_MEMOS cone walk
0fe528522d43b7dbca0f,cross_validator,ml_predict.py,1172,0,pattern_kind_miss,    norm = {c: float(calibrated[c] / s) for c in CLASS_NAMES},float,instruments.*.fundamental.marketCapFloat;instruments.*.fundamental.shortIntToFloat,chains.callExpDateMap.*.askSize;chains.callExpDateMap.*.bidSize;chains.callExpDateMap.*.rho,V3 G2 cross-validator (CSV vocabulary),NOT_MARKET_DATA,,,NOT_MARKET_DATA: scoped mechanical classifier tail; production wire reads tracked in governance/SCHWAB_V4_REVIEW_MEMOS cone walk
855c556fb7c4f926d366,cross_validator,ml_predict.py,1173,0,pattern_kind_miss,    # Keep exact simplex sum after float math.,float,instruments.*.fundamental.marketCapFloat;instruments.*.fundamental.shortIntToFloat,chains.callExpDateMap.*.theta;chains.putExpDateMap.*.theta;chains.putExpDateMap.*.delta,V3 G2 cross-validator (CSV vocabulary),NOT_MARKET_DATA,,,NOT_MARKET_DATA: scoped mechanical classifier tail; production wire reads tracked in governance/SCHWAB_V4_REVIEW_MEMOS cone walk
e0d8d533b07f9146769f,cross_validator,ml_predict.py,1175,0,pattern_kind_miss,    return norm,return,instruments.*.fundamental.returnOnAssets;instruments.*.fundamental.returnOnEquity;instruments.*.fundamental.returnOnInvestment,market_hours.future.RME.isOpen;market_hours.future.MRB.isOpen;market_hours.future.RTY.isOpen,V3 G2 cross-validator (CSV vocabulary),NOT_MARKET_DATA,,,NOT_MARKET_DATA: scoped mechanical classifier tail; production wire reads tracked in governance/SCHWAB_V4_REVIEW_MEMOS cone walk
eeaa42846fe23e0bf925,cross_validator,ml_predict.py,1179,0,pattern_kind_miss,# FUSION API — model outputs with probabilities for bayesian_fusion,model,,quotes.quote.bidSize;quotes.quote.askSize;chains.putExpDateMap.*.theoreticalVolatility,V3 G2 cross-validator (CSV vocabulary),NOT_MARKET_DATA,,,NOT_MARKET_DATA: scoped mechanical classifier tail; production wire reads tracked in governance/SCHWAB_V4_REVIEW_MEMOS cone walk
1996b397b1b3e640a31b,cross_validator,ml_predict.py,1196,0,pattern_kind_miss,            return str(raw).strip().upper(),return,instruments.*.fundamental.returnOnAssets;instruments.*.fundamental.returnOnEquity;instruments.*.fundamental.returnOnInvestment,market_hours.future.XRP.isOpen;market_hours.future.RTY.isOpen;market_hours.future.SR3.isOpen,V3 G2 cross-validator (CSV vocabulary),NOT_MARKET_DATA,,,NOT_MARKET_DATA: scoped mechanical classifier tail; production wire reads tracked in governance/SCHWAB_V4_REVIEW_MEMOS cone walk
109daadb014f8aca1fc1,cross_validator,ml_predict.py,1214,0,pattern_kind_miss,"    Production **parallel** runtime: XGB, LSTM, and Transformer run **independently** (no cross-model",model,,pricehistory.candles.*.volume;chains.callExpDateMap.*.totalVolume;chains.putExpDateMap.*.totalVolume,V3 G2 cross-validator (CSV vocabulary),NOT_MARKET_DATA,,,NOT_MARKET_DATA: scoped mechanical classifier tail; production wire reads tracked in governance/SCHWAB_V4_REVIEW_MEMOS cone walk
a9a845295d6095702a78,cross_validator,ml_predict.py,1215,0,pattern_kind_miss,    tensors). Sequence models use `parallel_runtime=True` and refuse cascade-only checkpoints.,sequence only,streaming.content.*.ASKS.*.ASKS.*.SEQUENCE;streaming.content.*.BIDS.*.BIDS.*.SEQUENCE;streaming.content.*.SEQUENCE,chains.putExpDateMap.*.delta;chains.callExpDateMap.*.theta;chains.callExpDateMap.*.delta,V3 G2 cross-validator (CSV vocabulary),NOT_MARKET_DATA,,,NOT_MARKET_DATA: scoped mechanical classifier tail; production wire reads tracked in governance/SCHWAB_V4_REVIEW_MEMOS cone walk
73d8234e0d1d63f34f22,cross_validator,ml_predict.py,1219,0,pattern_kind_miss,"    XGBoost requires InferenceSnapshotV1. Pass `snapshot` as fusion overlay only (pred_*, et_hour, …);",only,,quotes.quote.askSize;chains.putExpDateMap.*.rho;pricehistory.candles.*.volume,V3 G2 cross-validator (CSV vocabulary),NOT_MARKET_DATA,,,NOT_MARKET_DATA: scoped mechanical classifier tail; production wire reads tracked in governance/SCHWAB_V4_REVIEW_MEMOS cone walk
ed497470642cd94f2b40,cross_validator,ml_predict.py,1220,0,pattern_kind_miss,    MVP comes only from `inference_snapshot_v1`.,only,,pricehistory.candles.*.volume;movers.screeners.*.volume;movers.screeners.*.totalVolume,V3 G2 cross-validator (CSV vocabulary),NOT_MARKET_DATA,,,NOT_MARKET_DATA: scoped mechanical classifier tail; production wire reads tracked in governance/SCHWAB_V4_REVIEW_MEMOS cone walk
25924d0cd48cfb31c1f5,cross_validator,ml_predict.py,1223,0,pattern_kind_miss,    avoids repeating MVP→overlay→m5 ingest for each governed horizon on the same tick.,the,chains.callExpDateMap.*.inTheMoney;chains.putExpDateMap.*.inTheMoney,chains.putExpDateMap.*.rho;pricehistory.candles.*.volume;chains.putExpDateMap.*.vega,V3 G2 cross-validator (CSV vocabulary),NOT_MARKET_DATA,,,NOT_MARKET_DATA: scoped mechanical classifier tail; production wire reads tracked in governance/SCHWAB_V4_REVIEW_MEMOS cone walk
f59e43b48d4f07dfef86,cross_validator,ml_predict.py,1226,0,pattern_kind_miss,    supplies one DB fetch + one LSTM merge for the tick; LSTM/Transformer skip redundant history reads.,the,chains.callExpDateMap.*.inTheMoney;chains.putExpDateMap.*.inTheMoney,chains.putExpDateMap.*.rho;quotes.quote.askSize;chains.putExpDateMap.*.theta,V3 G2 cross-validator (CSV vocabulary),NOT_MARKET_DATA,,,NOT_MARKET_DATA: scoped mechanical classifier tail; production wire reads tracked in governance/SCHWAB_V4_REVIEW_MEMOS cone walk
97f405af2b49a91fdea4,cross_validator,ml_predict.py,1282,0,pattern_kind_miss,        return r,return,instruments.*.fundamental.returnOnAssets;instruments.*.fundamental.returnOnEquity;instruments.*.fundamental.returnOnInvestment,market_hours.future.RTY.isOpen;quotes.regular.regularMarketTradeTime;market_hours.future.RB.isOpen,V3 G2 cross-validator (CSV vocabulary),NOT_MARKET_DATA,,,NOT_MARKET_DATA: scoped mechanical classifier tail; production wire reads tracked in governance/SCHWAB_V4_REVIEW_MEMOS cone walk
3f1868af5239b9e9db04,cross_validator,ml_predict.py,1318,0,pattern_kind_miss,    return {,return,instruments.*.fundamental.returnOnAssets;instruments.*.fundamental.returnOnEquity;instruments.*.fundamental.returnOnInvestment,quotes.regular.regularMarketTradeTime;market_hours.future.RTY.isOpen;market_hours.future.RME.isOpen,V3 G2 cross-validator (CSV vocabulary),NOT_MARKET_DATA,,,NOT_MARKET_DATA: scoped mechanical classifier tail; production wire reads tracked in governance/SCHWAB_V4_REVIEW_MEMOS cone walk
f924af953f99e164dc44,cross_validator,ml_predict.py,1342,0,pattern_kind_miss,    Challenger-only **cascade** inference: XGB → LSTM (with XGB prob tensor) → Transformer,only,,chains.callExpDateMap.*.rho;chains.putExpDateMap.*.rho;chains.callExpDateMap.*.theta,V3 G2 cross-validator (CSV vocabulary),NOT_MARKET_DATA,,,NOT_MARKET_DATA: scoped mechanical classifier tail; production wire reads tracked in governance/SCHWAB_V4_REVIEW_MEMOS cone walk
efdd5c9104438939d5f8,cross_validator,ml_predict.py,1343,0,pattern_kind_miss,    (with XGB + LSTM prob tensors). Loads artifacts from ``models/cascade/{ticker}/`` only.,only,,quotes.quote.askSize;streaming.content.*.ASKS;quotes.quote.bidSize,V3 G2 cross-validator (CSV vocabulary),NOT_MARKET_DATA,,,NOT_MARKET_DATA: scoped mechanical classifier tail; production wire reads tracked in governance/SCHWAB_V4_REVIEW_MEMOS cone walk
92ef3c7388ff6a90bd52,cross_validator,ml_predict.py,1345,0,pattern_kind_miss,    Does **not** change production routing; use ``run_base_models_once`` for live parallel stack.,change,chains.callExpDateMap.*.markChange;chains.callExpDateMap.*.markPercentChange;chains.callExpDateMap.*.netChange;chains.callExpDateMap.*.percentChange;chains.putExpDateMap.*.markChange;chains.putExpDateMap.*.markPercentChange;chains.putExpDateMap.*.netChange;chains.putExpDateMap.*.percentChange;chains.underlying.change;chains.underlying.markChange;chains.underlying.markPercentChange;chains.underlying.percentChange;instruments.*.fundamental.epsChange;instruments.*.fundamental.epsChangePercentTTM;instruments.*.fundamental.epsChangeYear;instruments.*.fundamental.revChangeIn;instruments.*.fundamental.revChangeTTM;instruments.*.fundamental.revChangeYear;movers.screeners.*.netChange;movers.screeners.*.netPercentChange;quotes.quote.markChange;quotes.quote.markPercentChange;quotes.quote.netChange;quotes.quote.netPercentChange;quotes.quote.postMarketChange,pricehistory.candles.*.volume;quotes.quote.askSize;chains.callExpDateMap.*.totalVolume,V3 G2 cross-validator (CSV vocabulary),NOT_MARKET_DATA,,,NOT_MARKET_DATA: scoped mechanical classifier tail; production wire reads tracked in governance/SCHWAB_V4_REVIEW_MEMOS cone walk
5dcfbabf877402820074,cross_validator,ml_predict.py,1351,0,pattern_kind_miss,"        raise CascadeChallengerError(""cascade challenger: empty ticker"")",empty,pricehistory.empty,chains.callExpDateMap.*.theta;chains.callExpDateMap.*.vega;chains.callExpDateMap.*.delta,V3 G2 cross-validator (CSV vocabulary),NOT_MARKET_DATA,,,NOT_MARKET_DATA: scoped mechanical classifier tail; production wire reads tracked in governance/SCHWAB_V4_REVIEW_MEMOS cone walk
d58d17fca2a3eb00c64e,cross_validator,ml_predict.py,1375,0,pattern_kind_miss,        return r,return,instruments.*.fundamental.returnOnAssets;instruments.*.fundamental.returnOnEquity;instruments.*.fundamental.returnOnInvestment,market_hours.future.RTY.isOpen;quotes.regular.regularMarketTradeTime;market_hours.future.RB.isOpen,V3 G2 cross-validator (CSV vocabulary),NOT_MARKET_DATA,,,NOT_MARKET_DATA: scoped mechanical classifier tail; production wire reads tracked in governance/SCHWAB_V4_REVIEW_MEMOS cone walk
1c2189148e7857723d41,cross_validator,ml_predict.py,1438,0,pattern_kind_miss,"            ""cascade_inputs_from_xgb_probs"": [float(x) for x in xgb_arr.reshape(-1)],",float,instruments.*.fundamental.marketCapFloat;instruments.*.fundamental.shortIntToFloat,chains.callExpDateMap.*.bidSize;chains.putExpDateMap.*.bidSize;chains.putExpDateMap.*.askSize,V3 G2 cross-validator (CSV vocabulary),NOT_MARKET_DATA,,,NOT_MARKET_DATA: scoped mechanical classifier tail; production wire reads tracked in governance/SCHWAB_V4_REVIEW_MEMOS cone walk
0ed641440fd31070ce52,cross_validator,ml_predict.py,1442,0,pattern_kind_miss,"            ""cascade_inputs_from_xgb_probs"": [float(x) for x in xgb_arr.reshape(-1)],",float,instruments.*.fundamental.marketCapFloat;instruments.*.fundamental.shortIntToFloat,chains.callExpDateMap.*.bidSize;chains.putExpDateMap.*.bidSize;chains.putExpDateMap.*.askSize,V3 G2 cross-validator (CSV vocabulary),NOT_MARKET_DATA,,,NOT_MARKET_DATA: scoped mechanical classifier tail; production wire reads tracked in governance/SCHWAB_V4_REVIEW_MEMOS cone walk
0605e216f3262b6093ed,cross_validator,ml_predict.py,1443,0,pattern_kind_miss,"            ""cascade_inputs_from_lstm_probs"": [float(x) for x in lstm_arr.reshape(-1)],",float,instruments.*.fundamental.marketCapFloat;instruments.*.fundamental.shortIntToFloat,chains.callExpDateMap.*.askSize;chains.putExpDateMap.*.askSize;chains.callExpDateMap.*.bidSize,V3 G2 cross-validator (CSV vocabulary),NOT_MARKET_DATA,,,NOT_MARKET_DATA: scoped mechanical classifier tail; production wire reads tracked in governance/SCHWAB_V4_REVIEW_MEMOS cone walk
0ed5216de988832c3c72,cross_validator,ml_predict.py,1447,0,pattern_kind_miss,    return {,return,instruments.*.fundamental.returnOnAssets;instruments.*.fundamental.returnOnEquity;instruments.*.fundamental.returnOnInvestment,quotes.regular.regularMarketTradeTime;market_hours.future.RTY.isOpen;market_hours.future.RME.isOpen,V3 G2 cross-validator (CSV vocabulary),NOT_MARKET_DATA,,,NOT_MARKET_DATA: scoped mechanical classifier tail; production wire reads tracked in governance/SCHWAB_V4_REVIEW_MEMOS cone walk
c182703a6bceb4a1a07b,cross_validator,ml_predict.py,1469,0,pattern_kind_miss,    Return structured outputs for fusion. Delegates to run_base_models_once — single inference truth per tick.,return per,instruments.*.fundamental.returnOnAssets;instruments.*.fundamental.returnOnEquity;instruments.*.fundamental.returnOnInvestment;instruments.*.fundamental.bookValuePerShare,quotes.quote.askSize;streaming.content.*.ASK_SIZE;quotes.quote.bidSize,V3 G2 cross-validator (CSV vocabulary),NOT_MARKET_DATA,,,NOT_MARKET_DATA: scoped mechanical classifier tail; production wire reads tracked in governance/SCHWAB_V4_REVIEW_MEMOS cone walk
6d4705b8b823aeb27c46,cross_validator,ml_predict.py,1473,0,pattern_kind_miss,"        return {""xgb"": None, ""lstm"": None, ""transformer"": None}",return,instruments.*.fundamental.returnOnAssets;instruments.*.fundamental.returnOnEquity;instruments.*.fundamental.returnOnInvestment,streaming.content.*.VOLUME;streaming.content.*.BIDS;streaming.content.*.BIDS.*,V3 G2 cross-validator (CSV vocabulary),NOT_MARKET_DATA,,,NOT_MARKET_DATA: scoped mechanical classifier tail; production wire reads tracked in governance/SCHWAB_V4_REVIEW_MEMOS cone walk
821416e586ac70e07cdc,cross_validator,ml_predict.py,1474,0,pattern_kind_miss,    return run_base_models_once(,return,instruments.*.fundamental.returnOnAssets;instruments.*.fundamental.returnOnEquity;instruments.*.fundamental.returnOnInvestment,movers.screeners.*.totalVolume;movers.screeners.*.volume;quotes.quote.askSize,V3 G2 cross-validator (CSV vocabulary),NOT_MARKET_DATA,,,NOT_MARKET_DATA: scoped mechanical classifier tail; production wire reads tracked in governance/SCHWAB_V4_REVIEW_MEMOS cone walk
c54330b61b6b50f419e2,cross_validator,ml_predict.py,1491,0,pattern_kind_miss,"    Run XGBoost, LSTM, Transformer individually and return availability,",return,instruments.*.fundamental.returnOnAssets;instruments.*.fundamental.returnOnEquity;instruments.*.fundamental.returnOnInvestment,chains.callExpDateMap.*.theoreticalVolatility;chains.putExpDateMap.*.theoreticalVolatility;chains.callExpDateMap.*.volatility,V3 G2 cross-validator (CSV vocabulary),NOT_MARKET_DATA,,,NOT_MARKET_DATA: scoped mechanical classifier tail; production wire reads tracked in governance/SCHWAB_V4_REVIEW_MEMOS cone walk
e9cfbaa864cfdd31d270,cross_validator,ml_predict.py,1493,0,pattern_kind_miss,    in snapshots — does not affect prediction logic.,prediction,,chains.putExpDateMap.*.description;chains.putExpDateMap.*.openInterest;chains.putExpDateMap.*.optionDeliverablesList,V3 G2 cross-validator (CSV vocabulary),NOT_MARKET_DATA,,,NOT_MARKET_DATA: scoped mechanical classifier tail; production wire reads tracked in governance/SCHWAB_V4_REVIEW_MEMOS cone walk
d0cd7b3af80dfb6204ca,cross_validator,ml_predict.py,1497,0,pattern_kind_miss,"            ""xgb"": {""available"": bool, ""dominant"": str|None, ""confidence"": float|None, ""approved"": bool},",float,instruments.*.fundamental.marketCapFloat;instruments.*.fundamental.shortIntToFloat,chains.callExpDateMap.*.totalVolume;chains.callExpDateMap.*.optionDeliverablesList.*.symbol;chains.callExpDateMap.*.bidSize,V3 G2 cross-validator (CSV vocabulary),NOT_MARKET_DATA,,,NOT_MARKET_DATA: scoped mechanical classifier tail; production wire reads tracked in governance/SCHWAB_V4_REVIEW_MEMOS cone walk
7aa954c2840df224dc46,cross_validator,ml_predict.py,1498,0,pattern_kind_miss,"            ""lstm"": {""available"": bool, ""dominant"": str|None, ""confidence"": float|None, ""approved"": bool},",float,instruments.*.fundamental.marketCapFloat;instruments.*.fundamental.shortIntToFloat,chains.callExpDateMap.*.totalVolume;chains.callExpDateMap.*.optionDeliverablesList.*.symbol;chains.underlying.totalVolume,V3 G2 cross-validator (CSV vocabulary),NOT_MARKET_DATA,,,NOT_MARKET_DATA: scoped mechanical classifier tail; production wire reads tracked in governance/SCHWAB_V4_REVIEW_MEMOS cone walk
d83cf8d72310dea93dbc,cross_validator,ml_predict.py,1499,0,pattern_kind_miss,"            ""transformer"": {""available"": bool, ""dominant"": str|None, ""confidence"": float|None, ""approved"": bool},",float,instruments.*.fundamental.marketCapFloat;instruments.*.fundamental.shortIntToFloat,chains.callExpDateMap.*.totalVolume;chains.underlying.totalVolume;chains.putExpDateMap.*.totalVolume,V3 G2 cross-validator (CSV vocabulary),NOT_MARKET_DATA,,,NOT_MARKET_DATA: scoped mechanical classifier tail; production wire reads tracked in governance/SCHWAB_V4_REVIEW_MEMOS cone walk
a51f7b798040db08f63a,cross_validator,ml_predict.py,1504,0,pattern_kind_miss,        return {,return,instruments.*.fundamental.returnOnAssets;instruments.*.fundamental.returnOnEquity;instruments.*.fundamental.returnOnInvestment,quotes.regular.regularMarketTradeTime;market_hours.future.RTY.isOpen;market_hours.future.RME.isOpen,V3 G2 cross-validator (CSV vocabulary),NOT_MARKET_DATA,,,NOT_MARKET_DATA: scoped mechanical classifier tail; production wire reads tracked in governance/SCHWAB_V4_REVIEW_MEMOS cone walk
7d5a34b233f76561a07d,cross_validator,ml_predict.py,1522,0,pattern_kind_miss,    Full stacked prediction.,prediction,,chains.callExpDateMap.*.bidSize;chains.putExpDateMap.*.theoreticalVolatility;chains.putExpDateMap.*.bidSize,V3 G2 cross-validator (CSV vocabulary),NOT_MARKET_DATA,,,NOT_MARKET_DATA: scoped mechanical classifier tail; production wire reads tracked in governance/SCHWAB_V4_REVIEW_MEMOS cone walk
723ead5b0307792894ff,cross_validator,ml_predict.py,1531,0,pattern_kind_miss,        ticker:   ticker symbol; uses snapshot['ticker'] if None,symbol,chains.callExpDateMap.*.optionDeliverablesList.*.symbol;chains.callExpDateMap.*.symbol;chains.putExpDateMap.*.optionDeliverablesList.*.symbol;chains.putExpDateMap.*.symbol;chains.symbol;chains.underlying.symbol;instruments.*.fundamental.symbol;instruments.*.symbol;movers.screeners.*.symbol;quotes.symbol,quotes.quote.askSize;chains.putExpDateMap.*.rho;quotes.quote.bidSize,V3 G2 cross-validator (CSV vocabulary),NOT_MARKET_DATA,,,NOT_MARKET_DATA: scoped mechanical classifier tail; production wire reads tracked in governance/SCHWAB_V4_REVIEW_MEMOS cone walk
d15e9fb3f7cfb61828f1,cross_validator,ml_predict.py,1532,0,pattern_kind_miss,        db:       EdDB instance (needed for LSTM/Transformer sequence access),sequence,streaming.content.*.ASKS.*.ASKS.*.SEQUENCE;streaming.content.*.BIDS.*.BIDS.*.SEQUENCE;streaming.content.*.SEQUENCE,quotes.extended.askSize;quotes.extended.bidSize;quotes.quote.askSize,V3 G2 cross-validator (CSV vocabulary),NOT_MARKET_DATA,,,NOT_MARKET_DATA: scoped mechanical classifier tail; production wire reads tracked in governance/SCHWAB_V4_REVIEW_MEMOS cone walk
3e56a427310b0758eccd,cross_validator,ml_predict.py,1537,0,pattern_kind_miss,        return None,return,instruments.*.fundamental.returnOnAssets;instruments.*.fundamental.returnOnEquity;instruments.*.fundamental.returnOnInvestment,quotes.reference.htbRate;quotes.reference.isHardToBorrow;market_hours.future.RME.category,V3 G2 cross-validator (CSV vocabulary),NOT_MARKET_DATA,,,NOT_MARKET_DATA: scoped mechanical classifier tail; production wire reads tracked in governance/SCHWAB_V4_REVIEW_MEMOS cone walk
b1ce77711591684e2b50,cross_validator,ml_predict.py,1538,0,pattern_kind_miss,    return run_base_models_once(,return,instruments.*.fundamental.returnOnAssets;instruments.*.fundamental.returnOnEquity;instruments.*.fundamental.returnOnInvestment,movers.screeners.*.totalVolume;movers.screeners.*.volume;quotes.quote.askSize,V3 G2 cross-validator (CSV vocabulary),NOT_MARKET_DATA,,,NOT_MARKET_DATA: scoped mechanical classifier tail; production wire reads tracked in governance/SCHWAB_V4_REVIEW_MEMOS cone walk
d0d56054fc390cc1a9f8,cross_validator,ml_predict.py,1550,0,pattern_kind_miss,"    """"""Predict for UI horizon keys; only the live ML product horizon runs the trained stack.""""""",only the product,chains.callExpDateMap.*.inTheMoney;chains.putExpDateMap.*.inTheMoney;market_hours.bond.BON.product;market_hours.bond.BON.productName;market_hours.equity.EQ.product;market_hours.equity.EQ.productName;market_hours.forex.forex.product;market_hours.future.ADA.product;market_hours.future.ADA.productName;market_hours.future.AW.product;market_hours.future.AW.productName;market_hours.future.BFF.product;market_hours.future.BFF.productName;market_hours.future.BTC.product;market_hours.future.BTC.productName;market_hours.future.BZ.product;market_hours.future.BZ.productName;market_hours.future.CB.product;market_hours.future.CB.productName;market_hours.future.CL.product;market_hours.future.CL.productName;market_hours.future.CZK.product;market_hours.future.CZK.productName;market_hours.future.DC.product;market_hours.future.DC.productName,quotes.quote.bidSize;quotes.quote.askSize;pricehistory.candles,V3 G2 cross-validator (CSV vocabulary),NOT_MARKET_DATA,,,NOT_MARKET_DATA: scoped mechanical classifier tail; production wire reads tracked in governance/SCHWAB_V4_REVIEW_MEMOS cone walk
0e9b8167dca20c7e36c3,cross_validator,ml_predict.py,1559,0,pattern_kind_miss,    return result,return,instruments.*.fundamental.returnOnAssets;instruments.*.fundamental.returnOnEquity;instruments.*.fundamental.returnOnInvestment,quotes.regular.regularMarketLastSize;quotes.regular.regularMarketTradeTime;market_hours.future.RTY.isOpen,V3 G2 cross-validator (CSV vocabulary),NOT_MARKET_DATA,,,NOT_MARKET_DATA: scoped mechanical classifier tail; production wire reads tracked in governance/SCHWAB_V4_REVIEW_MEMOS cone walk
3cefeefc0c78903c55cb,cross_validator,ml_predict.py,1563,0,pattern_kind_miss,"    """"""True if ANY of xgb, LSTM, or Transformer model exists for this ticker.""""""",model,,quotes.quote.bidSize;quotes.quote.askSize;streaming.content.*.BIDS,V3 G2 cross-validator (CSV vocabulary),NOT_MARKET_DATA,,,NOT_MARKET_DATA: scoped mechanical classifier tail; production wire reads tracked in governance/SCHWAB_V4_REVIEW_MEMOS cone walk
f6b43c42b40a32cd842a,cross_validator,ml_predict.py,1566,0,pattern_kind_miss,    return (,return,instruments.*.fundamental.returnOnAssets;instruments.*.fundamental.returnOnEquity;instruments.*.fundamental.returnOnInvestment,market_hours.future.RTY.isOpen;market_hours.future.ETH.isOpen;market_hours.future.ZR.isOpen,V3 G2 cross-validator (CSV vocabulary),NOT_MARKET_DATA,,,NOT_MARKET_DATA: scoped mechanical classifier tail; production wire reads tracked in governance/SCHWAB_V4_REVIEW_MEMOS cone walk
e08da283f315d173b52f,cross_validator,ml_predict.py,1583,0,pattern_kind_miss,"        return f""stack({'_'.join(parts)})_{hz}""",return,instruments.*.fundamental.returnOnAssets;instruments.*.fundamental.returnOnEquity;instruments.*.fundamental.returnOnInvestment,pricehistory.candles.*.high;streaming.content.*.ASKS.*.ASK_PRICE;chains.putExpDateMap.*.askSize,V3 G2 cross-validator (CSV vocabulary),NOT_MARKET_DATA,,,NOT_MARKET_DATA: scoped mechanical classifier tail; production wire reads tracked in governance/SCHWAB_V4_REVIEW_MEMOS cone walk
81a0791be07bf1eba469,cross_validator,ml_predict.py,1584,0,pattern_kind_miss,"    return ""rules_v1""",return,instruments.*.fundamental.returnOnAssets;instruments.*.fundamental.returnOnEquity;instruments.*.fundamental.returnOnInvestment,quotes.regular.regularMarketLastSize;movers.screeners.*.volume;movers.screeners.*.totalVolume,V3 G2 cross-validator (CSV vocabulary),NOT_MARKET_DATA,,,NOT_MARKET_DATA: scoped mechanical classifier tail; production wire reads tracked in governance/SCHWAB_V4_REVIEW_MEMOS cone walk
5055e64becba8ca78123,cross_validator,ml_predict.py,1589,0,pattern_kind_miss,    return {,return,instruments.*.fundamental.returnOnAssets;instruments.*.fundamental.returnOnEquity;instruments.*.fundamental.returnOnInvestment,quotes.regular.regularMarketTradeTime;market_hours.future.RTY.isOpen;market_hours.future.RME.isOpen,V3 G2 cross-validator (CSV vocabulary),NOT_MARKET_DATA,,,NOT_MARKET_DATA: scoped mechanical classifier tail; production wire reads tracked in governance/SCHWAB_V4_REVIEW_MEMOS cone walk
7513255d852a7a46bf24,cross_validator,ml_predict.py,1599,0,pattern_kind_miss,"    """"""Clear all loaded models. Call this after retraining.""""""",call,chains.callExpDateMap;chains.callExpDateMap.*;chains.callExpDateMap.*.ask;chains.callExpDateMap.*.askSize;chains.callExpDateMap.*.bid;chains.callExpDateMap.*.bidAskSize;chains.callExpDateMap.*.bidSize;chains.callExpDateMap.*.closePrice;chains.callExpDateMap.*.daysToExpiration;chains.callExpDateMap.*.deliverableNote;chains.callExpDateMap.*.delta;chains.callExpDateMap.*.description;chains.callExpDateMap.*.exchangeName;chains.callExpDateMap.*.exerciseType;chains.callExpDateMap.*.expirationDate;chains.callExpDateMap.*.expirationType;chains.callExpDateMap.*.extrinsicValue;chains.callExpDateMap.*.gamma;chains.callExpDateMap.*.high52Week;chains.callExpDateMap.*.highPrice;chains.callExpDateMap.*.inTheMoney;chains.callExpDateMap.*.intrinsicValue;chains.callExpDateMap.*.last;chains.callExpDateMap.*.lastSize;chains.callExpDateMap.*.lastTradingDay,chains.callExpDateMap.*.bidSize;chains.callExpDateMap.*.delta;chains.callExpDateMap.*.askSize,V3 G2 cross-validator (CSV vocabulary),NOT_MARKET_DATA,,,NOT_MARKET_DATA: scoped mechanical classifier tail; production wire reads tracked in governance/SCHWAB_V4_REVIEW_MEMOS cone walk
5b0a03dc5ff815695f50,cross_validator,ml_predict.py,1606,0,pattern_kind_miss,"    logger.info(""ml_predict: all model caches cleared"")",model,,chains.callExpDateMap.*.bidSize;chains.callExpDateMap.*.delta;chains.callExpDateMap.*.rho,V3 G2 cross-validator (CSV vocabulary),NOT_MARKET_DATA,,,NOT_MARKET_DATA: scoped mechanical classifier tail; production wire reads tracked in governance/SCHWAB_V4_REVIEW_MEMOS cone walk
63f7eb3217ae3ca18fd9,cross_validator,ml_predict.py,1618,0,pattern_kind_miss,    for key in list(_xgb_movehead_registry.keys()):,key list,streaming.content.*.key;chains.callExpDateMap.*.optionDeliverablesList;chains.callExpDateMap.*.optionDeliverablesList.*;chains.callExpDateMap.*.optionDeliverablesList.*.assetType;chains.callExpDateMap.*.optionDeliverablesList.*.currencyType;chains.callExpDateMap.*.optionDeliverablesList.*.deliverableUnits;chains.callExpDateMap.*.optionDeliverablesList.*.symbol;chains.putExpDateMap.*.optionDeliverablesList;chains.putExpDateMap.*.optionDeliverablesList.*;chains.putExpDateMap.*.optionDeliverablesList.*.assetType;chains.putExpDateMap.*.optionDeliverablesList.*.currencyType;chains.putExpDateMap.*.optionDeliverablesList.*.deliverableUnits;chains.putExpDateMap.*.optionDeliverablesList.*.symbol,chains.underlying.askSize;quotes.quote.askSize;quotes.quote.bidSize,V3 G2 cross-validator (CSV vocabulary),NOT_MARKET_DATA,,,NOT_MARKET_DATA: scoped mechanical classifier tail; production wire reads tracked in governance/SCHWAB_V4_REVIEW_MEMOS cone walk
62c756bba2ab21d8ff5c,cross_validator,ml_predict.py,1619,0,pattern_kind_miss,        if key == rk or key.startswith(movehead_prefix):,key,streaming.content.*.key,quotes.quote.askSize;quotes.extended.askSize;chains.putExpDateMap.*.askSize,V3 G2 cross-validator (CSV vocabulary),NOT_MARKET_DATA,,,NOT_MARKET_DATA: scoped mechanical classifier tail; production wire reads tracked in governance/SCHWAB_V4_REVIEW_MEMOS cone walk
3b4e952d560dfd87d4b0,cross_validator,ml_predict.py,1620,0,pattern_kind_miss,            del _xgb_movehead_registry[key],key,streaming.content.*.key,quotes.quote.52WeekHigh;quotes.extended.askSize;chains.putExpDateMap.*.high52Week,V3 G2 cross-validator (CSV vocabulary),NOT_MARKET_DATA,,,NOT_MARKET_DATA: scoped mechanical classifier tail; production wire reads tracked in governance/SCHWAB_V4_REVIEW_MEMOS cone walk
aa2060983f5285182d60,cross_validator,ml_predict.py,1624,0,pattern_kind_miss,    return removed,return,instruments.*.fundamental.returnOnAssets;instruments.*.fundamental.returnOnEquity;instruments.*.fundamental.returnOnInvestment,movers.screeners.*.volume;movers.screeners.*.totalVolume;quotes.extended.totalVolume,V3 G2 cross-validator (CSV vocabulary),NOT_MARKET_DATA,,,NOT_MARKET_DATA: scoped mechanical classifier tail; production wire reads tracked in governance/SCHWAB_V4_REVIEW_MEMOS cone walk
ba40a786fae0857ab804,cross_validator,ml_predict.py,1628,0,pattern_kind_miss,"    if p is None: return ""None""",return,instruments.*.fundamental.returnOnAssets;instruments.*.fundamental.returnOnEquity;instruments.*.fundamental.returnOnInvestment,quotes.reference.description;quotes.quote.bidPrice;quotes.quote.openPrice,V3 G2 cross-validator (CSV vocabulary),NOT_MARKET_DATA,,,NOT_MARKET_DATA: scoped mechanical classifier tail; production wire reads tracked in governance/SCHWAB_V4_REVIEW_MEMOS cone walk
c6582a1778abd3e70b80,cross_validator,ml_predict.py,1629,0,pattern_kind_miss,"    return f""up={p['up']:.2f} dn={p['down']:.2f} fl={p['flat']:.2f}""",return,instruments.*.fundamental.returnOnAssets;instruments.*.fundamental.returnOnEquity;instruments.*.fundamental.returnOnInvestment,market_hours.future.BFF.product;market_hours.future.GF.product;market_hours.future.BFF.category,V3 G2 cross-validator (CSV vocabulary),NOT_MARKET_DATA,,,NOT_MARKET_DATA: scoped mechanical classifier tail; production wire reads tracked in governance/SCHWAB_V4_REVIEW_MEMOS cone walk
