register_id,language,path,line,col,pattern_kind,surface_form,tokens,csv_candidates,csv_lexical_topk_note,v2_trace,disposition,canonical_field_citation,governed_ref,notes
f4141463ac49502ccdc9,py,monte_carlo.py,3,0,TEXT_LINE_MARKET_TOKEN,Regime-aware stochastic-volatility Monte Carlo path engine.,regime volatility,chains.callExpDateMap.*.theoreticalVolatility;chains.callExpDateMap.*.volatility;chains.putExpDateMap.*.theoreticalVolatility;chains.putExpDateMap.*.volatility;chains.volatility,chains.putExpDateMap.*.theoreticalVolatility;chains.callExpDateMap.*.volatility;chains.callExpDateMap.*.theoreticalVolatility,V3-B universal catch-all (CSV-derived vocabulary),NOT_MARKET_DATA,,,module docstring (AST); tools/track_a_module_docstring_nmd_pass.py
7587c4d1b918777b36d2,py,monte_carlo.py,5,0,TEXT_LINE_MARKET_TOKEN,Phase 5 of the Canonical Implementation Roadmap.,the,chains.callExpDateMap.*.inTheMoney;chains.putExpDateMap.*.inTheMoney,chains.callExpDateMap.*.theoreticalOptionValue;chains.putExpDateMap.*.theoreticalOptionValue;chains.callExpDateMap.*.theta,V3-B universal catch-all (CSV-derived vocabulary),NOT_MARKET_DATA,,,module docstring (AST); tools/track_a_module_docstring_nmd_pass.py
c47ccfbff5265eed69eb,py,monte_carlo.py,6,0,TEXT_LINE_MARKET_TOKEN,"Phase 1 Consultant Upgrade: regime-conditioned sigma, state-aware drift, shock behavior.",regime,,chains.callExpDateMap.*.theta;chains.putExpDateMap.*.askSize;chains.putExpDateMap.*.theta,V3-B universal catch-all (CSV-derived vocabulary),NOT_MARKET_DATA,,,module docstring (AST); tools/track_a_module_docstring_nmd_pass.py
3d9517465c453919b25e,py,monte_carlo.py,8,0,TEXT_LINE_MARKET_TOKEN,VERSION: mc_v2 (regime-aware stochastic volatility),regime volatility,chains.callExpDateMap.*.theoreticalVolatility;chains.callExpDateMap.*.volatility;chains.putExpDateMap.*.theoreticalVolatility;chains.putExpDateMap.*.volatility;chains.volatility,chains.volatility;chains.putExpDateMap.*.theoreticalVolatility;chains.callExpDateMap.*.theoreticalVolatility,V3-B universal catch-all (CSV-derived vocabulary),NOT_MARKET_DATA,,,module docstring (AST); tools/track_a_module_docstring_nmd_pass.py
bd1b48823020052e7883,py,monte_carlo.py,12,0,TEXT_LINE_MARKET_TOKEN,"  - sigma regime-scaled (pinning=0.70x, breakout=1.30x)",regime,,chains.putExpDateMap.*.gamma;chains.putExpDateMap.*.vega;chains.callExpDateMap.*.gamma,V3-B universal catch-all (CSV-derived vocabulary),NOT_MARKET_DATA,,,module docstring (AST); tools/track_a_module_docstring_nmd_pass.py
cc720aae38d288d5692e,py,monte_carlo.py,13,0,TEXT_LINE_MARKET_TOKEN,"  - sigma random-walks per-step (stochastic vol, vol-of-vol=8%)",per,instruments.*.fundamental.bookValuePerShare,chains.callExpDateMap.*.totalVolume;chains.callExpDateMap.*.theoreticalVolatility;chains.putExpDateMap.*.totalVolume,V3-B universal catch-all (CSV-derived vocabulary),NOT_MARKET_DATA,,,module docstring (AST); tools/track_a_module_docstring_nmd_pass.py
899d3d1e0fc28071b11a,py,monte_carlo.py,14,0,TEXT_LINE_MARKET_TOKEN,"  - drift model-derived, confidence-scaled, regime-damped",model regime,,quotes.extended.bidSize;chains.callExpDateMap.*.delta;chains.callExpDateMap.*.bidSize,V3-B universal catch-all (CSV-derived vocabulary),NOT_MARKET_DATA,,,module docstring (AST); tools/track_a_module_docstring_nmd_pass.py
fe701e7321022a43858a,py,monte_carlo.py,15,0,TEXT_LINE_MARKET_TOKEN,  - regime-gated shock term for breakout/acceleration/vol-expansion/reversal,regime,,movers.screeners.*.totalVolume;chains.callExpDateMap.*.totalVolume;chains.putExpDateMap.*.totalVolume,V3-B universal catch-all (CSV-derived vocabulary),NOT_MARKET_DATA,,,module docstring (AST); tools/track_a_module_docstring_nmd_pass.py
d59f2038adcdc75d0eda,py,monte_carlo.py,23,0,TEXT_LINE_MARKET_TOKEN,"from typing import Optional, List",list,chains.callExpDateMap.*.optionDeliverablesList;chains.callExpDateMap.*.optionDeliverablesList.*;chains.callExpDateMap.*.optionDeliverablesList.*.assetType;chains.callExpDateMap.*.optionDeliverablesList.*.currencyType;chains.callExpDateMap.*.optionDeliverablesList.*.deliverableUnits;chains.callExpDateMap.*.optionDeliverablesList.*.symbol;chains.putExpDateMap.*.optionDeliverablesList;chains.putExpDateMap.*.optionDeliverablesList.*;chains.putExpDateMap.*.optionDeliverablesList.*.assetType;chains.putExpDateMap.*.optionDeliverablesList.*.currencyType;chains.putExpDateMap.*.optionDeliverablesList.*.deliverableUnits;chains.putExpDateMap.*.optionDeliverablesList.*.symbol,chains.putExpDateMap.*.theoreticalVolatility;chains.volatility;chains.callExpDateMap.*.theoreticalVolatility,V3-B universal catch-all (CSV-derived vocabulary),NOT_MARKET_DATA,,,NOT_MARKET_DATA: scoped mechanical classifier tail; production wire reads tracked in governance/SCHWAB_V4_REVIEW_MEMOS cone walk
fb9d0a2212045cd88307,py,monte_carlo.py,35,0,TEXT_LINE_MARKET_TOKEN,# Regime sigma multipliers,regime,,chains.callExpDateMap.*.gamma;chains.volatility;chains.putExpDateMap.*.gamma,V3-B universal catch-all (CSV-derived vocabulary),NOT_MARKET_DATA,,,NOT_MARKET_DATA: scoped mechanical classifier tail; production wire reads tracked in governance/SCHWAB_V4_REVIEW_MEMOS cone walk
41cbc966c6d26e151d24,py,monte_carlo.py,39,0,TEXT_LINE_MARKET_TOKEN,"    ""vol_expansion"": 1.40, ""reversal_prone"": 1.20, ""unknown"": 1.00,",unknown,,quotes.quote.openPrice;chains.putExpDateMap.*.optionDeliverablesList.*.symbol;quotes.quote.lowPrice,V3-B universal catch-all (CSV-derived vocabulary),NOT_MARKET_DATA,,,NOT_MARKET_DATA: scoped mechanical classifier tail; production wire reads tracked in governance/SCHWAB_V4_REVIEW_MEMOS cone walk
a9ad783bf1639715d3ee,py,monte_carlo.py,42,0,TEXT_LINE_MARKET_TOKEN,# Regime drift damping,regime,,chains.putExpDateMap.*.bidSize;chains.callExpDateMap.*.bidSize;chains.putExpDateMap.*.gamma,V3-B universal catch-all (CSV-derived vocabulary),NOT_MARKET_DATA,,,NOT_MARKET_DATA: scoped mechanical classifier tail; production wire reads tracked in governance/SCHWAB_V4_REVIEW_MEMOS cone walk
183233de9c82c9fbbe22,py,monte_carlo.py,46,0,TEXT_LINE_MARKET_TOKEN,"    ""vol_expansion"": 0.70, ""reversal_prone"": 0.40, ""unknown"": 0.50,",unknown,,chains.putExpDateMap.*.lowPrice;chains.putExpDateMap.*.optionDeliverablesList.*.symbol;chains.putExpDateMap.*.totalVolume,V3-B universal catch-all (CSV-derived vocabulary),NOT_MARKET_DATA,,,NOT_MARKET_DATA: scoped mechanical classifier tail; production wire reads tracked in governance/SCHWAB_V4_REVIEW_MEMOS cone walk
42244b7e6406c25174a1,py,monte_carlo.py,63,0,TEXT_LINE_MARKET_TOKEN,    n_paths:            int   = 0,int,instruments.*.fundamental.shortIntDayToCover;instruments.*.fundamental.shortIntToFloat,pricehistory.candles;chains.putExpDateMap;quotes.quote.highPrice,V3-B universal catch-all (CSV-derived vocabulary),NOT_MARKET_DATA,,,NOT_MARKET_DATA: scoped mechanical classifier tail; production wire reads tracked in governance/SCHWAB_V4_REVIEW_MEMOS cone walk
f8759ba6a1d2f0cd73f7,py,monte_carlo.py,64,0,TEXT_LINE_MARKET_TOKEN,    horizon_bars:       int   = 0,int,instruments.*.fundamental.shortIntDayToCover;instruments.*.fundamental.shortIntToFloat,pricehistory.candles;pricehistory.candles.*;quotes.quote.highPrice,V3-B universal catch-all (CSV-derived vocabulary),NOT_MARKET_DATA,,,NOT_MARKET_DATA: scoped mechanical classifier tail; production wire reads tracked in governance/SCHWAB_V4_REVIEW_MEMOS cone walk
23fee5a55aa62fb23c47,py,monte_carlo.py,65,0,TEXT_LINE_MARKET_TOKEN,    upper_25:           Optional[float] = None,float,instruments.*.fundamental.marketCapFloat;instruments.*.fundamental.shortIntToFloat,chains.putExpDateMap.*.totalVolume;quotes.quote.totalVolume;chains.callExpDateMap.*.totalVolume,V3-B universal catch-all (CSV-derived vocabulary),NOT_MARKET_DATA,,,NOT_MARKET_DATA: scoped mechanical classifier tail; production wire reads tracked in governance/SCHWAB_V4_REVIEW_MEMOS cone walk
80dc70c68becd1e6d733,py,monte_carlo.py,66,0,TEXT_LINE_MARKET_TOKEN,    upper_50:           Optional[float] = None,float,instruments.*.fundamental.marketCapFloat;instruments.*.fundamental.shortIntToFloat,chains.putExpDateMap.*.totalVolume;quotes.quote.totalVolume;chains.callExpDateMap.*.totalVolume,V3-B universal catch-all (CSV-derived vocabulary),NOT_MARKET_DATA,,,NOT_MARKET_DATA: scoped mechanical classifier tail; production wire reads tracked in governance/SCHWAB_V4_REVIEW_MEMOS cone walk
389412893450d63b0526,py,monte_carlo.py,67,0,TEXT_LINE_MARKET_TOKEN,    upper_75:           Optional[float] = None,float,instruments.*.fundamental.marketCapFloat;instruments.*.fundamental.shortIntToFloat,chains.putExpDateMap.*.totalVolume;quotes.quote.totalVolume;quotes.quote.lowPrice,V3-B universal catch-all (CSV-derived vocabulary),NOT_MARKET_DATA,,,NOT_MARKET_DATA: scoped mechanical classifier tail; production wire reads tracked in governance/SCHWAB_V4_REVIEW_MEMOS cone walk
f096581af25711d513db,py,monte_carlo.py,68,0,TEXT_LINE_MARKET_TOKEN,    median_path:        Optional[float] = None,float,instruments.*.fundamental.marketCapFloat;instruments.*.fundamental.shortIntToFloat,chains.putExpDateMap.*.totalVolume;chains.callExpDateMap.*.totalVolume;chains.callExpDateMap,V3-B universal catch-all (CSV-derived vocabulary),NOT_MARKET_DATA,,,NOT_MARKET_DATA: scoped mechanical classifier tail; production wire reads tracked in governance/SCHWAB_V4_REVIEW_MEMOS cone walk
8cd141439a1ea26e768c,py,monte_carlo.py,69,0,TEXT_LINE_MARKET_TOKEN,    lower_25:           Optional[float] = None,float,instruments.*.fundamental.marketCapFloat;instruments.*.fundamental.shortIntToFloat,quotes.quote.totalVolume;chains.underlying.totalVolume;chains.putExpDateMap.*.totalVolume,V3-B universal catch-all (CSV-derived vocabulary),NOT_MARKET_DATA,,,NOT_MARKET_DATA: scoped mechanical classifier tail; production wire reads tracked in governance/SCHWAB_V4_REVIEW_MEMOS cone walk
7dc629cf4fa6a620a7cc,py,monte_carlo.py,70,0,TEXT_LINE_MARKET_TOKEN,    lower_50:           Optional[float] = None,float,instruments.*.fundamental.marketCapFloat;instruments.*.fundamental.shortIntToFloat,quotes.quote.totalVolume;chains.putExpDateMap.*.totalVolume;chains.callExpDateMap.*.totalVolume,V3-B universal catch-all (CSV-derived vocabulary),NOT_MARKET_DATA,,,NOT_MARKET_DATA: scoped mechanical classifier tail; production wire reads tracked in governance/SCHWAB_V4_REVIEW_MEMOS cone walk
ccaf447b86a5a4fae7c3,py,monte_carlo.py,71,0,TEXT_LINE_MARKET_TOKEN,    lower_75:           Optional[float] = None,float,instruments.*.fundamental.marketCapFloat;instruments.*.fundamental.shortIntToFloat,quotes.quote.totalVolume;chains.underlying.totalVolume;chains.callExpDateMap.*.totalVolume,V3-B universal catch-all (CSV-derived vocabulary),NOT_MARKET_DATA,,,NOT_MARKET_DATA: scoped mechanical classifier tail; production wire reads tracked in governance/SCHWAB_V4_REVIEW_MEMOS cone walk
217174f6c29b72148a2d,py,monte_carlo.py,72,0,TEXT_LINE_MARKET_TOKEN,    expected_favorable_excursion:  Optional[float] = None,float,instruments.*.fundamental.marketCapFloat;instruments.*.fundamental.shortIntToFloat,chains.callExpDateMap.*.totalVolume;chains.putExpDateMap.*.totalVolume;quotes.extended.totalVolume,V3-B universal catch-all (CSV-derived vocabulary),NOT_MARKET_DATA,,,NOT_MARKET_DATA: scoped mechanical classifier tail; production wire reads tracked in governance/SCHWAB_V4_REVIEW_MEMOS cone walk
7fb00156015147c175fc,py,monte_carlo.py,73,0,TEXT_LINE_MARKET_TOKEN,    expected_adverse_excursion:    Optional[float] = None,float,instruments.*.fundamental.marketCapFloat;instruments.*.fundamental.shortIntToFloat,quotes.extended.totalVolume;chains.putExpDateMap.*.totalVolume;quotes.extended.askSize,V3-B universal catch-all (CSV-derived vocabulary),NOT_MARKET_DATA,,,NOT_MARKET_DATA: scoped mechanical classifier tail; production wire reads tracked in governance/SCHWAB_V4_REVIEW_MEMOS cone walk
cfc6192dd68f530556b6,py,monte_carlo.py,74,0,TEXT_LINE_MARKET_TOKEN,    prob_touch_upper_wall:  Optional[float] = None,float,instruments.*.fundamental.marketCapFloat;instruments.*.fundamental.shortIntToFloat,chains.putExpDateMap.*.totalVolume;chains.callExpDateMap.*.totalVolume;quotes.quote.totalVolume,V3-B universal catch-all (CSV-derived vocabulary),NOT_MARKET_DATA,,,NOT_MARKET_DATA: scoped mechanical classifier tail; production wire reads tracked in governance/SCHWAB_V4_REVIEW_MEMOS cone walk
7feba778a02c7206a50d,py,monte_carlo.py,75,0,TEXT_LINE_MARKET_TOKEN,    prob_touch_lower_wall:  Optional[float] = None,float,instruments.*.fundamental.marketCapFloat;instruments.*.fundamental.shortIntToFloat,chains.callExpDateMap.*.totalVolume;quotes.quote.totalVolume;chains.putExpDateMap.*.totalVolume,V3-B universal catch-all (CSV-derived vocabulary),NOT_MARKET_DATA,,,NOT_MARKET_DATA: scoped mechanical classifier tail; production wire reads tracked in governance/SCHWAB_V4_REVIEW_MEMOS cone walk
02b3de838aa5f07a1165,py,monte_carlo.py,76,0,TEXT_LINE_MARKET_TOKEN,    prob_exceed_em_upper:   Optional[float] = None,float,instruments.*.fundamental.marketCapFloat;instruments.*.fundamental.shortIntToFloat,chains.putExpDateMap.*.totalVolume;quotes.extended.totalVolume;chains.callExpDateMap.*.totalVolume,V3-B universal catch-all (CSV-derived vocabulary),NOT_MARKET_DATA,,,NOT_MARKET_DATA: scoped mechanical classifier tail; production wire reads tracked in governance/SCHWAB_V4_REVIEW_MEMOS cone walk
3cefb1c83707dc4be2c3,py,monte_carlo.py,77,0,TEXT_LINE_MARKET_TOKEN,    prob_exceed_em_lower:   Optional[float] = None,float,instruments.*.fundamental.marketCapFloat;instruments.*.fundamental.shortIntToFloat,quotes.extended.totalVolume;chains.callExpDateMap.*.totalVolume;chains.putExpDateMap.*.totalVolume,V3-B universal catch-all (CSV-derived vocabulary),NOT_MARKET_DATA,,,NOT_MARKET_DATA: scoped mechanical classifier tail; production wire reads tracked in governance/SCHWAB_V4_REVIEW_MEMOS cone walk
68eda82430a0d7f707a3,py,monte_carlo.py,78,0,TEXT_LINE_MARKET_TOKEN,    containment_prob:   Optional[float] = None,float,instruments.*.fundamental.marketCapFloat;instruments.*.fundamental.shortIntToFloat,chains.callExpDateMap.*.optionRoot;chains.putExpDateMap.*.optionRoot;chains.callExpDateMap.*.theoreticalOptionValue,V3-B universal catch-all (CSV-derived vocabulary),NOT_MARKET_DATA,,,NOT_MARKET_DATA: scoped mechanical classifier tail; production wire reads tracked in governance/SCHWAB_V4_REVIEW_MEMOS cone walk
c2202e3671d53a52db3b,py,monte_carlo.py,79,0,TEXT_LINE_MARKET_TOKEN,    expansion_prob:     Optional[float] = None,float,instruments.*.fundamental.marketCapFloat;instruments.*.fundamental.shortIntToFloat,chains.callExpDateMap.*.optionRoot;chains.callExpDateMap.*.openInterest;chains.putExpDateMap.*.totalVolume,V3-B universal catch-all (CSV-derived vocabulary),NOT_MARKET_DATA,,,NOT_MARKET_DATA: scoped mechanical classifier tail; production wire reads tracked in governance/SCHWAB_V4_REVIEW_MEMOS cone walk
60a8c177ea9544b670c9,py,monte_carlo.py,80,0,TEXT_LINE_MARKET_TOKEN,    path_dispersion:    Optional[float] = None,float,instruments.*.fundamental.marketCapFloat;instruments.*.fundamental.shortIntToFloat,chains.callExpDateMap.*.openInterest;chains.putExpDateMap.*.openInterest;chains.putExpDateMap.*.optionDeliverablesList,V3-B universal catch-all (CSV-derived vocabulary),NOT_MARKET_DATA,,,NOT_MARKET_DATA: scoped mechanical classifier tail; production wire reads tracked in governance/SCHWAB_V4_REVIEW_MEMOS cone walk
56d4f6d4085abc7be82e,py,monte_carlo.py,81,0,TEXT_LINE_MARKET_TOKEN,    # Path-level features for post-fusion context only (not class probabilities),post only,market_hours.bond.BON.sessionHours.postMarket;market_hours.bond.BON.sessionHours.postMarket.*;market_hours.bond.BON.sessionHours.postMarket.*.end;market_hours.bond.BON.sessionHours.postMarket.*.start;market_hours.equity.EQ.sessionHours.postMarket;market_hours.equity.EQ.sessionHours.postMarket.*;market_hours.equity.EQ.sessionHours.postMarket.*.end;market_hours.equity.EQ.sessionHours.postMarket.*.start;quotes.quote.postMarketChange;quotes.quote.postMarketPercentChange;streaming.content.*.POST_MARKET_NET_CHANGE;streaming.content.*.POST_MARKET_NET_CHANGE_PERCENT,chains.putExpDateMap.*.theoreticalVolatility;chains.callExpDateMap.*.theoreticalVolatility;chains.putExpDateMap.*.totalVolume,V3-B universal catch-all (CSV-derived vocabulary),NOT_MARKET_DATA,,,NOT_MARKET_DATA: scoped mechanical classifier tail; production wire reads tracked in governance/SCHWAB_V4_REVIEW_MEMOS cone walk
61ab9529b20967b095c5,py,monte_carlo.py,82,0,TEXT_LINE_MARKET_TOKEN,    expected_move:       Optional[float] = None,float,instruments.*.fundamental.marketCapFloat;instruments.*.fundamental.shortIntToFloat,quotes.extended.totalVolume;chains.putExpDateMap.*.totalVolume;chains.callExpDateMap.*.totalVolume,V3-B universal catch-all (CSV-derived vocabulary),NOT_MARKET_DATA,,,NOT_MARKET_DATA: scoped mechanical classifier tail; production wire reads tracked in governance/SCHWAB_V4_REVIEW_MEMOS cone walk
8c0c54b1c7cce0668f00,py,monte_carlo.py,83,0,TEXT_LINE_MARKET_TOKEN,    volatility:          Optional[float] = None,volatility float,chains.callExpDateMap.*.theoreticalVolatility;chains.callExpDateMap.*.volatility;chains.putExpDateMap.*.theoreticalVolatility;chains.putExpDateMap.*.volatility;chains.volatility;instruments.*.fundamental.marketCapFloat;instruments.*.fundamental.shortIntToFloat,chains.volatility;chains.putExpDateMap.*.theoreticalVolatility;chains.callExpDateMap.*.theoreticalVolatility,V3-B universal catch-all (CSV-derived vocabulary),NOT_MARKET_DATA,,,NOT_MARKET_DATA: scoped mechanical classifier tail; production wire reads tracked in governance/SCHWAB_V4_REVIEW_MEMOS cone walk
28be7ecfe2c1c53c7a0a,py,monte_carlo.py,84,0,TEXT_LINE_MARKET_TOKEN,    skew:                Optional[float] = None,float,instruments.*.fundamental.marketCapFloat;instruments.*.fundamental.shortIntToFloat,quotes.quote.lowPrice;quotes.quote.lastPrice;quotes.quote.lastSize,V3-B universal catch-all (CSV-derived vocabulary),NOT_MARKET_DATA,,,NOT_MARKET_DATA: scoped mechanical classifier tail; production wire reads tracked in governance/SCHWAB_V4_REVIEW_MEMOS cone walk
c5e449b535e55e99bb86,py,monte_carlo.py,85,0,TEXT_LINE_MARKET_TOKEN,    tail_risk:           Optional[float] = None,float,instruments.*.fundamental.marketCapFloat;instruments.*.fundamental.shortIntToFloat,chains.volatility;chains.putExpDateMap.*.theoreticalVolatility;chains.callExpDateMap.*.theoreticalVolatility,V3-B universal catch-all (CSV-derived vocabulary),NOT_MARKET_DATA,,,NOT_MARKET_DATA: scoped mechanical classifier tail; production wire reads tracked in governance/SCHWAB_V4_REVIEW_MEMOS cone walk
0ea63a8237e8cefe5aaf,py,monte_carlo.py,86,0,TEXT_LINE_MARKET_TOKEN,    directional_bias:    Optional[float] = None,float,instruments.*.fundamental.marketCapFloat;instruments.*.fundamental.shortIntToFloat,chains.callExpDateMap.*.theoreticalVolatility;chains.putExpDateMap.*.theoreticalVolatility;chains.volatility,V3-B universal catch-all (CSV-derived vocabulary),NOT_MARKET_DATA,,,NOT_MARKET_DATA: scoped mechanical classifier tail; production wire reads tracked in governance/SCHWAB_V4_REVIEW_MEMOS cone walk
f0fa21d9e1c9f5d8ce4f,py,monte_carlo.py,91,0,TEXT_LINE_MARKET_TOKEN,"    def mc_feature_dict(self) -> dict[str, float | str]:",float,instruments.*.fundamental.marketCapFloat;instruments.*.fundamental.shortIntToFloat,quotes.quote.askSize;quotes.quote.bidSize;chains.putExpDateMap.*.theoreticalVolatility,V3-B universal catch-all (CSV-derived vocabulary),NOT_MARKET_DATA,,,NOT_MARKET_DATA: scoped mechanical classifier tail; production wire reads tracked in governance/SCHWAB_V4_REVIEW_MEMOS cone walk
798125df7cb84b729ad6,py,monte_carlo.py,92,0,TEXT_LINE_MARKET_TOKEN,"        """"""Contract for fusion adjustment: path features present on this run only (no fabricated zeros).""""""",only,,quotes.quote.askSize;quotes.quote.bidSize;streaming.content.*.BIDS,V3-B universal catch-all (CSV-derived vocabulary),NOT_MARKET_DATA,,,NOT_MARKET_DATA: scoped mechanical classifier tail; production wire reads tracked in governance/SCHWAB_V4_REVIEW_MEMOS cone walk
0a3c9eda710db29947dd,py,monte_carlo.py,93,0,TEXT_LINE_MARKET_TOKEN,"        out: dict[str, float | str] = {""source"": ""derived_mc_normalized""}",float,instruments.*.fundamental.marketCapFloat;instruments.*.fundamental.shortIntToFloat,quotes.quote.bidSize;quotes.quote.askSize;quotes.extended.bidSize,V3-B universal catch-all (CSV-derived vocabulary),NOT_MARKET_DATA,,,NOT_MARKET_DATA: scoped mechanical classifier tail; production wire reads tracked in governance/SCHWAB_V4_REVIEW_MEMOS cone walk
7820f5262ae1b5abf459,py,monte_carlo.py,94,0,TEXT_LINE_MARKET_TOKEN,"        for key, val in (",key,streaming.content.*.key,chains.underlying.totalVolume;pricehistory.candles.*.volume;chains.callExpDateMap.*.totalVolume,V3-B universal catch-all (CSV-derived vocabulary),NOT_MARKET_DATA,,,NOT_MARKET_DATA: scoped mechanical classifier tail; production wire reads tracked in governance/SCHWAB_V4_REVIEW_MEMOS cone walk
42058e1a7053dac0a458,py,monte_carlo.py,96,0,TEXT_LINE_MARKET_TOKEN,"            (""volatility"", self.volatility),",volatility,chains.callExpDateMap.*.theoreticalVolatility;chains.callExpDateMap.*.volatility;chains.putExpDateMap.*.theoreticalVolatility;chains.putExpDateMap.*.volatility;chains.volatility,chains.callExpDateMap.*.theoreticalVolatility;chains.volatility;chains.putExpDateMap.*.theoreticalVolatility,V3-B universal catch-all (CSV-derived vocabulary),NOT_MARKET_DATA,,,NOT_MARKET_DATA: scoped mechanical classifier tail; production wire reads tracked in governance/SCHWAB_V4_REVIEW_MEMOS cone walk
8a6ebc63e859e67d714d,py,monte_carlo.py,103,0,TEXT_LINE_MARKET_TOKEN,                    out[key] = float(val),key float,streaming.content.*.key;instruments.*.fundamental.marketCapFloat;instruments.*.fundamental.shortIntToFloat,chains.callExpDateMap.*.theoreticalVolatility;chains.putExpDateMap.*.theoreticalVolatility;chains.volatility,V3-B universal catch-all (CSV-derived vocabulary),NOT_MARKET_DATA,,,NOT_MARKET_DATA: scoped mechanical classifier tail; production wire reads tracked in governance/SCHWAB_V4_REVIEW_MEMOS cone walk
0c4ab67100f481271949,py,monte_carlo.py,106,0,TEXT_LINE_MARKET_TOKEN,        return out,return,instruments.*.fundamental.returnOnAssets;instruments.*.fundamental.returnOnEquity;instruments.*.fundamental.returnOnInvestment,market_hours.future.RTY.isOpen;market_hours.future.ZT.isOpen;market_hours.future.BTC.isOpen,V3-B universal catch-all (CSV-derived vocabulary),NOT_MARKET_DATA,,,NOT_MARKET_DATA: scoped mechanical classifier tail; production wire reads tracked in governance/SCHWAB_V4_REVIEW_MEMOS cone walk
ceb9633e7865b2baff1e,py,monte_carlo.py,111,0,TEXT_LINE_MARKET_TOKEN,    Weights per consultant recommendation: 50% RV + 30% IV + 20% ATR-scaled.,per,instruments.*.fundamental.bookValuePerShare,chains.putExpDateMap.*.rho;chains.putExpDateMap.*.theta;chains.putExpDateMap.*.delta,V3-B universal catch-all (CSV-derived vocabulary),NOT_MARKET_DATA,,,NOT_MARKET_DATA: scoped mechanical classifier tail; production wire reads tracked in governance/SCHWAB_V4_REVIEW_MEMOS cone walk
ba4b0af51da6fdcfbd8f,py,monte_carlo.py,128,0,TEXT_LINE_MARKET_TOKEN,        base = iv  # IV-only fallback,only,,chains.callExpDateMap.*.theoreticalVolatility;chains.callExpDateMap.*.volatility;chains.volatility,V3-B universal catch-all (CSV-derived vocabulary),NOT_MARKET_DATA,,,NOT_MARKET_DATA: scoped mechanical classifier tail; production wire reads tracked in governance/SCHWAB_V4_REVIEW_MEMOS cone walk
431e2fa5cc4ab8f2a880,py,monte_carlo.py,130,0,TEXT_LINE_MARKET_TOKEN,"    return max(0.01, base)",return,instruments.*.fundamental.returnOnAssets;instruments.*.fundamental.returnOnEquity;instruments.*.fundamental.returnOnInvestment,chains.putExpDateMap.*.rho;chains.putExpDateMap.*.theta;chains.putExpDateMap.*.gamma,V3-B universal catch-all (CSV-derived vocabulary),NOT_MARKET_DATA,,,NOT_MARKET_DATA: scoped mechanical classifier tail; production wire reads tracked in governance/SCHWAB_V4_REVIEW_MEMOS cone walk
2f293012f15229e19712,py,monte_carlo.py,133,0,TEXT_LINE_MARKET_TOKEN,"def _compute_drift(regime, model_prob_up, model_prob_down, model_confidence, fusion_dominant, sigma_bar):",regime,,pricehistory.candles.*.volume;quotes.quote.bidSize;chains.callExpDateMap.*.totalVolume,V3-B universal catch-all (CSV-derived vocabulary),NOT_MARKET_DATA,,,NOT_MARKET_DATA: scoped mechanical classifier tail; production wire reads tracked in governance/SCHWAB_V4_REVIEW_MEMOS cone walk
580ae0dd54ab5cac98a5,py,monte_carlo.py,134,0,TEXT_LINE_MARKET_TOKEN,"    """"""State-aware per-bar drift: model-derived, confidence-scaled, regime-damped.""""""",per bar model regime,instruments.*.fundamental.bookValuePerShare,chains.callExpDateMap.*.bidSize;chains.putExpDateMap.*.bidSize;quotes.extended.bidSize,V3-B universal catch-all (CSV-derived vocabulary),NOT_MARKET_DATA,,,NOT_MARKET_DATA: scoped mechanical classifier tail; production wire reads tracked in governance/SCHWAB_V4_REVIEW_MEMOS cone walk
2eb0ff7bfb40596eb1d1,py,monte_carlo.py,137,0,TEXT_LINE_MARKET_TOKEN,        net = model_prob_up - model_prob_down,net,chains.callExpDateMap.*.netChange;chains.putExpDateMap.*.netChange;instruments.*.fundamental.netProfitMarginMRQ;instruments.*.fundamental.netProfitMarginTTM;movers.screeners.*.netChange;movers.screeners.*.netPercentChange;quotes.quote.netChange;quotes.quote.netPercentChange;quotes.regular.regularMarketNetChange;streaming.content.*.NET_CHANGE;streaming.content.*.NET_CHANGE_PERCENT;streaming.content.*.POST_MARKET_NET_CHANGE;streaming.content.*.POST_MARKET_NET_CHANGE_PERCENT;streaming.content.*.REGULAR_MARKET_NET_CHANGE,quotes.extended.totalVolume;quotes.quote.totalVolume;chains.putExpDateMap.*.totalVolume,V3-B universal catch-all (CSV-derived vocabulary),NOT_MARKET_DATA,,,NOT_MARKET_DATA: scoped mechanical classifier tail; production wire reads tracked in governance/SCHWAB_V4_REVIEW_MEMOS cone walk
b2292b78b6a4c972dd79,py,monte_carlo.py,138,0,TEXT_LINE_MARKET_TOKEN,        raw_drift = net * sigma_bar * 0.3,net,chains.callExpDateMap.*.netChange;chains.putExpDateMap.*.netChange;instruments.*.fundamental.netProfitMarginMRQ;instruments.*.fundamental.netProfitMarginTTM;movers.screeners.*.netChange;movers.screeners.*.netPercentChange;quotes.quote.netChange;quotes.quote.netPercentChange;quotes.regular.regularMarketNetChange;streaming.content.*.NET_CHANGE;streaming.content.*.NET_CHANGE_PERCENT;streaming.content.*.POST_MARKET_NET_CHANGE;streaming.content.*.POST_MARKET_NET_CHANGE_PERCENT;streaming.content.*.REGULAR_MARKET_NET_CHANGE,chains.putExpDateMap.*.askSize;chains.putExpDateMap.*.bidSize;chains.callExpDateMap.*.askSize,V3-B universal catch-all (CSV-derived vocabulary),NOT_MARKET_DATA,,,NOT_MARKET_DATA: scoped mechanical classifier tail; production wire reads tracked in governance/SCHWAB_V4_REVIEW_MEMOS cone walk
74a951aedbdf04fa00ed,py,monte_carlo.py,140,0,TEXT_LINE_MARKET_TOKEN,"    conf_scale = {""high"": 1.0, ""medium"": 0.60, ""low"": 0.20}.get(model_confidence or """", 0.10)",high low,chains.callExpDateMap.*.highPrice;chains.putExpDateMap.*.highPrice;chains.underlying.fiftyTwoWeekHigh;chains.underlying.highPrice;pricehistory.candles.*.high;quotes.quote.52WeekHigh;quotes.quote.highPrice;streaming.content.*.HIGH_PRICE;streaming.content.*.HIGH_PRICE_52_WEEK;chains.callExpDateMap.*.lowPrice;chains.putExpDateMap.*.lowPrice;chains.underlying.fiftyTwoWeekLow;chains.underlying.lowPrice;pricehistory.candles.*.low;quotes.quote.52WeekLow;quotes.quote.lowPrice;streaming.content.*.LOW_PRICE;streaming.content.*.LOW_PRICE_52_WEEK,chains.callExpDateMap.*.bidSize;chains.putExpDateMap.*.bidSize;pricehistory.candles.*.volume,V3-B universal catch-all (CSV-derived vocabulary),NOT_MARKET_DATA,,,NOT_MARKET_DATA: scoped mechanical classifier tail; production wire reads tracked in governance/SCHWAB_V4_REVIEW_MEMOS cone walk
25ef39bec46ea10336a9,py,monte_carlo.py,147,0,TEXT_LINE_MARKET_TOKEN,"    regime_mult = REGIME_DRIFT_MULT.get(regime, 0.50)",regime,,streaming.content.*.BID_SIZE;streaming.content.*.REGULAR_MARKET_TRADE_MILLIS;chains.putExpDateMap.*.volatility,V3-B universal catch-all (CSV-derived vocabulary),NOT_MARKET_DATA,,,NOT_MARKET_DATA: scoped mechanical classifier tail; production wire reads tracked in governance/SCHWAB_V4_REVIEW_MEMOS cone walk
23ba622108aea595f3f7,py,monte_carlo.py,148,0,TEXT_LINE_MARKET_TOKEN,    return raw_drift * conf_scale * regime_mult,return,instruments.*.fundamental.returnOnAssets;instruments.*.fundamental.returnOnEquity;instruments.*.fundamental.returnOnInvestment,streaming.content.*.ASK_SIZE;streaming.content.*.BID_SIZE;streaming.content.*.BIDS.*.TOTAL_VOLUME,V3-B universal catch-all (CSV-derived vocabulary),NOT_MARKET_DATA,,,NOT_MARKET_DATA: scoped mechanical classifier tail; production wire reads tracked in governance/SCHWAB_V4_REVIEW_MEMOS cone walk
9fd6fae23386215cbd03,py,monte_carlo.py,152,0,TEXT_LINE_MARKET_TOKEN,"    spot: float,",float,instruments.*.fundamental.marketCapFloat;instruments.*.fundamental.shortIntToFloat,chains.callExpDateMap.*.theoreticalVolatility;chains.putExpDateMap.*.theoreticalVolatility;chains.callExpDateMap.*.totalVolume,V3-B universal catch-all (CSV-derived vocabulary),NOT_MARKET_DATA,,,NOT_MARKET_DATA: scoped mechanical classifier tail; production wire reads tracked in governance/SCHWAB_V4_REVIEW_MEMOS cone walk
9a868a5ba9500a8c3bc9,py,monte_carlo.py,153,0,TEXT_LINE_MARKET_TOKEN,"    iv: float,",float,instruments.*.fundamental.marketCapFloat;instruments.*.fundamental.shortIntToFloat,chains.callExpDateMap.*.theoreticalVolatility;chains.putExpDateMap.*.theoreticalVolatility;chains.volatility,V3-B universal catch-all (CSV-derived vocabulary),NOT_MARKET_DATA,,,NOT_MARKET_DATA: scoped mechanical classifier tail; production wire reads tracked in governance/SCHWAB_V4_REVIEW_MEMOS cone walk
e35be06c7b6c71694310,py,monte_carlo.py,155,0,TEXT_LINE_MARKET_TOKEN,"    horizon_bars: int = DEFAULT_HORIZON,",int,instruments.*.fundamental.shortIntDayToCover;instruments.*.fundamental.shortIntToFloat,quotes.quote.bidSize;quotes.quote.askSize;chains.underlying.totalVolume,V3-B universal catch-all (CSV-derived vocabulary),NOT_MARKET_DATA,,,NOT_MARKET_DATA: scoped mechanical classifier tail; production wire reads tracked in governance/SCHWAB_V4_REVIEW_MEMOS cone walk
e84310b245ffc2ffb1f1,py,monte_carlo.py,156,0,TEXT_LINE_MARKET_TOKEN,"    n_paths: int = DEFAULT_N_PATHS,",int,instruments.*.fundamental.shortIntDayToCover;instruments.*.fundamental.shortIntToFloat,chains.putExpDateMap.*.askSize;chains.putExpDateMap.*.theoreticalVolatility;chains.putExpDateMap.*.theta,V3-B universal catch-all (CSV-derived vocabulary),NOT_MARKET_DATA,,,NOT_MARKET_DATA: scoped mechanical classifier tail; production wire reads tracked in governance/SCHWAB_V4_REVIEW_MEMOS cone walk
2aac4f25c5eedc5be374,py,monte_carlo.py,157,0,TEXT_LINE_MARKET_TOKEN,"    drift: float = 0.0,",float,instruments.*.fundamental.marketCapFloat;instruments.*.fundamental.shortIntToFloat,chains.putExpDateMap.*.theoreticalVolatility;chains.callExpDateMap.*.theoreticalVolatility;chains.putExpDateMap.*.totalVolume,V3-B universal catch-all (CSV-derived vocabulary),NOT_MARKET_DATA,,,NOT_MARKET_DATA: scoped mechanical classifier tail; production wire reads tracked in governance/SCHWAB_V4_REVIEW_MEMOS cone walk
bd46f2020223fdad2b02,py,monte_carlo.py,158,0,TEXT_LINE_MARKET_TOKEN,"    call_gamma_wall: Optional[float] = None,",float,instruments.*.fundamental.marketCapFloat;instruments.*.fundamental.shortIntToFloat,chains.callExpDateMap.*.totalVolume;chains.callExpDateMap.*.theoreticalVolatility;chains.callExpDateMap.*.volatility,V3-B universal catch-all (CSV-derived vocabulary),NOT_MARKET_DATA,,,NOT_MARKET_DATA: scoped mechanical classifier tail; production wire reads tracked in governance/SCHWAB_V4_REVIEW_MEMOS cone walk
0cc51e771a4e75277e76,py,monte_carlo.py,159,0,TEXT_LINE_MARKET_TOKEN,"    put_gamma_wall: Optional[float] = None,",float,instruments.*.fundamental.marketCapFloat;instruments.*.fundamental.shortIntToFloat,chains.callExpDateMap.*.totalVolume;chains.putExpDateMap.*.totalVolume;chains.callExpDateMap.*.theoreticalVolatility,V3-B universal catch-all (CSV-derived vocabulary),NOT_MARKET_DATA,,,NOT_MARKET_DATA: scoped mechanical classifier tail; production wire reads tracked in governance/SCHWAB_V4_REVIEW_MEMOS cone walk
5c9405c555987b9cb384,py,monte_carlo.py,160,0,TEXT_LINE_MARKET_TOKEN,"    em_upper: Optional[float] = None,",float,instruments.*.fundamental.marketCapFloat;instruments.*.fundamental.shortIntToFloat,chains.putExpDateMap.*.totalVolume;chains.callExpDateMap.*.totalVolume;quotes.quote.totalVolume,V3-B universal catch-all (CSV-derived vocabulary),NOT_MARKET_DATA,,,NOT_MARKET_DATA: scoped mechanical classifier tail; production wire reads tracked in governance/SCHWAB_V4_REVIEW_MEMOS cone walk
41f4f23b26d661e1c79f,py,monte_carlo.py,161,0,TEXT_LINE_MARKET_TOKEN,"    em_lower: Optional[float] = None,",float,instruments.*.fundamental.marketCapFloat;instruments.*.fundamental.shortIntToFloat,chains.callExpDateMap.*.totalVolume;quotes.quote.totalVolume;chains.putExpDateMap.*.totalVolume,V3-B universal catch-all (CSV-derived vocabulary),NOT_MARKET_DATA,,,NOT_MARKET_DATA: scoped mechanical classifier tail; production wire reads tracked in governance/SCHWAB_V4_REVIEW_MEMOS cone walk
232bad6386b1600b56df,py,monte_carlo.py,162,0,TEXT_LINE_MARKET_TOKEN,"    direction_threshold_pct: float = 0.0005,",float,instruments.*.fundamental.marketCapFloat;instruments.*.fundamental.shortIntToFloat,chains.putExpDateMap.*.openInterest;chains.putExpDateMap.*.totalVolume;chains.putExpDateMap.*.theoreticalVolatility,V3-B universal catch-all (CSV-derived vocabulary),NOT_MARKET_DATA,,,NOT_MARKET_DATA: scoped mechanical classifier tail; production wire reads tracked in governance/SCHWAB_V4_REVIEW_MEMOS cone walk
ca065ce20d858bc1cee3,py,monte_carlo.py,163,0,TEXT_LINE_MARKET_TOKEN,"    seed: Optional[int] = SEED,",int,instruments.*.fundamental.shortIntDayToCover;instruments.*.fundamental.shortIntToFloat,quotes.extended.askSize;quotes.extended.bidSize;chains.putExpDateMap.*.delta,V3-B universal catch-all (CSV-derived vocabulary),NOT_MARKET_DATA,,,NOT_MARKET_DATA: scoped mechanical classifier tail; production wire reads tracked in governance/SCHWAB_V4_REVIEW_MEMOS cone walk
64dd0ba203d3b85a4c60,py,monte_carlo.py,165,0,TEXT_LINE_MARKET_TOKEN,"    regime: Optional[str] = None,",regime,,streaming.content.*.VOLUME;streaming.content.*.BIDS.*.TOTAL_VOLUME;chains.underlying.totalVolume,V3-B universal catch-all (CSV-derived vocabulary),NOT_MARKET_DATA,,,NOT_MARKET_DATA: scoped mechanical classifier tail; production wire reads tracked in governance/SCHWAB_V4_REVIEW_MEMOS cone walk
f29a5116e60343dba405,py,monte_carlo.py,167,0,TEXT_LINE_MARKET_TOKEN,"    realized_vol: Optional[float] = None,",float,instruments.*.fundamental.marketCapFloat;instruments.*.fundamental.shortIntToFloat,chains.callExpDateMap.*.totalVolume;chains.callExpDateMap.*.theoreticalVolatility;chains.underlying.totalVolume,V3-B universal catch-all (CSV-derived vocabulary),NOT_MARKET_DATA,,,NOT_MARKET_DATA: scoped mechanical classifier tail; production wire reads tracked in governance/SCHWAB_V4_REVIEW_MEMOS cone walk
477e7ba516679ec6eef1,py,monte_carlo.py,168,0,TEXT_LINE_MARKET_TOKEN,"    atr: Optional[float] = None,",float,instruments.*.fundamental.marketCapFloat;instruments.*.fundamental.shortIntToFloat,chains.callExpDateMap.*.totalVolume;chains.putExpDateMap.*.totalVolume;chains.callExpDateMap.*.theoreticalVolatility,V3-B universal catch-all (CSV-derived vocabulary),NOT_MARKET_DATA,,,NOT_MARKET_DATA: scoped mechanical classifier tail; production wire reads tracked in governance/SCHWAB_V4_REVIEW_MEMOS cone walk
0314207750e0a031c4e3,py,monte_carlo.py,169,0,TEXT_LINE_MARKET_TOKEN,"    model_prob_up: Optional[float] = None,",float,instruments.*.fundamental.marketCapFloat;instruments.*.fundamental.shortIntToFloat,chains.callExpDateMap.*.totalVolume;chains.putExpDateMap.*.totalVolume;quotes.quote.totalVolume,V3-B universal catch-all (CSV-derived vocabulary),NOT_MARKET_DATA,,,NOT_MARKET_DATA: scoped mechanical classifier tail; production wire reads tracked in governance/SCHWAB_V4_REVIEW_MEMOS cone walk
6e48212da3b0ddb7cf4e,py,monte_carlo.py,170,0,TEXT_LINE_MARKET_TOKEN,"    model_prob_down: Optional[float] = None,",float,instruments.*.fundamental.marketCapFloat;instruments.*.fundamental.shortIntToFloat,chains.callExpDateMap.*.totalVolume;chains.putExpDateMap.*.totalVolume;quotes.quote.totalVolume,V3-B universal catch-all (CSV-derived vocabulary),NOT_MARKET_DATA,,,NOT_MARKET_DATA: scoped mechanical classifier tail; production wire reads tracked in governance/SCHWAB_V4_REVIEW_MEMOS cone walk
7836a1347a19f19d5902,py,monte_carlo.py,174,0,TEXT_LINE_MARKET_TOKEN,"    garch_sigma_bars: Optional[list] = None,  # per-bar sigma forecast from GARCH+blend",list per bar,chains.callExpDateMap.*.optionDeliverablesList;chains.callExpDateMap.*.optionDeliverablesList.*;chains.callExpDateMap.*.optionDeliverablesList.*.assetType;chains.callExpDateMap.*.optionDeliverablesList.*.currencyType;chains.callExpDateMap.*.optionDeliverablesList.*.deliverableUnits;chains.callExpDateMap.*.optionDeliverablesList.*.symbol;chains.putExpDateMap.*.optionDeliverablesList;chains.putExpDateMap.*.optionDeliverablesList.*;chains.putExpDateMap.*.optionDeliverablesList.*.assetType;chains.putExpDateMap.*.optionDeliverablesList.*.currencyType;chains.putExpDateMap.*.optionDeliverablesList.*.deliverableUnits;chains.putExpDateMap.*.optionDeliverablesList.*.symbol;instruments.*.fundamental.bookValuePerShare,chains.callExpDateMap.*.rho;chains.callExpDateMap.*.askSize;chains.callExpDateMap.*.gamma,V3-B universal catch-all (CSV-derived vocabulary),NOT_MARKET_DATA,,,NOT_MARKET_DATA: scoped mechanical classifier tail; production wire reads tracked in governance/SCHWAB_V4_REVIEW_MEMOS cone walk
89c654bd82c306466f74,py,monte_carlo.py,177,0,TEXT_LINE_MARKET_TOKEN,    Run regime-aware stochastic-volatility Monte Carlo simulation.,regime volatility,chains.callExpDateMap.*.theoreticalVolatility;chains.callExpDateMap.*.volatility;chains.putExpDateMap.*.theoreticalVolatility;chains.putExpDateMap.*.volatility;chains.volatility,chains.putExpDateMap.*.theoreticalVolatility;chains.callExpDateMap.*.theoreticalVolatility;chains.volatility,V3-B universal catch-all (CSV-derived vocabulary),NOT_MARKET_DATA,,,NOT_MARKET_DATA: scoped mechanical classifier tail; production wire reads tracked in governance/SCHWAB_V4_REVIEW_MEMOS cone walk
1e2820bdad37942bd116,py,monte_carlo.py,179,0,TEXT_LINE_MARKET_TOKEN,"    v2: sigma blended + regime-scaled + stochastic per-step,",regime per,instruments.*.fundamental.bookValuePerShare,chains.callExpDateMap.*.delta;chains.callExpDateMap.*.theta;chains.callExpDateMap.*.vega,V3-B universal catch-all (CSV-derived vocabulary),NOT_MARKET_DATA,,,NOT_MARKET_DATA: scoped mechanical classifier tail; production wire reads tracked in governance/SCHWAB_V4_REVIEW_MEMOS cone walk
c19fc8de20f7041172c6,py,monte_carlo.py,180,0,TEXT_LINE_MARKET_TOKEN,"    drift model-derived + confidence-scaled + regime-damped,",model regime,,quotes.extended.bidSize;quotes.extended.askSize;chains.callExpDateMap.*.delta,V3-B universal catch-all (CSV-derived vocabulary),NOT_MARKET_DATA,,,NOT_MARKET_DATA: scoped mechanical classifier tail; production wire reads tracked in governance/SCHWAB_V4_REVIEW_MEMOS cone walk
23da3e86130626136b44,py,monte_carlo.py,182,0,TEXT_LINE_MARKET_TOKEN,"    v3: accepts GARCH per-bar sigma forecast. When provided, each MC step",per bar,instruments.*.fundamental.bookValuePerShare,chains.callExpDateMap.*.theta;chains.callExpDateMap.*.rho;chains.callExpDateMap.*.vega,V3-B universal catch-all (CSV-derived vocabulary),NOT_MARKET_DATA,,,NOT_MARKET_DATA: scoped mechanical classifier tail; production wire reads tracked in governance/SCHWAB_V4_REVIEW_MEMOS cone walk
8b77b8b40bdf3005e5f3,py,monte_carlo.py,183,0,TEXT_LINE_MARKET_TOKEN,    uses the GARCH-forecasted sigma for THAT bar (capturing vol clustering),the bar,chains.callExpDateMap.*.inTheMoney;chains.putExpDateMap.*.inTheMoney,chains.callExpDateMap.*.theta;chains.putExpDateMap.*.theta;chains.putExpDateMap.*.theoreticalVolatility,V3-B universal catch-all (CSV-derived vocabulary),NOT_MARKET_DATA,,,NOT_MARKET_DATA: scoped mechanical classifier tail; production wire reads tracked in governance/SCHWAB_V4_REVIEW_MEMOS cone walk
bb1a232abe19775153fe,py,monte_carlo.py,184,0,TEXT_LINE_MARKET_TOKEN,    instead of a flat constant. Regime multiplier + stochastic vol still applied.,regime multiplier,chains.callExpDateMap.*.multiplier;chains.putExpDateMap.*.multiplier,chains.putExpDateMap.*.theoreticalVolatility;chains.callExpDateMap.*.theoreticalVolatility;chains.callExpDateMap.*.volatility,V3-B universal catch-all (CSV-derived vocabulary),NOT_MARKET_DATA,,,NOT_MARKET_DATA: scoped mechanical classifier tail; production wire reads tracked in governance/SCHWAB_V4_REVIEW_MEMOS cone walk
168ff5178c5ca4ecbb38,py,monte_carlo.py,188,0,TEXT_LINE_MARKET_TOKEN,"        return _fallback(""invalid spot price"")",return price,instruments.*.fundamental.returnOnAssets;instruments.*.fundamental.returnOnEquity;instruments.*.fundamental.returnOnInvestment;chains.callExpDateMap.*.closePrice;chains.callExpDateMap.*.highPrice;chains.callExpDateMap.*.lowPrice;chains.callExpDateMap.*.openPrice;chains.callExpDateMap.*.strikePrice;chains.putExpDateMap.*.closePrice;chains.putExpDateMap.*.highPrice;chains.putExpDateMap.*.lowPrice;chains.putExpDateMap.*.openPrice;chains.putExpDateMap.*.strikePrice;chains.underlying.highPrice;chains.underlying.lowPrice;chains.underlying.openPrice;chains.underlyingPrice;movers.screeners.*.lastPrice;quotes.extended.askPrice;quotes.extended.bidPrice;quotes.extended.lastPrice;quotes.quote.askPrice;quotes.quote.bidPrice;quotes.quote.closePrice;quotes.quote.highPrice,chains.callExpDateMap.*.bidSize;chains.callExpDateMap.*.theoreticalVolatility;chains.putExpDateMap.*.theoreticalVolatility,V3-B universal catch-all (CSV-derived vocabulary),NOT_MARKET_DATA,,,NOT_MARKET_DATA: scoped mechanical classifier tail; production wire reads tracked in governance/SCHWAB_V4_REVIEW_MEMOS cone walk
6084cb38da8541618847,py,monte_carlo.py,190,0,TEXT_LINE_MARKET_TOKEN,"        return _fallback(""invalid IV"")",return,instruments.*.fundamental.returnOnAssets;instruments.*.fundamental.returnOnEquity;instruments.*.fundamental.returnOnInvestment,chains.callExpDateMap.*.theoreticalVolatility;chains.callExpDateMap.*.bidSize;chains.putExpDateMap.*.theoreticalVolatility,V3-B universal catch-all (CSV-derived vocabulary),NOT_MARKET_DATA,,,NOT_MARKET_DATA: scoped mechanical classifier tail; production wire reads tracked in governance/SCHWAB_V4_REVIEW_MEMOS cone walk
f6ff517b9ba7db26d8ac,py,monte_carlo.py,195,0,TEXT_LINE_MARKET_TOKEN,"        # Regime multiplier (applied to ALL sigma sources); missing regime → baseline 1.0 (not ""unknown"")",regime multiplier unknown,chains.callExpDateMap.*.multiplier;chains.putExpDateMap.*.multiplier,chains.callExpDateMap.*.rho;chains.putExpDateMap.*.rho;chains.putExpDateMap.*.vega,V3-B universal catch-all (CSV-derived vocabulary),NOT_MARKET_DATA,,,NOT_MARKET_DATA: scoped mechanical classifier tail; production wire reads tracked in governance/SCHWAB_V4_REVIEW_MEMOS cone walk
195786b0f53c2b338a99,py,monte_carlo.py,196,0,TEXT_LINE_MARKET_TOKEN,        if regime:,regime,,streaming.content.*.BID_SIZE;quotes.extended.bidSize;chains.underlying.bidSize,V3-B universal catch-all (CSV-derived vocabulary),NOT_MARKET_DATA,,,NOT_MARKET_DATA: scoped mechanical classifier tail; production wire reads tracked in governance/SCHWAB_V4_REVIEW_MEMOS cone walk
b844ad74355e757651b1,py,monte_carlo.py,197,0,TEXT_LINE_MARKET_TOKEN,"            r_mult = REGIME_SIGMA_MULT.get(regime, 1.0)",regime,,streaming.content.*.REGULAR_MARKET_TRADE_MILLIS;streaming.content.*.BID_SIZE;streaming.content.*.REGULAR_MARKET_LAST_PRICE,V3-B universal catch-all (CSV-derived vocabulary),NOT_MARKET_DATA,,,NOT_MARKET_DATA: scoped mechanical classifier tail; production wire reads tracked in governance/SCHWAB_V4_REVIEW_MEMOS cone walk
0ff7f4d98e03400b0059,py,monte_carlo.py,200,0,TEXT_LINE_MARKET_TOKEN,"        if regime_confidence == ""high"":",high,chains.callExpDateMap.*.highPrice;chains.putExpDateMap.*.highPrice;chains.underlying.fiftyTwoWeekHigh;chains.underlying.highPrice;pricehistory.candles.*.high;quotes.quote.52WeekHigh;quotes.quote.highPrice;streaming.content.*.HIGH_PRICE;streaming.content.*.HIGH_PRICE_52_WEEK,chains.underlying.bidSize;quotes.extended.bidSize;quotes.quote.bidSize,V3-B universal catch-all (CSV-derived vocabulary),NOT_MARKET_DATA,,,NOT_MARKET_DATA: scoped mechanical classifier tail; production wire reads tracked in governance/SCHWAB_V4_REVIEW_MEMOS cone walk
b1be0423de7b43d810d4,py,monte_carlo.py,204,0,TEXT_LINE_MARKET_TOKEN,"        elif regime_confidence == ""low"":",low,chains.callExpDateMap.*.lowPrice;chains.putExpDateMap.*.lowPrice;chains.underlying.fiftyTwoWeekLow;chains.underlying.lowPrice;pricehistory.candles.*.low;quotes.quote.52WeekLow;quotes.quote.lowPrice;streaming.content.*.LOW_PRICE;streaming.content.*.LOW_PRICE_52_WEEK,quotes.extended.bidSize;quotes.quote.bidSize;chains.underlying.bidSize,V3-B universal catch-all (CSV-derived vocabulary),NOT_MARKET_DATA,,,NOT_MARKET_DATA: scoped mechanical classifier tail; production wire reads tracked in governance/SCHWAB_V4_REVIEW_MEMOS cone walk
3aaa385a763706aa467b,py,monte_carlo.py,209,0,TEXT_LINE_MARKET_TOKEN,        # Determine sigma source: GARCH per-bar or flat blend,per bar,instruments.*.fundamental.bookValuePerShare,chains.callExpDateMap.*.rho;chains.callExpDateMap.*.theta;chains.callExpDateMap.*.vega,V3-B universal catch-all (CSV-derived vocabulary),NOT_MARKET_DATA,,,NOT_MARKET_DATA: scoped mechanical classifier tail; production wire reads tracked in governance/SCHWAB_V4_REVIEW_MEMOS cone walk
64f742b4a0eae84d4942,py,monte_carlo.py,214,0,TEXT_LINE_MARKET_TOKEN,            # GARCH provides pre-blended per-bar sigma (already includes IV+RV blend + floor),pre per bar,market_hours.bond.BON.sessionHours.preMarket;market_hours.bond.BON.sessionHours.preMarket.*;market_hours.bond.BON.sessionHours.preMarket.*.end;market_hours.bond.BON.sessionHours.preMarket.*.start;market_hours.equity.EQ.sessionHours.preMarket;market_hours.equity.EQ.sessionHours.preMarket.*;market_hours.equity.EQ.sessionHours.preMarket.*.end;market_hours.equity.EQ.sessionHours.preMarket.*.start;instruments.*.fundamental.bookValuePerShare,chains.callExpDateMap.*.rho;chains.callExpDateMap.*.bidSize;chains.callExpDateMap.*.vega,V3-B universal catch-all (CSV-derived vocabulary),NOT_MARKET_DATA,,,NOT_MARKET_DATA: scoped mechanical classifier tail; production wire reads tracked in governance/SCHWAB_V4_REVIEW_MEMOS cone walk
c428f5f2a788bf1da220,py,monte_carlo.py,215,0,TEXT_LINE_MARKET_TOKEN,            # Apply regime multiplier on top,regime multiplier,chains.callExpDateMap.*.multiplier;chains.putExpDateMap.*.multiplier,chains.putExpDateMap.*.theoreticalVolatility;chains.putExpDateMap.*.totalVolume;chains.putExpDateMap.*.volatility,V3-B universal catch-all (CSV-derived vocabulary),NOT_MARKET_DATA,,,NOT_MARKET_DATA: scoped mechanical classifier tail; production wire reads tracked in governance/SCHWAB_V4_REVIEW_MEMOS cone walk
50757fe9d45d30212ca8,py,monte_carlo.py,217,0,TEXT_LINE_MARKET_TOKEN,"            # For reporting, use the average",the,chains.callExpDateMap.*.inTheMoney;chains.putExpDateMap.*.inTheMoney,movers.screeners.*.totalVolume;quotes.regular.regularMarketLastSize;chains.putExpDateMap.*.rho,V3-B universal catch-all (CSV-derived vocabulary),NOT_MARKET_DATA,,,NOT_MARKET_DATA: scoped mechanical classifier tail; production wire reads tracked in governance/SCHWAB_V4_REVIEW_MEMOS cone walk
edebc6f0aa3e41b65798,py,monte_carlo.py,220,0,TEXT_LINE_MARKET_TOKEN,            sigma_bar = sum(base_sigma_bars) / len(base_sigma_bars)  # avg for drift calc,avg,instruments.*.fundamental.vol10DayAvg;instruments.*.fundamental.vol1DayAvg;instruments.*.fundamental.vol3MonthAvg,chains.callExpDateMap.*.askSize;chains.callExpDateMap.*.bidSize;chains.putExpDateMap.*.askSize,V3-B universal catch-all (CSV-derived vocabulary),NOT_MARKET_DATA,,,NOT_MARKET_DATA: scoped mechanical classifier tail; production wire reads tracked in governance/SCHWAB_V4_REVIEW_MEMOS cone walk
725f18d2ed0f578232b2,py,monte_carlo.py,238,0,TEXT_LINE_MARKET_TOKEN,"            regime, model_prob_up, model_prob_down,",regime,,pricehistory.candles.*.volume;quotes.extended.totalVolume;chains.callExpDateMap.*.totalVolume,V3-B universal catch-all (CSV-derived vocabulary),NOT_MARKET_DATA,,,NOT_MARKET_DATA: scoped mechanical classifier tail; production wire reads tracked in governance/SCHWAB_V4_REVIEW_MEMOS cone walk
9ac394d3e9733d4f183b,py,monte_carlo.py,243,0,TEXT_LINE_MARKET_TOKEN,        shock_cfg = SHOCK_CONFIG.get(regime),regime,,streaming.content.*.ASKS;streaming.content.*.ASK_SIZE;streaming.content.*.BIDS,V3-B universal catch-all (CSV-derived vocabulary),NOT_MARKET_DATA,,,NOT_MARKET_DATA: scoped mechanical classifier tail; production wire reads tracked in governance/SCHWAB_V4_REVIEW_MEMOS cone walk
b10b2a84df201163e749,py,monte_carlo.py,250,0,TEXT_LINE_MARKET_TOKEN,"        # 6. Generate paths step-by-step (vectorized across paths, loop over time)",time,chains.callExpDateMap.*.quoteTimeInLong;chains.callExpDateMap.*.timeValue;chains.callExpDateMap.*.tradeTimeInLong;chains.putExpDateMap.*.quoteTimeInLong;chains.putExpDateMap.*.timeValue;chains.putExpDateMap.*.tradeTimeInLong;chains.underlying.quoteTime;chains.underlying.tradeTime;quotes.extended.quoteTime;quotes.extended.tradeTime;quotes.quote.askTime;quotes.quote.bidTime;quotes.quote.quoteTime;quotes.quote.tradeTime;quotes.regular.regularMarketTradeTime;streaming.content.*.ASK_TIME_MILLIS;streaming.content.*.BID_TIME_MILLIS;streaming.content.*.BOOK_TIME;streaming.content.*.CHART_TIME_MILLIS;streaming.content.*.QUOTE_TIME_MILLIS;streaming.content.*.TRADE_TIME_MILLIS,chains.putExpDateMap.*.theta;chains.putExpDateMap.*.rho;chains.callExpDateMap.*.theta,V3-B universal catch-all (CSV-derived vocabulary),NOT_MARKET_DATA,,,NOT_MARKET_DATA: scoped mechanical classifier tail; production wire reads tracked in governance/SCHWAB_V4_REVIEW_MEMOS cone walk
33db9209189787fa9d3f,py,monte_carlo.py,251,0,TEXT_LINE_MARKET_TOKEN,"        prices = np.full((n_paths, horizon_bars + 1), float(spot))",float,instruments.*.fundamental.marketCapFloat;instruments.*.fundamental.shortIntToFloat,chains.putExpDateMap.*.theoreticalVolatility;chains.callExpDateMap.*.theoreticalVolatility;chains.callExpDateMap.*.description,V3-B universal catch-all (CSV-derived vocabulary),NOT_MARKET_DATA,,,NOT_MARKET_DATA: scoped mechanical classifier tail; production wire reads tracked in governance/SCHWAB_V4_REVIEW_MEMOS cone walk
fc72a1ed29a5c34bb4b2,py,monte_carlo.py,252,0,TEXT_LINE_MARKET_TOKEN,        # Initialize per-path sigma from the FIRST bar's forecast,per the bar,instruments.*.fundamental.bookValuePerShare;chains.callExpDateMap.*.inTheMoney;chains.putExpDateMap.*.inTheMoney,chains.putExpDateMap.*.theoreticalVolatility;chains.putExpDateMap.*.askSize;chains.volatility,V3-B universal catch-all (CSV-derived vocabulary),NOT_MARKET_DATA,,,NOT_MARKET_DATA: scoped mechanical classifier tail; production wire reads tracked in governance/SCHWAB_V4_REVIEW_MEMOS cone walk
b05a3b89509db8bf9eca,py,monte_carlo.py,253,0,TEXT_LINE_MARKET_TOKEN,"        sigmas = np.full(n_paths, float(base_sigma_bars[0]))",float,instruments.*.fundamental.marketCapFloat;instruments.*.fundamental.shortIntToFloat,chains.callExpDateMap.*.askSize;chains.putExpDateMap.*.askSize;chains.callExpDateMap.*.gamma,V3-B universal catch-all (CSV-derived vocabulary),NOT_MARKET_DATA,,,NOT_MARKET_DATA: scoped mechanical classifier tail; production wire reads tracked in governance/SCHWAB_V4_REVIEW_MEMOS cone walk
430eb8ca137c140d791d,py,monte_carlo.py,256,0,TEXT_LINE_MARKET_TOKEN,            # 6a. Reset sigma center to GARCH forecast for this bar,bar,,streaming.content.*.ASKS;streaming.content.*.ASK_SIZE;chains.callExpDateMap.*.theta,V3-B universal catch-all (CSV-derived vocabulary),NOT_MARKET_DATA,,,NOT_MARKET_DATA: scoped mechanical classifier tail; production wire reads tracked in governance/SCHWAB_V4_REVIEW_MEMOS cone walk
06028c741959076aba68,py,monte_carlo.py,260,0,TEXT_LINE_MARKET_TOKEN,            sigmas = float(target_sigma) * np.exp(VOL_OF_VOL * vol_shocks * math.sqrt(dt)),float exp,instruments.*.fundamental.marketCapFloat;instruments.*.fundamental.shortIntToFloat;chains.callExpDateMap;chains.callExpDateMap.*;chains.callExpDateMap.*.ask;chains.callExpDateMap.*.askSize;chains.callExpDateMap.*.bid;chains.callExpDateMap.*.bidAskSize;chains.callExpDateMap.*.bidSize;chains.callExpDateMap.*.closePrice;chains.callExpDateMap.*.daysToExpiration;chains.callExpDateMap.*.deliverableNote;chains.callExpDateMap.*.delta;chains.callExpDateMap.*.description;chains.callExpDateMap.*.exchangeName;chains.callExpDateMap.*.exerciseType;chains.callExpDateMap.*.expirationDate;chains.callExpDateMap.*.expirationType;chains.callExpDateMap.*.extrinsicValue;chains.callExpDateMap.*.gamma;chains.callExpDateMap.*.high52Week;chains.callExpDateMap.*.highPrice;chains.callExpDateMap.*.inTheMoney;chains.callExpDateMap.*.intrinsicValue;chains.callExpDateMap.*.last,chains.putExpDateMap.*.theoreticalVolatility;chains.callExpDateMap.*.theoreticalVolatility;chains.volatility,V3-B universal catch-all (CSV-derived vocabulary),NOT_MARKET_DATA,,,NOT_MARKET_DATA: scoped mechanical classifier tail; production wire reads tracked in governance/SCHWAB_V4_REVIEW_MEMOS cone walk
15a1ce4fd0cdfaa03c08,py,monte_carlo.py,280,0,TEXT_LINE_MARKET_TOKEN,"            prices[:, t + 1] = prices[:, t] * np.exp(log_ret)",exp,chains.callExpDateMap;chains.callExpDateMap.*;chains.callExpDateMap.*.ask;chains.callExpDateMap.*.askSize;chains.callExpDateMap.*.bid;chains.callExpDateMap.*.bidAskSize;chains.callExpDateMap.*.bidSize;chains.callExpDateMap.*.closePrice;chains.callExpDateMap.*.daysToExpiration;chains.callExpDateMap.*.deliverableNote;chains.callExpDateMap.*.delta;chains.callExpDateMap.*.description;chains.callExpDateMap.*.exchangeName;chains.callExpDateMap.*.exerciseType;chains.callExpDateMap.*.expirationDate;chains.callExpDateMap.*.expirationType;chains.callExpDateMap.*.extrinsicValue;chains.callExpDateMap.*.gamma;chains.callExpDateMap.*.high52Week;chains.callExpDateMap.*.highPrice;chains.callExpDateMap.*.inTheMoney;chains.callExpDateMap.*.intrinsicValue;chains.callExpDateMap.*.last;chains.callExpDateMap.*.lastSize;chains.callExpDateMap.*.lastTradingDay,chains.putExpDateMap.*.rho;chains.putExpDateMap.*.theta;chains.putExpDateMap.*.delta,V3-B universal catch-all (CSV-derived vocabulary),NOT_MARKET_DATA,,,NOT_MARKET_DATA: scoped mechanical classifier tail; production wire reads tracked in governance/SCHWAB_V4_REVIEW_MEMOS cone walk
af1709154f33ae3c2e08,py,monte_carlo.py,292,0,TEXT_LINE_MARKET_TOKEN,        efe = float(np.mean(max_highs - spot)),float,instruments.*.fundamental.marketCapFloat;instruments.*.fundamental.shortIntToFloat,chains.putExpDateMap.*.theta;chains.putExpDateMap.*.gamma;chains.putExpDateMap.*.rho,V3-B universal catch-all (CSV-derived vocabulary),NOT_MARKET_DATA,,,NOT_MARKET_DATA: scoped mechanical classifier tail; production wire reads tracked in governance/SCHWAB_V4_REVIEW_MEMOS cone walk
33dba37840df08bb761e,py,monte_carlo.py,293,0,TEXT_LINE_MARKET_TOKEN,        eae = float(np.mean(spot - max_lows)),float,instruments.*.fundamental.marketCapFloat;instruments.*.fundamental.shortIntToFloat,chains.callExpDateMap.*.totalVolume;chains.putExpDateMap.*.totalVolume;chains.callExpDateMap.*.theta,V3-B universal catch-all (CSV-derived vocabulary),NOT_MARKET_DATA,,,NOT_MARKET_DATA: scoped mechanical classifier tail; production wire reads tracked in governance/SCHWAB_V4_REVIEW_MEMOS cone walk
c570299d1d34be5a1e7c,py,monte_carlo.py,299,0,TEXT_LINE_MARKET_TOKEN,"            prob_touch_upper = float(np.mean(np.any(paths >= call_gamma_wall, axis=1)))",float,instruments.*.fundamental.marketCapFloat;instruments.*.fundamental.shortIntToFloat,chains.callExpDateMap.*.exchangeName;chains.callExpDateMap.*.theoreticalVolatility;chains.callExpDateMap.*.multiplier,V3-B universal catch-all (CSV-derived vocabulary),NOT_MARKET_DATA,,,NOT_MARKET_DATA: scoped mechanical classifier tail; production wire reads tracked in governance/SCHWAB_V4_REVIEW_MEMOS cone walk
e1d893816aa18b8c01d2,py,monte_carlo.py,301,0,TEXT_LINE_MARKET_TOKEN,"            prob_touch_lower = float(np.mean(np.any(paths <= put_gamma_wall, axis=1)))",float,instruments.*.fundamental.marketCapFloat;instruments.*.fundamental.shortIntToFloat,chains.putExpDateMap.*.theoreticalVolatility;chains.callExpDateMap.*.totalVolume;chains.callExpDateMap.*.theoreticalOptionValue,V3-B universal catch-all (CSV-derived vocabulary),NOT_MARKET_DATA,,,NOT_MARKET_DATA: scoped mechanical classifier tail; production wire reads tracked in governance/SCHWAB_V4_REVIEW_MEMOS cone walk
a7cfccf4b039ac263d1c,py,monte_carlo.py,303,0,TEXT_LINE_MARKET_TOKEN,        # EM exceedance (prob_exceed uses full-session EM),session,market_hours.bond.BON.sessionHours;market_hours.bond.BON.sessionHours.postMarket;market_hours.bond.BON.sessionHours.postMarket.*;market_hours.bond.BON.sessionHours.postMarket.*.end;market_hours.bond.BON.sessionHours.postMarket.*.start;market_hours.bond.BON.sessionHours.preMarket;market_hours.bond.BON.sessionHours.preMarket.*;market_hours.bond.BON.sessionHours.preMarket.*.end;market_hours.bond.BON.sessionHours.preMarket.*.start;market_hours.bond.BON.sessionHours.regularMarket;market_hours.bond.BON.sessionHours.regularMarket.*;market_hours.bond.BON.sessionHours.regularMarket.*.end;market_hours.bond.BON.sessionHours.regularMarket.*.start;market_hours.equity.EQ.sessionHours;market_hours.equity.EQ.sessionHours.postMarket;market_hours.equity.EQ.sessionHours.postMarket.*;market_hours.equity.EQ.sessionHours.postMarket.*.end;market_hours.equity.EQ.sessionHours.postMarket.*.start;market_hours.equity.EQ.sessionHours.preMarket;market_hours.equity.EQ.sessionHours.preMarket.*;market_hours.equity.EQ.sessionHours.preMarket.*.end;market_hours.equity.EQ.sessionHours.preMarket.*.start;market_hours.equity.EQ.sessionHours.regularMarket;market_hours.equity.EQ.sessionHours.regularMarket.*;market_hours.equity.EQ.sessionHours.regularMarket.*.end,chains.putExpDateMap.*.high52Week;chains.putExpDateMap.*.low52Week;quotes.quote.52WeekHigh,V3-B universal catch-all (CSV-derived vocabulary),NOT_MARKET_DATA,,,NOT_MARKET_DATA: scoped mechanical classifier tail; production wire reads tracked in governance/SCHWAB_V4_REVIEW_MEMOS cone walk
5880cd13aefe37554da8,py,monte_carlo.py,308,0,TEXT_LINE_MARKET_TOKEN,            prob_exceed_up   = float(np.mean(exceed_up)),float,instruments.*.fundamental.marketCapFloat;instruments.*.fundamental.shortIntToFloat,chains.putExpDateMap.*.high52Week;chains.putExpDateMap.*.bidSize;chains.putExpDateMap.*.delta,V3-B universal catch-all (CSV-derived vocabulary),NOT_MARKET_DATA,,,NOT_MARKET_DATA: scoped mechanical classifier tail; production wire reads tracked in governance/SCHWAB_V4_REVIEW_MEMOS cone walk
8730b7c02b3290a6f90e,py,monte_carlo.py,309,0,TEXT_LINE_MARKET_TOKEN,            prob_exceed_down = float(np.mean(exceed_down)),float,instruments.*.fundamental.marketCapFloat;instruments.*.fundamental.shortIntToFloat,quotes.extended.bidSize;quotes.extended.askSize;chains.putExpDateMap.*.bidSize,V3-B universal catch-all (CSV-derived vocabulary),NOT_MARKET_DATA,,,NOT_MARKET_DATA: scoped mechanical classifier tail; production wire reads tracked in governance/SCHWAB_V4_REVIEW_MEMOS cone walk
5c487c8f688dd59fe966,py,monte_carlo.py,320,0,TEXT_LINE_MARKET_TOKEN,                containment = float(np.mean(~(exceed_up_mc | exceed_down_mc))),float,instruments.*.fundamental.marketCapFloat;instruments.*.fundamental.shortIntToFloat,chains.putExpDateMap.*.exchangeName;chains.callExpDateMap.*.exchangeName;chains.callExpDateMap.*.exerciseType,V3-B universal catch-all (CSV-derived vocabulary),NOT_MARKET_DATA,,,NOT_MARKET_DATA: scoped mechanical classifier tail; production wire reads tracked in governance/SCHWAB_V4_REVIEW_MEMOS cone walk
f695bb1b3531a377ee15,py,monte_carlo.py,333,0,TEXT_LINE_MARKET_TOKEN,        dispersion = float(np.std(terminals)),float,instruments.*.fundamental.marketCapFloat;instruments.*.fundamental.shortIntToFloat,chains.putExpDateMap.*.theoreticalVolatility;chains.putExpDateMap.*.optionDeliverablesList.*.deliverableUnits;chains.putExpDateMap.*.optionDeliverablesList,V3-B universal catch-all (CSV-derived vocabulary),NOT_MARKET_DATA,,,NOT_MARKET_DATA: scoped mechanical classifier tail; production wire reads tracked in governance/SCHWAB_V4_REVIEW_MEMOS cone walk
de03467e3771f21aaaba,py,monte_carlo.py,334,0,TEXT_LINE_MARKET_TOKEN,        mean_t = float(np.mean(terminals)),float,instruments.*.fundamental.marketCapFloat;instruments.*.fundamental.shortIntToFloat,chains.callExpDateMap.*.tradeTimeInLong;chains.callExpDateMap.*.theta;chains.callExpDateMap.*.volatility,V3-B universal catch-all (CSV-derived vocabulary),NOT_MARKET_DATA,,,NOT_MARKET_DATA: scoped mechanical classifier tail; production wire reads tracked in governance/SCHWAB_V4_REVIEW_MEMOS cone walk
30f4461047cf305134f8,py,monte_carlo.py,335,0,TEXT_LINE_MARKET_TOKEN,        std_t = float(dispersion) if dispersion > 1e-12 else 1e-12,float,instruments.*.fundamental.marketCapFloat;instruments.*.fundamental.shortIntToFloat,quotes.quote.askSize;quotes.quote.bidSize;quotes.extended.askSize,V3-B universal catch-all (CSV-derived vocabulary),NOT_MARKET_DATA,,,NOT_MARKET_DATA: scoped mechanical classifier tail; production wire reads tracked in governance/SCHWAB_V4_REVIEW_MEMOS cone walk
d62887aa889c0d4cfbbf,py,monte_carlo.py,336,0,TEXT_LINE_MARKET_TOKEN,        skew = float(np.mean(((terminals - mean_t) / std_t) ** 3)),float,instruments.*.fundamental.marketCapFloat;instruments.*.fundamental.shortIntToFloat,chains.putExpDateMap.*.theta;chains.callExpDateMap.*.theta;chains.putExpDateMap.*.theoreticalVolatility,V3-B universal catch-all (CSV-derived vocabulary),NOT_MARKET_DATA,,,NOT_MARKET_DATA: scoped mechanical classifier tail; production wire reads tracked in governance/SCHWAB_V4_REVIEW_MEMOS cone walk
30edd20ddbb03f0f5f84,py,monte_carlo.py,337,0,TEXT_LINE_MARKET_TOKEN,        expected_move = float(np.mean(np.abs(terminals - float(spot)))),float,instruments.*.fundamental.marketCapFloat;instruments.*.fundamental.shortIntToFloat,chains.putExpDateMap.*.theoreticalVolatility;chains.putExpDateMap.*.volatility;chains.putExpDateMap.*.theta,V3-B universal catch-all (CSV-derived vocabulary),NOT_MARKET_DATA,,,NOT_MARKET_DATA: scoped mechanical classifier tail; production wire reads tracked in governance/SCHWAB_V4_REVIEW_MEMOS cone walk
4f392c1d7d9cfc22d151,py,monte_carlo.py,338,0,TEXT_LINE_MARKET_TOKEN,        volatility = dispersion,volatility,chains.callExpDateMap.*.theoreticalVolatility;chains.callExpDateMap.*.volatility;chains.putExpDateMap.*.theoreticalVolatility;chains.putExpDateMap.*.volatility;chains.volatility,chains.volatility;chains.putExpDateMap.*.theoreticalVolatility;chains.callExpDateMap.*.theoreticalVolatility,V3-B universal catch-all (CSV-derived vocabulary),NOT_MARKET_DATA,,,NOT_MARKET_DATA: scoped mechanical classifier tail; production wire reads tracked in governance/SCHWAB_V4_REVIEW_MEMOS cone walk
06caf6a59fc47a865137,py,monte_carlo.py,340,0,TEXT_LINE_MARKET_TOKEN,"            tail_risk = float(max(prob_exceed_up, prob_exceed_down))",float,instruments.*.fundamental.marketCapFloat;instruments.*.fundamental.shortIntToFloat,chains.callExpDateMap.*.bidSize;chains.putExpDateMap.*.bidSize;chains.callExpDateMap.*.askSize,V3-B universal catch-all (CSV-derived vocabulary),NOT_MARKET_DATA,,,NOT_MARKET_DATA: scoped mechanical classifier tail; production wire reads tracked in governance/SCHWAB_V4_REVIEW_MEMOS cone walk
bad5c2441935c96fb238,py,monte_carlo.py,343,0,TEXT_LINE_MARKET_TOKEN,            tail_risk = float(max(_tail_parts)) if _tail_parts else None,float,instruments.*.fundamental.marketCapFloat;instruments.*.fundamental.shortIntToFloat,chains.putExpDateMap.*.theoreticalVolatility;chains.callExpDateMap.*.theoreticalVolatility;chains.callExpDateMap.*.volatility,V3-B universal catch-all (CSV-derived vocabulary),NOT_MARKET_DATA,,,NOT_MARKET_DATA: scoped mechanical classifier tail; production wire reads tracked in governance/SCHWAB_V4_REVIEW_MEMOS cone walk
54042aa277550fcb2329,py,monte_carlo.py,345,0,TEXT_LINE_MARKET_TOKEN,"            p95 = float(np.percentile(terminals, 95))",float,instruments.*.fundamental.marketCapFloat;instruments.*.fundamental.shortIntToFloat,chains.putExpDateMap.*.theoreticalVolatility;chains.putExpDateMap.*.volatility;chains.callExpDateMap.*.volatility,V3-B universal catch-all (CSV-derived vocabulary),NOT_MARKET_DATA,,,NOT_MARKET_DATA: scoped mechanical classifier tail; production wire reads tracked in governance/SCHWAB_V4_REVIEW_MEMOS cone walk
7d50c52fd01f5ff6a5b7,py,monte_carlo.py,346,0,TEXT_LINE_MARKET_TOKEN,"            p5 = float(np.percentile(terminals, 5))",float,instruments.*.fundamental.marketCapFloat;instruments.*.fundamental.shortIntToFloat,chains.putExpDateMap.*.theoreticalVolatility;chains.putExpDateMap.*.volatility;chains.callExpDateMap.*.theoreticalVolatility,V3-B universal catch-all (CSV-derived vocabulary),NOT_MARKET_DATA,,,NOT_MARKET_DATA: scoped mechanical classifier tail; production wire reads tracked in governance/SCHWAB_V4_REVIEW_MEMOS cone walk
51463080bcab8e6ebd68,py,monte_carlo.py,347,0,TEXT_LINE_MARKET_TOKEN,            span = (p95 - p5) / float(spot) if spot > 0 else 0.0,float,instruments.*.fundamental.marketCapFloat;instruments.*.fundamental.shortIntToFloat,chains.putExpDateMap.*.totalVolume;chains.putExpDateMap.*.description;chains.putExpDateMap.*.openInterest,V3-B universal catch-all (CSV-derived vocabulary),NOT_MARKET_DATA,,,NOT_MARKET_DATA: scoped mechanical classifier tail; production wire reads tracked in governance/SCHWAB_V4_REVIEW_MEMOS cone walk
28857726b593a983495c,py,monte_carlo.py,348,0,TEXT_LINE_MARKET_TOKEN,"            tail_risk = float(min(1.0, max(0.0, span / 0.12)))",float,instruments.*.fundamental.marketCapFloat;instruments.*.fundamental.shortIntToFloat,chains.callExpDateMap.*.multiplier;chains.callExpDateMap.*.description;chains.putExpDateMap.*.multiplier,V3-B universal catch-all (CSV-derived vocabulary),NOT_MARKET_DATA,,,NOT_MARKET_DATA: scoped mechanical classifier tail; production wire reads tracked in governance/SCHWAB_V4_REVIEW_MEMOS cone walk
055f2df435a26d66c97d,py,monte_carlo.py,349,0,TEXT_LINE_MARKET_TOKEN,"        dir_bias = float(np.clip((float(median) - float(spot)) / float(spot), -0.05, 0.05)) if spot > 0 else 0.0",float,instruments.*.fundamental.marketCapFloat;instruments.*.fundamental.shortIntToFloat,chains.putExpDateMap.*.theoreticalVolatility;chains.callExpDateMap.*.theoreticalVolatility;chains.putExpDateMap.*.description,V3-B universal catch-all (CSV-derived vocabulary),NOT_MARKET_DATA,,,NOT_MARKET_DATA: scoped mechanical classifier tail; production wire reads tracked in governance/SCHWAB_V4_REVIEW_MEMOS cone walk
424306b64fe4b79a53a1,py,monte_carlo.py,351,0,TEXT_LINE_MARKET_TOKEN,        return MonteCarloOutput(,return,instruments.*.fundamental.returnOnAssets;instruments.*.fundamental.returnOnEquity;instruments.*.fundamental.returnOnInvestment,quotes.quote.totalVolume;chains.putExpDateMap.*.totalVolume;market_hours.future.RTY.isOpen,V3-B universal catch-all (CSV-derived vocabulary),NOT_MARKET_DATA,,,NOT_MARKET_DATA: scoped mechanical classifier tail; production wire reads tracked in governance/SCHWAB_V4_REVIEW_MEMOS cone walk
ea51ccdc19203aa89b73,py,monte_carlo.py,367,0,TEXT_LINE_MARKET_TOKEN,"            volatility=round(volatility, 6),",volatility,chains.callExpDateMap.*.theoreticalVolatility;chains.callExpDateMap.*.volatility;chains.putExpDateMap.*.theoreticalVolatility;chains.putExpDateMap.*.volatility;chains.volatility,chains.callExpDateMap.*.theoreticalVolatility;chains.volatility;chains.putExpDateMap.*.theoreticalVolatility,V3-B universal catch-all (CSV-derived vocabulary),NOT_MARKET_DATA,,,NOT_MARKET_DATA: scoped mechanical classifier tail; production wire reads tracked in governance/SCHWAB_V4_REVIEW_MEMOS cone walk
4c9b3e6a530f6f0c9b84,py,monte_carlo.py,374,0,TEXT_LINE_MARKET_TOKEN,"                ""regime"": regime,",regime,,quotes.quote.52WeekHigh;chains.putExpDateMap.*.high52Week;chains.callExpDateMap.*.high52Week,V3-B universal catch-all (CSV-derived vocabulary),NOT_MARKET_DATA,,,NOT_MARKET_DATA: scoped mechanical classifier tail; production wire reads tracked in governance/SCHWAB_V4_REVIEW_MEMOS cone walk
7055bb26a4927a9ec694,py,monte_carlo.py,388,0,TEXT_LINE_MARKET_TOKEN,"        return _fallback(f""simulation error: {e}"")",return,instruments.*.fundamental.returnOnAssets;instruments.*.fundamental.returnOnEquity;instruments.*.fundamental.returnOnInvestment,quotes.regular.regularMarketLastSize;quotes.quote.askSize;chains.callExpDateMap.*.bidSize,V3-B universal catch-all (CSV-derived vocabulary),NOT_MARKET_DATA,,,NOT_MARKET_DATA: scoped mechanical classifier tail; production wire reads tracked in governance/SCHWAB_V4_REVIEW_MEMOS cone walk
348bc2cc5798f78ab19b,py,monte_carlo.py,392,0,TEXT_LINE_MARKET_TOKEN,"    """"""Return safe fallback when simulation can't run.""""""",return,instruments.*.fundamental.returnOnAssets;instruments.*.fundamental.returnOnEquity;instruments.*.fundamental.returnOnInvestment,pricehistory.candles;pricehistory.candles.*;pricehistory.candles.*.low,V3-B universal catch-all (CSV-derived vocabulary),NOT_MARKET_DATA,,,NOT_MARKET_DATA: scoped mechanical classifier tail; production wire reads tracked in governance/SCHWAB_V4_REVIEW_MEMOS cone walk
9e274b90742ef832ea6b,py,monte_carlo.py,394,0,TEXT_LINE_MARKET_TOKEN,"    return MonteCarloOutput(available=False, fallback_used=True, model_version=f""fallback ({reason})"")",return,instruments.*.fundamental.returnOnAssets;instruments.*.fundamental.returnOnEquity;instruments.*.fundamental.returnOnInvestment,chains.callExpDateMap.*.totalVolume;chains.callExpDateMap.*.theoreticalVolatility;chains.putExpDateMap.*.theoreticalVolatility,V3-B universal catch-all (CSV-derived vocabulary),NOT_MARKET_DATA,,,NOT_MARKET_DATA: scoped mechanical classifier tail; production wire reads tracked in governance/SCHWAB_V4_REVIEW_MEMOS cone walk
d37b57faa4be1dff32e1,py,monte_carlo.py,400,0,TEXT_LINE_MARKET_TOKEN,"        (""PINNING"", {""regime"": ""pinning"", ""regime_confidence"": ""high""}),",regime high,chains.callExpDateMap.*.highPrice;chains.putExpDateMap.*.highPrice;chains.underlying.fiftyTwoWeekHigh;chains.underlying.highPrice;pricehistory.candles.*.high;quotes.quote.52WeekHigh;quotes.quote.highPrice;streaming.content.*.HIGH_PRICE;streaming.content.*.HIGH_PRICE_52_WEEK,chains.underlying.bidSize;chains.underlying.highPrice;streaming.content.*.BIDS.*.BIDS.*.BID_VOLUME,V3-B universal catch-all (CSV-derived vocabulary),NOT_MARKET_DATA,,,NOT_MARKET_DATA: scoped mechanical classifier tail; production wire reads tracked in governance/SCHWAB_V4_REVIEW_MEMOS cone walk
aecbe4ac7c321dc3408a,py,monte_carlo.py,401,0,TEXT_LINE_MARKET_TOKEN,"        (""BREAKOUT"", {""regime"": ""breakout"", ""regime_confidence"": ""high""}),",regime high,chains.callExpDateMap.*.highPrice;chains.putExpDateMap.*.highPrice;chains.underlying.fiftyTwoWeekHigh;chains.underlying.highPrice;pricehistory.candles.*.high;quotes.quote.52WeekHigh;quotes.quote.highPrice;streaming.content.*.HIGH_PRICE;streaming.content.*.HIGH_PRICE_52_WEEK,quotes.quote.bidSize;quotes.extended.bidSize;chains.callExpDateMap.*.bidSize,V3-B universal catch-all (CSV-derived vocabulary),NOT_MARKET_DATA,,,NOT_MARKET_DATA: scoped mechanical classifier tail; production wire reads tracked in governance/SCHWAB_V4_REVIEW_MEMOS cone walk
dc436854e7520750666f,py,monte_carlo.py,402,0,TEXT_LINE_MARKET_TOKEN,"        (""BASELINE"", {""regime"": ""unknown""}),",regime unknown,,streaming.content.*.BIDS.*.BIDS.*.BID_VOLUME;chains.underlying.bidSize;chains.callExpDateMap.*.optionDeliverablesList.*.deliverableUnits,V3-B universal catch-all (CSV-derived vocabulary),NOT_MARKET_DATA,,,NOT_MARKET_DATA: scoped mechanical classifier tail; production wire reads tracked in governance/SCHWAB_V4_REVIEW_MEMOS cone walk
dccd2848f581e9fd7cc6,py,monte_carlo.py,403,0,TEXT_LINE_MARKET_TOKEN,"        (""BREAKOUT+MODEL UP"", {""regime"": ""breakout"", ""regime_confidence"": ""high"",",model regime high,chains.callExpDateMap.*.highPrice;chains.putExpDateMap.*.highPrice;chains.underlying.fiftyTwoWeekHigh;chains.underlying.highPrice;pricehistory.candles.*.high;quotes.quote.52WeekHigh;quotes.quote.highPrice;streaming.content.*.HIGH_PRICE;streaming.content.*.HIGH_PRICE_52_WEEK,quotes.quote.bidSize;quotes.extended.bidSize;chains.callExpDateMap.*.bidSize,V3-B universal catch-all (CSV-derived vocabulary),NOT_MARKET_DATA,,,NOT_MARKET_DATA: scoped mechanical classifier tail; production wire reads tracked in governance/SCHWAB_V4_REVIEW_MEMOS cone walk
2ff7e92b0e9c4bd9662d,py,monte_carlo.py,404,0,TEXT_LINE_MARKET_TOKEN,"            ""model_prob_up"": 0.65, ""model_prob_down"": 0.15, ""model_confidence"": ""high""}),",high,chains.callExpDateMap.*.highPrice;chains.putExpDateMap.*.highPrice;chains.underlying.fiftyTwoWeekHigh;chains.underlying.highPrice;pricehistory.candles.*.high;quotes.quote.52WeekHigh;quotes.quote.highPrice;streaming.content.*.HIGH_PRICE;streaming.content.*.HIGH_PRICE_52_WEEK,quotes.quote.bidSize;pricehistory.candles.*.volume;chains.underlying.totalVolume,V3-B universal catch-all (CSV-derived vocabulary),NOT_MARKET_DATA,,,NOT_MARKET_DATA: scoped mechanical classifier tail; production wire reads tracked in governance/SCHWAB_V4_REVIEW_MEMOS cone walk
4caf72e158adf877d15a,py,monte_carlo.py,415,0,TEXT_LINE_MARKET_TOKEN,"    r_pin = simulate(spot=570.0, iv=0.18, regime=""pinning"", regime_confidence=""high"",",regime high,chains.callExpDateMap.*.highPrice;chains.putExpDateMap.*.highPrice;chains.underlying.fiftyTwoWeekHigh;chains.underlying.highPrice;pricehistory.candles.*.high;quotes.quote.52WeekHigh;quotes.quote.highPrice;streaming.content.*.HIGH_PRICE;streaming.content.*.HIGH_PRICE_52_WEEK,chains.putExpDateMap.*.optionDeliverablesList.*.deliverableUnits;chains.callExpDateMap.*.optionDeliverablesList.*.deliverableUnits;chains.putExpDateMap.*.bidSize,V3-B universal catch-all (CSV-derived vocabulary),NOT_MARKET_DATA,,,NOT_MARKET_DATA: scoped mechanical classifier tail; production wire reads tracked in governance/SCHWAB_V4_REVIEW_MEMOS cone walk
581ac3a56cf6f4309201,py,monte_carlo.py,419,0,TEXT_LINE_MARKET_TOKEN,"    r_brk = simulate(spot=570.0, iv=0.18, regime=""breakout"", regime_confidence=""high"",",regime high,chains.callExpDateMap.*.highPrice;chains.putExpDateMap.*.highPrice;chains.underlying.fiftyTwoWeekHigh;chains.underlying.highPrice;pricehistory.candles.*.high;quotes.quote.52WeekHigh;quotes.quote.highPrice;streaming.content.*.HIGH_PRICE;streaming.content.*.HIGH_PRICE_52_WEEK,chains.putExpDateMap.*.bidSize;chains.callExpDateMap.*.bidSize;chains.putExpDateMap.*.rho,V3-B universal catch-all (CSV-derived vocabulary),NOT_MARKET_DATA,,,NOT_MARKET_DATA: scoped mechanical classifier tail; production wire reads tracked in governance/SCHWAB_V4_REVIEW_MEMOS cone walk
1a0754b3002eb81a2094,py,monte_carlo.py,425,0,TEXT_LINE_MARKET_TOKEN,"    print(""\n  ✅ Regime differences verified. PASS"")",regime,,quotes.extended.bidSize;chains.putExpDateMap.*.bidSize;quotes.extended.askSize,V3-B universal catch-all (CSV-derived vocabulary),NOT_MARKET_DATA,,,NOT_MARKET_DATA: scoped mechanical classifier tail; production wire reads tracked in governance/SCHWAB_V4_REVIEW_MEMOS cone walk
8370b86d31707ac66c07,python,monte_carlo.py,32,0,MAGIC_NUMERIC_DEFAULT,BAR_MINUTES = 5,BAR_MINUTES,,streaming.content.*.REGULAR_MARKET_TRADE_MILLIS;streaming.content.*.REGULAR_MARKET_LAST_SIZE;streaming.content.*.REGULAR_MARKET_LAST_PRICE,V3 G1 imputation (name intersects CSV vocabulary),NOT_MARKET_DATA,,,NOT_MARKET_DATA: scoped mechanical classifier tail; production wire reads tracked in governance/SCHWAB_V4_REVIEW_MEMOS cone walk
ccdb22748be6b2b42ea3,python,monte_carlo.py,36,20,REGISTRY_DISPATCH,string-keyed dict len=9,pinning mean_reversion vol_compression trend_continuation breakout acceleration vol_expansion reversal_prone unknown,,chains.callExpDateMap.*.openInterest;streaming.content.*.ASKS;chains.putExpDateMap.*.openInterest,V3 G2 registry sweep,NOT_MARKET_DATA,,,NOT_MARKET_DATA: scoped mechanical classifier tail; production wire reads tracked in governance/SCHWAB_V4_REVIEW_MEMOS cone walk
0b4b6825e35967e8af13,python,monte_carlo.py,39,51,DICT_LITERAL_MARKET_KEY,dict key 'unknown',unknown,,quotes.;market_hours.bond.BON;market_hours.bond,V3 G1 Python,NOT_MARKET_DATA,,,NOT_MARKET_DATA: scoped mechanical classifier tail; production wire reads tracked in governance/SCHWAB_V4_REVIEW_MEMOS cone walk
2592d90d1054a9682e00,python,monte_carlo.py,43,20,REGISTRY_DISPATCH,string-keyed dict len=9,pinning mean_reversion vol_compression trend_continuation breakout acceleration vol_expansion reversal_prone unknown,,chains.callExpDateMap.*.openInterest;streaming.content.*.ASKS;chains.putExpDateMap.*.openInterest,V3 G2 registry sweep,NOT_MARKET_DATA,,,NOT_MARKET_DATA: scoped mechanical classifier tail; production wire reads tracked in governance/SCHWAB_V4_REVIEW_MEMOS cone walk
5e757e77d75ba43c7e89,python,monte_carlo.py,46,51,DICT_LITERAL_MARKET_KEY,dict key 'unknown',unknown,,quotes.;market_hours.bond.BON;market_hours.bond,V3 G1 Python,NOT_MARKET_DATA,,,NOT_MARKET_DATA: scoped mechanical classifier tail; production wire reads tracked in governance/SCHWAB_V4_REVIEW_MEMOS cone walk
1c9057ccc8630c78002d,python,monte_carlo.py,50,15,REGISTRY_DISPATCH,string-keyed dict len=4,breakout acceleration vol_expansion reversal_prone,,chains.callExpDateMap.*.totalVolume;movers.screeners.*.totalVolume;chains.putExpDateMap.*.totalVolume,V3 G2 registry sweep,NOT_MARKET_DATA,,,NOT_MARKET_DATA: scoped mechanical classifier tail; production wire reads tracked in governance/SCHWAB_V4_REVIEW_MEMOS cone walk
e6a7dd40ddec479ec214,python,monte_carlo.py,58,1,DECORATOR_SITE,decorator on class MonteCarloOutput,class,,chains.callExpDateMap.*.askSize;chains.callExpDateMap.*.delta;chains.callExpDateMap.*.gamma,V3 G2 decorator sweep,NOT_MARKET_DATA,,,mechanical pattern_kind DECORATOR_SITE
aa9704aee06a9aa05d97,python,monte_carlo.py,93,23,BINOP_MARKET_IDENT,BinOp with CSV-vocabulary identifiers,float,instruments.*.fundamental.marketCapFloat;instruments.*.fundamental.shortIntToFloat,chains.callExpDateMap.*.theoreticalVolatility;chains.callExpDateMap.*.totalVolume;chains.putExpDateMap.*.theoreticalVolatility,V3 G1 Python,NOT_MARKET_DATA,,,NOT_MARKET_DATA: scoped mechanical classifier tail; production wire reads tracked in governance/SCHWAB_V4_REVIEW_MEMOS cone walk
4e06bf741051999f373a,python,monte_carlo.py,96,27,ATTRIBUTE_MARKET,attr .volatility,volatility,chains.callExpDateMap.*.theoreticalVolatility;chains.callExpDateMap.*.volatility;chains.putExpDateMap.*.theoreticalVolatility;chains.putExpDateMap.*.volatility;chains.volatility,chains.callExpDateMap.*.theoreticalVolatility;chains.volatility;chains.putExpDateMap.*.theoreticalVolatility,V3 G1 Python,NOT_MARKET_DATA,,,NOT_MARKET_DATA: scoped mechanical classifier tail; production wire reads tracked in governance/SCHWAB_V4_REVIEW_MEMOS cone walk
0b3f6289ae4a40a9a5cd,python,monte_carlo.py,91,43,BINOP_MARKET_IDENT,BinOp with CSV-vocabulary identifiers,float,instruments.*.fundamental.marketCapFloat;instruments.*.fundamental.shortIntToFloat,chains.callExpDateMap.*.theoreticalVolatility;chains.callExpDateMap.*.totalVolume;chains.putExpDateMap.*.theoreticalVolatility,V3 G1 Python,NOT_MARKET_DATA,,,NOT_MARKET_DATA: scoped mechanical classifier tail; production wire reads tracked in governance/SCHWAB_V4_REVIEW_MEMOS cone walk
385dc0e46e9eade94f1b,python,monte_carlo.py,138,20,BINOP_MARKET_IDENT,BinOp with CSV-vocabulary identifiers,net,chains.callExpDateMap.*.netChange;chains.putExpDateMap.*.netChange;instruments.*.fundamental.netProfitMarginMRQ;instruments.*.fundamental.netProfitMarginTTM;movers.screeners.*.netChange;movers.screeners.*.netPercentChange;quotes.quote.netChange;quotes.quote.netPercentChange;quotes.regular.regularMarketNetChange;streaming.content.*.NET_CHANGE;streaming.content.*.NET_CHANGE_PERCENT;streaming.content.*.POST_MARKET_NET_CHANGE;streaming.content.*.POST_MARKET_NET_CHANGE_PERCENT;streaming.content.*.REGULAR_MARKET_NET_CHANGE,quotes.extended.tradeTime;quotes.extended.quoteTime;streaming.content.*.NET_CHANGE_PERCENT,V3 G1 Python,NOT_MARKET_DATA,,,NOT_MARKET_DATA: scoped mechanical classifier tail; production wire reads tracked in governance/SCHWAB_V4_REVIEW_MEMOS cone walk
385dc0e46e9eade94f1b,python,monte_carlo.py,138,20,BINOP_MARKET_IDENT,BinOp with CSV-vocabulary identifiers,net,chains.callExpDateMap.*.netChange;chains.putExpDateMap.*.netChange;instruments.*.fundamental.netProfitMarginMRQ;instruments.*.fundamental.netProfitMarginTTM;movers.screeners.*.netChange;movers.screeners.*.netPercentChange;quotes.quote.netChange;quotes.quote.netPercentChange;quotes.regular.regularMarketNetChange;streaming.content.*.NET_CHANGE;streaming.content.*.NET_CHANGE_PERCENT;streaming.content.*.POST_MARKET_NET_CHANGE;streaming.content.*.POST_MARKET_NET_CHANGE_PERCENT;streaming.content.*.REGULAR_MARKET_NET_CHANGE,quotes.extended.tradeTime;quotes.extended.quoteTime;streaming.content.*.NET_CHANGE_PERCENT,V3 G1 Python,NOT_MARKET_DATA,,,NOT_MARKET_DATA: scoped mechanical classifier tail; production wire reads tracked in governance/SCHWAB_V4_REVIEW_MEMOS cone walk
b2657606c8c27da787d4,python,monte_carlo.py,140,18,DICT_LITERAL_MARKET_KEY,dict key 'high',high,chains.callExpDateMap.*.highPrice;chains.putExpDateMap.*.highPrice;chains.underlying.fiftyTwoWeekHigh;chains.underlying.highPrice;pricehistory.candles.*.high;quotes.quote.52WeekHigh;quotes.quote.highPrice;streaming.content.*.HIGH_PRICE;streaming.content.*.HIGH_PRICE_52_WEEK,chains.underlying.highPrice;pricehistory.candles.*.high;chains.putExpDateMap.*.highPrice,V3 G1 Python,NOT_MARKET_DATA,,,NOT_MARKET_DATA: scoped mechanical classifier tail; production wire reads tracked in governance/SCHWAB_V4_REVIEW_MEMOS cone walk
fcaf3f7c849f40f835a0,python,monte_carlo.py,140,47,DICT_LITERAL_MARKET_KEY,dict key 'low',low,chains.callExpDateMap.*.lowPrice;chains.putExpDateMap.*.lowPrice;chains.underlying.fiftyTwoWeekLow;chains.underlying.lowPrice;pricehistory.candles.*.low;quotes.quote.52WeekLow;quotes.quote.lowPrice;streaming.content.*.LOW_PRICE;streaming.content.*.LOW_PRICE_52_WEEK,quotes.quote.totalVolume;chains.callExpDateMap.*.totalVolume;chains.underlying.totalVolume,V3 G1 Python,NOT_MARKET_DATA,,,NOT_MARKET_DATA: scoped mechanical classifier tail; production wire reads tracked in governance/SCHWAB_V4_REVIEW_MEMOS cone walk
74446d8b5ae4daab6f87,python,monte_carlo.py,246,8,MAGIC_NUMERIC_DEFAULT,shock_size = 0.0,shock_size,,quotes.quote.askSize;quotes.extended.askSize;quotes.quote.bidSize,V3 G1 imputation (name intersects CSV vocabulary),NOT_MARKET_DATA,,,NOT_MARKET_DATA: scoped mechanical classifier tail; production wire reads tracked in governance/SCHWAB_V4_REVIEW_MEMOS cone walk
71156bda56f1c2dcf7c3,python,monte_carlo.py,260,21,BINOP_MARKET_IDENT,BinOp with CSV-vocabulary identifiers,exp float,chains.callExpDateMap;chains.callExpDateMap.*;chains.callExpDateMap.*.ask;chains.callExpDateMap.*.askSize;chains.callExpDateMap.*.bid;chains.callExpDateMap.*.bidAskSize;chains.callExpDateMap.*.bidSize;chains.callExpDateMap.*.closePrice;chains.callExpDateMap.*.daysToExpiration;chains.callExpDateMap.*.deliverableNote;chains.callExpDateMap.*.delta;chains.callExpDateMap.*.description;chains.callExpDateMap.*.exchangeName;chains.callExpDateMap.*.exerciseType;chains.callExpDateMap.*.expirationDate;chains.callExpDateMap.*.expirationType;chains.callExpDateMap.*.extrinsicValue;chains.callExpDateMap.*.gamma;chains.callExpDateMap.*.high52Week;chains.callExpDateMap.*.highPrice;chains.callExpDateMap.*.inTheMoney;chains.callExpDateMap.*.intrinsicValue;chains.callExpDateMap.*.last;chains.callExpDateMap.*.lastSize;chains.callExpDateMap.*.lastTradingDay,chains.callExpDateMap.*.totalVolume;chains.putExpDateMap.*.totalVolume;quotes.extended.totalVolume,V3 G1 Python,NOT_MARKET_DATA,,,NOT_MARKET_DATA: scoped mechanical classifier tail; production wire reads tracked in governance/SCHWAB_V4_REVIEW_MEMOS cone walk
aa70ccb81055f0cfe84a,python,monte_carlo.py,260,43,ATTRIBUTE_MARKET,attr .exp,exp,chains.callExpDateMap;chains.callExpDateMap.*;chains.callExpDateMap.*.ask;chains.callExpDateMap.*.askSize;chains.callExpDateMap.*.bid;chains.callExpDateMap.*.bidAskSize;chains.callExpDateMap.*.bidSize;chains.callExpDateMap.*.closePrice;chains.callExpDateMap.*.daysToExpiration;chains.callExpDateMap.*.deliverableNote;chains.callExpDateMap.*.delta;chains.callExpDateMap.*.description;chains.callExpDateMap.*.exchangeName;chains.callExpDateMap.*.exerciseType;chains.callExpDateMap.*.expirationDate;chains.callExpDateMap.*.expirationType;chains.callExpDateMap.*.extrinsicValue;chains.callExpDateMap.*.gamma;chains.callExpDateMap.*.high52Week;chains.callExpDateMap.*.highPrice;chains.callExpDateMap.*.inTheMoney;chains.callExpDateMap.*.intrinsicValue;chains.callExpDateMap.*.last;chains.callExpDateMap.*.lastSize;chains.callExpDateMap.*.lastTradingDay,chains.putExpDateMap.*.high52Week;chains.putExpDateMap.*.low52Week;chains.callExpDateMap.*.high52Week,V3 G1 Python,NOT_MARKET_DATA,,,NOT_MARKET_DATA: scoped mechanical classifier tail; production wire reads tracked in governance/SCHWAB_V4_REVIEW_MEMOS cone walk
90b205182ff850022060,python,monte_carlo.py,280,31,BINOP_MARKET_IDENT,BinOp with CSV-vocabulary identifiers,exp,chains.callExpDateMap;chains.callExpDateMap.*;chains.callExpDateMap.*.ask;chains.callExpDateMap.*.askSize;chains.callExpDateMap.*.bid;chains.callExpDateMap.*.bidAskSize;chains.callExpDateMap.*.bidSize;chains.callExpDateMap.*.closePrice;chains.callExpDateMap.*.daysToExpiration;chains.callExpDateMap.*.deliverableNote;chains.callExpDateMap.*.delta;chains.callExpDateMap.*.description;chains.callExpDateMap.*.exchangeName;chains.callExpDateMap.*.exerciseType;chains.callExpDateMap.*.expirationDate;chains.callExpDateMap.*.expirationType;chains.callExpDateMap.*.extrinsicValue;chains.callExpDateMap.*.gamma;chains.callExpDateMap.*.high52Week;chains.callExpDateMap.*.highPrice;chains.callExpDateMap.*.inTheMoney;chains.callExpDateMap.*.intrinsicValue;chains.callExpDateMap.*.last;chains.callExpDateMap.*.lastSize;chains.callExpDateMap.*.lastTradingDay,chains.putExpDateMap.*.high52Week;chains.putExpDateMap.*.low52Week;chains.callExpDateMap.*.high52Week,V3 G1 Python,NOT_MARKET_DATA,,,NOT_MARKET_DATA: scoped mechanical classifier tail; production wire reads tracked in governance/SCHWAB_V4_REVIEW_MEMOS cone walk
f028923a2545786142fb,python,monte_carlo.py,280,46,ATTRIBUTE_MARKET,attr .exp,exp,chains.callExpDateMap;chains.callExpDateMap.*;chains.callExpDateMap.*.ask;chains.callExpDateMap.*.askSize;chains.callExpDateMap.*.bid;chains.callExpDateMap.*.bidAskSize;chains.callExpDateMap.*.bidSize;chains.callExpDateMap.*.closePrice;chains.callExpDateMap.*.daysToExpiration;chains.callExpDateMap.*.deliverableNote;chains.callExpDateMap.*.delta;chains.callExpDateMap.*.description;chains.callExpDateMap.*.exchangeName;chains.callExpDateMap.*.exerciseType;chains.callExpDateMap.*.expirationDate;chains.callExpDateMap.*.expirationType;chains.callExpDateMap.*.extrinsicValue;chains.callExpDateMap.*.gamma;chains.callExpDateMap.*.high52Week;chains.callExpDateMap.*.highPrice;chains.callExpDateMap.*.inTheMoney;chains.callExpDateMap.*.intrinsicValue;chains.callExpDateMap.*.last;chains.callExpDateMap.*.lastSize;chains.callExpDateMap.*.lastTradingDay,chains.putExpDateMap.*.high52Week;chains.putExpDateMap.*.low52Week;chains.callExpDateMap.*.high52Week,V3 G1 Python,NOT_MARKET_DATA,,,NOT_MARKET_DATA: scoped mechanical classifier tail; production wire reads tracked in governance/SCHWAB_V4_REVIEW_MEMOS cone walk
a60cf96e2b9a22b26625,python,monte_carlo.py,337,45,BINOP_MARKET_IDENT,BinOp with CSV-vocabulary identifiers,float,instruments.*.fundamental.marketCapFloat;instruments.*.fundamental.shortIntToFloat,chains.callExpDateMap.*.theoreticalVolatility;chains.callExpDateMap.*.totalVolume;chains.putExpDateMap.*.theoreticalVolatility,V3 G1 Python,NOT_MARKET_DATA,,,NOT_MARKET_DATA: scoped mechanical classifier tail; production wire reads tracked in governance/SCHWAB_V4_REVIEW_MEMOS cone walk
14ff4abda87a9306715b,python,monte_carlo.py,343,24,IFEXP_ZERO_DEFAULT,conditional with zeroish else,float,instruments.*.fundamental.marketCapFloat;instruments.*.fundamental.shortIntToFloat,chains.callExpDateMap.*.theoreticalVolatility;chains.callExpDateMap.*.totalVolume;chains.putExpDateMap.*.theoreticalVolatility,V3 G1 Python,NOT_MARKET_DATA,,,NOT_MARKET_DATA: scoped mechanical classifier tail; production wire reads tracked in governance/SCHWAB_V4_REVIEW_MEMOS cone walk
f38f8ff260b7ed6e126e,python,monte_carlo.py,347,19,IFEXP_ZERO_DEFAULT,conditional with zeroish else,float,instruments.*.fundamental.marketCapFloat;instruments.*.fundamental.shortIntToFloat,chains.callExpDateMap.*.theoreticalVolatility;chains.callExpDateMap.*.totalVolume;chains.putExpDateMap.*.theoreticalVolatility,V3 G1 Python,NOT_MARKET_DATA,,,NOT_MARKET_DATA: scoped mechanical classifier tail; production wire reads tracked in governance/SCHWAB_V4_REVIEW_MEMOS cone walk
139b10c02cd4fadc8e20,python,monte_carlo.py,347,19,BINOP_MARKET_IDENT,BinOp with CSV-vocabulary identifiers,float,instruments.*.fundamental.marketCapFloat;instruments.*.fundamental.shortIntToFloat,chains.callExpDateMap.*.theoreticalVolatility;chains.callExpDateMap.*.totalVolume;chains.putExpDateMap.*.theoreticalVolatility,V3 G1 Python,NOT_MARKET_DATA,,,NOT_MARKET_DATA: scoped mechanical classifier tail; production wire reads tracked in governance/SCHWAB_V4_REVIEW_MEMOS cone walk
37eef23d8b7c8b3ee3d1,python,monte_carlo.py,349,19,IFEXP_ZERO_DEFAULT,conditional with zeroish else,float,instruments.*.fundamental.marketCapFloat;instruments.*.fundamental.shortIntToFloat,chains.callExpDateMap.*.theoreticalVolatility;chains.callExpDateMap.*.totalVolume;chains.putExpDateMap.*.theoreticalVolatility,V3 G1 Python,NOT_MARKET_DATA,,,NOT_MARKET_DATA: scoped mechanical classifier tail; production wire reads tracked in governance/SCHWAB_V4_REVIEW_MEMOS cone walk
284167ba63817c1656b5,python,monte_carlo.py,349,33,BINOP_MARKET_IDENT,BinOp with CSV-vocabulary identifiers,float,instruments.*.fundamental.marketCapFloat;instruments.*.fundamental.shortIntToFloat,chains.callExpDateMap.*.theoreticalVolatility;chains.callExpDateMap.*.totalVolume;chains.putExpDateMap.*.theoreticalVolatility,V3 G1 Python,NOT_MARKET_DATA,,,NOT_MARKET_DATA: scoped mechanical classifier tail; production wire reads tracked in governance/SCHWAB_V4_REVIEW_MEMOS cone walk
fdffb8b97609ee3dd6ec,python,monte_carlo.py,349,34,BINOP_MARKET_IDENT,BinOp with CSV-vocabulary identifiers,float,instruments.*.fundamental.marketCapFloat;instruments.*.fundamental.shortIntToFloat,chains.callExpDateMap.*.theoreticalVolatility;chains.callExpDateMap.*.totalVolume;chains.putExpDateMap.*.theoreticalVolatility,V3 G1 Python,NOT_MARKET_DATA,,,NOT_MARKET_DATA: scoped mechanical classifier tail; production wire reads tracked in governance/SCHWAB_V4_REVIEW_MEMOS cone walk
220b7e959ea9ec692a69,python,monte_carlo.py,374,16,DICT_LITERAL_MARKET_KEY,dict key 'regime',regime,,quotes.quote.52WeekHigh;chains.putExpDateMap.*.high52Week;streaming.content.*.BID_SIZE,V3 G1 Python,NOT_MARKET_DATA,,,NOT_MARKET_DATA: scoped mechanical classifier tail; production wire reads tracked in governance/SCHWAB_V4_REVIEW_MEMOS cone walk
ed7daf85216dd9fba079,python,monte_carlo.py,375,16,DICT_LITERAL_MARKET_KEY,dict key 'regime_confidence',regime_confidence,,streaming.content.*.BID_SIZE;streaming.content.*.BIDS.*.BID_PRICE;quotes.extended.bidSize,V3 G1 Python,NOT_MARKET_DATA,,,NOT_MARKET_DATA: scoped mechanical classifier tail; production wire reads tracked in governance/SCHWAB_V4_REVIEW_MEMOS cone walk
25ec67f45addfc9d34cb,python,monte_carlo.py,376,16,DICT_LITERAL_MARKET_KEY,dict key 'regime_sigma_mult',regime_sigma_mult,,streaming.content.*.REGULAR_MARKET_TRADE_MILLIS;chains.putExpDateMap.*.gamma;chains.callExpDateMap.*.gamma,V3 G1 Python,NOT_MARKET_DATA,,,NOT_MARKET_DATA: scoped mechanical classifier tail; production wire reads tracked in governance/SCHWAB_V4_REVIEW_MEMOS cone walk
7e3b092567dda6ea9dce,python,monte_carlo.py,378,16,DICT_LITERAL_MARKET_KEY,dict key 'sigma_bar_avg',sigma_bar_avg,,chains.callExpDateMap.*.gamma;chains.callExpDateMap.*.askSize;chains.putExpDateMap.*.gamma,V3 G1 Python,NOT_MARKET_DATA,,,NOT_MARKET_DATA: scoped mechanical classifier tail; production wire reads tracked in governance/SCHWAB_V4_REVIEW_MEMOS cone walk
1ff72dc2fd0b8b11021b,python,monte_carlo.py,379,16,DICT_LITERAL_MARKET_KEY,dict key 'per_bar_drift',per_bar_drift,,chains.putExpDateMap.*.bidSize;chains.putExpDateMap.*.askSize;chains.callExpDateMap.*.bidSize,V3 G1 Python,NOT_MARKET_DATA,,,NOT_MARKET_DATA: scoped mechanical classifier tail; production wire reads tracked in governance/SCHWAB_V4_REVIEW_MEMOS cone walk
218569a8d1c2db2f4026,python,monte_carlo.py,400,21,DICT_LITERAL_MARKET_KEY,dict key 'regime',regime,,quotes.quote.52WeekHigh;chains.putExpDateMap.*.high52Week;streaming.content.*.BID_SIZE,V3 G1 Python,NOT_MARKET_DATA,,,NOT_MARKET_DATA: scoped mechanical classifier tail; production wire reads tracked in governance/SCHWAB_V4_REVIEW_MEMOS cone walk
19c6062088c4ae4bf5be,python,monte_carlo.py,400,42,DICT_LITERAL_MARKET_KEY,dict key 'regime_confidence',regime_confidence,,streaming.content.*.BID_SIZE;streaming.content.*.BIDS.*.BID_PRICE;quotes.extended.bidSize,V3 G1 Python,NOT_MARKET_DATA,,,NOT_MARKET_DATA: scoped mechanical classifier tail; production wire reads tracked in governance/SCHWAB_V4_REVIEW_MEMOS cone walk
f281fc9a5f1198fbe913,python,monte_carlo.py,401,22,DICT_LITERAL_MARKET_KEY,dict key 'regime',regime,,quotes.quote.52WeekHigh;chains.putExpDateMap.*.high52Week;streaming.content.*.BID_SIZE,V3 G1 Python,NOT_MARKET_DATA,,,NOT_MARKET_DATA: scoped mechanical classifier tail; production wire reads tracked in governance/SCHWAB_V4_REVIEW_MEMOS cone walk
ceb4de0cca42a2d2eba8,python,monte_carlo.py,401,44,DICT_LITERAL_MARKET_KEY,dict key 'regime_confidence',regime_confidence,,streaming.content.*.BID_SIZE;streaming.content.*.BIDS.*.BID_PRICE;quotes.extended.bidSize,V3 G1 Python,NOT_MARKET_DATA,,,NOT_MARKET_DATA: scoped mechanical classifier tail; production wire reads tracked in governance/SCHWAB_V4_REVIEW_MEMOS cone walk
95f319b78937bc800863,python,monte_carlo.py,402,22,DICT_LITERAL_MARKET_KEY,dict key 'regime',regime,,quotes.quote.52WeekHigh;chains.putExpDateMap.*.high52Week;streaming.content.*.BID_SIZE,V3 G1 Python,NOT_MARKET_DATA,,,NOT_MARKET_DATA: scoped mechanical classifier tail; production wire reads tracked in governance/SCHWAB_V4_REVIEW_MEMOS cone walk
e12bd43fe8d375730304,python,monte_carlo.py,403,31,DICT_LITERAL_MARKET_KEY,dict key 'regime',regime,,quotes.quote.52WeekHigh;chains.putExpDateMap.*.high52Week;streaming.content.*.BID_SIZE,V3 G1 Python,NOT_MARKET_DATA,,,NOT_MARKET_DATA: scoped mechanical classifier tail; production wire reads tracked in governance/SCHWAB_V4_REVIEW_MEMOS cone walk
0e3bf095023cea8c18dc,python,monte_carlo.py,403,53,DICT_LITERAL_MARKET_KEY,dict key 'regime_confidence',regime_confidence,,streaming.content.*.BID_SIZE;streaming.content.*.BIDS.*.BID_PRICE;quotes.extended.bidSize,V3 G1 Python,NOT_MARKET_DATA,,,NOT_MARKET_DATA: scoped mechanical classifier tail; production wire reads tracked in governance/SCHWAB_V4_REVIEW_MEMOS cone walk
d9398a357c8d49dd56bd,python,monte_carlo.py,404,12,DICT_LITERAL_MARKET_KEY,dict key 'model_prob_up',model_prob_up,,chains.putExpDateMap.*.totalVolume;quotes.quote.totalVolume;quotes.extended.totalVolume,V3 G1 Python,NOT_MARKET_DATA,,,NOT_MARKET_DATA: scoped mechanical classifier tail; production wire reads tracked in governance/SCHWAB_V4_REVIEW_MEMOS cone walk
6d1b8bb9382e685ab351,python,monte_carlo.py,404,35,DICT_LITERAL_MARKET_KEY,dict key 'model_prob_down',model_prob_down,,quotes.extended.totalVolume;pricehistory.candles.*.volume;quotes.quote.totalVolume,V3 G1 Python,NOT_MARKET_DATA,,,NOT_MARKET_DATA: scoped mechanical classifier tail; production wire reads tracked in governance/SCHWAB_V4_REVIEW_MEMOS cone walk
9f2ef58191e63460b3b6,python,monte_carlo.py,404,60,DICT_LITERAL_MARKET_KEY,dict key 'model_confidence',model_confidence,,quotes.extended.bidSize;quotes.fundamental.fundLeverageFactor;quotes.fundamental.divExDate,V3 G1 Python,NOT_MARKET_DATA,,,NOT_MARKET_DATA: scoped mechanical classifier tail; production wire reads tracked in governance/SCHWAB_V4_REVIEW_MEMOS cone walk
3c03e2557427fe9d1967,python,monte_carlo.py,413,66,DICT_GET_MARKET_DEFAULT,".get('per_bar_drift', default)",per_bar_drift get,,streaming.content.*.BID_SIZE;chains.putExpDateMap.*.bidSize;streaming.content.*.BIDS.*.BID_PRICE,V3 G1 Python,NOT_MARKET_DATA,,,NOT_MARKET_DATA: scoped mechanical classifier tail; production wire reads tracked in governance/SCHWAB_V4_REVIEW_MEMOS cone walk
2378d360177a72a9ee3c,cross_validator,monte_carlo.py,3,0,pattern_kind_miss,Regime-aware stochastic-volatility Monte Carlo path engine.,regime volatility,chains.callExpDateMap.*.theoreticalVolatility;chains.callExpDateMap.*.volatility;chains.putExpDateMap.*.theoreticalVolatility;chains.putExpDateMap.*.volatility;chains.volatility,chains.putExpDateMap.*.theoreticalVolatility;chains.callExpDateMap.*.volatility;chains.callExpDateMap.*.theoreticalVolatility,V3 G2 cross-validator (CSV vocabulary),NOT_MARKET_DATA,,,module docstring (AST); tools/track_a_module_docstring_nmd_pass.py
56c9c7b76df682ed6a04,cross_validator,monte_carlo.py,5,0,pattern_kind_miss,Phase 5 of the Canonical Implementation Roadmap.,the,chains.callExpDateMap.*.inTheMoney;chains.putExpDateMap.*.inTheMoney,chains.callExpDateMap.*.theoreticalOptionValue;chains.putExpDateMap.*.theoreticalOptionValue;chains.callExpDateMap.*.theta,V3 G2 cross-validator (CSV vocabulary),NOT_MARKET_DATA,,,module docstring (AST); tools/track_a_module_docstring_nmd_pass.py
8a180cfa17357046d409,cross_validator,monte_carlo.py,6,0,pattern_kind_miss,"Phase 1 Consultant Upgrade: regime-conditioned sigma, state-aware drift, shock behavior.",regime,,chains.callExpDateMap.*.theta;chains.putExpDateMap.*.askSize;chains.putExpDateMap.*.theta,V3 G2 cross-validator (CSV vocabulary),NOT_MARKET_DATA,,,module docstring (AST); tools/track_a_module_docstring_nmd_pass.py
1502726c44fb858afd12,cross_validator,monte_carlo.py,8,0,pattern_kind_miss,VERSION: mc_v2 (regime-aware stochastic volatility),regime volatility,chains.callExpDateMap.*.theoreticalVolatility;chains.callExpDateMap.*.volatility;chains.putExpDateMap.*.theoreticalVolatility;chains.putExpDateMap.*.volatility;chains.volatility,chains.volatility;chains.putExpDateMap.*.theoreticalVolatility;chains.callExpDateMap.*.theoreticalVolatility,V3 G2 cross-validator (CSV vocabulary),NOT_MARKET_DATA,,,module docstring (AST); tools/track_a_module_docstring_nmd_pass.py
9e4584be75d5cde0c4b7,cross_validator,monte_carlo.py,12,0,pattern_kind_miss,"  - sigma regime-scaled (pinning=0.70x, breakout=1.30x)",regime,,chains.putExpDateMap.*.gamma;chains.putExpDateMap.*.vega;chains.callExpDateMap.*.gamma,V3 G2 cross-validator (CSV vocabulary),NOT_MARKET_DATA,,,module docstring (AST); tools/track_a_module_docstring_nmd_pass.py
abe8786e3dc08dd1ece8,cross_validator,monte_carlo.py,13,0,pattern_kind_miss,"  - sigma random-walks per-step (stochastic vol, vol-of-vol=8%)",per,instruments.*.fundamental.bookValuePerShare,chains.callExpDateMap.*.totalVolume;chains.callExpDateMap.*.theoreticalVolatility;chains.putExpDateMap.*.totalVolume,V3 G2 cross-validator (CSV vocabulary),NOT_MARKET_DATA,,,module docstring (AST); tools/track_a_module_docstring_nmd_pass.py
442b85ec5a592adbec5c,cross_validator,monte_carlo.py,14,0,pattern_kind_miss,"  - drift model-derived, confidence-scaled, regime-damped",model regime,,quotes.extended.bidSize;chains.callExpDateMap.*.delta;chains.callExpDateMap.*.bidSize,V3 G2 cross-validator (CSV vocabulary),NOT_MARKET_DATA,,,module docstring (AST); tools/track_a_module_docstring_nmd_pass.py
b465db756bdd6eebf8c8,cross_validator,monte_carlo.py,15,0,pattern_kind_miss,  - regime-gated shock term for breakout/acceleration/vol-expansion/reversal,regime,,movers.screeners.*.totalVolume;chains.callExpDateMap.*.totalVolume;chains.putExpDateMap.*.totalVolume,V3 G2 cross-validator (CSV vocabulary),NOT_MARKET_DATA,,,module docstring (AST); tools/track_a_module_docstring_nmd_pass.py
9a33d9f01b18b0ba5f40,cross_validator,monte_carlo.py,23,0,pattern_kind_miss,"from typing import Optional, List",list,chains.callExpDateMap.*.optionDeliverablesList;chains.callExpDateMap.*.optionDeliverablesList.*;chains.callExpDateMap.*.optionDeliverablesList.*.assetType;chains.callExpDateMap.*.optionDeliverablesList.*.currencyType;chains.callExpDateMap.*.optionDeliverablesList.*.deliverableUnits;chains.callExpDateMap.*.optionDeliverablesList.*.symbol;chains.putExpDateMap.*.optionDeliverablesList;chains.putExpDateMap.*.optionDeliverablesList.*;chains.putExpDateMap.*.optionDeliverablesList.*.assetType;chains.putExpDateMap.*.optionDeliverablesList.*.currencyType;chains.putExpDateMap.*.optionDeliverablesList.*.deliverableUnits;chains.putExpDateMap.*.optionDeliverablesList.*.symbol,chains.putExpDateMap.*.theoreticalVolatility;chains.volatility;chains.callExpDateMap.*.theoreticalVolatility,V3 G2 cross-validator (CSV vocabulary),NOT_MARKET_DATA,,,NOT_MARKET_DATA: scoped mechanical classifier tail; production wire reads tracked in governance/SCHWAB_V4_REVIEW_MEMOS cone walk
c092ea4d79652f3fbc02,cross_validator,monte_carlo.py,35,0,pattern_kind_miss,# Regime sigma multipliers,regime,,chains.callExpDateMap.*.gamma;chains.volatility;chains.putExpDateMap.*.gamma,V3 G2 cross-validator (CSV vocabulary),NOT_MARKET_DATA,,,NOT_MARKET_DATA: scoped mechanical classifier tail; production wire reads tracked in governance/SCHWAB_V4_REVIEW_MEMOS cone walk
acd02534a5e707d42aff,cross_validator,monte_carlo.py,42,0,pattern_kind_miss,# Regime drift damping,regime,,chains.putExpDateMap.*.bidSize;chains.callExpDateMap.*.bidSize;chains.putExpDateMap.*.gamma,V3 G2 cross-validator (CSV vocabulary),NOT_MARKET_DATA,,,NOT_MARKET_DATA: scoped mechanical classifier tail; production wire reads tracked in governance/SCHWAB_V4_REVIEW_MEMOS cone walk
02106f64b10d15877044,cross_validator,monte_carlo.py,63,0,pattern_kind_miss,    n_paths:            int   = 0,int,instruments.*.fundamental.shortIntDayToCover;instruments.*.fundamental.shortIntToFloat,pricehistory.candles;chains.putExpDateMap;quotes.quote.highPrice,V3 G2 cross-validator (CSV vocabulary),NOT_MARKET_DATA,,,NOT_MARKET_DATA: scoped mechanical classifier tail; production wire reads tracked in governance/SCHWAB_V4_REVIEW_MEMOS cone walk
6e8bf006473329532cb8,cross_validator,monte_carlo.py,64,0,pattern_kind_miss,    horizon_bars:       int   = 0,int,instruments.*.fundamental.shortIntDayToCover;instruments.*.fundamental.shortIntToFloat,pricehistory.candles;pricehistory.candles.*;quotes.quote.highPrice,V3 G2 cross-validator (CSV vocabulary),NOT_MARKET_DATA,,,NOT_MARKET_DATA: scoped mechanical classifier tail; production wire reads tracked in governance/SCHWAB_V4_REVIEW_MEMOS cone walk
c532e3fb732141e7569d,cross_validator,monte_carlo.py,65,0,pattern_kind_miss,    upper_25:           Optional[float] = None,float,instruments.*.fundamental.marketCapFloat;instruments.*.fundamental.shortIntToFloat,chains.putExpDateMap.*.totalVolume;quotes.quote.totalVolume;chains.callExpDateMap.*.totalVolume,V3 G2 cross-validator (CSV vocabulary),NOT_MARKET_DATA,,,NOT_MARKET_DATA: scoped mechanical classifier tail; production wire reads tracked in governance/SCHWAB_V4_REVIEW_MEMOS cone walk
b9375f940e959d1424d0,cross_validator,monte_carlo.py,66,0,pattern_kind_miss,    upper_50:           Optional[float] = None,float,instruments.*.fundamental.marketCapFloat;instruments.*.fundamental.shortIntToFloat,chains.putExpDateMap.*.totalVolume;quotes.quote.totalVolume;chains.callExpDateMap.*.totalVolume,V3 G2 cross-validator (CSV vocabulary),NOT_MARKET_DATA,,,NOT_MARKET_DATA: scoped mechanical classifier tail; production wire reads tracked in governance/SCHWAB_V4_REVIEW_MEMOS cone walk
bf5aed29bbef5c155fcc,cross_validator,monte_carlo.py,67,0,pattern_kind_miss,    upper_75:           Optional[float] = None,float,instruments.*.fundamental.marketCapFloat;instruments.*.fundamental.shortIntToFloat,chains.putExpDateMap.*.totalVolume;quotes.quote.totalVolume;quotes.quote.lowPrice,V3 G2 cross-validator (CSV vocabulary),NOT_MARKET_DATA,,,NOT_MARKET_DATA: scoped mechanical classifier tail; production wire reads tracked in governance/SCHWAB_V4_REVIEW_MEMOS cone walk
3105b64ba4dfdad6e9e1,cross_validator,monte_carlo.py,68,0,pattern_kind_miss,    median_path:        Optional[float] = None,float,instruments.*.fundamental.marketCapFloat;instruments.*.fundamental.shortIntToFloat,chains.putExpDateMap.*.totalVolume;chains.callExpDateMap.*.totalVolume;chains.callExpDateMap,V3 G2 cross-validator (CSV vocabulary),NOT_MARKET_DATA,,,NOT_MARKET_DATA: scoped mechanical classifier tail; production wire reads tracked in governance/SCHWAB_V4_REVIEW_MEMOS cone walk
e38ebcd435c8dafa5e28,cross_validator,monte_carlo.py,69,0,pattern_kind_miss,    lower_25:           Optional[float] = None,float,instruments.*.fundamental.marketCapFloat;instruments.*.fundamental.shortIntToFloat,quotes.quote.totalVolume;chains.underlying.totalVolume;chains.putExpDateMap.*.totalVolume,V3 G2 cross-validator (CSV vocabulary),NOT_MARKET_DATA,,,NOT_MARKET_DATA: scoped mechanical classifier tail; production wire reads tracked in governance/SCHWAB_V4_REVIEW_MEMOS cone walk
9a1444afd0aa6a7d981b,cross_validator,monte_carlo.py,70,0,pattern_kind_miss,    lower_50:           Optional[float] = None,float,instruments.*.fundamental.marketCapFloat;instruments.*.fundamental.shortIntToFloat,quotes.quote.totalVolume;chains.putExpDateMap.*.totalVolume;chains.callExpDateMap.*.totalVolume,V3 G2 cross-validator (CSV vocabulary),NOT_MARKET_DATA,,,NOT_MARKET_DATA: scoped mechanical classifier tail; production wire reads tracked in governance/SCHWAB_V4_REVIEW_MEMOS cone walk
4c8584330d4faf8527c2,cross_validator,monte_carlo.py,71,0,pattern_kind_miss,    lower_75:           Optional[float] = None,float,instruments.*.fundamental.marketCapFloat;instruments.*.fundamental.shortIntToFloat,quotes.quote.totalVolume;chains.underlying.totalVolume;chains.callExpDateMap.*.totalVolume,V3 G2 cross-validator (CSV vocabulary),NOT_MARKET_DATA,,,NOT_MARKET_DATA: scoped mechanical classifier tail; production wire reads tracked in governance/SCHWAB_V4_REVIEW_MEMOS cone walk
fc0f7cf8279db5d084e7,cross_validator,monte_carlo.py,72,0,pattern_kind_miss,    expected_favorable_excursion:  Optional[float] = None,float,instruments.*.fundamental.marketCapFloat;instruments.*.fundamental.shortIntToFloat,chains.callExpDateMap.*.totalVolume;chains.putExpDateMap.*.totalVolume;quotes.extended.totalVolume,V3 G2 cross-validator (CSV vocabulary),NOT_MARKET_DATA,,,NOT_MARKET_DATA: scoped mechanical classifier tail; production wire reads tracked in governance/SCHWAB_V4_REVIEW_MEMOS cone walk
66fb1ea623383a7c5d0b,cross_validator,monte_carlo.py,73,0,pattern_kind_miss,    expected_adverse_excursion:    Optional[float] = None,float,instruments.*.fundamental.marketCapFloat;instruments.*.fundamental.shortIntToFloat,quotes.extended.totalVolume;chains.putExpDateMap.*.totalVolume;quotes.extended.askSize,V3 G2 cross-validator (CSV vocabulary),NOT_MARKET_DATA,,,NOT_MARKET_DATA: scoped mechanical classifier tail; production wire reads tracked in governance/SCHWAB_V4_REVIEW_MEMOS cone walk
1d3b50959d5ba59a5d0c,cross_validator,monte_carlo.py,74,0,pattern_kind_miss,    prob_touch_upper_wall:  Optional[float] = None,float,instruments.*.fundamental.marketCapFloat;instruments.*.fundamental.shortIntToFloat,chains.putExpDateMap.*.totalVolume;chains.callExpDateMap.*.totalVolume;quotes.quote.totalVolume,V3 G2 cross-validator (CSV vocabulary),NOT_MARKET_DATA,,,NOT_MARKET_DATA: scoped mechanical classifier tail; production wire reads tracked in governance/SCHWAB_V4_REVIEW_MEMOS cone walk
68f0d81190bdcf80fbb9,cross_validator,monte_carlo.py,75,0,pattern_kind_miss,    prob_touch_lower_wall:  Optional[float] = None,float,instruments.*.fundamental.marketCapFloat;instruments.*.fundamental.shortIntToFloat,chains.callExpDateMap.*.totalVolume;quotes.quote.totalVolume;chains.putExpDateMap.*.totalVolume,V3 G2 cross-validator (CSV vocabulary),NOT_MARKET_DATA,,,NOT_MARKET_DATA: scoped mechanical classifier tail; production wire reads tracked in governance/SCHWAB_V4_REVIEW_MEMOS cone walk
673f91e3b2efb9034bb6,cross_validator,monte_carlo.py,76,0,pattern_kind_miss,    prob_exceed_em_upper:   Optional[float] = None,float,instruments.*.fundamental.marketCapFloat;instruments.*.fundamental.shortIntToFloat,chains.putExpDateMap.*.totalVolume;quotes.extended.totalVolume;chains.callExpDateMap.*.totalVolume,V3 G2 cross-validator (CSV vocabulary),NOT_MARKET_DATA,,,NOT_MARKET_DATA: scoped mechanical classifier tail; production wire reads tracked in governance/SCHWAB_V4_REVIEW_MEMOS cone walk
71b27f32c19e0f3fc397,cross_validator,monte_carlo.py,77,0,pattern_kind_miss,    prob_exceed_em_lower:   Optional[float] = None,float,instruments.*.fundamental.marketCapFloat;instruments.*.fundamental.shortIntToFloat,quotes.extended.totalVolume;chains.callExpDateMap.*.totalVolume;chains.putExpDateMap.*.totalVolume,V3 G2 cross-validator (CSV vocabulary),NOT_MARKET_DATA,,,NOT_MARKET_DATA: scoped mechanical classifier tail; production wire reads tracked in governance/SCHWAB_V4_REVIEW_MEMOS cone walk
8cca1ef90a03a807afec,cross_validator,monte_carlo.py,78,0,pattern_kind_miss,    containment_prob:   Optional[float] = None,float,instruments.*.fundamental.marketCapFloat;instruments.*.fundamental.shortIntToFloat,chains.callExpDateMap.*.optionRoot;chains.putExpDateMap.*.optionRoot;chains.callExpDateMap.*.theoreticalOptionValue,V3 G2 cross-validator (CSV vocabulary),NOT_MARKET_DATA,,,NOT_MARKET_DATA: scoped mechanical classifier tail; production wire reads tracked in governance/SCHWAB_V4_REVIEW_MEMOS cone walk
88d28735d53186de6eaf,cross_validator,monte_carlo.py,79,0,pattern_kind_miss,    expansion_prob:     Optional[float] = None,float,instruments.*.fundamental.marketCapFloat;instruments.*.fundamental.shortIntToFloat,chains.callExpDateMap.*.optionRoot;chains.callExpDateMap.*.openInterest;chains.putExpDateMap.*.totalVolume,V3 G2 cross-validator (CSV vocabulary),NOT_MARKET_DATA,,,NOT_MARKET_DATA: scoped mechanical classifier tail; production wire reads tracked in governance/SCHWAB_V4_REVIEW_MEMOS cone walk
f84bac3c32947c9218b1,cross_validator,monte_carlo.py,80,0,pattern_kind_miss,    path_dispersion:    Optional[float] = None,float,instruments.*.fundamental.marketCapFloat;instruments.*.fundamental.shortIntToFloat,chains.callExpDateMap.*.openInterest;chains.putExpDateMap.*.openInterest;chains.putExpDateMap.*.optionDeliverablesList,V3 G2 cross-validator (CSV vocabulary),NOT_MARKET_DATA,,,NOT_MARKET_DATA: scoped mechanical classifier tail; production wire reads tracked in governance/SCHWAB_V4_REVIEW_MEMOS cone walk
f31984f8701915e0a6c9,cross_validator,monte_carlo.py,81,0,pattern_kind_miss,    # Path-level features for post-fusion context only (not class probabilities),post only,market_hours.bond.BON.sessionHours.postMarket;market_hours.bond.BON.sessionHours.postMarket.*;market_hours.bond.BON.sessionHours.postMarket.*.end;market_hours.bond.BON.sessionHours.postMarket.*.start;market_hours.equity.EQ.sessionHours.postMarket;market_hours.equity.EQ.sessionHours.postMarket.*;market_hours.equity.EQ.sessionHours.postMarket.*.end;market_hours.equity.EQ.sessionHours.postMarket.*.start;quotes.quote.postMarketChange;quotes.quote.postMarketPercentChange;streaming.content.*.POST_MARKET_NET_CHANGE;streaming.content.*.POST_MARKET_NET_CHANGE_PERCENT,chains.putExpDateMap.*.theoreticalVolatility;chains.callExpDateMap.*.theoreticalVolatility;chains.putExpDateMap.*.totalVolume,V3 G2 cross-validator (CSV vocabulary),NOT_MARKET_DATA,,,NOT_MARKET_DATA: scoped mechanical classifier tail; production wire reads tracked in governance/SCHWAB_V4_REVIEW_MEMOS cone walk
33133af67ac7c19e2825,cross_validator,monte_carlo.py,82,0,pattern_kind_miss,    expected_move:       Optional[float] = None,float,instruments.*.fundamental.marketCapFloat;instruments.*.fundamental.shortIntToFloat,quotes.extended.totalVolume;chains.putExpDateMap.*.totalVolume;chains.callExpDateMap.*.totalVolume,V3 G2 cross-validator (CSV vocabulary),NOT_MARKET_DATA,,,NOT_MARKET_DATA: scoped mechanical classifier tail; production wire reads tracked in governance/SCHWAB_V4_REVIEW_MEMOS cone walk
ae2cde7b9d0fbabfd294,cross_validator,monte_carlo.py,83,0,pattern_kind_miss,    volatility:          Optional[float] = None,volatility float,chains.callExpDateMap.*.theoreticalVolatility;chains.callExpDateMap.*.volatility;chains.putExpDateMap.*.theoreticalVolatility;chains.putExpDateMap.*.volatility;chains.volatility;instruments.*.fundamental.marketCapFloat;instruments.*.fundamental.shortIntToFloat,chains.volatility;chains.putExpDateMap.*.theoreticalVolatility;chains.callExpDateMap.*.theoreticalVolatility,V3 G2 cross-validator (CSV vocabulary),NOT_MARKET_DATA,,,NOT_MARKET_DATA: scoped mechanical classifier tail; production wire reads tracked in governance/SCHWAB_V4_REVIEW_MEMOS cone walk
7422cac1814066af3e23,cross_validator,monte_carlo.py,84,0,pattern_kind_miss,    skew:                Optional[float] = None,float,instruments.*.fundamental.marketCapFloat;instruments.*.fundamental.shortIntToFloat,quotes.quote.lowPrice;quotes.quote.lastPrice;quotes.quote.lastSize,V3 G2 cross-validator (CSV vocabulary),NOT_MARKET_DATA,,,NOT_MARKET_DATA: scoped mechanical classifier tail; production wire reads tracked in governance/SCHWAB_V4_REVIEW_MEMOS cone walk
516fc1c179ce6529168c,cross_validator,monte_carlo.py,85,0,pattern_kind_miss,    tail_risk:           Optional[float] = None,float,instruments.*.fundamental.marketCapFloat;instruments.*.fundamental.shortIntToFloat,chains.volatility;chains.putExpDateMap.*.theoreticalVolatility;chains.callExpDateMap.*.theoreticalVolatility,V3 G2 cross-validator (CSV vocabulary),NOT_MARKET_DATA,,,NOT_MARKET_DATA: scoped mechanical classifier tail; production wire reads tracked in governance/SCHWAB_V4_REVIEW_MEMOS cone walk
a4c7e5295dd99f51f0c5,cross_validator,monte_carlo.py,86,0,pattern_kind_miss,    directional_bias:    Optional[float] = None,float,instruments.*.fundamental.marketCapFloat;instruments.*.fundamental.shortIntToFloat,chains.callExpDateMap.*.theoreticalVolatility;chains.putExpDateMap.*.theoreticalVolatility;chains.volatility,V3 G2 cross-validator (CSV vocabulary),NOT_MARKET_DATA,,,NOT_MARKET_DATA: scoped mechanical classifier tail; production wire reads tracked in governance/SCHWAB_V4_REVIEW_MEMOS cone walk
a221b7c8f6f105328932,cross_validator,monte_carlo.py,92,0,pattern_kind_miss,"        """"""Contract for fusion adjustment: path features present on this run only (no fabricated zeros).""""""",only,,quotes.quote.askSize;quotes.quote.bidSize;streaming.content.*.BIDS,V3 G2 cross-validator (CSV vocabulary),NOT_MARKET_DATA,,,NOT_MARKET_DATA: scoped mechanical classifier tail; production wire reads tracked in governance/SCHWAB_V4_REVIEW_MEMOS cone walk
a5a78340149189e71439,cross_validator,monte_carlo.py,94,0,pattern_kind_miss,"        for key, val in (",key,streaming.content.*.key,chains.underlying.totalVolume;pricehistory.candles.*.volume;chains.callExpDateMap.*.totalVolume,V3 G2 cross-validator (CSV vocabulary),NOT_MARKET_DATA,,,NOT_MARKET_DATA: scoped mechanical classifier tail; production wire reads tracked in governance/SCHWAB_V4_REVIEW_MEMOS cone walk
3b5fd67f81d5bd2e431c,cross_validator,monte_carlo.py,103,0,pattern_kind_miss,                    out[key] = float(val),key float,streaming.content.*.key;instruments.*.fundamental.marketCapFloat;instruments.*.fundamental.shortIntToFloat,chains.callExpDateMap.*.theoreticalVolatility;chains.putExpDateMap.*.theoreticalVolatility;chains.volatility,V3 G2 cross-validator (CSV vocabulary),NOT_MARKET_DATA,,,NOT_MARKET_DATA: scoped mechanical classifier tail; production wire reads tracked in governance/SCHWAB_V4_REVIEW_MEMOS cone walk
e7091f42766bc0f5c59d,cross_validator,monte_carlo.py,106,0,pattern_kind_miss,        return out,return,instruments.*.fundamental.returnOnAssets;instruments.*.fundamental.returnOnEquity;instruments.*.fundamental.returnOnInvestment,market_hours.future.RTY.isOpen;market_hours.future.ZT.isOpen;market_hours.future.BTC.isOpen,V3 G2 cross-validator (CSV vocabulary),NOT_MARKET_DATA,,,NOT_MARKET_DATA: scoped mechanical classifier tail; production wire reads tracked in governance/SCHWAB_V4_REVIEW_MEMOS cone walk
1e5e1a0629027a829564,cross_validator,monte_carlo.py,111,0,pattern_kind_miss,    Weights per consultant recommendation: 50% RV + 30% IV + 20% ATR-scaled.,per,instruments.*.fundamental.bookValuePerShare,chains.putExpDateMap.*.rho;chains.putExpDateMap.*.theta;chains.putExpDateMap.*.delta,V3 G2 cross-validator (CSV vocabulary),NOT_MARKET_DATA,,,NOT_MARKET_DATA: scoped mechanical classifier tail; production wire reads tracked in governance/SCHWAB_V4_REVIEW_MEMOS cone walk
6476a8b011885ff6e3e9,cross_validator,monte_carlo.py,128,0,pattern_kind_miss,        base = iv  # IV-only fallback,only,,chains.callExpDateMap.*.theoreticalVolatility;chains.callExpDateMap.*.volatility;chains.volatility,V3 G2 cross-validator (CSV vocabulary),NOT_MARKET_DATA,,,NOT_MARKET_DATA: scoped mechanical classifier tail; production wire reads tracked in governance/SCHWAB_V4_REVIEW_MEMOS cone walk
b0a5213323d6174fc1e0,cross_validator,monte_carlo.py,130,0,pattern_kind_miss,"    return max(0.01, base)",return,instruments.*.fundamental.returnOnAssets;instruments.*.fundamental.returnOnEquity;instruments.*.fundamental.returnOnInvestment,chains.putExpDateMap.*.rho;chains.putExpDateMap.*.theta;chains.putExpDateMap.*.gamma,V3 G2 cross-validator (CSV vocabulary),NOT_MARKET_DATA,,,NOT_MARKET_DATA: scoped mechanical classifier tail; production wire reads tracked in governance/SCHWAB_V4_REVIEW_MEMOS cone walk
80c0fd0490c662f2a4ae,cross_validator,monte_carlo.py,133,0,pattern_kind_miss,"def _compute_drift(regime, model_prob_up, model_prob_down, model_confidence, fusion_dominant, sigma_bar):",regime,,pricehistory.candles.*.volume;quotes.quote.bidSize;chains.callExpDateMap.*.totalVolume,V3 G2 cross-validator (CSV vocabulary),NOT_MARKET_DATA,,,NOT_MARKET_DATA: scoped mechanical classifier tail; production wire reads tracked in governance/SCHWAB_V4_REVIEW_MEMOS cone walk
41da5e4724fe472a0b1e,cross_validator,monte_carlo.py,134,0,pattern_kind_miss,"    """"""State-aware per-bar drift: model-derived, confidence-scaled, regime-damped.""""""",per bar model regime,instruments.*.fundamental.bookValuePerShare,chains.callExpDateMap.*.bidSize;chains.putExpDateMap.*.bidSize;quotes.extended.bidSize,V3 G2 cross-validator (CSV vocabulary),NOT_MARKET_DATA,,,NOT_MARKET_DATA: scoped mechanical classifier tail; production wire reads tracked in governance/SCHWAB_V4_REVIEW_MEMOS cone walk
f998fdcac694c850a02c,cross_validator,monte_carlo.py,137,0,pattern_kind_miss,        net = model_prob_up - model_prob_down,net,chains.callExpDateMap.*.netChange;chains.putExpDateMap.*.netChange;instruments.*.fundamental.netProfitMarginMRQ;instruments.*.fundamental.netProfitMarginTTM;movers.screeners.*.netChange;movers.screeners.*.netPercentChange;quotes.quote.netChange;quotes.quote.netPercentChange;quotes.regular.regularMarketNetChange;streaming.content.*.NET_CHANGE;streaming.content.*.NET_CHANGE_PERCENT;streaming.content.*.POST_MARKET_NET_CHANGE;streaming.content.*.POST_MARKET_NET_CHANGE_PERCENT;streaming.content.*.REGULAR_MARKET_NET_CHANGE,quotes.extended.totalVolume;quotes.quote.totalVolume;chains.putExpDateMap.*.totalVolume,V3 G2 cross-validator (CSV vocabulary),NOT_MARKET_DATA,,,NOT_MARKET_DATA: scoped mechanical classifier tail; production wire reads tracked in governance/SCHWAB_V4_REVIEW_MEMOS cone walk
e7653ad03b316358627b,cross_validator,monte_carlo.py,147,0,pattern_kind_miss,"    regime_mult = REGIME_DRIFT_MULT.get(regime, 0.50)",regime,,streaming.content.*.BID_SIZE;streaming.content.*.REGULAR_MARKET_TRADE_MILLIS;chains.putExpDateMap.*.volatility,V3 G2 cross-validator (CSV vocabulary),NOT_MARKET_DATA,,,NOT_MARKET_DATA: scoped mechanical classifier tail; production wire reads tracked in governance/SCHWAB_V4_REVIEW_MEMOS cone walk
3988736ca178fa10a8a6,cross_validator,monte_carlo.py,148,0,pattern_kind_miss,    return raw_drift * conf_scale * regime_mult,return,instruments.*.fundamental.returnOnAssets;instruments.*.fundamental.returnOnEquity;instruments.*.fundamental.returnOnInvestment,streaming.content.*.ASK_SIZE;streaming.content.*.BID_SIZE;streaming.content.*.BIDS.*.TOTAL_VOLUME,V3 G2 cross-validator (CSV vocabulary),NOT_MARKET_DATA,,,NOT_MARKET_DATA: scoped mechanical classifier tail; production wire reads tracked in governance/SCHWAB_V4_REVIEW_MEMOS cone walk
77762d68f713137206ee,cross_validator,monte_carlo.py,152,0,pattern_kind_miss,"    spot: float,",float,instruments.*.fundamental.marketCapFloat;instruments.*.fundamental.shortIntToFloat,chains.callExpDateMap.*.theoreticalVolatility;chains.putExpDateMap.*.theoreticalVolatility;chains.callExpDateMap.*.totalVolume,V3 G2 cross-validator (CSV vocabulary),NOT_MARKET_DATA,,,NOT_MARKET_DATA: scoped mechanical classifier tail; production wire reads tracked in governance/SCHWAB_V4_REVIEW_MEMOS cone walk
1b23149871a7200bf116,cross_validator,monte_carlo.py,153,0,pattern_kind_miss,"    iv: float,",float,instruments.*.fundamental.marketCapFloat;instruments.*.fundamental.shortIntToFloat,chains.callExpDateMap.*.theoreticalVolatility;chains.putExpDateMap.*.theoreticalVolatility;chains.volatility,V3 G2 cross-validator (CSV vocabulary),NOT_MARKET_DATA,,,NOT_MARKET_DATA: scoped mechanical classifier tail; production wire reads tracked in governance/SCHWAB_V4_REVIEW_MEMOS cone walk
5d3c9e204aeb540b8ceb,cross_validator,monte_carlo.py,155,0,pattern_kind_miss,"    horizon_bars: int = DEFAULT_HORIZON,",int,instruments.*.fundamental.shortIntDayToCover;instruments.*.fundamental.shortIntToFloat,quotes.quote.bidSize;quotes.quote.askSize;chains.underlying.totalVolume,V3 G2 cross-validator (CSV vocabulary),NOT_MARKET_DATA,,,NOT_MARKET_DATA: scoped mechanical classifier tail; production wire reads tracked in governance/SCHWAB_V4_REVIEW_MEMOS cone walk
39efe709330cec619801,cross_validator,monte_carlo.py,156,0,pattern_kind_miss,"    n_paths: int = DEFAULT_N_PATHS,",int,instruments.*.fundamental.shortIntDayToCover;instruments.*.fundamental.shortIntToFloat,chains.putExpDateMap.*.askSize;chains.putExpDateMap.*.theoreticalVolatility;chains.putExpDateMap.*.theta,V3 G2 cross-validator (CSV vocabulary),NOT_MARKET_DATA,,,NOT_MARKET_DATA: scoped mechanical classifier tail; production wire reads tracked in governance/SCHWAB_V4_REVIEW_MEMOS cone walk
d2cefd4135f7968236fc,cross_validator,monte_carlo.py,157,0,pattern_kind_miss,"    drift: float = 0.0,",float,instruments.*.fundamental.marketCapFloat;instruments.*.fundamental.shortIntToFloat,chains.putExpDateMap.*.theoreticalVolatility;chains.callExpDateMap.*.theoreticalVolatility;chains.putExpDateMap.*.totalVolume,V3 G2 cross-validator (CSV vocabulary),NOT_MARKET_DATA,,,NOT_MARKET_DATA: scoped mechanical classifier tail; production wire reads tracked in governance/SCHWAB_V4_REVIEW_MEMOS cone walk
caa2614ad46c569c32d8,cross_validator,monte_carlo.py,158,0,pattern_kind_miss,"    call_gamma_wall: Optional[float] = None,",float,instruments.*.fundamental.marketCapFloat;instruments.*.fundamental.shortIntToFloat,chains.callExpDateMap.*.totalVolume;chains.callExpDateMap.*.theoreticalVolatility;chains.callExpDateMap.*.volatility,V3 G2 cross-validator (CSV vocabulary),NOT_MARKET_DATA,,,NOT_MARKET_DATA: scoped mechanical classifier tail; production wire reads tracked in governance/SCHWAB_V4_REVIEW_MEMOS cone walk
7bffc81a20880871bfb2,cross_validator,monte_carlo.py,159,0,pattern_kind_miss,"    put_gamma_wall: Optional[float] = None,",float,instruments.*.fundamental.marketCapFloat;instruments.*.fundamental.shortIntToFloat,chains.callExpDateMap.*.totalVolume;chains.putExpDateMap.*.totalVolume;chains.callExpDateMap.*.theoreticalVolatility,V3 G2 cross-validator (CSV vocabulary),NOT_MARKET_DATA,,,NOT_MARKET_DATA: scoped mechanical classifier tail; production wire reads tracked in governance/SCHWAB_V4_REVIEW_MEMOS cone walk
adab066416518bbe8e6e,cross_validator,monte_carlo.py,160,0,pattern_kind_miss,"    em_upper: Optional[float] = None,",float,instruments.*.fundamental.marketCapFloat;instruments.*.fundamental.shortIntToFloat,chains.putExpDateMap.*.totalVolume;chains.callExpDateMap.*.totalVolume;quotes.quote.totalVolume,V3 G2 cross-validator (CSV vocabulary),NOT_MARKET_DATA,,,NOT_MARKET_DATA: scoped mechanical classifier tail; production wire reads tracked in governance/SCHWAB_V4_REVIEW_MEMOS cone walk
e3a6d0ac087aa7ad802c,cross_validator,monte_carlo.py,161,0,pattern_kind_miss,"    em_lower: Optional[float] = None,",float,instruments.*.fundamental.marketCapFloat;instruments.*.fundamental.shortIntToFloat,chains.callExpDateMap.*.totalVolume;quotes.quote.totalVolume;chains.putExpDateMap.*.totalVolume,V3 G2 cross-validator (CSV vocabulary),NOT_MARKET_DATA,,,NOT_MARKET_DATA: scoped mechanical classifier tail; production wire reads tracked in governance/SCHWAB_V4_REVIEW_MEMOS cone walk
2a8287ec04d1b7036a21,cross_validator,monte_carlo.py,162,0,pattern_kind_miss,"    direction_threshold_pct: float = 0.0005,",float,instruments.*.fundamental.marketCapFloat;instruments.*.fundamental.shortIntToFloat,chains.putExpDateMap.*.openInterest;chains.putExpDateMap.*.totalVolume;chains.putExpDateMap.*.theoreticalVolatility,V3 G2 cross-validator (CSV vocabulary),NOT_MARKET_DATA,,,NOT_MARKET_DATA: scoped mechanical classifier tail; production wire reads tracked in governance/SCHWAB_V4_REVIEW_MEMOS cone walk
d52dfaa4114e4eda7d21,cross_validator,monte_carlo.py,163,0,pattern_kind_miss,"    seed: Optional[int] = SEED,",int,instruments.*.fundamental.shortIntDayToCover;instruments.*.fundamental.shortIntToFloat,quotes.extended.askSize;quotes.extended.bidSize;chains.putExpDateMap.*.delta,V3 G2 cross-validator (CSV vocabulary),NOT_MARKET_DATA,,,NOT_MARKET_DATA: scoped mechanical classifier tail; production wire reads tracked in governance/SCHWAB_V4_REVIEW_MEMOS cone walk
4f333dd65a648f88fb85,cross_validator,monte_carlo.py,165,0,pattern_kind_miss,"    regime: Optional[str] = None,",regime,,streaming.content.*.VOLUME;streaming.content.*.BIDS.*.TOTAL_VOLUME;chains.underlying.totalVolume,V3 G2 cross-validator (CSV vocabulary),NOT_MARKET_DATA,,,NOT_MARKET_DATA: scoped mechanical classifier tail; production wire reads tracked in governance/SCHWAB_V4_REVIEW_MEMOS cone walk
6d323b9e91c5b5f7c316,cross_validator,monte_carlo.py,167,0,pattern_kind_miss,"    realized_vol: Optional[float] = None,",float,instruments.*.fundamental.marketCapFloat;instruments.*.fundamental.shortIntToFloat,chains.callExpDateMap.*.totalVolume;chains.callExpDateMap.*.theoreticalVolatility;chains.underlying.totalVolume,V3 G2 cross-validator (CSV vocabulary),NOT_MARKET_DATA,,,NOT_MARKET_DATA: scoped mechanical classifier tail; production wire reads tracked in governance/SCHWAB_V4_REVIEW_MEMOS cone walk
f496b25615d70c88a42a,cross_validator,monte_carlo.py,168,0,pattern_kind_miss,"    atr: Optional[float] = None,",float,instruments.*.fundamental.marketCapFloat;instruments.*.fundamental.shortIntToFloat,chains.callExpDateMap.*.totalVolume;chains.putExpDateMap.*.totalVolume;chains.callExpDateMap.*.theoreticalVolatility,V3 G2 cross-validator (CSV vocabulary),NOT_MARKET_DATA,,,NOT_MARKET_DATA: scoped mechanical classifier tail; production wire reads tracked in governance/SCHWAB_V4_REVIEW_MEMOS cone walk
d23a7acbe90eab2df112,cross_validator,monte_carlo.py,169,0,pattern_kind_miss,"    model_prob_up: Optional[float] = None,",float,instruments.*.fundamental.marketCapFloat;instruments.*.fundamental.shortIntToFloat,chains.callExpDateMap.*.totalVolume;chains.putExpDateMap.*.totalVolume;quotes.quote.totalVolume,V3 G2 cross-validator (CSV vocabulary),NOT_MARKET_DATA,,,NOT_MARKET_DATA: scoped mechanical classifier tail; production wire reads tracked in governance/SCHWAB_V4_REVIEW_MEMOS cone walk
0640c474f7287a194f36,cross_validator,monte_carlo.py,170,0,pattern_kind_miss,"    model_prob_down: Optional[float] = None,",float,instruments.*.fundamental.marketCapFloat;instruments.*.fundamental.shortIntToFloat,chains.callExpDateMap.*.totalVolume;chains.putExpDateMap.*.totalVolume;quotes.quote.totalVolume,V3 G2 cross-validator (CSV vocabulary),NOT_MARKET_DATA,,,NOT_MARKET_DATA: scoped mechanical classifier tail; production wire reads tracked in governance/SCHWAB_V4_REVIEW_MEMOS cone walk
e7e0403149ca1d2e892f,cross_validator,monte_carlo.py,174,0,pattern_kind_miss,"    garch_sigma_bars: Optional[list] = None,  # per-bar sigma forecast from GARCH+blend",list per bar,chains.callExpDateMap.*.optionDeliverablesList;chains.callExpDateMap.*.optionDeliverablesList.*;chains.callExpDateMap.*.optionDeliverablesList.*.assetType;chains.callExpDateMap.*.optionDeliverablesList.*.currencyType;chains.callExpDateMap.*.optionDeliverablesList.*.deliverableUnits;chains.callExpDateMap.*.optionDeliverablesList.*.symbol;chains.putExpDateMap.*.optionDeliverablesList;chains.putExpDateMap.*.optionDeliverablesList.*;chains.putExpDateMap.*.optionDeliverablesList.*.assetType;chains.putExpDateMap.*.optionDeliverablesList.*.currencyType;chains.putExpDateMap.*.optionDeliverablesList.*.deliverableUnits;chains.putExpDateMap.*.optionDeliverablesList.*.symbol;instruments.*.fundamental.bookValuePerShare,chains.callExpDateMap.*.rho;chains.callExpDateMap.*.askSize;chains.callExpDateMap.*.gamma,V3 G2 cross-validator (CSV vocabulary),NOT_MARKET_DATA,,,NOT_MARKET_DATA: scoped mechanical classifier tail; production wire reads tracked in governance/SCHWAB_V4_REVIEW_MEMOS cone walk
77761bd1f0d77a885f74,cross_validator,monte_carlo.py,177,0,pattern_kind_miss,    Run regime-aware stochastic-volatility Monte Carlo simulation.,regime volatility,chains.callExpDateMap.*.theoreticalVolatility;chains.callExpDateMap.*.volatility;chains.putExpDateMap.*.theoreticalVolatility;chains.putExpDateMap.*.volatility;chains.volatility,chains.putExpDateMap.*.theoreticalVolatility;chains.callExpDateMap.*.theoreticalVolatility;chains.volatility,V3 G2 cross-validator (CSV vocabulary),NOT_MARKET_DATA,,,NOT_MARKET_DATA: scoped mechanical classifier tail; production wire reads tracked in governance/SCHWAB_V4_REVIEW_MEMOS cone walk
4dd4c5817b7803701b64,cross_validator,monte_carlo.py,179,0,pattern_kind_miss,"    v2: sigma blended + regime-scaled + stochastic per-step,",regime per,instruments.*.fundamental.bookValuePerShare,chains.callExpDateMap.*.delta;chains.callExpDateMap.*.theta;chains.callExpDateMap.*.vega,V3 G2 cross-validator (CSV vocabulary),NOT_MARKET_DATA,,,NOT_MARKET_DATA: scoped mechanical classifier tail; production wire reads tracked in governance/SCHWAB_V4_REVIEW_MEMOS cone walk
f57555538c5b13d3d267,cross_validator,monte_carlo.py,180,0,pattern_kind_miss,"    drift model-derived + confidence-scaled + regime-damped,",model regime,,quotes.extended.bidSize;quotes.extended.askSize;chains.callExpDateMap.*.delta,V3 G2 cross-validator (CSV vocabulary),NOT_MARKET_DATA,,,NOT_MARKET_DATA: scoped mechanical classifier tail; production wire reads tracked in governance/SCHWAB_V4_REVIEW_MEMOS cone walk
6d16345b04ae6ee97b09,cross_validator,monte_carlo.py,182,0,pattern_kind_miss,"    v3: accepts GARCH per-bar sigma forecast. When provided, each MC step",per bar,instruments.*.fundamental.bookValuePerShare,chains.callExpDateMap.*.theta;chains.callExpDateMap.*.rho;chains.callExpDateMap.*.vega,V3 G2 cross-validator (CSV vocabulary),NOT_MARKET_DATA,,,NOT_MARKET_DATA: scoped mechanical classifier tail; production wire reads tracked in governance/SCHWAB_V4_REVIEW_MEMOS cone walk
04561ae3b758c88a8dfd,cross_validator,monte_carlo.py,183,0,pattern_kind_miss,    uses the GARCH-forecasted sigma for THAT bar (capturing vol clustering),the bar,chains.callExpDateMap.*.inTheMoney;chains.putExpDateMap.*.inTheMoney,chains.callExpDateMap.*.theta;chains.putExpDateMap.*.theta;chains.putExpDateMap.*.theoreticalVolatility,V3 G2 cross-validator (CSV vocabulary),NOT_MARKET_DATA,,,NOT_MARKET_DATA: scoped mechanical classifier tail; production wire reads tracked in governance/SCHWAB_V4_REVIEW_MEMOS cone walk
bd0e9ee86d1b2ee9db1f,cross_validator,monte_carlo.py,184,0,pattern_kind_miss,    instead of a flat constant. Regime multiplier + stochastic vol still applied.,regime multiplier,chains.callExpDateMap.*.multiplier;chains.putExpDateMap.*.multiplier,chains.putExpDateMap.*.theoreticalVolatility;chains.callExpDateMap.*.theoreticalVolatility;chains.callExpDateMap.*.volatility,V3 G2 cross-validator (CSV vocabulary),NOT_MARKET_DATA,,,NOT_MARKET_DATA: scoped mechanical classifier tail; production wire reads tracked in governance/SCHWAB_V4_REVIEW_MEMOS cone walk
8e701bbb770da227dde8,cross_validator,monte_carlo.py,188,0,pattern_kind_miss,"        return _fallback(""invalid spot price"")",return price,instruments.*.fundamental.returnOnAssets;instruments.*.fundamental.returnOnEquity;instruments.*.fundamental.returnOnInvestment;chains.callExpDateMap.*.closePrice;chains.callExpDateMap.*.highPrice;chains.callExpDateMap.*.lowPrice;chains.callExpDateMap.*.openPrice;chains.callExpDateMap.*.strikePrice;chains.putExpDateMap.*.closePrice;chains.putExpDateMap.*.highPrice;chains.putExpDateMap.*.lowPrice;chains.putExpDateMap.*.openPrice;chains.putExpDateMap.*.strikePrice;chains.underlying.highPrice;chains.underlying.lowPrice;chains.underlying.openPrice;chains.underlyingPrice;movers.screeners.*.lastPrice;quotes.extended.askPrice;quotes.extended.bidPrice;quotes.extended.lastPrice;quotes.quote.askPrice;quotes.quote.bidPrice;quotes.quote.closePrice;quotes.quote.highPrice,chains.callExpDateMap.*.bidSize;chains.callExpDateMap.*.theoreticalVolatility;chains.putExpDateMap.*.theoreticalVolatility,V3 G2 cross-validator (CSV vocabulary),NOT_MARKET_DATA,,,NOT_MARKET_DATA: scoped mechanical classifier tail; production wire reads tracked in governance/SCHWAB_V4_REVIEW_MEMOS cone walk
0ff9003c88baa1b6568b,cross_validator,monte_carlo.py,190,0,pattern_kind_miss,"        return _fallback(""invalid IV"")",return,instruments.*.fundamental.returnOnAssets;instruments.*.fundamental.returnOnEquity;instruments.*.fundamental.returnOnInvestment,chains.callExpDateMap.*.theoreticalVolatility;chains.callExpDateMap.*.bidSize;chains.putExpDateMap.*.theoreticalVolatility,V3 G2 cross-validator (CSV vocabulary),NOT_MARKET_DATA,,,NOT_MARKET_DATA: scoped mechanical classifier tail; production wire reads tracked in governance/SCHWAB_V4_REVIEW_MEMOS cone walk
e01d959716bd4bc3d468,cross_validator,monte_carlo.py,195,0,pattern_kind_miss,"        # Regime multiplier (applied to ALL sigma sources); missing regime → baseline 1.0 (not ""unknown"")",regime multiplier unknown,chains.callExpDateMap.*.multiplier;chains.putExpDateMap.*.multiplier,chains.callExpDateMap.*.rho;chains.putExpDateMap.*.rho;chains.putExpDateMap.*.vega,V3 G2 cross-validator (CSV vocabulary),NOT_MARKET_DATA,,,NOT_MARKET_DATA: scoped mechanical classifier tail; production wire reads tracked in governance/SCHWAB_V4_REVIEW_MEMOS cone walk
0f21f8f9d1b60bc5495b,cross_validator,monte_carlo.py,196,0,pattern_kind_miss,        if regime:,regime,,streaming.content.*.BID_SIZE;quotes.extended.bidSize;chains.underlying.bidSize,V3 G2 cross-validator (CSV vocabulary),NOT_MARKET_DATA,,,NOT_MARKET_DATA: scoped mechanical classifier tail; production wire reads tracked in governance/SCHWAB_V4_REVIEW_MEMOS cone walk
c9aecdb2cdc01223c1c6,cross_validator,monte_carlo.py,197,0,pattern_kind_miss,"            r_mult = REGIME_SIGMA_MULT.get(regime, 1.0)",regime,,streaming.content.*.REGULAR_MARKET_TRADE_MILLIS;streaming.content.*.BID_SIZE;streaming.content.*.REGULAR_MARKET_LAST_PRICE,V3 G2 cross-validator (CSV vocabulary),NOT_MARKET_DATA,,,NOT_MARKET_DATA: scoped mechanical classifier tail; production wire reads tracked in governance/SCHWAB_V4_REVIEW_MEMOS cone walk
de7660d2f42902e5d28a,cross_validator,monte_carlo.py,200,0,pattern_kind_miss,"        if regime_confidence == ""high"":",high,chains.callExpDateMap.*.highPrice;chains.putExpDateMap.*.highPrice;chains.underlying.fiftyTwoWeekHigh;chains.underlying.highPrice;pricehistory.candles.*.high;quotes.quote.52WeekHigh;quotes.quote.highPrice;streaming.content.*.HIGH_PRICE;streaming.content.*.HIGH_PRICE_52_WEEK,chains.underlying.bidSize;quotes.extended.bidSize;quotes.quote.bidSize,V3 G2 cross-validator (CSV vocabulary),NOT_MARKET_DATA,,,NOT_MARKET_DATA: scoped mechanical classifier tail; production wire reads tracked in governance/SCHWAB_V4_REVIEW_MEMOS cone walk
b685cada99620cd82db3,cross_validator,monte_carlo.py,204,0,pattern_kind_miss,"        elif regime_confidence == ""low"":",low,chains.callExpDateMap.*.lowPrice;chains.putExpDateMap.*.lowPrice;chains.underlying.fiftyTwoWeekLow;chains.underlying.lowPrice;pricehistory.candles.*.low;quotes.quote.52WeekLow;quotes.quote.lowPrice;streaming.content.*.LOW_PRICE;streaming.content.*.LOW_PRICE_52_WEEK,quotes.extended.bidSize;quotes.quote.bidSize;chains.underlying.bidSize,V3 G2 cross-validator (CSV vocabulary),NOT_MARKET_DATA,,,NOT_MARKET_DATA: scoped mechanical classifier tail; production wire reads tracked in governance/SCHWAB_V4_REVIEW_MEMOS cone walk
abe866fed34a4846c9f1,cross_validator,monte_carlo.py,209,0,pattern_kind_miss,        # Determine sigma source: GARCH per-bar or flat blend,per bar,instruments.*.fundamental.bookValuePerShare,chains.callExpDateMap.*.rho;chains.callExpDateMap.*.theta;chains.callExpDateMap.*.vega,V3 G2 cross-validator (CSV vocabulary),NOT_MARKET_DATA,,,NOT_MARKET_DATA: scoped mechanical classifier tail; production wire reads tracked in governance/SCHWAB_V4_REVIEW_MEMOS cone walk
4dda6fcc4dff93bb8118,cross_validator,monte_carlo.py,214,0,pattern_kind_miss,            # GARCH provides pre-blended per-bar sigma (already includes IV+RV blend + floor),pre per bar,market_hours.bond.BON.sessionHours.preMarket;market_hours.bond.BON.sessionHours.preMarket.*;market_hours.bond.BON.sessionHours.preMarket.*.end;market_hours.bond.BON.sessionHours.preMarket.*.start;market_hours.equity.EQ.sessionHours.preMarket;market_hours.equity.EQ.sessionHours.preMarket.*;market_hours.equity.EQ.sessionHours.preMarket.*.end;market_hours.equity.EQ.sessionHours.preMarket.*.start;instruments.*.fundamental.bookValuePerShare,chains.callExpDateMap.*.rho;chains.callExpDateMap.*.bidSize;chains.callExpDateMap.*.vega,V3 G2 cross-validator (CSV vocabulary),NOT_MARKET_DATA,,,NOT_MARKET_DATA: scoped mechanical classifier tail; production wire reads tracked in governance/SCHWAB_V4_REVIEW_MEMOS cone walk
6943500b24b132538424,cross_validator,monte_carlo.py,215,0,pattern_kind_miss,            # Apply regime multiplier on top,regime multiplier,chains.callExpDateMap.*.multiplier;chains.putExpDateMap.*.multiplier,chains.putExpDateMap.*.theoreticalVolatility;chains.putExpDateMap.*.totalVolume;chains.putExpDateMap.*.volatility,V3 G2 cross-validator (CSV vocabulary),NOT_MARKET_DATA,,,NOT_MARKET_DATA: scoped mechanical classifier tail; production wire reads tracked in governance/SCHWAB_V4_REVIEW_MEMOS cone walk
006a569ddd0977367320,cross_validator,monte_carlo.py,217,0,pattern_kind_miss,"            # For reporting, use the average",the,chains.callExpDateMap.*.inTheMoney;chains.putExpDateMap.*.inTheMoney,movers.screeners.*.totalVolume;quotes.regular.regularMarketLastSize;chains.putExpDateMap.*.rho,V3 G2 cross-validator (CSV vocabulary),NOT_MARKET_DATA,,,NOT_MARKET_DATA: scoped mechanical classifier tail; production wire reads tracked in governance/SCHWAB_V4_REVIEW_MEMOS cone walk
d7a0ca2ed1a540119dce,cross_validator,monte_carlo.py,220,0,pattern_kind_miss,            sigma_bar = sum(base_sigma_bars) / len(base_sigma_bars)  # avg for drift calc,avg,instruments.*.fundamental.vol10DayAvg;instruments.*.fundamental.vol1DayAvg;instruments.*.fundamental.vol3MonthAvg,chains.callExpDateMap.*.askSize;chains.callExpDateMap.*.bidSize;chains.putExpDateMap.*.askSize,V3 G2 cross-validator (CSV vocabulary),NOT_MARKET_DATA,,,NOT_MARKET_DATA: scoped mechanical classifier tail; production wire reads tracked in governance/SCHWAB_V4_REVIEW_MEMOS cone walk
1496144db0b0c0b6627c,cross_validator,monte_carlo.py,238,0,pattern_kind_miss,"            regime, model_prob_up, model_prob_down,",regime,,pricehistory.candles.*.volume;quotes.extended.totalVolume;chains.callExpDateMap.*.totalVolume,V3 G2 cross-validator (CSV vocabulary),NOT_MARKET_DATA,,,NOT_MARKET_DATA: scoped mechanical classifier tail; production wire reads tracked in governance/SCHWAB_V4_REVIEW_MEMOS cone walk
714b7b8c37bb347f3227,cross_validator,monte_carlo.py,243,0,pattern_kind_miss,        shock_cfg = SHOCK_CONFIG.get(regime),regime,,streaming.content.*.ASKS;streaming.content.*.ASK_SIZE;streaming.content.*.BIDS,V3 G2 cross-validator (CSV vocabulary),NOT_MARKET_DATA,,,NOT_MARKET_DATA: scoped mechanical classifier tail; production wire reads tracked in governance/SCHWAB_V4_REVIEW_MEMOS cone walk
5d12dcef1183e4a91a56,cross_validator,monte_carlo.py,250,0,pattern_kind_miss,"        # 6. Generate paths step-by-step (vectorized across paths, loop over time)",time,chains.callExpDateMap.*.quoteTimeInLong;chains.callExpDateMap.*.timeValue;chains.callExpDateMap.*.tradeTimeInLong;chains.putExpDateMap.*.quoteTimeInLong;chains.putExpDateMap.*.timeValue;chains.putExpDateMap.*.tradeTimeInLong;chains.underlying.quoteTime;chains.underlying.tradeTime;quotes.extended.quoteTime;quotes.extended.tradeTime;quotes.quote.askTime;quotes.quote.bidTime;quotes.quote.quoteTime;quotes.quote.tradeTime;quotes.regular.regularMarketTradeTime;streaming.content.*.ASK_TIME_MILLIS;streaming.content.*.BID_TIME_MILLIS;streaming.content.*.BOOK_TIME;streaming.content.*.CHART_TIME_MILLIS;streaming.content.*.QUOTE_TIME_MILLIS;streaming.content.*.TRADE_TIME_MILLIS,chains.putExpDateMap.*.theta;chains.putExpDateMap.*.rho;chains.callExpDateMap.*.theta,V3 G2 cross-validator (CSV vocabulary),NOT_MARKET_DATA,,,NOT_MARKET_DATA: scoped mechanical classifier tail; production wire reads tracked in governance/SCHWAB_V4_REVIEW_MEMOS cone walk
a357ebb96f949e1fc942,cross_validator,monte_carlo.py,251,0,pattern_kind_miss,"        prices = np.full((n_paths, horizon_bars + 1), float(spot))",float,instruments.*.fundamental.marketCapFloat;instruments.*.fundamental.shortIntToFloat,chains.putExpDateMap.*.theoreticalVolatility;chains.callExpDateMap.*.theoreticalVolatility;chains.callExpDateMap.*.description,V3 G2 cross-validator (CSV vocabulary),NOT_MARKET_DATA,,,NOT_MARKET_DATA: scoped mechanical classifier tail; production wire reads tracked in governance/SCHWAB_V4_REVIEW_MEMOS cone walk
2b4b768c6b16d0c83130,cross_validator,monte_carlo.py,252,0,pattern_kind_miss,        # Initialize per-path sigma from the FIRST bar's forecast,per the bar,instruments.*.fundamental.bookValuePerShare;chains.callExpDateMap.*.inTheMoney;chains.putExpDateMap.*.inTheMoney,chains.putExpDateMap.*.theoreticalVolatility;chains.putExpDateMap.*.askSize;chains.volatility,V3 G2 cross-validator (CSV vocabulary),NOT_MARKET_DATA,,,NOT_MARKET_DATA: scoped mechanical classifier tail; production wire reads tracked in governance/SCHWAB_V4_REVIEW_MEMOS cone walk
55223895b79a032c7b13,cross_validator,monte_carlo.py,253,0,pattern_kind_miss,"        sigmas = np.full(n_paths, float(base_sigma_bars[0]))",float,instruments.*.fundamental.marketCapFloat;instruments.*.fundamental.shortIntToFloat,chains.callExpDateMap.*.askSize;chains.putExpDateMap.*.askSize;chains.callExpDateMap.*.gamma,V3 G2 cross-validator (CSV vocabulary),NOT_MARKET_DATA,,,NOT_MARKET_DATA: scoped mechanical classifier tail; production wire reads tracked in governance/SCHWAB_V4_REVIEW_MEMOS cone walk
5f1d0f344ee9edc107e6,cross_validator,monte_carlo.py,256,0,pattern_kind_miss,            # 6a. Reset sigma center to GARCH forecast for this bar,bar,,streaming.content.*.ASKS;streaming.content.*.ASK_SIZE;chains.callExpDateMap.*.theta,V3 G2 cross-validator (CSV vocabulary),NOT_MARKET_DATA,,,NOT_MARKET_DATA: scoped mechanical classifier tail; production wire reads tracked in governance/SCHWAB_V4_REVIEW_MEMOS cone walk
c9b39af6808f0df4772d,cross_validator,monte_carlo.py,292,0,pattern_kind_miss,        efe = float(np.mean(max_highs - spot)),float,instruments.*.fundamental.marketCapFloat;instruments.*.fundamental.shortIntToFloat,chains.putExpDateMap.*.theta;chains.putExpDateMap.*.gamma;chains.putExpDateMap.*.rho,V3 G2 cross-validator (CSV vocabulary),NOT_MARKET_DATA,,,NOT_MARKET_DATA: scoped mechanical classifier tail; production wire reads tracked in governance/SCHWAB_V4_REVIEW_MEMOS cone walk
c8543967046038477fbe,cross_validator,monte_carlo.py,293,0,pattern_kind_miss,        eae = float(np.mean(spot - max_lows)),float,instruments.*.fundamental.marketCapFloat;instruments.*.fundamental.shortIntToFloat,chains.callExpDateMap.*.totalVolume;chains.putExpDateMap.*.totalVolume;chains.callExpDateMap.*.theta,V3 G2 cross-validator (CSV vocabulary),NOT_MARKET_DATA,,,NOT_MARKET_DATA: scoped mechanical classifier tail; production wire reads tracked in governance/SCHWAB_V4_REVIEW_MEMOS cone walk
ebd9012fb30a49fe7f50,cross_validator,monte_carlo.py,299,0,pattern_kind_miss,"            prob_touch_upper = float(np.mean(np.any(paths >= call_gamma_wall, axis=1)))",float,instruments.*.fundamental.marketCapFloat;instruments.*.fundamental.shortIntToFloat,chains.callExpDateMap.*.exchangeName;chains.callExpDateMap.*.theoreticalVolatility;chains.callExpDateMap.*.multiplier,V3 G2 cross-validator (CSV vocabulary),NOT_MARKET_DATA,,,NOT_MARKET_DATA: scoped mechanical classifier tail; production wire reads tracked in governance/SCHWAB_V4_REVIEW_MEMOS cone walk
57b5e2f7a4e954f6d659,cross_validator,monte_carlo.py,301,0,pattern_kind_miss,"            prob_touch_lower = float(np.mean(np.any(paths <= put_gamma_wall, axis=1)))",float,instruments.*.fundamental.marketCapFloat;instruments.*.fundamental.shortIntToFloat,chains.putExpDateMap.*.theoreticalVolatility;chains.callExpDateMap.*.totalVolume;chains.callExpDateMap.*.theoreticalOptionValue,V3 G2 cross-validator (CSV vocabulary),NOT_MARKET_DATA,,,NOT_MARKET_DATA: scoped mechanical classifier tail; production wire reads tracked in governance/SCHWAB_V4_REVIEW_MEMOS cone walk
60a17dfa5519bebb1f73,cross_validator,monte_carlo.py,303,0,pattern_kind_miss,        # EM exceedance (prob_exceed uses full-session EM),session,market_hours.bond.BON.sessionHours;market_hours.bond.BON.sessionHours.postMarket;market_hours.bond.BON.sessionHours.postMarket.*;market_hours.bond.BON.sessionHours.postMarket.*.end;market_hours.bond.BON.sessionHours.postMarket.*.start;market_hours.bond.BON.sessionHours.preMarket;market_hours.bond.BON.sessionHours.preMarket.*;market_hours.bond.BON.sessionHours.preMarket.*.end;market_hours.bond.BON.sessionHours.preMarket.*.start;market_hours.bond.BON.sessionHours.regularMarket;market_hours.bond.BON.sessionHours.regularMarket.*;market_hours.bond.BON.sessionHours.regularMarket.*.end;market_hours.bond.BON.sessionHours.regularMarket.*.start;market_hours.equity.EQ.sessionHours;market_hours.equity.EQ.sessionHours.postMarket;market_hours.equity.EQ.sessionHours.postMarket.*;market_hours.equity.EQ.sessionHours.postMarket.*.end;market_hours.equity.EQ.sessionHours.postMarket.*.start;market_hours.equity.EQ.sessionHours.preMarket;market_hours.equity.EQ.sessionHours.preMarket.*;market_hours.equity.EQ.sessionHours.preMarket.*.end;market_hours.equity.EQ.sessionHours.preMarket.*.start;market_hours.equity.EQ.sessionHours.regularMarket;market_hours.equity.EQ.sessionHours.regularMarket.*;market_hours.equity.EQ.sessionHours.regularMarket.*.end,chains.putExpDateMap.*.high52Week;chains.putExpDateMap.*.low52Week;quotes.quote.52WeekHigh,V3 G2 cross-validator (CSV vocabulary),NOT_MARKET_DATA,,,NOT_MARKET_DATA: scoped mechanical classifier tail; production wire reads tracked in governance/SCHWAB_V4_REVIEW_MEMOS cone walk
5cf5535dc20146368cf8,cross_validator,monte_carlo.py,308,0,pattern_kind_miss,            prob_exceed_up   = float(np.mean(exceed_up)),float,instruments.*.fundamental.marketCapFloat;instruments.*.fundamental.shortIntToFloat,chains.putExpDateMap.*.high52Week;chains.putExpDateMap.*.bidSize;chains.putExpDateMap.*.delta,V3 G2 cross-validator (CSV vocabulary),NOT_MARKET_DATA,,,NOT_MARKET_DATA: scoped mechanical classifier tail; production wire reads tracked in governance/SCHWAB_V4_REVIEW_MEMOS cone walk
4cbef1a9d7cfed6d4aca,cross_validator,monte_carlo.py,309,0,pattern_kind_miss,            prob_exceed_down = float(np.mean(exceed_down)),float,instruments.*.fundamental.marketCapFloat;instruments.*.fundamental.shortIntToFloat,quotes.extended.bidSize;quotes.extended.askSize;chains.putExpDateMap.*.bidSize,V3 G2 cross-validator (CSV vocabulary),NOT_MARKET_DATA,,,NOT_MARKET_DATA: scoped mechanical classifier tail; production wire reads tracked in governance/SCHWAB_V4_REVIEW_MEMOS cone walk
a88cbc812ef87160c440,cross_validator,monte_carlo.py,320,0,pattern_kind_miss,                containment = float(np.mean(~(exceed_up_mc | exceed_down_mc))),float,instruments.*.fundamental.marketCapFloat;instruments.*.fundamental.shortIntToFloat,chains.putExpDateMap.*.exchangeName;chains.callExpDateMap.*.exchangeName;chains.callExpDateMap.*.exerciseType,V3 G2 cross-validator (CSV vocabulary),NOT_MARKET_DATA,,,NOT_MARKET_DATA: scoped mechanical classifier tail; production wire reads tracked in governance/SCHWAB_V4_REVIEW_MEMOS cone walk
3f3130a81f1410ad9d27,cross_validator,monte_carlo.py,333,0,pattern_kind_miss,        dispersion = float(np.std(terminals)),float,instruments.*.fundamental.marketCapFloat;instruments.*.fundamental.shortIntToFloat,chains.putExpDateMap.*.theoreticalVolatility;chains.putExpDateMap.*.optionDeliverablesList.*.deliverableUnits;chains.putExpDateMap.*.optionDeliverablesList,V3 G2 cross-validator (CSV vocabulary),NOT_MARKET_DATA,,,NOT_MARKET_DATA: scoped mechanical classifier tail; production wire reads tracked in governance/SCHWAB_V4_REVIEW_MEMOS cone walk
4c3d32a5d0131fe88884,cross_validator,monte_carlo.py,334,0,pattern_kind_miss,        mean_t = float(np.mean(terminals)),float,instruments.*.fundamental.marketCapFloat;instruments.*.fundamental.shortIntToFloat,chains.callExpDateMap.*.tradeTimeInLong;chains.callExpDateMap.*.theta;chains.callExpDateMap.*.volatility,V3 G2 cross-validator (CSV vocabulary),NOT_MARKET_DATA,,,NOT_MARKET_DATA: scoped mechanical classifier tail; production wire reads tracked in governance/SCHWAB_V4_REVIEW_MEMOS cone walk
1ff412bfa7f87139f726,cross_validator,monte_carlo.py,335,0,pattern_kind_miss,        std_t = float(dispersion) if dispersion > 1e-12 else 1e-12,float,instruments.*.fundamental.marketCapFloat;instruments.*.fundamental.shortIntToFloat,quotes.quote.askSize;quotes.quote.bidSize;quotes.extended.askSize,V3 G2 cross-validator (CSV vocabulary),NOT_MARKET_DATA,,,NOT_MARKET_DATA: scoped mechanical classifier tail; production wire reads tracked in governance/SCHWAB_V4_REVIEW_MEMOS cone walk
de2fa2439e49b2b33f3a,cross_validator,monte_carlo.py,336,0,pattern_kind_miss,        skew = float(np.mean(((terminals - mean_t) / std_t) ** 3)),float,instruments.*.fundamental.marketCapFloat;instruments.*.fundamental.shortIntToFloat,chains.putExpDateMap.*.theta;chains.callExpDateMap.*.theta;chains.putExpDateMap.*.theoreticalVolatility,V3 G2 cross-validator (CSV vocabulary),NOT_MARKET_DATA,,,NOT_MARKET_DATA: scoped mechanical classifier tail; production wire reads tracked in governance/SCHWAB_V4_REVIEW_MEMOS cone walk
50fb68a2a2bf15d21b18,cross_validator,monte_carlo.py,338,0,pattern_kind_miss,        volatility = dispersion,volatility,chains.callExpDateMap.*.theoreticalVolatility;chains.callExpDateMap.*.volatility;chains.putExpDateMap.*.theoreticalVolatility;chains.putExpDateMap.*.volatility;chains.volatility,chains.volatility;chains.putExpDateMap.*.theoreticalVolatility;chains.callExpDateMap.*.theoreticalVolatility,V3 G2 cross-validator (CSV vocabulary),NOT_MARKET_DATA,,,NOT_MARKET_DATA: scoped mechanical classifier tail; production wire reads tracked in governance/SCHWAB_V4_REVIEW_MEMOS cone walk
6c8ccfff9bef72045a07,cross_validator,monte_carlo.py,340,0,pattern_kind_miss,"            tail_risk = float(max(prob_exceed_up, prob_exceed_down))",float,instruments.*.fundamental.marketCapFloat;instruments.*.fundamental.shortIntToFloat,chains.callExpDateMap.*.bidSize;chains.putExpDateMap.*.bidSize;chains.callExpDateMap.*.askSize,V3 G2 cross-validator (CSV vocabulary),NOT_MARKET_DATA,,,NOT_MARKET_DATA: scoped mechanical classifier tail; production wire reads tracked in governance/SCHWAB_V4_REVIEW_MEMOS cone walk
f16678a6a3d198c25ce4,cross_validator,monte_carlo.py,345,0,pattern_kind_miss,"            p95 = float(np.percentile(terminals, 95))",float,instruments.*.fundamental.marketCapFloat;instruments.*.fundamental.shortIntToFloat,chains.putExpDateMap.*.theoreticalVolatility;chains.putExpDateMap.*.volatility;chains.callExpDateMap.*.volatility,V3 G2 cross-validator (CSV vocabulary),NOT_MARKET_DATA,,,NOT_MARKET_DATA: scoped mechanical classifier tail; production wire reads tracked in governance/SCHWAB_V4_REVIEW_MEMOS cone walk
b4aec54e1d93e71670ea,cross_validator,monte_carlo.py,346,0,pattern_kind_miss,"            p5 = float(np.percentile(terminals, 5))",float,instruments.*.fundamental.marketCapFloat;instruments.*.fundamental.shortIntToFloat,chains.putExpDateMap.*.theoreticalVolatility;chains.putExpDateMap.*.volatility;chains.callExpDateMap.*.theoreticalVolatility,V3 G2 cross-validator (CSV vocabulary),NOT_MARKET_DATA,,,NOT_MARKET_DATA: scoped mechanical classifier tail; production wire reads tracked in governance/SCHWAB_V4_REVIEW_MEMOS cone walk
80b8969be6abd2220c97,cross_validator,monte_carlo.py,348,0,pattern_kind_miss,"            tail_risk = float(min(1.0, max(0.0, span / 0.12)))",float,instruments.*.fundamental.marketCapFloat;instruments.*.fundamental.shortIntToFloat,chains.callExpDateMap.*.multiplier;chains.callExpDateMap.*.description;chains.putExpDateMap.*.multiplier,V3 G2 cross-validator (CSV vocabulary),NOT_MARKET_DATA,,,NOT_MARKET_DATA: scoped mechanical classifier tail; production wire reads tracked in governance/SCHWAB_V4_REVIEW_MEMOS cone walk
01f725b27e25b76d0478,cross_validator,monte_carlo.py,351,0,pattern_kind_miss,        return MonteCarloOutput(,return,instruments.*.fundamental.returnOnAssets;instruments.*.fundamental.returnOnEquity;instruments.*.fundamental.returnOnInvestment,quotes.quote.totalVolume;chains.putExpDateMap.*.totalVolume;market_hours.future.RTY.isOpen,V3 G2 cross-validator (CSV vocabulary),NOT_MARKET_DATA,,,NOT_MARKET_DATA: scoped mechanical classifier tail; production wire reads tracked in governance/SCHWAB_V4_REVIEW_MEMOS cone walk
428b0d7bf2f0233a0a96,cross_validator,monte_carlo.py,367,0,pattern_kind_miss,"            volatility=round(volatility, 6),",volatility,chains.callExpDateMap.*.theoreticalVolatility;chains.callExpDateMap.*.volatility;chains.putExpDateMap.*.theoreticalVolatility;chains.putExpDateMap.*.volatility;chains.volatility,chains.callExpDateMap.*.theoreticalVolatility;chains.volatility;chains.putExpDateMap.*.theoreticalVolatility,V3 G2 cross-validator (CSV vocabulary),NOT_MARKET_DATA,,,NOT_MARKET_DATA: scoped mechanical classifier tail; production wire reads tracked in governance/SCHWAB_V4_REVIEW_MEMOS cone walk
74baadaeeaa1efad9916,cross_validator,monte_carlo.py,388,0,pattern_kind_miss,"        return _fallback(f""simulation error: {e}"")",return,instruments.*.fundamental.returnOnAssets;instruments.*.fundamental.returnOnEquity;instruments.*.fundamental.returnOnInvestment,quotes.regular.regularMarketLastSize;quotes.quote.askSize;chains.callExpDateMap.*.bidSize,V3 G2 cross-validator (CSV vocabulary),NOT_MARKET_DATA,,,NOT_MARKET_DATA: scoped mechanical classifier tail; production wire reads tracked in governance/SCHWAB_V4_REVIEW_MEMOS cone walk
65a0c46b47fba7a1b5d6,cross_validator,monte_carlo.py,392,0,pattern_kind_miss,"    """"""Return safe fallback when simulation can't run.""""""",return,instruments.*.fundamental.returnOnAssets;instruments.*.fundamental.returnOnEquity;instruments.*.fundamental.returnOnInvestment,pricehistory.candles;pricehistory.candles.*;pricehistory.candles.*.low,V3 G2 cross-validator (CSV vocabulary),NOT_MARKET_DATA,,,NOT_MARKET_DATA: scoped mechanical classifier tail; production wire reads tracked in governance/SCHWAB_V4_REVIEW_MEMOS cone walk
13f6b2457297490d4b11,cross_validator,monte_carlo.py,394,0,pattern_kind_miss,"    return MonteCarloOutput(available=False, fallback_used=True, model_version=f""fallback ({reason})"")",return,instruments.*.fundamental.returnOnAssets;instruments.*.fundamental.returnOnEquity;instruments.*.fundamental.returnOnInvestment,chains.callExpDateMap.*.totalVolume;chains.callExpDateMap.*.theoreticalVolatility;chains.putExpDateMap.*.theoreticalVolatility,V3 G2 cross-validator (CSV vocabulary),NOT_MARKET_DATA,,,NOT_MARKET_DATA: scoped mechanical classifier tail; production wire reads tracked in governance/SCHWAB_V4_REVIEW_MEMOS cone walk
6a78a8afb7d61b60c0ba,cross_validator,monte_carlo.py,415,0,pattern_kind_miss,"    r_pin = simulate(spot=570.0, iv=0.18, regime=""pinning"", regime_confidence=""high"",",regime high,chains.callExpDateMap.*.highPrice;chains.putExpDateMap.*.highPrice;chains.underlying.fiftyTwoWeekHigh;chains.underlying.highPrice;pricehistory.candles.*.high;quotes.quote.52WeekHigh;quotes.quote.highPrice;streaming.content.*.HIGH_PRICE;streaming.content.*.HIGH_PRICE_52_WEEK,chains.putExpDateMap.*.optionDeliverablesList.*.deliverableUnits;chains.callExpDateMap.*.optionDeliverablesList.*.deliverableUnits;chains.putExpDateMap.*.bidSize,V3 G2 cross-validator (CSV vocabulary),NOT_MARKET_DATA,,,NOT_MARKET_DATA: scoped mechanical classifier tail; production wire reads tracked in governance/SCHWAB_V4_REVIEW_MEMOS cone walk
4bda64346f1059a00067,cross_validator,monte_carlo.py,419,0,pattern_kind_miss,"    r_brk = simulate(spot=570.0, iv=0.18, regime=""breakout"", regime_confidence=""high"",",regime high,chains.callExpDateMap.*.highPrice;chains.putExpDateMap.*.highPrice;chains.underlying.fiftyTwoWeekHigh;chains.underlying.highPrice;pricehistory.candles.*.high;quotes.quote.52WeekHigh;quotes.quote.highPrice;streaming.content.*.HIGH_PRICE;streaming.content.*.HIGH_PRICE_52_WEEK,chains.putExpDateMap.*.bidSize;chains.callExpDateMap.*.bidSize;chains.putExpDateMap.*.rho,V3 G2 cross-validator (CSV vocabulary),NOT_MARKET_DATA,,,NOT_MARKET_DATA: scoped mechanical classifier tail; production wire reads tracked in governance/SCHWAB_V4_REVIEW_MEMOS cone walk
69bc218184b4eec10a5b,cross_validator,monte_carlo.py,425,0,pattern_kind_miss,"    print(""\n  ✅ Regime differences verified. PASS"")",regime,,quotes.extended.bidSize;chains.putExpDateMap.*.bidSize;quotes.extended.askSize,V3 G2 cross-validator (CSV vocabulary),NOT_MARKET_DATA,,,NOT_MARKET_DATA: scoped mechanical classifier tail; production wire reads tracked in governance/SCHWAB_V4_REVIEW_MEMOS cone walk
