canonical_field,source_endpoints,example_raw_field,category,likely_use,priority,first_seen,last_seen
chains.assetMainType,chains,assetMainType,unknown,ui_only,low,,2026-08-15
chains.assetSubType,chains,assetSubType,unknown,unknown,low,,2026-08-15
chains.callExpDateMap,chains,callExpDateMap,options_chain,unknown,medium,,2026-08-15
chains.callExpDateMap.*,chains,callExpDateMap.2028-12-15:955.760.0.0,options_chain,unknown,medium,,2026-08-15
chains.callExpDateMap.*.ask,chains,callExpDateMap.2028-12-15:955.760.0.0.ask,bid_ask,unknown,medium,,2026-08-15
chains.callExpDateMap.*.askSize,chains,callExpDateMap.2028-12-15:955.760.0.0.askSize,bid_ask,direct_order_flow,high,,2026-08-15
chains.callExpDateMap.*.bid,chains,callExpDateMap.2028-12-15:955.760.0.0.bid,bid_ask,unknown,medium,,2026-08-15
chains.callExpDateMap.*.bidAskSize,chains,callExpDateMap.2028-12-15:955.760.0.0.bidAskSize,options_chain,unknown,medium,,2026-08-15
chains.callExpDateMap.*.bidSize,chains,callExpDateMap.2028-12-15:955.760.0.0.bidSize,bid_ask,direct_order_flow,high,,2026-08-15
chains.callExpDateMap.*.breakEven,chains,callExpDateMap.*.breakEven,unclassified,unreviewed,unreviewed,2026-08-15,2026-08-15
chains.callExpDateMap.*.closePrice,chains,callExpDateMap.2028-12-15:955.760.0.0.closePrice,bid_ask,unknown,medium,,2026-08-15
chains.callExpDateMap.*.daysToExpiration,chains,callExpDateMap.2028-12-15:955.760.0.0.daysToExpiration,options_chain,unknown,medium,,2026-08-15
chains.callExpDateMap.*.deliverableNote,chains,callExpDateMap.2028-12-15:955.760.0.0.deliverableNote,options_chain,unknown,medium,,2026-08-15
chains.callExpDateMap.*.delta,chains,callExpDateMap.2028-12-15:955.760.0.0.delta,greeks,risk_model,high,,2026-08-15
chains.callExpDateMap.*.description,chains,callExpDateMap.2028-12-15:955.760.0.0.description,options_chain,ui_only,low,,2026-08-15
chains.callExpDateMap.*.exchangeName,chains,callExpDateMap.2028-12-15:955.760.0.0.exchangeName,options_chain,ui_only,medium,,2026-08-15
chains.callExpDateMap.*.exerciseType,chains,callExpDateMap.2028-12-15:955.760.0.0.exerciseType,options_chain,unknown,medium,,2026-08-15
chains.callExpDateMap.*.expirationDate,chains,callExpDateMap.2028-12-15:955.760.0.0.expirationDate,options_chain,unknown,medium,,2026-08-15
chains.callExpDateMap.*.expirationType,chains,callExpDateMap.2028-12-15:955.760.0.0.expirationType,options_chain,unknown,medium,,2026-08-15
chains.callExpDateMap.*.extrinsicValue,chains,callExpDateMap.2028-12-15:955.760.0.0.extrinsicValue,options_chain,unknown,medium,,2026-08-15
chains.callExpDateMap.*.gamma,chains,callExpDateMap.2028-12-15:955.760.0.0.gamma,greeks,risk_model,high,,2026-08-15
chains.callExpDateMap.*.high52Week,chains,callExpDateMap.2028-12-15:955.760.0.0.high52Week,key_levels,key_levels,medium,,2026-08-15
chains.callExpDateMap.*.highPrice,chains,callExpDateMap.2028-12-15:955.760.0.0.highPrice,bid_ask,unknown,medium,,2026-08-15
chains.callExpDateMap.*.inTheMoney,chains,callExpDateMap.2028-12-15:955.760.0.0.inTheMoney,options_chain,unknown,medium,,2026-08-15
chains.callExpDateMap.*.intrinsicValue,chains,callExpDateMap.2028-12-15:955.760.0.0.intrinsicValue,options_chain,unknown,medium,,2026-08-15
chains.callExpDateMap.*.last,chains,callExpDateMap.2028-12-15:955.760.0.0.last,options_chain,unknown,medium,,2026-08-15
chains.callExpDateMap.*.lastSize,chains,callExpDateMap.2028-12-15:955.760.0.0.lastSize,volume,unknown,medium,,2026-08-15
chains.callExpDateMap.*.lastTradingDay,chains,callExpDateMap.2028-12-15:955.760.0.0.lastTradingDay,options_chain,unknown,medium,,2026-08-15
chains.callExpDateMap.*.low52Week,chains,callExpDateMap.2028-12-15:955.760.0.0.low52Week,key_levels,key_levels,medium,,2026-08-15
chains.callExpDateMap.*.lowPrice,chains,callExpDateMap.2028-12-15:955.760.0.0.lowPrice,bid_ask,unknown,medium,,2026-08-15
chains.callExpDateMap.*.mark,chains,callExpDateMap.2028-12-15:955.760.0.0.mark,bid_ask,unknown,high,,2026-08-15
chains.callExpDateMap.*.markChange,chains,callExpDateMap.2028-12-15:955.760.0.0.markChange,options_chain,unknown,medium,,2026-08-15
chains.callExpDateMap.*.markPercentChange,chains,callExpDateMap.2028-12-15:955.760.0.0.markPercentChange,options_chain,unknown,medium,,2026-08-15
chains.callExpDateMap.*.mini,chains,callExpDateMap.2028-12-15:955.760.0.0.mini,options_chain,unknown,medium,,2026-08-15
chains.callExpDateMap.*.multiplier,chains,callExpDateMap.2028-12-15:955.760.0.0.multiplier,options_chain,unknown,medium,,2026-08-15
chains.callExpDateMap.*.netChange,chains,callExpDateMap.2028-12-15:955.760.0.0.netChange,options_chain,unknown,medium,,2026-08-15
chains.callExpDateMap.*.nonStandard,chains,callExpDateMap.2028-12-15:955.760.0.0.nonStandard,options_chain,unknown,medium,,2026-08-15
chains.callExpDateMap.*.openInterest,chains,callExpDateMap.2028-12-15:955.760.0.0.openInterest,options_chain,order_flow_proxy,high,,2026-08-15
chains.callExpDateMap.*.openPrice,chains,callExpDateMap.2028-12-15:955.760.0.0.openPrice,bid_ask,unknown,medium,,2026-08-15
chains.callExpDateMap.*.optionDeliverablesList,chains,callExpDateMap.2028-12-15:955.760.0.0.optionDeliverablesList,options_chain,unknown,medium,,2026-08-15
chains.callExpDateMap.*.optionDeliverablesList.*,chains,callExpDateMap.2028-12-15:955.760.0.0.optionDeliverablesList.0,options_chain,unknown,medium,,2026-08-15
chains.callExpDateMap.*.optionDeliverablesList.*.assetType,chains,callExpDateMap.2028-12-15:955.760.0.0.optionDeliverablesList.0.assetType,options_chain,unknown,medium,,2026-08-15
chains.callExpDateMap.*.optionDeliverablesList.*.currencyType,chains,callExpDateMap.2028-12-15:955.760.0.0.optionDeliverablesList.0.currencyType,options_chain,unknown,medium,,2026-08-15
chains.callExpDateMap.*.optionDeliverablesList.*.deliverableUnits,chains,callExpDateMap.2028-12-15:955.760.0.0.optionDeliverablesList.0.deliverableUnits,options_chain,unknown,medium,,2026-08-15
chains.callExpDateMap.*.optionDeliverablesList.*.symbol,chains,callExpDateMap.2028-12-15:955.760.0.0.optionDeliverablesList.0.symbol,options_chain,unknown,medium,,2026-08-15
chains.callExpDateMap.*.optionRoot,chains,callExpDateMap.2028-12-15:955.760.0.0.optionRoot,options_chain,unknown,medium,,2026-08-15
chains.callExpDateMap.*.pennyPilot,chains,callExpDateMap.2028-12-15:955.760.0.0.pennyPilot,options_chain,unknown,medium,,2026-08-15
chains.callExpDateMap.*.percentChange,chains,callExpDateMap.2028-12-15:955.760.0.0.percentChange,options_chain,unknown,medium,,2026-08-15
chains.callExpDateMap.*.putCall,chains,callExpDateMap.2028-12-15:955.760.0.0.putCall,options_chain,unknown,medium,,2026-08-15
chains.callExpDateMap.*.quoteTimeInLong,chains,callExpDateMap.2028-12-15:955.760.0.0.quoteTimeInLong,time,unknown,medium,,2026-08-15
chains.callExpDateMap.*.rho,chains,callExpDateMap.2028-12-15:955.760.0.0.rho,greeks,risk_model,medium,,2026-08-15
chains.callExpDateMap.*.settlementType,chains,callExpDateMap.2028-12-15:955.760.0.0.settlementType,options_chain,unknown,medium,,2026-08-15
chains.callExpDateMap.*.ssid,chains,callExpDateMap.*.ssid,unclassified,unreviewed,unreviewed,2026-08-15,2026-08-15
chains.callExpDateMap.*.strikePrice,chains,callExpDateMap.2028-12-15:955.760.0.0.strikePrice,options_chain,unknown,medium,,2026-08-15
chains.callExpDateMap.*.symbol,chains,callExpDateMap.2028-12-15:955.760.0.0.symbol,options_chain,unknown,medium,,2026-08-15
chains.callExpDateMap.*.theoreticalOptionValue,chains,callExpDateMap.2028-12-15:955.760.0.0.theoreticalOptionValue,options_chain,unknown,medium,,2026-08-15
chains.callExpDateMap.*.theoreticalVolatility,chains,callExpDateMap.2028-12-15:955.760.0.0.theoreticalVolatility,volatility,risk_model,medium,,2026-08-15
chains.callExpDateMap.*.theta,chains,callExpDateMap.2028-12-15:955.760.0.0.theta,greeks,risk_model,high,,2026-08-15
chains.callExpDateMap.*.timeValue,chains,callExpDateMap.2028-12-15:955.760.0.0.timeValue,options_chain,unknown,medium,,2026-08-15
chains.callExpDateMap.*.totalVolume,chains,callExpDateMap.2028-12-15:955.760.0.0.totalVolume,volume,order_flow_proxy,high,,2026-08-15
chains.callExpDateMap.*.tradeTimeInLong,chains,callExpDateMap.2028-12-15:955.760.0.0.tradeTimeInLong,time,unknown,medium,,2026-08-15
chains.callExpDateMap.*.vega,chains,callExpDateMap.2028-12-15:955.760.0.0.vega,greeks,risk_model,high,,2026-08-15
chains.callExpDateMap.*.volatility,chains,callExpDateMap.2028-12-15:955.760.0.0.volatility,volatility,regime_detection,high,,2026-08-15
chains.daysToExpiration,chains,daysToExpiration,unknown,unknown,medium,,2026-08-15
chains.dividendYield,chains,dividendYield,unknown,unknown,medium,,2026-08-15
chains.ethOptionEligible,chains,ethOptionEligible,unclassified,unreviewed,unreviewed,2026-08-15,2026-08-15
chains.hasBinaryOptions,chains,hasBinaryOptions,unclassified,unreviewed,unreviewed,2026-08-15,2026-08-15
chains.interestRate,chains,interestRate,unknown,unknown,medium,,2026-08-15
chains.interval,chains,interval,unknown,unknown,medium,,2026-08-15
chains.isChainTruncated,chains,isChainTruncated,unknown,unknown,medium,,2026-08-15
chains.isDelayed,chains,isDelayed,unknown,unknown,medium,,2026-08-15
chains.isIndex,chains,isIndex,unknown,unknown,medium,,2026-08-15
chains.numberOfContracts,chains,numberOfContracts,unknown,unknown,medium,,2026-08-15
chains.putExpDateMap,chains,putExpDateMap,options_chain,unknown,medium,,2026-08-15
chains.putExpDateMap.*,chains,putExpDateMap.2028-12-15:955.760.0.0,options_chain,unknown,medium,,2026-08-15
chains.putExpDateMap.*.ask,chains,putExpDateMap.2028-12-15:955.760.0.0.ask,bid_ask,unknown,medium,,2026-08-15
chains.putExpDateMap.*.askSize,chains,putExpDateMap.2028-12-15:955.760.0.0.askSize,bid_ask,direct_order_flow,high,,2026-08-15
chains.putExpDateMap.*.bid,chains,putExpDateMap.2028-12-15:955.760.0.0.bid,bid_ask,unknown,medium,,2026-08-15
chains.putExpDateMap.*.bidAskSize,chains,putExpDateMap.2028-12-15:955.760.0.0.bidAskSize,options_chain,unknown,medium,,2026-08-15
chains.putExpDateMap.*.bidSize,chains,putExpDateMap.2028-12-15:955.760.0.0.bidSize,bid_ask,direct_order_flow,high,,2026-08-15
chains.putExpDateMap.*.breakEven,chains,putExpDateMap.*.breakEven,unclassified,unreviewed,unreviewed,2026-08-15,2026-08-15
chains.putExpDateMap.*.closePrice,chains,putExpDateMap.2028-12-15:955.760.0.0.closePrice,bid_ask,unknown,medium,,2026-08-15
chains.putExpDateMap.*.daysToExpiration,chains,putExpDateMap.2028-12-15:955.760.0.0.daysToExpiration,options_chain,unknown,medium,,2026-08-15
chains.putExpDateMap.*.deliverableNote,chains,putExpDateMap.2028-12-15:955.760.0.0.deliverableNote,options_chain,unknown,medium,,2026-08-15
chains.putExpDateMap.*.delta,chains,putExpDateMap.2028-12-15:955.760.0.0.delta,greeks,risk_model,high,,2026-08-15
chains.putExpDateMap.*.description,chains,putExpDateMap.2028-12-15:955.760.0.0.description,options_chain,ui_only,low,,2026-08-15
chains.putExpDateMap.*.exchangeName,chains,putExpDateMap.2028-12-15:955.760.0.0.exchangeName,options_chain,ui_only,medium,,2026-08-15
chains.putExpDateMap.*.exerciseType,chains,putExpDateMap.2028-12-15:955.760.0.0.exerciseType,options_chain,unknown,medium,,2026-08-15
chains.putExpDateMap.*.expirationDate,chains,putExpDateMap.2028-12-15:955.760.0.0.expirationDate,options_chain,unknown,medium,,2026-08-15
chains.putExpDateMap.*.expirationType,chains,putExpDateMap.2028-12-15:955.760.0.0.expirationType,options_chain,unknown,medium,,2026-08-15
chains.putExpDateMap.*.extrinsicValue,chains,putExpDateMap.2028-12-15:955.760.0.0.extrinsicValue,options_chain,unknown,medium,,2026-08-15
chains.putExpDateMap.*.gamma,chains,putExpDateMap.2028-12-15:955.760.0.0.gamma,greeks,risk_model,high,,2026-08-15
chains.putExpDateMap.*.high52Week,chains,putExpDateMap.2028-12-15:955.760.0.0.high52Week,key_levels,key_levels,medium,,2026-08-15
chains.putExpDateMap.*.highPrice,chains,putExpDateMap.2028-12-15:955.760.0.0.highPrice,bid_ask,unknown,medium,,2026-08-15
chains.putExpDateMap.*.inTheMoney,chains,putExpDateMap.2028-12-15:955.760.0.0.inTheMoney,options_chain,unknown,medium,,2026-08-15
chains.putExpDateMap.*.intrinsicValue,chains,putExpDateMap.2028-12-15:955.760.0.0.intrinsicValue,options_chain,unknown,medium,,2026-08-15
chains.putExpDateMap.*.last,chains,putExpDateMap.2028-12-15:955.760.0.0.last,options_chain,unknown,medium,,2026-08-15
chains.putExpDateMap.*.lastSize,chains,putExpDateMap.2028-12-15:955.760.0.0.lastSize,volume,unknown,medium,,2026-08-15
chains.putExpDateMap.*.lastTradingDay,chains,putExpDateMap.2028-12-15:955.760.0.0.lastTradingDay,options_chain,unknown,medium,,2026-08-15
chains.putExpDateMap.*.low52Week,chains,putExpDateMap.2028-12-15:955.760.0.0.low52Week,key_levels,key_levels,medium,,2026-08-15
chains.putExpDateMap.*.lowPrice,chains,putExpDateMap.2028-12-15:955.760.0.0.lowPrice,bid_ask,unknown,medium,,2026-08-15
chains.putExpDateMap.*.mark,chains,putExpDateMap.2028-12-15:955.760.0.0.mark,bid_ask,unknown,high,,2026-08-15
chains.putExpDateMap.*.markChange,chains,putExpDateMap.2028-12-15:955.760.0.0.markChange,options_chain,unknown,medium,,2026-08-15
chains.putExpDateMap.*.markPercentChange,chains,putExpDateMap.2028-12-15:955.760.0.0.markPercentChange,options_chain,unknown,medium,,2026-08-15
chains.putExpDateMap.*.mini,chains,putExpDateMap.2028-12-15:955.760.0.0.mini,options_chain,unknown,medium,,2026-08-15
chains.putExpDateMap.*.multiplier,chains,putExpDateMap.2028-12-15:955.760.0.0.multiplier,options_chain,unknown,medium,,2026-08-15
chains.putExpDateMap.*.netChange,chains,putExpDateMap.2028-12-15:955.760.0.0.netChange,options_chain,unknown,medium,,2026-08-15
chains.putExpDateMap.*.nonStandard,chains,putExpDateMap.2028-12-15:955.760.0.0.nonStandard,options_chain,unknown,medium,,2026-08-15
chains.putExpDateMap.*.openInterest,chains,putExpDateMap.2028-12-15:955.760.0.0.openInterest,options_chain,order_flow_proxy,high,,2026-08-15
chains.putExpDateMap.*.openPrice,chains,putExpDateMap.2028-12-15:955.760.0.0.openPrice,bid_ask,unknown,medium,,2026-08-15
chains.putExpDateMap.*.optionDeliverablesList,chains,putExpDateMap.2028-12-15:955.760.0.0.optionDeliverablesList,options_chain,unknown,medium,,2026-08-15
chains.putExpDateMap.*.optionDeliverablesList.*,chains,putExpDateMap.2028-12-15:955.760.0.0.optionDeliverablesList.0,options_chain,unknown,medium,,2026-08-15
chains.putExpDateMap.*.optionDeliverablesList.*.assetType,chains,putExpDateMap.2028-12-15:955.760.0.0.optionDeliverablesList.0.assetType,options_chain,unknown,medium,,2026-08-15
chains.putExpDateMap.*.optionDeliverablesList.*.currencyType,chains,putExpDateMap.2028-12-15:955.760.0.0.optionDeliverablesList.0.currencyType,options_chain,unknown,medium,,2026-08-15
chains.putExpDateMap.*.optionDeliverablesList.*.deliverableUnits,chains,putExpDateMap.2028-12-15:955.760.0.0.optionDeliverablesList.0.deliverableUnits,options_chain,unknown,medium,,2026-08-15
chains.putExpDateMap.*.optionDeliverablesList.*.symbol,chains,putExpDateMap.2028-12-15:955.760.0.0.optionDeliverablesList.0.symbol,options_chain,unknown,medium,,2026-08-15
chains.putExpDateMap.*.optionRoot,chains,putExpDateMap.2028-12-15:955.760.0.0.optionRoot,options_chain,unknown,medium,,2026-08-15
chains.putExpDateMap.*.pennyPilot,chains,putExpDateMap.2028-12-15:955.760.0.0.pennyPilot,options_chain,unknown,medium,,2026-08-15
chains.putExpDateMap.*.percentChange,chains,putExpDateMap.2028-12-15:955.760.0.0.percentChange,options_chain,unknown,medium,,2026-08-15
chains.putExpDateMap.*.putCall,chains,putExpDateMap.2028-12-15:955.760.0.0.putCall,options_chain,unknown,medium,,2026-08-15
chains.putExpDateMap.*.quoteTimeInLong,chains,putExpDateMap.2028-12-15:955.760.0.0.quoteTimeInLong,time,unknown,medium,,2026-08-15
chains.putExpDateMap.*.rho,chains,putExpDateMap.2028-12-15:955.760.0.0.rho,greeks,risk_model,medium,,2026-08-15
chains.putExpDateMap.*.settlementType,chains,putExpDateMap.2028-12-15:955.760.0.0.settlementType,options_chain,unknown,medium,,2026-08-15
chains.putExpDateMap.*.ssid,chains,putExpDateMap.*.ssid,unclassified,unreviewed,unreviewed,2026-08-15,2026-08-15
chains.putExpDateMap.*.strikePrice,chains,putExpDateMap.2028-12-15:955.760.0.0.strikePrice,options_chain,unknown,medium,,2026-08-15
chains.putExpDateMap.*.symbol,chains,putExpDateMap.2028-12-15:955.760.0.0.symbol,options_chain,unknown,medium,,2026-08-15
chains.putExpDateMap.*.theoreticalOptionValue,chains,putExpDateMap.2028-12-15:955.760.0.0.theoreticalOptionValue,options_chain,unknown,medium,,2026-08-15
chains.putExpDateMap.*.theoreticalVolatility,chains,putExpDateMap.2028-12-15:955.760.0.0.theoreticalVolatility,volatility,risk_model,medium,,2026-08-15
chains.putExpDateMap.*.theta,chains,putExpDateMap.2028-12-15:955.760.0.0.theta,greeks,risk_model,high,,2026-08-15
chains.putExpDateMap.*.timeValue,chains,putExpDateMap.2028-12-15:955.760.0.0.timeValue,options_chain,unknown,medium,,2026-08-15
chains.putExpDateMap.*.totalVolume,chains,putExpDateMap.2028-12-15:955.760.0.0.totalVolume,volume,order_flow_proxy,high,,2026-08-15
chains.putExpDateMap.*.tradeTimeInLong,chains,putExpDateMap.2028-12-15:955.760.0.0.tradeTimeInLong,time,unknown,medium,,2026-08-15
chains.putExpDateMap.*.vega,chains,putExpDateMap.2028-12-15:955.760.0.0.vega,greeks,risk_model,high,,2026-08-15
chains.putExpDateMap.*.volatility,chains,putExpDateMap.2028-12-15:955.760.0.0.volatility,volatility,regime_detection,high,,2026-08-15
chains.status,chains,status,unknown,unknown,medium,,2026-08-15
chains.strategy,chains,strategy,unknown,unknown,medium,,2026-08-15
chains.symbol,chains;pricehistory,symbol,unknown,unknown,medium,,2026-08-15
chains.underlying,chains,underlying,unknown,unknown,medium,,2026-08-15
chains.underlying.ask,chains,underlying.ask,bid_ask,unknown,medium,,
chains.underlying.askSize,chains,underlying.askSize,bid_ask,direct_order_flow,high,,
chains.underlying.bid,chains,underlying.bid,bid_ask,unknown,medium,,
chains.underlying.bidSize,chains,underlying.bidSize,bid_ask,direct_order_flow,high,,
chains.underlying.change,chains,underlying.change,unknown,unknown,medium,,
chains.underlying.close,chains,underlying.close,market_hours,unknown,medium,,
chains.underlying.delayed,chains,underlying.delayed,unknown,unknown,medium,,
chains.underlying.description,chains,underlying.description,unknown,ui_only,low,,
chains.underlying.exchangeName,chains,underlying.exchangeName,unknown,ui_only,medium,,
chains.underlying.fiftyTwoWeekHigh,chains,underlying.fiftyTwoWeekHigh,unknown,unknown,medium,,
chains.underlying.fiftyTwoWeekLow,chains,underlying.fiftyTwoWeekLow,unknown,unknown,medium,,
chains.underlying.highPrice,chains,underlying.highPrice,bid_ask,unknown,medium,,
chains.underlying.last,chains,underlying.last,unknown,unknown,medium,,
chains.underlying.lowPrice,chains,underlying.lowPrice,bid_ask,unknown,medium,,
chains.underlying.mark,chains,underlying.mark,bid_ask,unknown,high,,
chains.underlying.markChange,chains,underlying.markChange,unknown,unknown,medium,,
chains.underlying.markPercentChange,chains,underlying.markPercentChange,unknown,unknown,medium,,
chains.underlying.openPrice,chains,underlying.openPrice,bid_ask,unknown,medium,,
chains.underlying.percentChange,chains,underlying.percentChange,movers,unknown,medium,,
chains.underlying.quoteTime,chains,underlying.quoteTime,time,unknown,medium,,
chains.underlying.symbol,chains,underlying.symbol,unknown,unknown,medium,,
chains.underlying.totalVolume,chains,underlying.totalVolume,volume,order_flow_proxy,high,,
chains.underlying.tradeTime,chains,underlying.tradeTime,time,unknown,medium,,
chains.underlyingPrice,chains,underlyingPrice,unknown,unknown,medium,,2026-08-15
chains.volatility,chains,volatility,volatility,regime_detection,high,,2026-08-15
instruments.*,instruments,instruments.9999,unknown,unknown,medium,,2026-08-15
instruments.*.assetType,instruments,instruments.9999.assetType,unknown,unknown,medium,,2026-08-15
instruments.*.cusip,instruments,instruments.9.cusip,unknown,ui_only,low,,2026-08-15
instruments.*.description,instruments,instruments.9999.description,unknown,ui_only,low,,2026-08-15
instruments.*.exchange,instruments,instruments.9999.exchange,unknown,unknown,low,,2026-08-15
instruments.*.fundamental.avg10DaysVolume,instruments,instruments.0.fundamental.avg10DaysVolume,instrument_fundamentals,prediction_model,medium,,2026-08-15
instruments.*.fundamental.avg1DayVolume,instruments,instruments.0.fundamental.avg1DayVolume,unknown,prediction_model,medium,,2026-08-15
instruments.*.fundamental.avg3MonthVolume,instruments,instruments.0.fundamental.avg3MonthVolume,unknown,prediction_model,medium,,2026-08-15
instruments.*.fundamental.beta,instruments,instruments.0.fundamental.beta,unknown,prediction_model,medium,,2026-08-15
instruments.*.fundamental.bookValuePerShare,instruments,instruments.0.fundamental.bookValuePerShare,unknown,prediction_model,medium,,2026-08-15
instruments.*.fundamental.currentRatio,instruments,instruments.0.fundamental.currentRatio,unknown,prediction_model,medium,,2026-08-15
instruments.*.fundamental.declarationDate,instruments,instruments.0.fundamental.declarationDate,unknown,prediction_model,medium,,2026-08-15
instruments.*.fundamental.divGrowthRate3Year,instruments,instruments.0.fundamental.divGrowthRate3Year,unknown,prediction_model,medium,,2026-08-15
instruments.*.fundamental.dividendAmount,instruments,instruments.0.fundamental.dividendAmount,unknown,prediction_model,medium,,2026-08-15
instruments.*.fundamental.dividendDate,instruments,instruments.0.fundamental.dividendDate,unknown,prediction_model,medium,,2026-08-15
instruments.*.fundamental.dividendFreq,instruments,instruments.0.fundamental.dividendFreq,unknown,prediction_model,medium,,2026-08-15
instruments.*.fundamental.dividendPayAmount,instruments,instruments.0.fundamental.dividendPayAmount,unknown,prediction_model,medium,,2026-08-15
instruments.*.fundamental.dividendPayDate,instruments,instruments.0.fundamental.dividendPayDate,unknown,prediction_model,medium,,2026-08-15
instruments.*.fundamental.dividendYield,instruments,instruments.0.fundamental.dividendYield,unknown,prediction_model,medium,,2026-08-15
instruments.*.fundamental.dtnVolume,instruments,instruments.0.fundamental.dtnVolume,unknown,prediction_model,medium,,2026-08-15
instruments.*.fundamental.eps,instruments,instruments.0.fundamental.eps,instrument_fundamentals,prediction_model,medium,,2026-08-15
instruments.*.fundamental.epsChange,instruments,instruments.0.fundamental.epsChange,unknown,prediction_model,medium,,2026-08-15
instruments.*.fundamental.epsChangePercentTTM,instruments,instruments.0.fundamental.epsChangePercentTTM,unknown,prediction_model,medium,,2026-08-15
instruments.*.fundamental.epsChangeYear,instruments,instruments.0.fundamental.epsChangeYear,unknown,prediction_model,medium,,2026-08-15
instruments.*.fundamental.epsTTM,instruments,instruments.0.fundamental.epsTTM,unknown,prediction_model,medium,,2026-08-15
instruments.*.fundamental.fundLeverageFactor,instruments,instruments.0.fundamental.fundLeverageFactor,unknown,prediction_model,medium,,2026-08-15
instruments.*.fundamental.grossMarginMRQ,instruments,instruments.0.fundamental.grossMarginMRQ,unknown,prediction_model,medium,,2026-08-15
instruments.*.fundamental.grossMarginTTM,instruments,instruments.0.fundamental.grossMarginTTM,unknown,prediction_model,medium,,2026-08-15
instruments.*.fundamental.high52,instruments,instruments.0.fundamental.high52,unknown,prediction_model,medium,,2026-08-15
instruments.*.fundamental.interestCoverage,instruments,instruments.0.fundamental.interestCoverage,unknown,prediction_model,medium,,2026-08-15
instruments.*.fundamental.low52,instruments,instruments.0.fundamental.low52,unknown,prediction_model,medium,,2026-08-15
instruments.*.fundamental.ltDebtToEquity,instruments,instruments.0.fundamental.ltDebtToEquity,unknown,prediction_model,medium,,2026-08-15
instruments.*.fundamental.marketCap,instruments,instruments.0.fundamental.marketCap,unknown,prediction_model,medium,,2026-08-15
instruments.*.fundamental.marketCapFloat,instruments,instruments.0.fundamental.marketCapFloat,unknown,prediction_model,medium,,2026-08-15
instruments.*.fundamental.netProfitMarginMRQ,instruments,instruments.0.fundamental.netProfitMarginMRQ,unknown,prediction_model,medium,,2026-08-15
instruments.*.fundamental.netProfitMarginTTM,instruments,instruments.0.fundamental.netProfitMarginTTM,unknown,prediction_model,medium,,2026-08-15
instruments.*.fundamental.nextDividendDate,instruments,instruments.0.fundamental.nextDividendDate,unknown,prediction_model,medium,,2026-08-15
instruments.*.fundamental.nextDividendPayDate,instruments,instruments.0.fundamental.nextDividendPayDate,unknown,prediction_model,medium,,2026-08-15
instruments.*.fundamental.operatingMarginMRQ,instruments,instruments.0.fundamental.operatingMarginMRQ,unknown,prediction_model,medium,,2026-08-15
instruments.*.fundamental.operatingMarginTTM,instruments,instruments.0.fundamental.operatingMarginTTM,unknown,prediction_model,medium,,2026-08-15
instruments.*.fundamental.pbRatio,instruments,instruments.0.fundamental.pbRatio,unknown,prediction_model,medium,,2026-08-15
instruments.*.fundamental.pcfRatio,instruments,instruments.0.fundamental.pcfRatio,unknown,prediction_model,medium,,2026-08-15
instruments.*.fundamental.peRatio,instruments,instruments.0.fundamental.peRatio,instrument_fundamentals,prediction_model,medium,,2026-08-15
instruments.*.fundamental.pegRatio,instruments,instruments.0.fundamental.pegRatio,unknown,prediction_model,medium,,2026-08-15
instruments.*.fundamental.prRatio,instruments,instruments.0.fundamental.prRatio,unknown,prediction_model,medium,,2026-08-15
instruments.*.fundamental.quickRatio,instruments,instruments.0.fundamental.quickRatio,unknown,prediction_model,medium,,2026-08-15
instruments.*.fundamental.returnOnAssets,instruments,instruments.0.fundamental.returnOnAssets,unknown,prediction_model,medium,,2026-08-15
instruments.*.fundamental.returnOnEquity,instruments,instruments.0.fundamental.returnOnEquity,unknown,prediction_model,medium,,2026-08-15
instruments.*.fundamental.returnOnInvestment,instruments,instruments.0.fundamental.returnOnInvestment,unknown,prediction_model,medium,,2026-08-15
instruments.*.fundamental.revChangeIn,instruments,instruments.0.fundamental.revChangeIn,unknown,prediction_model,medium,,2026-08-15
instruments.*.fundamental.revChangeTTM,instruments,instruments.0.fundamental.revChangeTTM,unknown,prediction_model,medium,,2026-08-15
instruments.*.fundamental.revChangeYear,instruments,instruments.0.fundamental.revChangeYear,unknown,prediction_model,medium,,2026-08-15
instruments.*.fundamental.sharesOutstanding,instruments,instruments.0.fundamental.sharesOutstanding,instrument_fundamentals,prediction_model,medium,,2026-08-15
instruments.*.fundamental.shortIntDayToCover,instruments,instruments.0.fundamental.shortIntDayToCover,unknown,prediction_model,medium,,2026-08-15
instruments.*.fundamental.shortIntToFloat,instruments,instruments.0.fundamental.shortIntToFloat,unknown,prediction_model,medium,,2026-08-15
instruments.*.fundamental.symbol,instruments,instruments.0.fundamental.symbol,unknown,prediction_model,medium,,2026-08-15
instruments.*.fundamental.totalDebtToCapital,instruments,instruments.0.fundamental.totalDebtToCapital,unknown,prediction_model,medium,,2026-08-15
instruments.*.fundamental.totalDebtToEquity,instruments,instruments.0.fundamental.totalDebtToEquity,unknown,prediction_model,medium,,2026-08-15
instruments.*.fundamental.vol10DayAvg,instruments,instruments.0.fundamental.vol10DayAvg,unknown,prediction_model,medium,,2026-08-15
instruments.*.fundamental.vol1DayAvg,instruments,instruments.0.fundamental.vol1DayAvg,unknown,prediction_model,medium,,2026-08-15
instruments.*.fundamental.vol3MonthAvg,instruments,instruments.0.fundamental.vol3MonthAvg,unknown,prediction_model,medium,,2026-08-15
instruments.*.symbol,instruments,instruments.9999.symbol,unknown,unknown,medium,,2026-08-15
instruments.instruments,instruments,instruments,unknown,unknown,medium,,2026-08-15
market_hours.bond,market_hours,bond,unknown,unknown,medium,,
market_hours.bond.BON,market_hours,bond.BON,unknown,unknown,medium,,
market_hours.bond.BON.date,market_hours,bond.BON.date,unknown,unknown,medium,,
market_hours.bond.BON.isOpen,market_hours,bond.BON.isOpen,market_hours,unknown,medium,,
market_hours.bond.BON.marketType,market_hours,bond.BON.marketType,unknown,unknown,medium,,
market_hours.bond.BON.product,market_hours,bond.BON.product,unknown,unknown,medium,,
market_hours.bond.BON.productName,market_hours,bond.BON.productName,unknown,unknown,medium,,
market_hours.bond.BON.sessionHours,market_hours,bond.BON.sessionHours,unknown,unknown,medium,,
market_hours.bond.BON.sessionHours.postMarket,market_hours,bond.BON.sessionHours.postMarket,unknown,unknown,medium,,
market_hours.bond.BON.sessionHours.postMarket.*,market_hours,bond.BON.sessionHours.postMarket.0,unknown,unknown,medium,,
market_hours.bond.BON.sessionHours.postMarket.*.end,market_hours,bond.BON.sessionHours.postMarket.0.end,unknown,unknown,medium,,
market_hours.bond.BON.sessionHours.postMarket.*.start,market_hours,bond.BON.sessionHours.postMarket.0.start,unknown,unknown,medium,,
market_hours.bond.BON.sessionHours.preMarket,market_hours,bond.BON.sessionHours.preMarket,unknown,unknown,medium,,
market_hours.bond.BON.sessionHours.preMarket.*,market_hours,bond.BON.sessionHours.preMarket.0,unknown,unknown,medium,,
market_hours.bond.BON.sessionHours.preMarket.*.end,market_hours,bond.BON.sessionHours.preMarket.0.end,unknown,unknown,medium,,
market_hours.bond.BON.sessionHours.preMarket.*.start,market_hours,bond.BON.sessionHours.preMarket.0.start,unknown,unknown,medium,,
market_hours.bond.BON.sessionHours.regularMarket,market_hours,bond.BON.sessionHours.regularMarket,unknown,unknown,medium,,
market_hours.bond.BON.sessionHours.regularMarket.*,market_hours,bond.BON.sessionHours.regularMarket.0,unknown,unknown,medium,,
market_hours.bond.BON.sessionHours.regularMarket.*.end,market_hours,bond.BON.sessionHours.regularMarket.0.end,unknown,unknown,medium,,
market_hours.bond.BON.sessionHours.regularMarket.*.start,market_hours,bond.BON.sessionHours.regularMarket.0.start,unknown,unknown,medium,,
market_hours.equity,market_hours,equity,unknown,unknown,medium,,2026-08-15
market_hours.equity.EQ,market_hours,equity.EQ,unknown,unknown,medium,,
market_hours.equity.EQ.date,market_hours,equity.EQ.date,unknown,unknown,medium,,
market_hours.equity.EQ.isOpen,market_hours,equity.EQ.isOpen,market_hours,unknown,medium,,
market_hours.equity.EQ.marketType,market_hours,equity.EQ.marketType,unknown,unknown,medium,,
market_hours.equity.EQ.product,market_hours,equity.EQ.product,unknown,unknown,medium,,
market_hours.equity.EQ.productName,market_hours,equity.EQ.productName,unknown,unknown,medium,,
market_hours.equity.EQ.sessionHours,market_hours,equity.EQ.sessionHours,unknown,unknown,medium,,
market_hours.equity.EQ.sessionHours.postMarket,market_hours,equity.EQ.sessionHours.postMarket,unknown,unknown,medium,,
market_hours.equity.EQ.sessionHours.postMarket.*,market_hours,equity.EQ.sessionHours.postMarket.0,unknown,unknown,medium,,
market_hours.equity.EQ.sessionHours.postMarket.*.end,market_hours,equity.EQ.sessionHours.postMarket.0.end,unknown,unknown,medium,,
market_hours.equity.EQ.sessionHours.postMarket.*.start,market_hours,equity.EQ.sessionHours.postMarket.0.start,unknown,unknown,medium,,
market_hours.equity.EQ.sessionHours.preMarket,market_hours,equity.EQ.sessionHours.preMarket,unknown,unknown,medium,,
market_hours.equity.EQ.sessionHours.preMarket.*,market_hours,equity.EQ.sessionHours.preMarket.0,unknown,unknown,medium,,
market_hours.equity.EQ.sessionHours.preMarket.*.end,market_hours,equity.EQ.sessionHours.preMarket.0.end,unknown,unknown,medium,,
market_hours.equity.EQ.sessionHours.preMarket.*.start,market_hours,equity.EQ.sessionHours.preMarket.0.start,unknown,unknown,medium,,
market_hours.equity.EQ.sessionHours.regularMarket,market_hours,equity.EQ.sessionHours.regularMarket,unknown,unknown,medium,,
market_hours.equity.EQ.sessionHours.regularMarket.*,market_hours,equity.EQ.sessionHours.regularMarket.0,unknown,unknown,medium,,
market_hours.equity.EQ.sessionHours.regularMarket.*.end,market_hours,equity.EQ.sessionHours.regularMarket.0.end,unknown,unknown,medium,,
market_hours.equity.EQ.sessionHours.regularMarket.*.start,market_hours,equity.EQ.sessionHours.regularMarket.0.start,unknown,unknown,medium,,
market_hours.equity.equity,market_hours,equity.equity,unclassified,unreviewed,unreviewed,2026-08-15,2026-08-15
market_hours.equity.equity.date,market_hours,equity.equity.date,unclassified,unreviewed,unreviewed,2026-08-15,2026-08-15
market_hours.equity.equity.isOpen,market_hours,equity.equity.isOpen,unclassified,unreviewed,unreviewed,2026-08-15,2026-08-15
market_hours.equity.equity.marketType,market_hours,equity.equity.marketType,unclassified,unreviewed,unreviewed,2026-08-15,2026-08-15
market_hours.equity.equity.product,market_hours,equity.equity.product,unclassified,unreviewed,unreviewed,2026-08-15,2026-08-15
market_hours.forex,market_hours,forex,unknown,unknown,medium,,
market_hours.forex.forex,market_hours,forex.forex,unknown,unknown,medium,,
market_hours.forex.forex.date,market_hours,forex.forex.date,unknown,unknown,medium,,
market_hours.forex.forex.isOpen,market_hours,forex.forex.isOpen,market_hours,unknown,medium,,
market_hours.forex.forex.marketType,market_hours,forex.forex.marketType,unknown,unknown,medium,,
market_hours.forex.forex.product,market_hours,forex.forex.product,unknown,unknown,medium,,
market_hours.future,market_hours,future,unknown,unknown,medium,,
market_hours.future.ADA,market_hours,future.ADA,unknown,unknown,medium,,
market_hours.future.ADA.category,market_hours,future.ADA.category,unknown,unknown,medium,,
market_hours.future.ADA.date,market_hours,future.ADA.date,unknown,unknown,medium,,
market_hours.future.ADA.exchange,market_hours,future.ADA.exchange,unknown,unknown,low,,
market_hours.future.ADA.isOpen,market_hours,future.ADA.isOpen,market_hours,unknown,medium,,
market_hours.future.ADA.marketType,market_hours,future.ADA.marketType,unknown,unknown,medium,,
market_hours.future.ADA.product,market_hours,future.ADA.product,unknown,unknown,medium,,
market_hours.future.ADA.productName,market_hours,future.ADA.productName,unknown,unknown,medium,,
market_hours.future.ADA.sessionHours,market_hours,future.ADA.sessionHours,unknown,unknown,medium,,
market_hours.future.ADA.sessionHours.noTrading,market_hours,future.ADA.sessionHours.noTrading,unknown,unknown,medium,,
market_hours.future.ADA.sessionHours.noTrading.*,market_hours,future.ADA.sessionHours.noTrading.5,unknown,unknown,medium,,
market_hours.future.ADA.sessionHours.noTrading.*.end,market_hours,future.ADA.sessionHours.noTrading.5.end,unknown,unknown,medium,,
market_hours.future.ADA.sessionHours.noTrading.*.start,market_hours,future.ADA.sessionHours.noTrading.5.start,unknown,unknown,medium,,
market_hours.future.ADA.sessionHours.regularMarket,market_hours,future.ADA.sessionHours.regularMarket,unknown,unknown,medium,,
market_hours.future.ADA.sessionHours.regularMarket.*,market_hours,future.ADA.sessionHours.regularMarket.1,unknown,unknown,medium,,
market_hours.future.ADA.sessionHours.regularMarket.*.end,market_hours,future.ADA.sessionHours.regularMarket.1.end,unknown,unknown,medium,,
market_hours.future.ADA.sessionHours.regularMarket.*.start,market_hours,future.ADA.sessionHours.regularMarket.1.start,unknown,unknown,medium,,
market_hours.future.AW,market_hours,future.AW,unknown,unknown,medium,,
market_hours.future.AW.category,market_hours,future.AW.category,unknown,unknown,medium,,
market_hours.future.AW.date,market_hours,future.AW.date,unknown,unknown,medium,,
market_hours.future.AW.exchange,market_hours,future.AW.exchange,unknown,unknown,low,,
market_hours.future.AW.isOpen,market_hours,future.AW.isOpen,market_hours,unknown,medium,,
market_hours.future.AW.marketType,market_hours,future.AW.marketType,unknown,unknown,medium,,
market_hours.future.AW.product,market_hours,future.AW.product,unknown,unknown,medium,,
market_hours.future.AW.productName,market_hours,future.AW.productName,unknown,unknown,medium,,
market_hours.future.AW.sessionHours,market_hours,future.AW.sessionHours,unknown,unknown,medium,,
market_hours.future.AW.sessionHours.noTrading,market_hours,future.AW.sessionHours.noTrading,unknown,unknown,medium,,
market_hours.future.AW.sessionHours.noTrading.*,market_hours,future.AW.sessionHours.noTrading.7,unknown,unknown,medium,,
market_hours.future.AW.sessionHours.noTrading.*.end,market_hours,future.AW.sessionHours.noTrading.7.end,unknown,unknown,medium,,
market_hours.future.AW.sessionHours.noTrading.*.start,market_hours,future.AW.sessionHours.noTrading.7.start,unknown,unknown,medium,,
market_hours.future.AW.sessionHours.regularMarket,market_hours,future.AW.sessionHours.regularMarket,unknown,unknown,medium,,
market_hours.future.AW.sessionHours.regularMarket.*,market_hours,future.AW.sessionHours.regularMarket.3,unknown,unknown,medium,,
market_hours.future.AW.sessionHours.regularMarket.*.end,market_hours,future.AW.sessionHours.regularMarket.3.end,unknown,unknown,medium,,
market_hours.future.AW.sessionHours.regularMarket.*.start,market_hours,future.AW.sessionHours.regularMarket.3.start,unknown,unknown,medium,,
market_hours.future.BFF,market_hours,future.BFF,unknown,unknown,medium,,
market_hours.future.BFF.category,market_hours,future.BFF.category,unknown,unknown,medium,,
market_hours.future.BFF.date,market_hours,future.BFF.date,unknown,unknown,medium,,
market_hours.future.BFF.exchange,market_hours,future.BFF.exchange,unknown,unknown,low,,
market_hours.future.BFF.isOpen,market_hours,future.BFF.isOpen,market_hours,unknown,medium,,
market_hours.future.BFF.marketType,market_hours,future.BFF.marketType,unknown,unknown,medium,,
market_hours.future.BFF.product,market_hours,future.BFF.product,unknown,unknown,medium,,
market_hours.future.BFF.productName,market_hours,future.BFF.productName,unknown,unknown,medium,,
market_hours.future.BFF.sessionHours,market_hours,future.BFF.sessionHours,unknown,unknown,medium,,
market_hours.future.BFF.sessionHours.noTrading,market_hours,future.BFF.sessionHours.noTrading,unknown,unknown,medium,,
market_hours.future.BFF.sessionHours.noTrading.*,market_hours,future.BFF.sessionHours.noTrading.5,unknown,unknown,medium,,
market_hours.future.BFF.sessionHours.noTrading.*.end,market_hours,future.BFF.sessionHours.noTrading.5.end,unknown,unknown,medium,,
market_hours.future.BFF.sessionHours.noTrading.*.start,market_hours,future.BFF.sessionHours.noTrading.5.start,unknown,unknown,medium,,
market_hours.future.BFF.sessionHours.regularMarket,market_hours,future.BFF.sessionHours.regularMarket,unknown,unknown,medium,,
market_hours.future.BFF.sessionHours.regularMarket.*,market_hours,future.BFF.sessionHours.regularMarket.1,unknown,unknown,medium,,
market_hours.future.BFF.sessionHours.regularMarket.*.end,market_hours,future.BFF.sessionHours.regularMarket.1.end,unknown,unknown,medium,,
market_hours.future.BFF.sessionHours.regularMarket.*.start,market_hours,future.BFF.sessionHours.regularMarket.1.start,unknown,unknown,medium,,
market_hours.future.BTC,market_hours,future.BTC,unknown,unknown,medium,,
market_hours.future.BTC.category,market_hours,future.BTC.category,unknown,unknown,medium,,
market_hours.future.BTC.date,market_hours,future.BTC.date,unknown,unknown,medium,,
market_hours.future.BTC.exchange,market_hours,future.BTC.exchange,unknown,unknown,low,,
market_hours.future.BTC.isOpen,market_hours,future.BTC.isOpen,market_hours,unknown,medium,,
market_hours.future.BTC.marketType,market_hours,future.BTC.marketType,unknown,unknown,medium,,
market_hours.future.BTC.product,market_hours,future.BTC.product,unknown,unknown,medium,,
market_hours.future.BTC.productName,market_hours,future.BTC.productName,unknown,unknown,medium,,
market_hours.future.BTC.sessionHours,market_hours,future.BTC.sessionHours,unknown,unknown,medium,,
market_hours.future.BTC.sessionHours.noTrading,market_hours,future.BTC.sessionHours.noTrading,unknown,unknown,medium,,
market_hours.future.BTC.sessionHours.noTrading.*,market_hours,future.BTC.sessionHours.noTrading.5,unknown,unknown,medium,,
market_hours.future.BTC.sessionHours.noTrading.*.end,market_hours,future.BTC.sessionHours.noTrading.5.end,unknown,unknown,medium,,
market_hours.future.BTC.sessionHours.noTrading.*.start,market_hours,future.BTC.sessionHours.noTrading.5.start,unknown,unknown,medium,,
market_hours.future.BTC.sessionHours.regularMarket,market_hours,future.BTC.sessionHours.regularMarket,unknown,unknown,medium,,
market_hours.future.BTC.sessionHours.regularMarket.*,market_hours,future.BTC.sessionHours.regularMarket.1,unknown,unknown,medium,,
market_hours.future.BTC.sessionHours.regularMarket.*.end,market_hours,future.BTC.sessionHours.regularMarket.1.end,unknown,unknown,medium,,
market_hours.future.BTC.sessionHours.regularMarket.*.start,market_hours,future.BTC.sessionHours.regularMarket.1.start,unknown,unknown,medium,,
market_hours.future.BZ,market_hours,future.BZ,unknown,unknown,medium,,
market_hours.future.BZ.category,market_hours,future.BZ.category,unknown,unknown,medium,,
market_hours.future.BZ.date,market_hours,future.BZ.date,unknown,unknown,medium,,
market_hours.future.BZ.exchange,market_hours,future.BZ.exchange,unknown,unknown,low,,
market_hours.future.BZ.isOpen,market_hours,future.BZ.isOpen,market_hours,unknown,medium,,
market_hours.future.BZ.marketType,market_hours,future.BZ.marketType,unknown,unknown,medium,,
market_hours.future.BZ.product,market_hours,future.BZ.product,unknown,unknown,medium,,
market_hours.future.BZ.productName,market_hours,future.BZ.productName,unknown,unknown,medium,,
market_hours.future.BZ.sessionHours,market_hours,future.BZ.sessionHours,unknown,unknown,medium,,
market_hours.future.BZ.sessionHours.noTrading,market_hours,future.BZ.sessionHours.noTrading,unknown,unknown,medium,,
market_hours.future.BZ.sessionHours.noTrading.*,market_hours,future.BZ.sessionHours.noTrading.5,unknown,unknown,medium,,
market_hours.future.BZ.sessionHours.noTrading.*.end,market_hours,future.BZ.sessionHours.noTrading.5.end,unknown,unknown,medium,,
market_hours.future.BZ.sessionHours.noTrading.*.start,market_hours,future.BZ.sessionHours.noTrading.5.start,unknown,unknown,medium,,
market_hours.future.BZ.sessionHours.regularMarket,market_hours,future.BZ.sessionHours.regularMarket,unknown,unknown,medium,,
market_hours.future.BZ.sessionHours.regularMarket.*,market_hours,future.BZ.sessionHours.regularMarket.1,unknown,unknown,medium,,
market_hours.future.BZ.sessionHours.regularMarket.*.end,market_hours,future.BZ.sessionHours.regularMarket.1.end,unknown,unknown,medium,,
market_hours.future.BZ.sessionHours.regularMarket.*.start,market_hours,future.BZ.sessionHours.regularMarket.1.start,unknown,unknown,medium,,
market_hours.future.CB,market_hours,future.CB,unknown,unknown,medium,,
market_hours.future.CB.category,market_hours,future.CB.category,unknown,unknown,medium,,
market_hours.future.CB.date,market_hours,future.CB.date,unknown,unknown,medium,,
market_hours.future.CB.exchange,market_hours,future.CB.exchange,unknown,unknown,low,,
market_hours.future.CB.isOpen,market_hours,future.CB.isOpen,market_hours,unknown,medium,,
market_hours.future.CB.marketType,market_hours,future.CB.marketType,unknown,unknown,medium,,
market_hours.future.CB.product,market_hours,future.CB.product,unknown,unknown,medium,,
market_hours.future.CB.productName,market_hours,future.CB.productName,unknown,unknown,medium,,
market_hours.future.CB.sessionHours,market_hours,future.CB.sessionHours,unknown,unknown,medium,,
market_hours.future.CB.sessionHours.noTrading,market_hours,future.CB.sessionHours.noTrading,unknown,unknown,medium,,
market_hours.future.CB.sessionHours.noTrading.*,market_hours,future.CB.sessionHours.noTrading.5,unknown,unknown,medium,,
market_hours.future.CB.sessionHours.noTrading.*.end,market_hours,future.CB.sessionHours.noTrading.5.end,unknown,unknown,medium,,
market_hours.future.CB.sessionHours.noTrading.*.start,market_hours,future.CB.sessionHours.noTrading.5.start,unknown,unknown,medium,,
market_hours.future.CB.sessionHours.regularMarket,market_hours,future.CB.sessionHours.regularMarket,unknown,unknown,medium,,
market_hours.future.CB.sessionHours.regularMarket.*,market_hours,future.CB.sessionHours.regularMarket.1,unknown,unknown,medium,,
market_hours.future.CB.sessionHours.regularMarket.*.end,market_hours,future.CB.sessionHours.regularMarket.1.end,unknown,unknown,medium,,
market_hours.future.CB.sessionHours.regularMarket.*.start,market_hours,future.CB.sessionHours.regularMarket.1.start,unknown,unknown,medium,,
market_hours.future.CL,market_hours,future.CL,unknown,unknown,medium,,
market_hours.future.CL.category,market_hours,future.CL.category,unknown,unknown,medium,,
market_hours.future.CL.date,market_hours,future.CL.date,unknown,unknown,medium,,
market_hours.future.CL.exchange,market_hours,future.CL.exchange,unknown,unknown,low,,
market_hours.future.CL.isOpen,market_hours,future.CL.isOpen,market_hours,unknown,medium,,
market_hours.future.CL.marketType,market_hours,future.CL.marketType,unknown,unknown,medium,,
market_hours.future.CL.product,market_hours,future.CL.product,unknown,unknown,medium,,
market_hours.future.CL.productName,market_hours,future.CL.productName,unknown,unknown,medium,,
market_hours.future.CL.sessionHours,market_hours,future.CL.sessionHours,unknown,unknown,medium,,
market_hours.future.CL.sessionHours.noTrading,market_hours,future.CL.sessionHours.noTrading,unknown,unknown,medium,,
market_hours.future.CL.sessionHours.noTrading.*,market_hours,future.CL.sessionHours.noTrading.5,unknown,unknown,medium,,
market_hours.future.CL.sessionHours.noTrading.*.end,market_hours,future.CL.sessionHours.noTrading.5.end,unknown,unknown,medium,,
market_hours.future.CL.sessionHours.noTrading.*.start,market_hours,future.CL.sessionHours.noTrading.5.start,unknown,unknown,medium,,
market_hours.future.CL.sessionHours.regularMarket,market_hours,future.CL.sessionHours.regularMarket,unknown,unknown,medium,,
market_hours.future.CL.sessionHours.regularMarket.*,market_hours,future.CL.sessionHours.regularMarket.1,unknown,unknown,medium,,
market_hours.future.CL.sessionHours.regularMarket.*.end,market_hours,future.CL.sessionHours.regularMarket.1.end,unknown,unknown,medium,,
market_hours.future.CL.sessionHours.regularMarket.*.start,market_hours,future.CL.sessionHours.regularMarket.1.start,unknown,unknown,medium,,
market_hours.future.CZK,market_hours,future.CZK,unknown,unknown,medium,,
market_hours.future.CZK.category,market_hours,future.CZK.category,unknown,unknown,medium,,
market_hours.future.CZK.date,market_hours,future.CZK.date,unknown,unknown,medium,,
market_hours.future.CZK.exchange,market_hours,future.CZK.exchange,unknown,unknown,low,,
market_hours.future.CZK.isOpen,market_hours,future.CZK.isOpen,market_hours,unknown,medium,,
market_hours.future.CZK.marketType,market_hours,future.CZK.marketType,unknown,unknown,medium,,
market_hours.future.CZK.product,market_hours,future.CZK.product,unknown,unknown,medium,,
market_hours.future.CZK.productName,market_hours,future.CZK.productName,unknown,unknown,medium,,
market_hours.future.CZK.sessionHours,market_hours,future.CZK.sessionHours,unknown,unknown,medium,,
market_hours.future.CZK.sessionHours.noTrading,market_hours,future.CZK.sessionHours.noTrading,unknown,unknown,medium,,
market_hours.future.CZK.sessionHours.noTrading.*,market_hours,future.CZK.sessionHours.noTrading.5,unknown,unknown,medium,,
market_hours.future.CZK.sessionHours.noTrading.*.end,market_hours,future.CZK.sessionHours.noTrading.5.end,unknown,unknown,medium,,
market_hours.future.CZK.sessionHours.noTrading.*.start,market_hours,future.CZK.sessionHours.noTrading.5.start,unknown,unknown,medium,,
market_hours.future.CZK.sessionHours.regularMarket,market_hours,future.CZK.sessionHours.regularMarket,unknown,unknown,medium,,
market_hours.future.CZK.sessionHours.regularMarket.*,market_hours,future.CZK.sessionHours.regularMarket.1,unknown,unknown,medium,,
market_hours.future.CZK.sessionHours.regularMarket.*.end,market_hours,future.CZK.sessionHours.regularMarket.1.end,unknown,unknown,medium,,
market_hours.future.CZK.sessionHours.regularMarket.*.start,market_hours,future.CZK.sessionHours.regularMarket.1.start,unknown,unknown,medium,,
market_hours.future.DC,market_hours,future.DC,unknown,unknown,medium,,
market_hours.future.DC.category,market_hours,future.DC.category,unknown,unknown,medium,,
market_hours.future.DC.date,market_hours,future.DC.date,unknown,unknown,medium,,
market_hours.future.DC.exchange,market_hours,future.DC.exchange,unknown,unknown,low,,
market_hours.future.DC.isOpen,market_hours,future.DC.isOpen,market_hours,unknown,medium,,
market_hours.future.DC.marketType,market_hours,future.DC.marketType,unknown,unknown,medium,,
market_hours.future.DC.product,market_hours,future.DC.product,unknown,unknown,medium,,
market_hours.future.DC.productName,market_hours,future.DC.productName,unknown,unknown,medium,,
market_hours.future.DC.sessionHours,market_hours,future.DC.sessionHours,unknown,unknown,medium,,
market_hours.future.DC.sessionHours.noTrading,market_hours,future.DC.sessionHours.noTrading,unknown,unknown,medium,,
market_hours.future.DC.sessionHours.noTrading.*,market_hours,future.DC.sessionHours.noTrading.5,unknown,unknown,medium,,
market_hours.future.DC.sessionHours.noTrading.*.end,market_hours,future.DC.sessionHours.noTrading.5.end,unknown,unknown,medium,,
market_hours.future.DC.sessionHours.noTrading.*.start,market_hours,future.DC.sessionHours.noTrading.5.start,unknown,unknown,medium,,
market_hours.future.DC.sessionHours.regularMarket,market_hours,future.DC.sessionHours.regularMarket,unknown,unknown,medium,,
market_hours.future.DC.sessionHours.regularMarket.*,market_hours,future.DC.sessionHours.regularMarket.1,unknown,unknown,medium,,
market_hours.future.DC.sessionHours.regularMarket.*.end,market_hours,future.DC.sessionHours.regularMarket.1.end,unknown,unknown,medium,,
market_hours.future.DC.sessionHours.regularMarket.*.start,market_hours,future.DC.sessionHours.regularMarket.1.start,unknown,unknown,medium,,
market_hours.future.E7,market_hours,future.E7,unknown,unknown,medium,,
market_hours.future.E7.category,market_hours,future.E7.category,unknown,unknown,medium,,
market_hours.future.E7.date,market_hours,future.E7.date,unknown,unknown,medium,,
market_hours.future.E7.exchange,market_hours,future.E7.exchange,unknown,unknown,low,,
market_hours.future.E7.isOpen,market_hours,future.E7.isOpen,market_hours,unknown,medium,,
market_hours.future.E7.marketType,market_hours,future.E7.marketType,unknown,unknown,medium,,
market_hours.future.E7.product,market_hours,future.E7.product,unknown,unknown,medium,,
market_hours.future.E7.productName,market_hours,future.E7.productName,unknown,unknown,medium,,
market_hours.future.E7.sessionHours,market_hours,future.E7.sessionHours,unknown,unknown,medium,,
market_hours.future.E7.sessionHours.noTrading,market_hours,future.E7.sessionHours.noTrading,unknown,unknown,medium,,
market_hours.future.E7.sessionHours.noTrading.*,market_hours,future.E7.sessionHours.noTrading.5,unknown,unknown,medium,,
market_hours.future.E7.sessionHours.noTrading.*.end,market_hours,future.E7.sessionHours.noTrading.5.end,unknown,unknown,medium,,
market_hours.future.E7.sessionHours.noTrading.*.start,market_hours,future.E7.sessionHours.noTrading.5.start,unknown,unknown,medium,,
market_hours.future.E7.sessionHours.regularMarket,market_hours,future.E7.sessionHours.regularMarket,unknown,unknown,medium,,
market_hours.future.E7.sessionHours.regularMarket.*,market_hours,future.E7.sessionHours.regularMarket.1,unknown,unknown,medium,,
market_hours.future.E7.sessionHours.regularMarket.*.end,market_hours,future.E7.sessionHours.regularMarket.1.end,unknown,unknown,medium,,
market_hours.future.E7.sessionHours.regularMarket.*.start,market_hours,future.E7.sessionHours.regularMarket.1.start,unknown,unknown,medium,,
market_hours.future.ECK,market_hours,future.ECK,unknown,unknown,medium,,
market_hours.future.ECK.category,market_hours,future.ECK.category,unknown,unknown,medium,,
market_hours.future.ECK.date,market_hours,future.ECK.date,unknown,unknown,medium,,
market_hours.future.ECK.exchange,market_hours,future.ECK.exchange,unknown,unknown,low,,
market_hours.future.ECK.isOpen,market_hours,future.ECK.isOpen,market_hours,unknown,medium,,
market_hours.future.ECK.marketType,market_hours,future.ECK.marketType,unknown,unknown,medium,,
market_hours.future.ECK.product,market_hours,future.ECK.product,unknown,unknown,medium,,
market_hours.future.ECK.productName,market_hours,future.ECK.productName,unknown,unknown,medium,,
market_hours.future.ECK.sessionHours,market_hours,future.ECK.sessionHours,unknown,unknown,medium,,
market_hours.future.ECK.sessionHours.noTrading,market_hours,future.ECK.sessionHours.noTrading,unknown,unknown,medium,,
market_hours.future.ECK.sessionHours.noTrading.*,market_hours,future.ECK.sessionHours.noTrading.5,unknown,unknown,medium,,
market_hours.future.ECK.sessionHours.noTrading.*.end,market_hours,future.ECK.sessionHours.noTrading.5.end,unknown,unknown,medium,,
market_hours.future.ECK.sessionHours.noTrading.*.start,market_hours,future.ECK.sessionHours.noTrading.5.start,unknown,unknown,medium,,
market_hours.future.ECK.sessionHours.regularMarket,market_hours,future.ECK.sessionHours.regularMarket,unknown,unknown,medium,,
market_hours.future.ECK.sessionHours.regularMarket.*,market_hours,future.ECK.sessionHours.regularMarket.1,unknown,unknown,medium,,
market_hours.future.ECK.sessionHours.regularMarket.*.end,market_hours,future.ECK.sessionHours.regularMarket.1.end,unknown,unknown,medium,,
market_hours.future.ECK.sessionHours.regularMarket.*.start,market_hours,future.ECK.sessionHours.regularMarket.1.start,unknown,unknown,medium,,
market_hours.future.EHF,market_hours,future.EHF,unknown,unknown,medium,,
market_hours.future.EHF.category,market_hours,future.EHF.category,unknown,unknown,medium,,
market_hours.future.EHF.date,market_hours,future.EHF.date,unknown,unknown,medium,,
market_hours.future.EHF.exchange,market_hours,future.EHF.exchange,unknown,unknown,low,,
market_hours.future.EHF.isOpen,market_hours,future.EHF.isOpen,market_hours,unknown,medium,,
market_hours.future.EHF.marketType,market_hours,future.EHF.marketType,unknown,unknown,medium,,
market_hours.future.EHF.product,market_hours,future.EHF.product,unknown,unknown,medium,,
market_hours.future.EHF.productName,market_hours,future.EHF.productName,unknown,unknown,medium,,
market_hours.future.EHF.sessionHours,market_hours,future.EHF.sessionHours,unknown,unknown,medium,,
market_hours.future.EHF.sessionHours.noTrading,market_hours,future.EHF.sessionHours.noTrading,unknown,unknown,medium,,
market_hours.future.EHF.sessionHours.noTrading.*,market_hours,future.EHF.sessionHours.noTrading.5,unknown,unknown,medium,,
market_hours.future.EHF.sessionHours.noTrading.*.end,market_hours,future.EHF.sessionHours.noTrading.5.end,unknown,unknown,medium,,
market_hours.future.EHF.sessionHours.noTrading.*.start,market_hours,future.EHF.sessionHours.noTrading.5.start,unknown,unknown,medium,,
market_hours.future.EHF.sessionHours.regularMarket,market_hours,future.EHF.sessionHours.regularMarket,unknown,unknown,medium,,
market_hours.future.EHF.sessionHours.regularMarket.*,market_hours,future.EHF.sessionHours.regularMarket.1,unknown,unknown,medium,,
market_hours.future.EHF.sessionHours.regularMarket.*.end,market_hours,future.EHF.sessionHours.regularMarket.1.end,unknown,unknown,medium,,
market_hours.future.EHF.sessionHours.regularMarket.*.start,market_hours,future.EHF.sessionHours.regularMarket.1.start,unknown,unknown,medium,,
market_hours.future.EMD,market_hours,future.EMD,unknown,unknown,medium,,
market_hours.future.EMD.category,market_hours,future.EMD.category,unknown,unknown,medium,,
market_hours.future.EMD.date,market_hours,future.EMD.date,unknown,unknown,medium,,
market_hours.future.EMD.exchange,market_hours,future.EMD.exchange,unknown,unknown,low,,
market_hours.future.EMD.isOpen,market_hours,future.EMD.isOpen,market_hours,unknown,medium,,
market_hours.future.EMD.marketType,market_hours,future.EMD.marketType,unknown,unknown,medium,,
market_hours.future.EMD.product,market_hours,future.EMD.product,unknown,unknown,medium,,
market_hours.future.EMD.productName,market_hours,future.EMD.productName,unknown,unknown,medium,,
market_hours.future.EMD.sessionHours,market_hours,future.EMD.sessionHours,unknown,unknown,medium,,
market_hours.future.EMD.sessionHours.noTrading,market_hours,future.EMD.sessionHours.noTrading,unknown,unknown,medium,,
market_hours.future.EMD.sessionHours.noTrading.*,market_hours,future.EMD.sessionHours.noTrading.5,unknown,unknown,medium,,
market_hours.future.EMD.sessionHours.noTrading.*.end,market_hours,future.EMD.sessionHours.noTrading.5.end,unknown,unknown,medium,,
market_hours.future.EMD.sessionHours.noTrading.*.start,market_hours,future.EMD.sessionHours.noTrading.5.start,unknown,unknown,medium,,
market_hours.future.EMD.sessionHours.regularMarket,market_hours,future.EMD.sessionHours.regularMarket,unknown,unknown,medium,,
market_hours.future.EMD.sessionHours.regularMarket.*,market_hours,future.EMD.sessionHours.regularMarket.1,unknown,unknown,medium,,
market_hours.future.EMD.sessionHours.regularMarket.*.end,market_hours,future.EMD.sessionHours.regularMarket.1.end,unknown,unknown,medium,,
market_hours.future.EMD.sessionHours.regularMarket.*.start,market_hours,future.EMD.sessionHours.regularMarket.1.start,unknown,unknown,medium,,
market_hours.future.ES,market_hours,future.ES,unknown,unknown,medium,,
market_hours.future.ES.category,market_hours,future.ES.category,unknown,unknown,medium,,
market_hours.future.ES.date,market_hours,future.ES.date,unknown,unknown,medium,,
market_hours.future.ES.exchange,market_hours,future.ES.exchange,unknown,unknown,low,,
market_hours.future.ES.isOpen,market_hours,future.ES.isOpen,market_hours,unknown,medium,,
market_hours.future.ES.marketType,market_hours,future.ES.marketType,unknown,unknown,medium,,
market_hours.future.ES.product,market_hours,future.ES.product,unknown,unknown,medium,,
market_hours.future.ES.productName,market_hours,future.ES.productName,unknown,unknown,medium,,
market_hours.future.ES.sessionHours,market_hours,future.ES.sessionHours,unknown,unknown,medium,,
market_hours.future.ES.sessionHours.noTrading,market_hours,future.ES.sessionHours.noTrading,unknown,unknown,medium,,
market_hours.future.ES.sessionHours.noTrading.*,market_hours,future.ES.sessionHours.noTrading.5,unknown,unknown,medium,,
market_hours.future.ES.sessionHours.noTrading.*.end,market_hours,future.ES.sessionHours.noTrading.5.end,unknown,unknown,medium,,
market_hours.future.ES.sessionHours.noTrading.*.start,market_hours,future.ES.sessionHours.noTrading.5.start,unknown,unknown,medium,,
market_hours.future.ES.sessionHours.regularMarket,market_hours,future.ES.sessionHours.regularMarket,unknown,unknown,medium,,
market_hours.future.ES.sessionHours.regularMarket.*,market_hours,future.ES.sessionHours.regularMarket.1,unknown,unknown,medium,,
market_hours.future.ES.sessionHours.regularMarket.*.end,market_hours,future.ES.sessionHours.regularMarket.1.end,unknown,unknown,medium,,
market_hours.future.ES.sessionHours.regularMarket.*.start,market_hours,future.ES.sessionHours.regularMarket.1.start,unknown,unknown,medium,,
market_hours.future.ETH,market_hours,future.ETH,unknown,unknown,medium,,
market_hours.future.ETH.category,market_hours,future.ETH.category,unknown,unknown,medium,,
market_hours.future.ETH.date,market_hours,future.ETH.date,unknown,unknown,medium,,
market_hours.future.ETH.exchange,market_hours,future.ETH.exchange,unknown,unknown,low,,
market_hours.future.ETH.isOpen,market_hours,future.ETH.isOpen,market_hours,unknown,medium,,
market_hours.future.ETH.marketType,market_hours,future.ETH.marketType,unknown,unknown,medium,,
market_hours.future.ETH.product,market_hours,future.ETH.product,unknown,unknown,medium,,
market_hours.future.ETH.productName,market_hours,future.ETH.productName,unknown,unknown,medium,,
market_hours.future.ETH.sessionHours,market_hours,future.ETH.sessionHours,unknown,unknown,medium,,
market_hours.future.ETH.sessionHours.noTrading,market_hours,future.ETH.sessionHours.noTrading,unknown,unknown,medium,,
market_hours.future.ETH.sessionHours.noTrading.*,market_hours,future.ETH.sessionHours.noTrading.5,unknown,unknown,medium,,
market_hours.future.ETH.sessionHours.noTrading.*.end,market_hours,future.ETH.sessionHours.noTrading.5.end,unknown,unknown,medium,,
market_hours.future.ETH.sessionHours.noTrading.*.start,market_hours,future.ETH.sessionHours.noTrading.5.start,unknown,unknown,medium,,
market_hours.future.ETH.sessionHours.regularMarket,market_hours,future.ETH.sessionHours.regularMarket,unknown,unknown,medium,,
market_hours.future.ETH.sessionHours.regularMarket.*,market_hours,future.ETH.sessionHours.regularMarket.1,unknown,unknown,medium,,
market_hours.future.ETH.sessionHours.regularMarket.*.end,market_hours,future.ETH.sessionHours.regularMarket.1.end,unknown,unknown,medium,,
market_hours.future.ETH.sessionHours.regularMarket.*.start,market_hours,future.ETH.sessionHours.regularMarket.1.start,unknown,unknown,medium,,
market_hours.future.GC,market_hours,future.GC,unknown,unknown,medium,,
market_hours.future.GC.category,market_hours,future.GC.category,unknown,unknown,medium,,
market_hours.future.GC.date,market_hours,future.GC.date,unknown,unknown,medium,,
market_hours.future.GC.exchange,market_hours,future.GC.exchange,unknown,unknown,low,,
market_hours.future.GC.isOpen,market_hours,future.GC.isOpen,market_hours,unknown,medium,,
market_hours.future.GC.marketType,market_hours,future.GC.marketType,unknown,unknown,medium,,
market_hours.future.GC.product,market_hours,future.GC.product,unknown,unknown,medium,,
market_hours.future.GC.productName,market_hours,future.GC.productName,unknown,unknown,medium,,
market_hours.future.GC.sessionHours,market_hours,future.GC.sessionHours,unknown,unknown,medium,,
market_hours.future.GC.sessionHours.noTrading,market_hours,future.GC.sessionHours.noTrading,unknown,unknown,medium,,
market_hours.future.GC.sessionHours.noTrading.*,market_hours,future.GC.sessionHours.noTrading.5,unknown,unknown,medium,,
market_hours.future.GC.sessionHours.noTrading.*.end,market_hours,future.GC.sessionHours.noTrading.5.end,unknown,unknown,medium,,
market_hours.future.GC.sessionHours.noTrading.*.start,market_hours,future.GC.sessionHours.noTrading.5.start,unknown,unknown,medium,,
market_hours.future.GC.sessionHours.regularMarket,market_hours,future.GC.sessionHours.regularMarket,unknown,unknown,medium,,
market_hours.future.GC.sessionHours.regularMarket.*,market_hours,future.GC.sessionHours.regularMarket.1,unknown,unknown,medium,,
market_hours.future.GC.sessionHours.regularMarket.*.end,market_hours,future.GC.sessionHours.regularMarket.1.end,unknown,unknown,medium,,
market_hours.future.GC.sessionHours.regularMarket.*.start,market_hours,future.GC.sessionHours.regularMarket.1.start,unknown,unknown,medium,,
market_hours.future.GF,market_hours,future.GF,unknown,unknown,medium,,
market_hours.future.GF.category,market_hours,future.GF.category,unknown,unknown,medium,,
market_hours.future.GF.date,market_hours,future.GF.date,unknown,unknown,medium,,
market_hours.future.GF.exchange,market_hours,future.GF.exchange,unknown,unknown,low,,
market_hours.future.GF.isOpen,market_hours,future.GF.isOpen,market_hours,unknown,medium,,
market_hours.future.GF.marketType,market_hours,future.GF.marketType,unknown,unknown,medium,,
market_hours.future.GF.product,market_hours,future.GF.product,unknown,unknown,medium,,
market_hours.future.GF.productName,market_hours,future.GF.productName,unknown,unknown,medium,,
market_hours.future.GF.sessionHours,market_hours,future.GF.sessionHours,unknown,unknown,medium,,
market_hours.future.GF.sessionHours.noTrading,market_hours,future.GF.sessionHours.noTrading,unknown,unknown,medium,,
market_hours.future.GF.sessionHours.noTrading.*,market_hours,future.GF.sessionHours.noTrading.5,unknown,unknown,medium,,
market_hours.future.GF.sessionHours.noTrading.*.end,market_hours,future.GF.sessionHours.noTrading.5.end,unknown,unknown,medium,,
market_hours.future.GF.sessionHours.noTrading.*.start,market_hours,future.GF.sessionHours.noTrading.5.start,unknown,unknown,medium,,
market_hours.future.GF.sessionHours.regularMarket,market_hours,future.GF.sessionHours.regularMarket,unknown,unknown,medium,,
market_hours.future.GF.sessionHours.regularMarket.*,market_hours,future.GF.sessionHours.regularMarket.1,unknown,unknown,medium,,
market_hours.future.GF.sessionHours.regularMarket.*.end,market_hours,future.GF.sessionHours.regularMarket.1.end,unknown,unknown,medium,,
market_hours.future.GF.sessionHours.regularMarket.*.start,market_hours,future.GF.sessionHours.regularMarket.1.start,unknown,unknown,medium,,
market_hours.future.HE,market_hours,future.HE,unknown,unknown,medium,,
market_hours.future.HE.category,market_hours,future.HE.category,unknown,unknown,medium,,
market_hours.future.HE.date,market_hours,future.HE.date,unknown,unknown,medium,,
market_hours.future.HE.exchange,market_hours,future.HE.exchange,unknown,unknown,low,,
market_hours.future.HE.isOpen,market_hours,future.HE.isOpen,market_hours,unknown,medium,,
market_hours.future.HE.marketType,market_hours,future.HE.marketType,unknown,unknown,medium,,
market_hours.future.HE.product,market_hours,future.HE.product,unknown,unknown,medium,,
market_hours.future.HE.productName,market_hours,future.HE.productName,unknown,unknown,medium,,
market_hours.future.HE.sessionHours,market_hours,future.HE.sessionHours,unknown,unknown,medium,,
market_hours.future.HE.sessionHours.noTrading,market_hours,future.HE.sessionHours.noTrading,unknown,unknown,medium,,
market_hours.future.HE.sessionHours.noTrading.*,market_hours,future.HE.sessionHours.noTrading.5,unknown,unknown,medium,,
market_hours.future.HE.sessionHours.noTrading.*.end,market_hours,future.HE.sessionHours.noTrading.5.end,unknown,unknown,medium,,
market_hours.future.HE.sessionHours.noTrading.*.start,market_hours,future.HE.sessionHours.noTrading.5.start,unknown,unknown,medium,,
market_hours.future.HE.sessionHours.regularMarket,market_hours,future.HE.sessionHours.regularMarket,unknown,unknown,medium,,
market_hours.future.HE.sessionHours.regularMarket.*,market_hours,future.HE.sessionHours.regularMarket.1,unknown,unknown,medium,,
market_hours.future.HE.sessionHours.regularMarket.*.end,market_hours,future.HE.sessionHours.regularMarket.1.end,unknown,unknown,medium,,
market_hours.future.HE.sessionHours.regularMarket.*.start,market_hours,future.HE.sessionHours.regularMarket.1.start,unknown,unknown,medium,,
market_hours.future.HG,market_hours,future.HG,unknown,unknown,medium,,
market_hours.future.HG.category,market_hours,future.HG.category,unknown,unknown,medium,,
market_hours.future.HG.date,market_hours,future.HG.date,unknown,unknown,medium,,
market_hours.future.HG.exchange,market_hours,future.HG.exchange,unknown,unknown,low,,
market_hours.future.HG.isOpen,market_hours,future.HG.isOpen,market_hours,unknown,medium,,
market_hours.future.HG.marketType,market_hours,future.HG.marketType,unknown,unknown,medium,,
market_hours.future.HG.product,market_hours,future.HG.product,unknown,unknown,medium,,
market_hours.future.HG.productName,market_hours,future.HG.productName,unknown,unknown,medium,,
market_hours.future.HG.sessionHours,market_hours,future.HG.sessionHours,unknown,unknown,medium,,
market_hours.future.HG.sessionHours.noTrading,market_hours,future.HG.sessionHours.noTrading,unknown,unknown,medium,,
market_hours.future.HG.sessionHours.noTrading.*,market_hours,future.HG.sessionHours.noTrading.5,unknown,unknown,medium,,
market_hours.future.HG.sessionHours.noTrading.*.end,market_hours,future.HG.sessionHours.noTrading.5.end,unknown,unknown,medium,,
market_hours.future.HG.sessionHours.noTrading.*.start,market_hours,future.HG.sessionHours.noTrading.5.start,unknown,unknown,medium,,
market_hours.future.HG.sessionHours.regularMarket,market_hours,future.HG.sessionHours.regularMarket,unknown,unknown,medium,,
market_hours.future.HG.sessionHours.regularMarket.*,market_hours,future.HG.sessionHours.regularMarket.1,unknown,unknown,medium,,
market_hours.future.HG.sessionHours.regularMarket.*.end,market_hours,future.HG.sessionHours.regularMarket.1.end,unknown,unknown,medium,,
market_hours.future.HG.sessionHours.regularMarket.*.start,market_hours,future.HG.sessionHours.regularMarket.1.start,unknown,unknown,medium,,
market_hours.future.HO,market_hours,future.HO,unknown,unknown,medium,,
market_hours.future.HO.category,market_hours,future.HO.category,unknown,unknown,medium,,
market_hours.future.HO.date,market_hours,future.HO.date,unknown,unknown,medium,,
market_hours.future.HO.exchange,market_hours,future.HO.exchange,unknown,unknown,low,,
market_hours.future.HO.isOpen,market_hours,future.HO.isOpen,market_hours,unknown,medium,,
market_hours.future.HO.marketType,market_hours,future.HO.marketType,unknown,unknown,medium,,
market_hours.future.HO.product,market_hours,future.HO.product,unknown,unknown,medium,,
market_hours.future.HO.productName,market_hours,future.HO.productName,unknown,unknown,medium,,
market_hours.future.HO.sessionHours,market_hours,future.HO.sessionHours,unknown,unknown,medium,,
market_hours.future.HO.sessionHours.noTrading,market_hours,future.HO.sessionHours.noTrading,unknown,unknown,medium,,
market_hours.future.HO.sessionHours.noTrading.*,market_hours,future.HO.sessionHours.noTrading.5,unknown,unknown,medium,,
market_hours.future.HO.sessionHours.noTrading.*.end,market_hours,future.HO.sessionHours.noTrading.5.end,unknown,unknown,medium,,
market_hours.future.HO.sessionHours.noTrading.*.start,market_hours,future.HO.sessionHours.noTrading.5.start,unknown,unknown,medium,,
market_hours.future.HO.sessionHours.regularMarket,market_hours,future.HO.sessionHours.regularMarket,unknown,unknown,medium,,
market_hours.future.HO.sessionHours.regularMarket.*,market_hours,future.HO.sessionHours.regularMarket.1,unknown,unknown,medium,,
market_hours.future.HO.sessionHours.regularMarket.*.end,market_hours,future.HO.sessionHours.regularMarket.1.end,unknown,unknown,medium,,
market_hours.future.HO.sessionHours.regularMarket.*.start,market_hours,future.HO.sessionHours.regularMarket.1.start,unknown,unknown,medium,,
market_hours.future.J7,market_hours,future.J7,unknown,unknown,medium,,
market_hours.future.J7.category,market_hours,future.J7.category,unknown,unknown,medium,,
market_hours.future.J7.date,market_hours,future.J7.date,unknown,unknown,medium,,
market_hours.future.J7.exchange,market_hours,future.J7.exchange,unknown,unknown,low,,
market_hours.future.J7.isOpen,market_hours,future.J7.isOpen,market_hours,unknown,medium,,
market_hours.future.J7.marketType,market_hours,future.J7.marketType,unknown,unknown,medium,,
market_hours.future.J7.product,market_hours,future.J7.product,unknown,unknown,medium,,
market_hours.future.J7.productName,market_hours,future.J7.productName,unknown,unknown,medium,,
market_hours.future.J7.sessionHours,market_hours,future.J7.sessionHours,unknown,unknown,medium,,
market_hours.future.J7.sessionHours.noTrading,market_hours,future.J7.sessionHours.noTrading,unknown,unknown,medium,,
market_hours.future.J7.sessionHours.noTrading.*,market_hours,future.J7.sessionHours.noTrading.5,unknown,unknown,medium,,
market_hours.future.J7.sessionHours.noTrading.*.end,market_hours,future.J7.sessionHours.noTrading.5.end,unknown,unknown,medium,,
market_hours.future.J7.sessionHours.noTrading.*.start,market_hours,future.J7.sessionHours.noTrading.5.start,unknown,unknown,medium,,
market_hours.future.J7.sessionHours.regularMarket,market_hours,future.J7.sessionHours.regularMarket,unknown,unknown,medium,,
market_hours.future.J7.sessionHours.regularMarket.*,market_hours,future.J7.sessionHours.regularMarket.1,unknown,unknown,medium,,
market_hours.future.J7.sessionHours.regularMarket.*.end,market_hours,future.J7.sessionHours.regularMarket.1.end,unknown,unknown,medium,,
market_hours.future.J7.sessionHours.regularMarket.*.start,market_hours,future.J7.sessionHours.regularMarket.1.start,unknown,unknown,medium,,
market_hours.future.KE,market_hours,future.KE,unknown,unknown,medium,,
market_hours.future.KE.category,market_hours,future.KE.category,unknown,unknown,medium,,
market_hours.future.KE.date,market_hours,future.KE.date,unknown,unknown,medium,,
market_hours.future.KE.exchange,market_hours,future.KE.exchange,unknown,unknown,low,,
market_hours.future.KE.isOpen,market_hours,future.KE.isOpen,market_hours,unknown,medium,,
market_hours.future.KE.marketType,market_hours,future.KE.marketType,unknown,unknown,medium,,
market_hours.future.KE.product,market_hours,future.KE.product,unknown,unknown,medium,,
market_hours.future.KE.productName,market_hours,future.KE.productName,unknown,unknown,medium,,
market_hours.future.KE.sessionHours,market_hours,future.KE.sessionHours,unknown,unknown,medium,,
market_hours.future.KE.sessionHours.noTrading,market_hours,future.KE.sessionHours.noTrading,unknown,unknown,medium,,
market_hours.future.KE.sessionHours.noTrading.*,market_hours,future.KE.sessionHours.noTrading.7,unknown,unknown,medium,,
market_hours.future.KE.sessionHours.noTrading.*.end,market_hours,future.KE.sessionHours.noTrading.7.end,unknown,unknown,medium,,
market_hours.future.KE.sessionHours.noTrading.*.start,market_hours,future.KE.sessionHours.noTrading.7.start,unknown,unknown,medium,,
market_hours.future.KE.sessionHours.regularMarket,market_hours,future.KE.sessionHours.regularMarket,unknown,unknown,medium,,
market_hours.future.KE.sessionHours.regularMarket.*,market_hours,future.KE.sessionHours.regularMarket.3,unknown,unknown,medium,,
market_hours.future.KE.sessionHours.regularMarket.*.end,market_hours,future.KE.sessionHours.regularMarket.3.end,unknown,unknown,medium,,
market_hours.future.KE.sessionHours.regularMarket.*.start,market_hours,future.KE.sessionHours.regularMarket.3.start,unknown,unknown,medium,,
market_hours.future.LE,market_hours,future.LE,unknown,unknown,medium,,
market_hours.future.LE.category,market_hours,future.LE.category,unknown,unknown,medium,,
market_hours.future.LE.date,market_hours,future.LE.date,unknown,unknown,medium,,
market_hours.future.LE.exchange,market_hours,future.LE.exchange,unknown,unknown,low,,
market_hours.future.LE.isOpen,market_hours,future.LE.isOpen,market_hours,unknown,medium,,
market_hours.future.LE.marketType,market_hours,future.LE.marketType,unknown,unknown,medium,,
market_hours.future.LE.product,market_hours,future.LE.product,unknown,unknown,medium,,
market_hours.future.LE.productName,market_hours,future.LE.productName,unknown,unknown,medium,,
market_hours.future.LE.sessionHours,market_hours,future.LE.sessionHours,unknown,unknown,medium,,
market_hours.future.LE.sessionHours.noTrading,market_hours,future.LE.sessionHours.noTrading,unknown,unknown,medium,,
market_hours.future.LE.sessionHours.noTrading.*,market_hours,future.LE.sessionHours.noTrading.5,unknown,unknown,medium,,
market_hours.future.LE.sessionHours.noTrading.*.end,market_hours,future.LE.sessionHours.noTrading.5.end,unknown,unknown,medium,,
market_hours.future.LE.sessionHours.noTrading.*.start,market_hours,future.LE.sessionHours.noTrading.5.start,unknown,unknown,medium,,
market_hours.future.LE.sessionHours.regularMarket,market_hours,future.LE.sessionHours.regularMarket,unknown,unknown,medium,,
market_hours.future.LE.sessionHours.regularMarket.*,market_hours,future.LE.sessionHours.regularMarket.1,unknown,unknown,medium,,
market_hours.future.LE.sessionHours.regularMarket.*.end,market_hours,future.LE.sessionHours.regularMarket.1.end,unknown,unknown,medium,,
market_hours.future.LE.sessionHours.regularMarket.*.start,market_hours,future.LE.sessionHours.regularMarket.1.start,unknown,unknown,medium,,
market_hours.future.LNK,market_hours,future.LNK,unknown,unknown,medium,,
market_hours.future.LNK.category,market_hours,future.LNK.category,unknown,unknown,medium,,
market_hours.future.LNK.date,market_hours,future.LNK.date,unknown,unknown,medium,,
market_hours.future.LNK.exchange,market_hours,future.LNK.exchange,unknown,unknown,low,,
market_hours.future.LNK.isOpen,market_hours,future.LNK.isOpen,market_hours,unknown,medium,,
market_hours.future.LNK.marketType,market_hours,future.LNK.marketType,unknown,unknown,medium,,
market_hours.future.LNK.product,market_hours,future.LNK.product,unknown,unknown,medium,,
market_hours.future.LNK.productName,market_hours,future.LNK.productName,unknown,unknown,medium,,
market_hours.future.LNK.sessionHours,market_hours,future.LNK.sessionHours,unknown,unknown,medium,,
market_hours.future.LNK.sessionHours.noTrading,market_hours,future.LNK.sessionHours.noTrading,unknown,unknown,medium,,
market_hours.future.LNK.sessionHours.noTrading.*,market_hours,future.LNK.sessionHours.noTrading.5,unknown,unknown,medium,,
market_hours.future.LNK.sessionHours.noTrading.*.end,market_hours,future.LNK.sessionHours.noTrading.5.end,unknown,unknown,medium,,
market_hours.future.LNK.sessionHours.noTrading.*.start,market_hours,future.LNK.sessionHours.noTrading.5.start,unknown,unknown,medium,,
market_hours.future.LNK.sessionHours.regularMarket,market_hours,future.LNK.sessionHours.regularMarket,unknown,unknown,medium,,
market_hours.future.LNK.sessionHours.regularMarket.*,market_hours,future.LNK.sessionHours.regularMarket.1,unknown,unknown,medium,,
market_hours.future.LNK.sessionHours.regularMarket.*.end,market_hours,future.LNK.sessionHours.regularMarket.1.end,unknown,unknown,medium,,
market_hours.future.LNK.sessionHours.regularMarket.*.start,market_hours,future.LNK.sessionHours.regularMarket.1.start,unknown,unknown,medium,,
market_hours.future.M2K,market_hours,future.M2K,unknown,unknown,medium,,
market_hours.future.M2K.category,market_hours,future.M2K.category,unknown,unknown,medium,,
market_hours.future.M2K.date,market_hours,future.M2K.date,unknown,unknown,medium,,
market_hours.future.M2K.exchange,market_hours,future.M2K.exchange,unknown,unknown,low,,
market_hours.future.M2K.isOpen,market_hours,future.M2K.isOpen,market_hours,unknown,medium,,
market_hours.future.M2K.marketType,market_hours,future.M2K.marketType,unknown,unknown,medium,,
market_hours.future.M2K.product,market_hours,future.M2K.product,unknown,unknown,medium,,
market_hours.future.M2K.productName,market_hours,future.M2K.productName,unknown,unknown,medium,,
market_hours.future.M2K.sessionHours,market_hours,future.M2K.sessionHours,unknown,unknown,medium,,
market_hours.future.M2K.sessionHours.noTrading,market_hours,future.M2K.sessionHours.noTrading,unknown,unknown,medium,,
market_hours.future.M2K.sessionHours.noTrading.*,market_hours,future.M2K.sessionHours.noTrading.5,unknown,unknown,medium,,
market_hours.future.M2K.sessionHours.noTrading.*.end,market_hours,future.M2K.sessionHours.noTrading.5.end,unknown,unknown,medium,,
market_hours.future.M2K.sessionHours.noTrading.*.start,market_hours,future.M2K.sessionHours.noTrading.5.start,unknown,unknown,medium,,
market_hours.future.M2K.sessionHours.regularMarket,market_hours,future.M2K.sessionHours.regularMarket,unknown,unknown,medium,,
market_hours.future.M2K.sessionHours.regularMarket.*,market_hours,future.M2K.sessionHours.regularMarket.1,unknown,unknown,medium,,
market_hours.future.M2K.sessionHours.regularMarket.*.end,market_hours,future.M2K.sessionHours.regularMarket.1.end,unknown,unknown,medium,,
market_hours.future.M2K.sessionHours.regularMarket.*.start,market_hours,future.M2K.sessionHours.regularMarket.1.start,unknown,unknown,medium,,
market_hours.future.M6A,market_hours,future.M6A,unknown,unknown,medium,,
market_hours.future.M6A.category,market_hours,future.M6A.category,unknown,unknown,medium,,
market_hours.future.M6A.date,market_hours,future.M6A.date,unknown,unknown,medium,,
market_hours.future.M6A.exchange,market_hours,future.M6A.exchange,unknown,unknown,low,,
market_hours.future.M6A.isOpen,market_hours,future.M6A.isOpen,market_hours,unknown,medium,,
market_hours.future.M6A.marketType,market_hours,future.M6A.marketType,unknown,unknown,medium,,
market_hours.future.M6A.product,market_hours,future.M6A.product,unknown,unknown,medium,,
market_hours.future.M6A.productName,market_hours,future.M6A.productName,unknown,unknown,medium,,
market_hours.future.M6A.sessionHours,market_hours,future.M6A.sessionHours,unknown,unknown,medium,,
market_hours.future.M6A.sessionHours.noTrading,market_hours,future.M6A.sessionHours.noTrading,unknown,unknown,medium,,
market_hours.future.M6A.sessionHours.noTrading.*,market_hours,future.M6A.sessionHours.noTrading.5,unknown,unknown,medium,,
market_hours.future.M6A.sessionHours.noTrading.*.end,market_hours,future.M6A.sessionHours.noTrading.5.end,unknown,unknown,medium,,
market_hours.future.M6A.sessionHours.noTrading.*.start,market_hours,future.M6A.sessionHours.noTrading.5.start,unknown,unknown,medium,,
market_hours.future.M6A.sessionHours.regularMarket,market_hours,future.M6A.sessionHours.regularMarket,unknown,unknown,medium,,
market_hours.future.M6A.sessionHours.regularMarket.*,market_hours,future.M6A.sessionHours.regularMarket.1,unknown,unknown,medium,,
market_hours.future.M6A.sessionHours.regularMarket.*.end,market_hours,future.M6A.sessionHours.regularMarket.1.end,unknown,unknown,medium,,
market_hours.future.M6A.sessionHours.regularMarket.*.start,market_hours,future.M6A.sessionHours.regularMarket.1.start,unknown,unknown,medium,,
market_hours.future.M6B,market_hours,future.M6B,unknown,unknown,medium,,
market_hours.future.M6B.category,market_hours,future.M6B.category,unknown,unknown,medium,,
market_hours.future.M6B.date,market_hours,future.M6B.date,unknown,unknown,medium,,
market_hours.future.M6B.exchange,market_hours,future.M6B.exchange,unknown,unknown,low,,
market_hours.future.M6B.isOpen,market_hours,future.M6B.isOpen,market_hours,unknown,medium,,
market_hours.future.M6B.marketType,market_hours,future.M6B.marketType,unknown,unknown,medium,,
market_hours.future.M6B.product,market_hours,future.M6B.product,unknown,unknown,medium,,
market_hours.future.M6B.productName,market_hours,future.M6B.productName,unknown,unknown,medium,,
market_hours.future.M6B.sessionHours,market_hours,future.M6B.sessionHours,unknown,unknown,medium,,
market_hours.future.M6B.sessionHours.noTrading,market_hours,future.M6B.sessionHours.noTrading,unknown,unknown,medium,,
market_hours.future.M6B.sessionHours.noTrading.*,market_hours,future.M6B.sessionHours.noTrading.5,unknown,unknown,medium,,
market_hours.future.M6B.sessionHours.noTrading.*.end,market_hours,future.M6B.sessionHours.noTrading.5.end,unknown,unknown,medium,,
market_hours.future.M6B.sessionHours.noTrading.*.start,market_hours,future.M6B.sessionHours.noTrading.5.start,unknown,unknown,medium,,
market_hours.future.M6B.sessionHours.regularMarket,market_hours,future.M6B.sessionHours.regularMarket,unknown,unknown,medium,,
market_hours.future.M6B.sessionHours.regularMarket.*,market_hours,future.M6B.sessionHours.regularMarket.1,unknown,unknown,medium,,
market_hours.future.M6B.sessionHours.regularMarket.*.end,market_hours,future.M6B.sessionHours.regularMarket.1.end,unknown,unknown,medium,,
market_hours.future.M6B.sessionHours.regularMarket.*.start,market_hours,future.M6B.sessionHours.regularMarket.1.start,unknown,unknown,medium,,
market_hours.future.M6E,market_hours,future.M6E,unknown,unknown,medium,,
market_hours.future.M6E.category,market_hours,future.M6E.category,unknown,unknown,medium,,
market_hours.future.M6E.date,market_hours,future.M6E.date,unknown,unknown,medium,,
market_hours.future.M6E.exchange,market_hours,future.M6E.exchange,unknown,unknown,low,,
market_hours.future.M6E.isOpen,market_hours,future.M6E.isOpen,market_hours,unknown,medium,,
market_hours.future.M6E.marketType,market_hours,future.M6E.marketType,unknown,unknown,medium,,
market_hours.future.M6E.product,market_hours,future.M6E.product,unknown,unknown,medium,,
market_hours.future.M6E.productName,market_hours,future.M6E.productName,unknown,unknown,medium,,
market_hours.future.M6E.sessionHours,market_hours,future.M6E.sessionHours,unknown,unknown,medium,,
market_hours.future.M6E.sessionHours.noTrading,market_hours,future.M6E.sessionHours.noTrading,unknown,unknown,medium,,
market_hours.future.M6E.sessionHours.noTrading.*,market_hours,future.M6E.sessionHours.noTrading.5,unknown,unknown,medium,,
market_hours.future.M6E.sessionHours.noTrading.*.end,market_hours,future.M6E.sessionHours.noTrading.5.end,unknown,unknown,medium,,
market_hours.future.M6E.sessionHours.noTrading.*.start,market_hours,future.M6E.sessionHours.noTrading.5.start,unknown,unknown,medium,,
market_hours.future.M6E.sessionHours.regularMarket,market_hours,future.M6E.sessionHours.regularMarket,unknown,unknown,medium,,
market_hours.future.M6E.sessionHours.regularMarket.*,market_hours,future.M6E.sessionHours.regularMarket.1,unknown,unknown,medium,,
market_hours.future.M6E.sessionHours.regularMarket.*.end,market_hours,future.M6E.sessionHours.regularMarket.1.end,unknown,unknown,medium,,
market_hours.future.M6E.sessionHours.regularMarket.*.start,market_hours,future.M6E.sessionHours.regularMarket.1.start,unknown,unknown,medium,,
market_hours.future.MBT,market_hours,future.MBT,unknown,unknown,medium,,
market_hours.future.MBT.category,market_hours,future.MBT.category,unknown,unknown,medium,,
market_hours.future.MBT.date,market_hours,future.MBT.date,unknown,unknown,medium,,
market_hours.future.MBT.exchange,market_hours,future.MBT.exchange,unknown,unknown,low,,
market_hours.future.MBT.isOpen,market_hours,future.MBT.isOpen,market_hours,unknown,medium,,
market_hours.future.MBT.marketType,market_hours,future.MBT.marketType,unknown,unknown,medium,,
market_hours.future.MBT.product,market_hours,future.MBT.product,unknown,unknown,medium,,
market_hours.future.MBT.productName,market_hours,future.MBT.productName,unknown,unknown,medium,,
market_hours.future.MBT.sessionHours,market_hours,future.MBT.sessionHours,unknown,unknown,medium,,
market_hours.future.MBT.sessionHours.noTrading,market_hours,future.MBT.sessionHours.noTrading,unknown,unknown,medium,,
market_hours.future.MBT.sessionHours.noTrading.*,market_hours,future.MBT.sessionHours.noTrading.5,unknown,unknown,medium,,
market_hours.future.MBT.sessionHours.noTrading.*.end,market_hours,future.MBT.sessionHours.noTrading.5.end,unknown,unknown,medium,,
market_hours.future.MBT.sessionHours.noTrading.*.start,market_hours,future.MBT.sessionHours.noTrading.5.start,unknown,unknown,medium,,
market_hours.future.MBT.sessionHours.regularMarket,market_hours,future.MBT.sessionHours.regularMarket,unknown,unknown,medium,,
market_hours.future.MBT.sessionHours.regularMarket.*,market_hours,future.MBT.sessionHours.regularMarket.1,unknown,unknown,medium,,
market_hours.future.MBT.sessionHours.regularMarket.*.end,market_hours,future.MBT.sessionHours.regularMarket.1.end,unknown,unknown,medium,,
market_hours.future.MBT.sessionHours.regularMarket.*.start,market_hours,future.MBT.sessionHours.regularMarket.1.start,unknown,unknown,medium,,
market_hours.future.MCA,market_hours,future.MCA,unknown,unknown,medium,,
market_hours.future.MCA.category,market_hours,future.MCA.category,unknown,unknown,medium,,
market_hours.future.MCA.date,market_hours,future.MCA.date,unknown,unknown,medium,,
market_hours.future.MCA.exchange,market_hours,future.MCA.exchange,unknown,unknown,low,,
market_hours.future.MCA.isOpen,market_hours,future.MCA.isOpen,market_hours,unknown,medium,,
market_hours.future.MCA.marketType,market_hours,future.MCA.marketType,unknown,unknown,medium,,
market_hours.future.MCA.product,market_hours,future.MCA.product,unknown,unknown,medium,,
market_hours.future.MCA.productName,market_hours,future.MCA.productName,unknown,unknown,medium,,
market_hours.future.MCA.sessionHours,market_hours,future.MCA.sessionHours,unknown,unknown,medium,,
market_hours.future.MCA.sessionHours.noTrading,market_hours,future.MCA.sessionHours.noTrading,unknown,unknown,medium,,
market_hours.future.MCA.sessionHours.noTrading.*,market_hours,future.MCA.sessionHours.noTrading.5,unknown,unknown,medium,,
market_hours.future.MCA.sessionHours.noTrading.*.end,market_hours,future.MCA.sessionHours.noTrading.5.end,unknown,unknown,medium,,
market_hours.future.MCA.sessionHours.noTrading.*.start,market_hours,future.MCA.sessionHours.noTrading.5.start,unknown,unknown,medium,,
market_hours.future.MCA.sessionHours.regularMarket,market_hours,future.MCA.sessionHours.regularMarket,unknown,unknown,medium,,
market_hours.future.MCA.sessionHours.regularMarket.*,market_hours,future.MCA.sessionHours.regularMarket.1,unknown,unknown,medium,,
market_hours.future.MCA.sessionHours.regularMarket.*.end,market_hours,future.MCA.sessionHours.regularMarket.1.end,unknown,unknown,medium,,
market_hours.future.MCA.sessionHours.regularMarket.*.start,market_hours,future.MCA.sessionHours.regularMarket.1.start,unknown,unknown,medium,,
market_hours.future.MCD,market_hours,future.MCD,unknown,unknown,medium,,
market_hours.future.MCD.category,market_hours,future.MCD.category,unknown,unknown,medium,,
market_hours.future.MCD.date,market_hours,future.MCD.date,unknown,unknown,medium,,
market_hours.future.MCD.exchange,market_hours,future.MCD.exchange,unknown,unknown,low,,
market_hours.future.MCD.isOpen,market_hours,future.MCD.isOpen,market_hours,unknown,medium,,
market_hours.future.MCD.marketType,market_hours,future.MCD.marketType,unknown,unknown,medium,,
market_hours.future.MCD.product,market_hours,future.MCD.product,unknown,unknown,medium,,
market_hours.future.MCD.productName,market_hours,future.MCD.productName,unknown,unknown,medium,,
market_hours.future.MCD.sessionHours,market_hours,future.MCD.sessionHours,unknown,unknown,medium,,
market_hours.future.MCD.sessionHours.noTrading,market_hours,future.MCD.sessionHours.noTrading,unknown,unknown,medium,,
market_hours.future.MCD.sessionHours.noTrading.*,market_hours,future.MCD.sessionHours.noTrading.5,unknown,unknown,medium,,
market_hours.future.MCD.sessionHours.noTrading.*.end,market_hours,future.MCD.sessionHours.noTrading.5.end,unknown,unknown,medium,,
market_hours.future.MCD.sessionHours.noTrading.*.start,market_hours,future.MCD.sessionHours.noTrading.5.start,unknown,unknown,medium,,
market_hours.future.MCD.sessionHours.regularMarket,market_hours,future.MCD.sessionHours.regularMarket,unknown,unknown,medium,,
market_hours.future.MCD.sessionHours.regularMarket.*,market_hours,future.MCD.sessionHours.regularMarket.1,unknown,unknown,medium,,
market_hours.future.MCD.sessionHours.regularMarket.*.end,market_hours,future.MCD.sessionHours.regularMarket.1.end,unknown,unknown,medium,,
market_hours.future.MCD.sessionHours.regularMarket.*.start,market_hours,future.MCD.sessionHours.regularMarket.1.start,unknown,unknown,medium,,
market_hours.future.MCL,market_hours,future.MCL,unknown,unknown,medium,,
market_hours.future.MCL.category,market_hours,future.MCL.category,unknown,unknown,medium,,
market_hours.future.MCL.date,market_hours,future.MCL.date,unknown,unknown,medium,,
market_hours.future.MCL.exchange,market_hours,future.MCL.exchange,unknown,unknown,low,,
market_hours.future.MCL.isOpen,market_hours,future.MCL.isOpen,market_hours,unknown,medium,,
market_hours.future.MCL.marketType,market_hours,future.MCL.marketType,unknown,unknown,medium,,
market_hours.future.MCL.product,market_hours,future.MCL.product,unknown,unknown,medium,,
market_hours.future.MCL.productName,market_hours,future.MCL.productName,unknown,unknown,medium,,
market_hours.future.MCL.sessionHours,market_hours,future.MCL.sessionHours,unknown,unknown,medium,,
market_hours.future.MCL.sessionHours.noTrading,market_hours,future.MCL.sessionHours.noTrading,unknown,unknown,medium,,
market_hours.future.MCL.sessionHours.noTrading.*,market_hours,future.MCL.sessionHours.noTrading.5,unknown,unknown,medium,,
market_hours.future.MCL.sessionHours.noTrading.*.end,market_hours,future.MCL.sessionHours.noTrading.5.end,unknown,unknown,medium,,
market_hours.future.MCL.sessionHours.noTrading.*.start,market_hours,future.MCL.sessionHours.noTrading.5.start,unknown,unknown,medium,,
market_hours.future.MCL.sessionHours.regularMarket,market_hours,future.MCL.sessionHours.regularMarket,unknown,unknown,medium,,
market_hours.future.MCL.sessionHours.regularMarket.*,market_hours,future.MCL.sessionHours.regularMarket.1,unknown,unknown,medium,,
market_hours.future.MCL.sessionHours.regularMarket.*.end,market_hours,future.MCL.sessionHours.regularMarket.1.end,unknown,unknown,medium,,
market_hours.future.MCL.sessionHours.regularMarket.*.start,market_hours,future.MCL.sessionHours.regularMarket.1.start,unknown,unknown,medium,,
market_hours.future.MES,market_hours,future.MES,unknown,unknown,medium,,
market_hours.future.MES.category,market_hours,future.MES.category,unknown,unknown,medium,,
market_hours.future.MES.date,market_hours,future.MES.date,unknown,unknown,medium,,
market_hours.future.MES.exchange,market_hours,future.MES.exchange,unknown,unknown,low,,
market_hours.future.MES.isOpen,market_hours,future.MES.isOpen,market_hours,unknown,medium,,
market_hours.future.MES.marketType,market_hours,future.MES.marketType,unknown,unknown,medium,,
market_hours.future.MES.product,market_hours,future.MES.product,unknown,unknown,medium,,
market_hours.future.MES.productName,market_hours,future.MES.productName,unknown,unknown,medium,,
market_hours.future.MES.sessionHours,market_hours,future.MES.sessionHours,unknown,unknown,medium,,
market_hours.future.MES.sessionHours.noTrading,market_hours,future.MES.sessionHours.noTrading,unknown,unknown,medium,,
market_hours.future.MES.sessionHours.noTrading.*,market_hours,future.MES.sessionHours.noTrading.5,unknown,unknown,medium,,
market_hours.future.MES.sessionHours.noTrading.*.end,market_hours,future.MES.sessionHours.noTrading.5.end,unknown,unknown,medium,,
market_hours.future.MES.sessionHours.noTrading.*.start,market_hours,future.MES.sessionHours.noTrading.5.start,unknown,unknown,medium,,
market_hours.future.MES.sessionHours.regularMarket,market_hours,future.MES.sessionHours.regularMarket,unknown,unknown,medium,,
market_hours.future.MES.sessionHours.regularMarket.*,market_hours,future.MES.sessionHours.regularMarket.1,unknown,unknown,medium,,
market_hours.future.MES.sessionHours.regularMarket.*.end,market_hours,future.MES.sessionHours.regularMarket.1.end,unknown,unknown,medium,,
market_hours.future.MES.sessionHours.regularMarket.*.start,market_hours,future.MES.sessionHours.regularMarket.1.start,unknown,unknown,medium,,
market_hours.future.MET,market_hours,future.MET,unknown,unknown,medium,,
market_hours.future.MET.category,market_hours,future.MET.category,unknown,unknown,medium,,
market_hours.future.MET.date,market_hours,future.MET.date,unknown,unknown,medium,,
market_hours.future.MET.exchange,market_hours,future.MET.exchange,unknown,unknown,low,,
market_hours.future.MET.isOpen,market_hours,future.MET.isOpen,market_hours,unknown,medium,,
market_hours.future.MET.marketType,market_hours,future.MET.marketType,unknown,unknown,medium,,
market_hours.future.MET.product,market_hours,future.MET.product,unknown,unknown,medium,,
market_hours.future.MET.productName,market_hours,future.MET.productName,unknown,unknown,medium,,
market_hours.future.MET.sessionHours,market_hours,future.MET.sessionHours,unknown,unknown,medium,,
market_hours.future.MET.sessionHours.noTrading,market_hours,future.MET.sessionHours.noTrading,unknown,unknown,medium,,
market_hours.future.MET.sessionHours.noTrading.*,market_hours,future.MET.sessionHours.noTrading.5,unknown,unknown,medium,,
market_hours.future.MET.sessionHours.noTrading.*.end,market_hours,future.MET.sessionHours.noTrading.5.end,unknown,unknown,medium,,
market_hours.future.MET.sessionHours.noTrading.*.start,market_hours,future.MET.sessionHours.noTrading.5.start,unknown,unknown,medium,,
market_hours.future.MET.sessionHours.regularMarket,market_hours,future.MET.sessionHours.regularMarket,unknown,unknown,medium,,
market_hours.future.MET.sessionHours.regularMarket.*,market_hours,future.MET.sessionHours.regularMarket.1,unknown,unknown,medium,,
market_hours.future.MET.sessionHours.regularMarket.*.end,market_hours,future.MET.sessionHours.regularMarket.1.end,unknown,unknown,medium,,
market_hours.future.MET.sessionHours.regularMarket.*.start,market_hours,future.MET.sessionHours.regularMarket.1.start,unknown,unknown,medium,,
market_hours.future.MGC,market_hours,future.MGC,unknown,unknown,medium,,
market_hours.future.MGC.category,market_hours,future.MGC.category,unknown,unknown,medium,,
market_hours.future.MGC.date,market_hours,future.MGC.date,unknown,unknown,medium,,
market_hours.future.MGC.exchange,market_hours,future.MGC.exchange,unknown,unknown,low,,
market_hours.future.MGC.isOpen,market_hours,future.MGC.isOpen,market_hours,unknown,medium,,
market_hours.future.MGC.marketType,market_hours,future.MGC.marketType,unknown,unknown,medium,,
market_hours.future.MGC.product,market_hours,future.MGC.product,unknown,unknown,medium,,
market_hours.future.MGC.productName,market_hours,future.MGC.productName,unknown,unknown,medium,,
market_hours.future.MGC.sessionHours,market_hours,future.MGC.sessionHours,unknown,unknown,medium,,
market_hours.future.MGC.sessionHours.noTrading,market_hours,future.MGC.sessionHours.noTrading,unknown,unknown,medium,,
market_hours.future.MGC.sessionHours.noTrading.*,market_hours,future.MGC.sessionHours.noTrading.5,unknown,unknown,medium,,
market_hours.future.MGC.sessionHours.noTrading.*.end,market_hours,future.MGC.sessionHours.noTrading.5.end,unknown,unknown,medium,,
market_hours.future.MGC.sessionHours.noTrading.*.start,market_hours,future.MGC.sessionHours.noTrading.5.start,unknown,unknown,medium,,
market_hours.future.MGC.sessionHours.regularMarket,market_hours,future.MGC.sessionHours.regularMarket,unknown,unknown,medium,,
market_hours.future.MGC.sessionHours.regularMarket.*,market_hours,future.MGC.sessionHours.regularMarket.1,unknown,unknown,medium,,
market_hours.future.MGC.sessionHours.regularMarket.*.end,market_hours,future.MGC.sessionHours.regularMarket.1.end,unknown,unknown,medium,,
market_hours.future.MGC.sessionHours.regularMarket.*.start,market_hours,future.MGC.sessionHours.regularMarket.1.start,unknown,unknown,medium,,
market_hours.future.MHG,market_hours,future.MHG,unknown,unknown,medium,,
market_hours.future.MHG.category,market_hours,future.MHG.category,unknown,unknown,medium,,
market_hours.future.MHG.date,market_hours,future.MHG.date,unknown,unknown,medium,,
market_hours.future.MHG.exchange,market_hours,future.MHG.exchange,unknown,unknown,low,,
market_hours.future.MHG.isOpen,market_hours,future.MHG.isOpen,market_hours,unknown,medium,,
market_hours.future.MHG.marketType,market_hours,future.MHG.marketType,unknown,unknown,medium,,
market_hours.future.MHG.product,market_hours,future.MHG.product,unknown,unknown,medium,,
market_hours.future.MHG.productName,market_hours,future.MHG.productName,unknown,unknown,medium,,
market_hours.future.MHG.sessionHours,market_hours,future.MHG.sessionHours,unknown,unknown,medium,,
market_hours.future.MHG.sessionHours.noTrading,market_hours,future.MHG.sessionHours.noTrading,unknown,unknown,medium,,
market_hours.future.MHG.sessionHours.noTrading.*,market_hours,future.MHG.sessionHours.noTrading.5,unknown,unknown,medium,,
market_hours.future.MHG.sessionHours.noTrading.*.end,market_hours,future.MHG.sessionHours.noTrading.5.end,unknown,unknown,medium,,
market_hours.future.MHG.sessionHours.noTrading.*.start,market_hours,future.MHG.sessionHours.noTrading.5.start,unknown,unknown,medium,,
market_hours.future.MHG.sessionHours.regularMarket,market_hours,future.MHG.sessionHours.regularMarket,unknown,unknown,medium,,
market_hours.future.MHG.sessionHours.regularMarket.*,market_hours,future.MHG.sessionHours.regularMarket.1,unknown,unknown,medium,,
market_hours.future.MHG.sessionHours.regularMarket.*.end,market_hours,future.MHG.sessionHours.regularMarket.1.end,unknown,unknown,medium,,
market_hours.future.MHG.sessionHours.regularMarket.*.start,market_hours,future.MHG.sessionHours.regularMarket.1.start,unknown,unknown,medium,,
market_hours.future.MHO,market_hours,future.MHO,unknown,unknown,medium,,
market_hours.future.MHO.category,market_hours,future.MHO.category,unknown,unknown,medium,,
market_hours.future.MHO.date,market_hours,future.MHO.date,unknown,unknown,medium,,
market_hours.future.MHO.exchange,market_hours,future.MHO.exchange,unknown,unknown,low,,
market_hours.future.MHO.isOpen,market_hours,future.MHO.isOpen,market_hours,unknown,medium,,
market_hours.future.MHO.marketType,market_hours,future.MHO.marketType,unknown,unknown,medium,,
market_hours.future.MHO.product,market_hours,future.MHO.product,unknown,unknown,medium,,
market_hours.future.MHO.productName,market_hours,future.MHO.productName,unknown,unknown,medium,,
market_hours.future.MHO.sessionHours,market_hours,future.MHO.sessionHours,unknown,unknown,medium,,
market_hours.future.MHO.sessionHours.noTrading,market_hours,future.MHO.sessionHours.noTrading,unknown,unknown,medium,,
market_hours.future.MHO.sessionHours.noTrading.*,market_hours,future.MHO.sessionHours.noTrading.5,unknown,unknown,medium,,
market_hours.future.MHO.sessionHours.noTrading.*.end,market_hours,future.MHO.sessionHours.noTrading.5.end,unknown,unknown,medium,,
market_hours.future.MHO.sessionHours.noTrading.*.start,market_hours,future.MHO.sessionHours.noTrading.5.start,unknown,unknown,medium,,
market_hours.future.MHO.sessionHours.regularMarket,market_hours,future.MHO.sessionHours.regularMarket,unknown,unknown,medium,,
market_hours.future.MHO.sessionHours.regularMarket.*,market_hours,future.MHO.sessionHours.regularMarket.1,unknown,unknown,medium,,
market_hours.future.MHO.sessionHours.regularMarket.*.end,market_hours,future.MHO.sessionHours.regularMarket.1.end,unknown,unknown,medium,,
market_hours.future.MHO.sessionHours.regularMarket.*.start,market_hours,future.MHO.sessionHours.regularMarket.1.start,unknown,unknown,medium,,
market_hours.future.MLN,market_hours,future.MLN,unknown,unknown,medium,,
market_hours.future.MLN.category,market_hours,future.MLN.category,unknown,unknown,medium,,
market_hours.future.MLN.date,market_hours,future.MLN.date,unknown,unknown,medium,,
market_hours.future.MLN.exchange,market_hours,future.MLN.exchange,unknown,unknown,low,,
market_hours.future.MLN.isOpen,market_hours,future.MLN.isOpen,market_hours,unknown,medium,,
market_hours.future.MLN.marketType,market_hours,future.MLN.marketType,unknown,unknown,medium,,
market_hours.future.MLN.product,market_hours,future.MLN.product,unknown,unknown,medium,,
market_hours.future.MLN.productName,market_hours,future.MLN.productName,unknown,unknown,medium,,
market_hours.future.MLN.sessionHours,market_hours,future.MLN.sessionHours,unknown,unknown,medium,,
market_hours.future.MLN.sessionHours.noTrading,market_hours,future.MLN.sessionHours.noTrading,unknown,unknown,medium,,
market_hours.future.MLN.sessionHours.noTrading.*,market_hours,future.MLN.sessionHours.noTrading.5,unknown,unknown,medium,,
market_hours.future.MLN.sessionHours.noTrading.*.end,market_hours,future.MLN.sessionHours.noTrading.5.end,unknown,unknown,medium,,
market_hours.future.MLN.sessionHours.noTrading.*.start,market_hours,future.MLN.sessionHours.noTrading.5.start,unknown,unknown,medium,,
market_hours.future.MLN.sessionHours.regularMarket,market_hours,future.MLN.sessionHours.regularMarket,unknown,unknown,medium,,
market_hours.future.MLN.sessionHours.regularMarket.*,market_hours,future.MLN.sessionHours.regularMarket.1,unknown,unknown,medium,,
market_hours.future.MLN.sessionHours.regularMarket.*.end,market_hours,future.MLN.sessionHours.regularMarket.1.end,unknown,unknown,medium,,
market_hours.future.MLN.sessionHours.regularMarket.*.start,market_hours,future.MLN.sessionHours.regularMarket.1.start,unknown,unknown,medium,,
market_hours.future.MNG,market_hours,future.MNG,unknown,unknown,medium,,
market_hours.future.MNG.category,market_hours,future.MNG.category,unknown,unknown,medium,,
market_hours.future.MNG.date,market_hours,future.MNG.date,unknown,unknown,medium,,
market_hours.future.MNG.exchange,market_hours,future.MNG.exchange,unknown,unknown,low,,
market_hours.future.MNG.isOpen,market_hours,future.MNG.isOpen,market_hours,unknown,medium,,
market_hours.future.MNG.marketType,market_hours,future.MNG.marketType,unknown,unknown,medium,,
market_hours.future.MNG.product,market_hours,future.MNG.product,unknown,unknown,medium,,
market_hours.future.MNG.productName,market_hours,future.MNG.productName,unknown,unknown,medium,,
market_hours.future.MNG.sessionHours,market_hours,future.MNG.sessionHours,unknown,unknown,medium,,
market_hours.future.MNG.sessionHours.noTrading,market_hours,future.MNG.sessionHours.noTrading,unknown,unknown,medium,,
market_hours.future.MNG.sessionHours.noTrading.*,market_hours,future.MNG.sessionHours.noTrading.5,unknown,unknown,medium,,
market_hours.future.MNG.sessionHours.noTrading.*.end,market_hours,future.MNG.sessionHours.noTrading.5.end,unknown,unknown,medium,,
market_hours.future.MNG.sessionHours.noTrading.*.start,market_hours,future.MNG.sessionHours.noTrading.5.start,unknown,unknown,medium,,
market_hours.future.MNG.sessionHours.regularMarket,market_hours,future.MNG.sessionHours.regularMarket,unknown,unknown,medium,,
market_hours.future.MNG.sessionHours.regularMarket.*,market_hours,future.MNG.sessionHours.regularMarket.1,unknown,unknown,medium,,
market_hours.future.MNG.sessionHours.regularMarket.*.end,market_hours,future.MNG.sessionHours.regularMarket.1.end,unknown,unknown,medium,,
market_hours.future.MNG.sessionHours.regularMarket.*.start,market_hours,future.MNG.sessionHours.regularMarket.1.start,unknown,unknown,medium,,
market_hours.future.MNK,market_hours,future.MNK,unknown,unknown,medium,,
market_hours.future.MNK.category,market_hours,future.MNK.category,unknown,unknown,medium,,
market_hours.future.MNK.date,market_hours,future.MNK.date,unknown,unknown,medium,,
market_hours.future.MNK.exchange,market_hours,future.MNK.exchange,unknown,unknown,low,,
market_hours.future.MNK.isOpen,market_hours,future.MNK.isOpen,market_hours,unknown,medium,,
market_hours.future.MNK.marketType,market_hours,future.MNK.marketType,unknown,unknown,medium,,
market_hours.future.MNK.product,market_hours,future.MNK.product,unknown,unknown,medium,,
market_hours.future.MNK.productName,market_hours,future.MNK.productName,unknown,unknown,medium,,
market_hours.future.MNK.sessionHours,market_hours,future.MNK.sessionHours,unknown,unknown,medium,,
market_hours.future.MNK.sessionHours.noTrading,market_hours,future.MNK.sessionHours.noTrading,unknown,unknown,medium,,
market_hours.future.MNK.sessionHours.noTrading.*,market_hours,future.MNK.sessionHours.noTrading.5,unknown,unknown,medium,,
market_hours.future.MNK.sessionHours.noTrading.*.end,market_hours,future.MNK.sessionHours.noTrading.5.end,unknown,unknown,medium,,
market_hours.future.MNK.sessionHours.noTrading.*.start,market_hours,future.MNK.sessionHours.noTrading.5.start,unknown,unknown,medium,,
market_hours.future.MNK.sessionHours.regularMarket,market_hours,future.MNK.sessionHours.regularMarket,unknown,unknown,medium,,
market_hours.future.MNK.sessionHours.regularMarket.*,market_hours,future.MNK.sessionHours.regularMarket.1,unknown,unknown,medium,,
market_hours.future.MNK.sessionHours.regularMarket.*.end,market_hours,future.MNK.sessionHours.regularMarket.1.end,unknown,unknown,medium,,
market_hours.future.MNK.sessionHours.regularMarket.*.start,market_hours,future.MNK.sessionHours.regularMarket.1.start,unknown,unknown,medium,,
market_hours.future.MNQ,market_hours,future.MNQ,unknown,unknown,medium,,
market_hours.future.MNQ.category,market_hours,future.MNQ.category,unknown,unknown,medium,,
market_hours.future.MNQ.date,market_hours,future.MNQ.date,unknown,unknown,medium,,
market_hours.future.MNQ.exchange,market_hours,future.MNQ.exchange,unknown,unknown,low,,
market_hours.future.MNQ.isOpen,market_hours,future.MNQ.isOpen,market_hours,unknown,medium,,
market_hours.future.MNQ.marketType,market_hours,future.MNQ.marketType,unknown,unknown,medium,,
market_hours.future.MNQ.product,market_hours,future.MNQ.product,unknown,unknown,medium,,
market_hours.future.MNQ.productName,market_hours,future.MNQ.productName,unknown,unknown,medium,,
market_hours.future.MNQ.sessionHours,market_hours,future.MNQ.sessionHours,unknown,unknown,medium,,
market_hours.future.MNQ.sessionHours.noTrading,market_hours,future.MNQ.sessionHours.noTrading,unknown,unknown,medium,,
market_hours.future.MNQ.sessionHours.noTrading.*,market_hours,future.MNQ.sessionHours.noTrading.5,unknown,unknown,medium,,
market_hours.future.MNQ.sessionHours.noTrading.*.end,market_hours,future.MNQ.sessionHours.noTrading.5.end,unknown,unknown,medium,,
market_hours.future.MNQ.sessionHours.noTrading.*.start,market_hours,future.MNQ.sessionHours.noTrading.5.start,unknown,unknown,medium,,
market_hours.future.MNQ.sessionHours.regularMarket,market_hours,future.MNQ.sessionHours.regularMarket,unknown,unknown,medium,,
market_hours.future.MNQ.sessionHours.regularMarket.*,market_hours,future.MNQ.sessionHours.regularMarket.1,unknown,unknown,medium,,
market_hours.future.MNQ.sessionHours.regularMarket.*.end,market_hours,future.MNQ.sessionHours.regularMarket.1.end,unknown,unknown,medium,,
market_hours.future.MNQ.sessionHours.regularMarket.*.start,market_hours,future.MNQ.sessionHours.regularMarket.1.start,unknown,unknown,medium,,
market_hours.future.MRB,market_hours,future.MRB,unknown,unknown,medium,,
market_hours.future.MRB.category,market_hours,future.MRB.category,unknown,unknown,medium,,
market_hours.future.MRB.date,market_hours,future.MRB.date,unknown,unknown,medium,,
market_hours.future.MRB.exchange,market_hours,future.MRB.exchange,unknown,unknown,low,,
market_hours.future.MRB.isOpen,market_hours,future.MRB.isOpen,market_hours,unknown,medium,,
market_hours.future.MRB.marketType,market_hours,future.MRB.marketType,unknown,unknown,medium,,
market_hours.future.MRB.product,market_hours,future.MRB.product,unknown,unknown,medium,,
market_hours.future.MRB.productName,market_hours,future.MRB.productName,unknown,unknown,medium,,
market_hours.future.MRB.sessionHours,market_hours,future.MRB.sessionHours,unknown,unknown,medium,,
market_hours.future.MRB.sessionHours.noTrading,market_hours,future.MRB.sessionHours.noTrading,unknown,unknown,medium,,
market_hours.future.MRB.sessionHours.noTrading.*,market_hours,future.MRB.sessionHours.noTrading.5,unknown,unknown,medium,,
market_hours.future.MRB.sessionHours.noTrading.*.end,market_hours,future.MRB.sessionHours.noTrading.5.end,unknown,unknown,medium,,
market_hours.future.MRB.sessionHours.noTrading.*.start,market_hours,future.MRB.sessionHours.noTrading.5.start,unknown,unknown,medium,,
market_hours.future.MRB.sessionHours.regularMarket,market_hours,future.MRB.sessionHours.regularMarket,unknown,unknown,medium,,
market_hours.future.MRB.sessionHours.regularMarket.*,market_hours,future.MRB.sessionHours.regularMarket.1,unknown,unknown,medium,,
market_hours.future.MRB.sessionHours.regularMarket.*.end,market_hours,future.MRB.sessionHours.regularMarket.1.end,unknown,unknown,medium,,
market_hours.future.MRB.sessionHours.regularMarket.*.start,market_hours,future.MRB.sessionHours.regularMarket.1.start,unknown,unknown,medium,,
market_hours.future.MSF,market_hours,future.MSF,unknown,unknown,medium,,
market_hours.future.MSF.category,market_hours,future.MSF.category,unknown,unknown,medium,,
market_hours.future.MSF.date,market_hours,future.MSF.date,unknown,unknown,medium,,
market_hours.future.MSF.exchange,market_hours,future.MSF.exchange,unknown,unknown,low,,
market_hours.future.MSF.isOpen,market_hours,future.MSF.isOpen,market_hours,unknown,medium,,
market_hours.future.MSF.marketType,market_hours,future.MSF.marketType,unknown,unknown,medium,,
market_hours.future.MSF.product,market_hours,future.MSF.product,unknown,unknown,medium,,
market_hours.future.MSF.productName,market_hours,future.MSF.productName,unknown,unknown,medium,,
market_hours.future.MSF.sessionHours,market_hours,future.MSF.sessionHours,unknown,unknown,medium,,
market_hours.future.MSF.sessionHours.noTrading,market_hours,future.MSF.sessionHours.noTrading,unknown,unknown,medium,,
market_hours.future.MSF.sessionHours.noTrading.*,market_hours,future.MSF.sessionHours.noTrading.5,unknown,unknown,medium,,
market_hours.future.MSF.sessionHours.noTrading.*.end,market_hours,future.MSF.sessionHours.noTrading.5.end,unknown,unknown,medium,,
market_hours.future.MSF.sessionHours.noTrading.*.start,market_hours,future.MSF.sessionHours.noTrading.5.start,unknown,unknown,medium,,
market_hours.future.MSF.sessionHours.regularMarket,market_hours,future.MSF.sessionHours.regularMarket,unknown,unknown,medium,,
market_hours.future.MSF.sessionHours.regularMarket.*,market_hours,future.MSF.sessionHours.regularMarket.1,unknown,unknown,medium,,
market_hours.future.MSF.sessionHours.regularMarket.*.end,market_hours,future.MSF.sessionHours.regularMarket.1.end,unknown,unknown,medium,,
market_hours.future.MSF.sessionHours.regularMarket.*.start,market_hours,future.MSF.sessionHours.regularMarket.1.start,unknown,unknown,medium,,
market_hours.future.MSL,market_hours,future.MSL,unknown,unknown,medium,,
market_hours.future.MSL.category,market_hours,future.MSL.category,unknown,unknown,medium,,
market_hours.future.MSL.date,market_hours,future.MSL.date,unknown,unknown,medium,,
market_hours.future.MSL.exchange,market_hours,future.MSL.exchange,unknown,unknown,low,,
market_hours.future.MSL.isOpen,market_hours,future.MSL.isOpen,market_hours,unknown,medium,,
market_hours.future.MSL.marketType,market_hours,future.MSL.marketType,unknown,unknown,medium,,
market_hours.future.MSL.product,market_hours,future.MSL.product,unknown,unknown,medium,,
market_hours.future.MSL.productName,market_hours,future.MSL.productName,unknown,unknown,medium,,
market_hours.future.MSL.sessionHours,market_hours,future.MSL.sessionHours,unknown,unknown,medium,,
market_hours.future.MSL.sessionHours.noTrading,market_hours,future.MSL.sessionHours.noTrading,unknown,unknown,medium,,
market_hours.future.MSL.sessionHours.noTrading.*,market_hours,future.MSL.sessionHours.noTrading.7,unknown,unknown,medium,,
market_hours.future.MSL.sessionHours.noTrading.*.end,market_hours,future.MSL.sessionHours.noTrading.7.end,unknown,unknown,medium,,
market_hours.future.MSL.sessionHours.noTrading.*.start,market_hours,future.MSL.sessionHours.noTrading.7.start,unknown,unknown,medium,,
market_hours.future.MSL.sessionHours.regularMarket,market_hours,future.MSL.sessionHours.regularMarket,unknown,unknown,medium,,
market_hours.future.MSL.sessionHours.regularMarket.*,market_hours,future.MSL.sessionHours.regularMarket.3,unknown,unknown,medium,,
market_hours.future.MSL.sessionHours.regularMarket.*.end,market_hours,future.MSL.sessionHours.regularMarket.3.end,unknown,unknown,medium,,
market_hours.future.MSL.sessionHours.regularMarket.*.start,market_hours,future.MSL.sessionHours.regularMarket.3.start,unknown,unknown,medium,,
market_hours.future.MXL,market_hours,future.MXL,unknown,unknown,medium,,
market_hours.future.MXL.category,market_hours,future.MXL.category,unknown,unknown,medium,,
market_hours.future.MXL.date,market_hours,future.MXL.date,unknown,unknown,medium,,
market_hours.future.MXL.exchange,market_hours,future.MXL.exchange,unknown,unknown,low,,
market_hours.future.MXL.isOpen,market_hours,future.MXL.isOpen,market_hours,unknown,medium,,
market_hours.future.MXL.marketType,market_hours,future.MXL.marketType,unknown,unknown,medium,,
market_hours.future.MXL.product,market_hours,future.MXL.product,unknown,unknown,medium,,
market_hours.future.MXL.productName,market_hours,future.MXL.productName,unknown,unknown,medium,,
market_hours.future.MXL.sessionHours,market_hours,future.MXL.sessionHours,unknown,unknown,medium,,
market_hours.future.MXL.sessionHours.noTrading,market_hours,future.MXL.sessionHours.noTrading,unknown,unknown,medium,,
market_hours.future.MXL.sessionHours.noTrading.*,market_hours,future.MXL.sessionHours.noTrading.5,unknown,unknown,medium,,
market_hours.future.MXL.sessionHours.noTrading.*.end,market_hours,future.MXL.sessionHours.noTrading.5.end,unknown,unknown,medium,,
market_hours.future.MXL.sessionHours.noTrading.*.start,market_hours,future.MXL.sessionHours.noTrading.5.start,unknown,unknown,medium,,
market_hours.future.MXL.sessionHours.regularMarket,market_hours,future.MXL.sessionHours.regularMarket,unknown,unknown,medium,,
market_hours.future.MXL.sessionHours.regularMarket.*,market_hours,future.MXL.sessionHours.regularMarket.1,unknown,unknown,medium,,
market_hours.future.MXL.sessionHours.regularMarket.*.end,market_hours,future.MXL.sessionHours.regularMarket.1.end,unknown,unknown,medium,,
market_hours.future.MXL.sessionHours.regularMarket.*.start,market_hours,future.MXL.sessionHours.regularMarket.1.start,unknown,unknown,medium,,
market_hours.future.MXP,market_hours,future.MXP,unknown,unknown,medium,,
market_hours.future.MXP.category,market_hours,future.MXP.category,unknown,unknown,medium,,
market_hours.future.MXP.date,market_hours,future.MXP.date,unknown,unknown,medium,,
market_hours.future.MXP.exchange,market_hours,future.MXP.exchange,unknown,unknown,low,,
market_hours.future.MXP.isOpen,market_hours,future.MXP.isOpen,market_hours,unknown,medium,,
market_hours.future.MXP.marketType,market_hours,future.MXP.marketType,unknown,unknown,medium,,
market_hours.future.MXP.product,market_hours,future.MXP.product,unknown,unknown,medium,,
market_hours.future.MXP.productName,market_hours,future.MXP.productName,unknown,unknown,medium,,
market_hours.future.MXP.sessionHours,market_hours,future.MXP.sessionHours,unknown,unknown,medium,,
market_hours.future.MXP.sessionHours.noTrading,market_hours,future.MXP.sessionHours.noTrading,unknown,unknown,medium,,
market_hours.future.MXP.sessionHours.noTrading.*,market_hours,future.MXP.sessionHours.noTrading.5,unknown,unknown,medium,,
market_hours.future.MXP.sessionHours.noTrading.*.end,market_hours,future.MXP.sessionHours.noTrading.5.end,unknown,unknown,medium,,
market_hours.future.MXP.sessionHours.noTrading.*.start,market_hours,future.MXP.sessionHours.noTrading.5.start,unknown,unknown,medium,,
market_hours.future.MXP.sessionHours.regularMarket,market_hours,future.MXP.sessionHours.regularMarket,unknown,unknown,medium,,
market_hours.future.MXP.sessionHours.regularMarket.*,market_hours,future.MXP.sessionHours.regularMarket.1,unknown,unknown,medium,,
market_hours.future.MXP.sessionHours.regularMarket.*.end,market_hours,future.MXP.sessionHours.regularMarket.1.end,unknown,unknown,medium,,
market_hours.future.MXP.sessionHours.regularMarket.*.start,market_hours,future.MXP.sessionHours.regularMarket.1.start,unknown,unknown,medium,,
market_hours.future.MYM,market_hours,future.MYM,unknown,unknown,medium,,
market_hours.future.MYM.category,market_hours,future.MYM.category,unknown,unknown,medium,,
market_hours.future.MYM.date,market_hours,future.MYM.date,unknown,unknown,medium,,
market_hours.future.MYM.exchange,market_hours,future.MYM.exchange,unknown,unknown,low,,
market_hours.future.MYM.isOpen,market_hours,future.MYM.isOpen,market_hours,unknown,medium,,
market_hours.future.MYM.marketType,market_hours,future.MYM.marketType,unknown,unknown,medium,,
market_hours.future.MYM.product,market_hours,future.MYM.product,unknown,unknown,medium,,
market_hours.future.MYM.productName,market_hours,future.MYM.productName,unknown,unknown,medium,,
market_hours.future.MYM.sessionHours,market_hours,future.MYM.sessionHours,unknown,unknown,medium,,
market_hours.future.MYM.sessionHours.noTrading,market_hours,future.MYM.sessionHours.noTrading,unknown,unknown,medium,,
market_hours.future.MYM.sessionHours.noTrading.*,market_hours,future.MYM.sessionHours.noTrading.5,unknown,unknown,medium,,
market_hours.future.MYM.sessionHours.noTrading.*.end,market_hours,future.MYM.sessionHours.noTrading.5.end,unknown,unknown,medium,,
market_hours.future.MYM.sessionHours.noTrading.*.start,market_hours,future.MYM.sessionHours.noTrading.5.start,unknown,unknown,medium,,
market_hours.future.MYM.sessionHours.regularMarket,market_hours,future.MYM.sessionHours.regularMarket,unknown,unknown,medium,,
market_hours.future.MYM.sessionHours.regularMarket.*,market_hours,future.MYM.sessionHours.regularMarket.1,unknown,unknown,medium,,
market_hours.future.MYM.sessionHours.regularMarket.*.end,market_hours,future.MYM.sessionHours.regularMarket.1.end,unknown,unknown,medium,,
market_hours.future.MYM.sessionHours.regularMarket.*.start,market_hours,future.MYM.sessionHours.regularMarket.1.start,unknown,unknown,medium,,
market_hours.future.MZC,market_hours,future.MZC,unknown,unknown,medium,,
market_hours.future.MZC.category,market_hours,future.MZC.category,unknown,unknown,medium,,
market_hours.future.MZC.date,market_hours,future.MZC.date,unknown,unknown,medium,,
market_hours.future.MZC.exchange,market_hours,future.MZC.exchange,unknown,unknown,low,,
market_hours.future.MZC.isOpen,market_hours,future.MZC.isOpen,market_hours,unknown,medium,,
market_hours.future.MZC.marketType,market_hours,future.MZC.marketType,unknown,unknown,medium,,
market_hours.future.MZC.product,market_hours,future.MZC.product,unknown,unknown,medium,,
market_hours.future.MZC.productName,market_hours,future.MZC.productName,unknown,unknown,medium,,
market_hours.future.MZC.sessionHours,market_hours,future.MZC.sessionHours,unknown,unknown,medium,,
market_hours.future.MZC.sessionHours.noTrading,market_hours,future.MZC.sessionHours.noTrading,unknown,unknown,medium,,
market_hours.future.MZC.sessionHours.noTrading.*,market_hours,future.MZC.sessionHours.noTrading.7,unknown,unknown,medium,,
market_hours.future.MZC.sessionHours.noTrading.*.end,market_hours,future.MZC.sessionHours.noTrading.7.end,unknown,unknown,medium,,
market_hours.future.MZC.sessionHours.noTrading.*.start,market_hours,future.MZC.sessionHours.noTrading.7.start,unknown,unknown,medium,,
market_hours.future.MZC.sessionHours.regularMarket,market_hours,future.MZC.sessionHours.regularMarket,unknown,unknown,medium,,
market_hours.future.MZC.sessionHours.regularMarket.*,market_hours,future.MZC.sessionHours.regularMarket.3,unknown,unknown,medium,,
market_hours.future.MZC.sessionHours.regularMarket.*.end,market_hours,future.MZC.sessionHours.regularMarket.3.end,unknown,unknown,medium,,
market_hours.future.MZC.sessionHours.regularMarket.*.start,market_hours,future.MZC.sessionHours.regularMarket.3.start,unknown,unknown,medium,,
market_hours.future.MZL,market_hours,future.MZL,unknown,unknown,medium,,
market_hours.future.MZL.category,market_hours,future.MZL.category,unknown,unknown,medium,,
market_hours.future.MZL.date,market_hours,future.MZL.date,unknown,unknown,medium,,
market_hours.future.MZL.exchange,market_hours,future.MZL.exchange,unknown,unknown,low,,
market_hours.future.MZL.isOpen,market_hours,future.MZL.isOpen,market_hours,unknown,medium,,
market_hours.future.MZL.marketType,market_hours,future.MZL.marketType,unknown,unknown,medium,,
market_hours.future.MZL.product,market_hours,future.MZL.product,unknown,unknown,medium,,
market_hours.future.MZL.productName,market_hours,future.MZL.productName,unknown,unknown,medium,,
market_hours.future.MZL.sessionHours,market_hours,future.MZL.sessionHours,unknown,unknown,medium,,
market_hours.future.MZL.sessionHours.noTrading,market_hours,future.MZL.sessionHours.noTrading,unknown,unknown,medium,,
market_hours.future.MZL.sessionHours.noTrading.*,market_hours,future.MZL.sessionHours.noTrading.7,unknown,unknown,medium,,
market_hours.future.MZL.sessionHours.noTrading.*.end,market_hours,future.MZL.sessionHours.noTrading.7.end,unknown,unknown,medium,,
market_hours.future.MZL.sessionHours.noTrading.*.start,market_hours,future.MZL.sessionHours.noTrading.7.start,unknown,unknown,medium,,
market_hours.future.MZL.sessionHours.regularMarket,market_hours,future.MZL.sessionHours.regularMarket,unknown,unknown,medium,,
market_hours.future.MZL.sessionHours.regularMarket.*,market_hours,future.MZL.sessionHours.regularMarket.3,unknown,unknown,medium,,
market_hours.future.MZL.sessionHours.regularMarket.*.end,market_hours,future.MZL.sessionHours.regularMarket.3.end,unknown,unknown,medium,,
market_hours.future.MZL.sessionHours.regularMarket.*.start,market_hours,future.MZL.sessionHours.regularMarket.3.start,unknown,unknown,medium,,
market_hours.future.MZM,market_hours,future.MZM,unknown,unknown,medium,,
market_hours.future.MZM.category,market_hours,future.MZM.category,unknown,unknown,medium,,
market_hours.future.MZM.date,market_hours,future.MZM.date,unknown,unknown,medium,,
market_hours.future.MZM.exchange,market_hours,future.MZM.exchange,unknown,unknown,low,,
market_hours.future.MZM.isOpen,market_hours,future.MZM.isOpen,market_hours,unknown,medium,,
market_hours.future.MZM.marketType,market_hours,future.MZM.marketType,unknown,unknown,medium,,
market_hours.future.MZM.product,market_hours,future.MZM.product,unknown,unknown,medium,,
market_hours.future.MZM.productName,market_hours,future.MZM.productName,unknown,unknown,medium,,
market_hours.future.MZM.sessionHours,market_hours,future.MZM.sessionHours,unknown,unknown,medium,,
market_hours.future.MZM.sessionHours.noTrading,market_hours,future.MZM.sessionHours.noTrading,unknown,unknown,medium,,
market_hours.future.MZM.sessionHours.noTrading.*,market_hours,future.MZM.sessionHours.noTrading.7,unknown,unknown,medium,,
market_hours.future.MZM.sessionHours.noTrading.*.end,market_hours,future.MZM.sessionHours.noTrading.7.end,unknown,unknown,medium,,
market_hours.future.MZM.sessionHours.noTrading.*.start,market_hours,future.MZM.sessionHours.noTrading.7.start,unknown,unknown,medium,,
market_hours.future.MZM.sessionHours.regularMarket,market_hours,future.MZM.sessionHours.regularMarket,unknown,unknown,medium,,
market_hours.future.MZM.sessionHours.regularMarket.*,market_hours,future.MZM.sessionHours.regularMarket.3,unknown,unknown,medium,,
market_hours.future.MZM.sessionHours.regularMarket.*.end,market_hours,future.MZM.sessionHours.regularMarket.3.end,unknown,unknown,medium,,
market_hours.future.MZM.sessionHours.regularMarket.*.start,market_hours,future.MZM.sessionHours.regularMarket.3.start,unknown,unknown,medium,,
market_hours.future.MZS,market_hours,future.MZS,unknown,unknown,medium,,
market_hours.future.MZS.category,market_hours,future.MZS.category,unknown,unknown,medium,,
market_hours.future.MZS.date,market_hours,future.MZS.date,unknown,unknown,medium,,
market_hours.future.MZS.exchange,market_hours,future.MZS.exchange,unknown,unknown,low,,
market_hours.future.MZS.isOpen,market_hours,future.MZS.isOpen,market_hours,unknown,medium,,
market_hours.future.MZS.marketType,market_hours,future.MZS.marketType,unknown,unknown,medium,,
market_hours.future.MZS.product,market_hours,future.MZS.product,unknown,unknown,medium,,
market_hours.future.MZS.productName,market_hours,future.MZS.productName,unknown,unknown,medium,,
market_hours.future.MZS.sessionHours,market_hours,future.MZS.sessionHours,unknown,unknown,medium,,
market_hours.future.MZS.sessionHours.noTrading,market_hours,future.MZS.sessionHours.noTrading,unknown,unknown,medium,,
market_hours.future.MZS.sessionHours.noTrading.*,market_hours,future.MZS.sessionHours.noTrading.7,unknown,unknown,medium,,
market_hours.future.MZS.sessionHours.noTrading.*.end,market_hours,future.MZS.sessionHours.noTrading.7.end,unknown,unknown,medium,,
market_hours.future.MZS.sessionHours.noTrading.*.start,market_hours,future.MZS.sessionHours.noTrading.7.start,unknown,unknown,medium,,
market_hours.future.MZS.sessionHours.regularMarket,market_hours,future.MZS.sessionHours.regularMarket,unknown,unknown,medium,,
market_hours.future.MZS.sessionHours.regularMarket.*,market_hours,future.MZS.sessionHours.regularMarket.3,unknown,unknown,medium,,
market_hours.future.MZS.sessionHours.regularMarket.*.end,market_hours,future.MZS.sessionHours.regularMarket.3.end,unknown,unknown,medium,,
market_hours.future.MZS.sessionHours.regularMarket.*.start,market_hours,future.MZS.sessionHours.regularMarket.3.start,unknown,unknown,medium,,
market_hours.future.MZW,market_hours,future.MZW,unknown,unknown,medium,,
market_hours.future.MZW.category,market_hours,future.MZW.category,unknown,unknown,medium,,
market_hours.future.MZW.date,market_hours,future.MZW.date,unknown,unknown,medium,,
market_hours.future.MZW.exchange,market_hours,future.MZW.exchange,unknown,unknown,low,,
market_hours.future.MZW.isOpen,market_hours,future.MZW.isOpen,market_hours,unknown,medium,,
market_hours.future.MZW.marketType,market_hours,future.MZW.marketType,unknown,unknown,medium,,
market_hours.future.MZW.product,market_hours,future.MZW.product,unknown,unknown,medium,,
market_hours.future.MZW.productName,market_hours,future.MZW.productName,unknown,unknown,medium,,
market_hours.future.MZW.sessionHours,market_hours,future.MZW.sessionHours,unknown,unknown,medium,,
market_hours.future.MZW.sessionHours.noTrading,market_hours,future.MZW.sessionHours.noTrading,unknown,unknown,medium,,
market_hours.future.MZW.sessionHours.noTrading.*,market_hours,future.MZW.sessionHours.noTrading.7,unknown,unknown,medium,,
market_hours.future.MZW.sessionHours.noTrading.*.end,market_hours,future.MZW.sessionHours.noTrading.7.end,unknown,unknown,medium,,
market_hours.future.MZW.sessionHours.noTrading.*.start,market_hours,future.MZW.sessionHours.noTrading.7.start,unknown,unknown,medium,,
market_hours.future.MZW.sessionHours.regularMarket,market_hours,future.MZW.sessionHours.regularMarket,unknown,unknown,medium,,
market_hours.future.MZW.sessionHours.regularMarket.*,market_hours,future.MZW.sessionHours.regularMarket.3,unknown,unknown,medium,,
market_hours.future.MZW.sessionHours.regularMarket.*.end,market_hours,future.MZW.sessionHours.regularMarket.3.end,unknown,unknown,medium,,
market_hours.future.MZW.sessionHours.regularMarket.*.start,market_hours,future.MZW.sessionHours.regularMarket.3.start,unknown,unknown,medium,,
market_hours.future.NG,market_hours,future.NG,unknown,unknown,medium,,
market_hours.future.NG.category,market_hours,future.NG.category,unknown,unknown,medium,,
market_hours.future.NG.date,market_hours,future.NG.date,unknown,unknown,medium,,
market_hours.future.NG.exchange,market_hours,future.NG.exchange,unknown,unknown,low,,
market_hours.future.NG.isOpen,market_hours,future.NG.isOpen,market_hours,unknown,medium,,
market_hours.future.NG.marketType,market_hours,future.NG.marketType,unknown,unknown,medium,,
market_hours.future.NG.product,market_hours,future.NG.product,unknown,unknown,medium,,
market_hours.future.NG.productName,market_hours,future.NG.productName,unknown,unknown,medium,,
market_hours.future.NG.sessionHours,market_hours,future.NG.sessionHours,unknown,unknown,medium,,
market_hours.future.NG.sessionHours.noTrading,market_hours,future.NG.sessionHours.noTrading,unknown,unknown,medium,,
market_hours.future.NG.sessionHours.noTrading.*,market_hours,future.NG.sessionHours.noTrading.5,unknown,unknown,medium,,
market_hours.future.NG.sessionHours.noTrading.*.end,market_hours,future.NG.sessionHours.noTrading.5.end,unknown,unknown,medium,,
market_hours.future.NG.sessionHours.noTrading.*.start,market_hours,future.NG.sessionHours.noTrading.5.start,unknown,unknown,medium,,
market_hours.future.NG.sessionHours.regularMarket,market_hours,future.NG.sessionHours.regularMarket,unknown,unknown,medium,,
market_hours.future.NG.sessionHours.regularMarket.*,market_hours,future.NG.sessionHours.regularMarket.1,unknown,unknown,medium,,
market_hours.future.NG.sessionHours.regularMarket.*.end,market_hours,future.NG.sessionHours.regularMarket.1.end,unknown,unknown,medium,,
market_hours.future.NG.sessionHours.regularMarket.*.start,market_hours,future.NG.sessionHours.regularMarket.1.start,unknown,unknown,medium,,
market_hours.future.NKD,market_hours,future.NKD,unknown,unknown,medium,,
market_hours.future.NKD.category,market_hours,future.NKD.category,unknown,unknown,medium,,
market_hours.future.NKD.date,market_hours,future.NKD.date,unknown,unknown,medium,,
market_hours.future.NKD.exchange,market_hours,future.NKD.exchange,unknown,unknown,low,,
market_hours.future.NKD.isOpen,market_hours,future.NKD.isOpen,market_hours,unknown,medium,,
market_hours.future.NKD.marketType,market_hours,future.NKD.marketType,unknown,unknown,medium,,
market_hours.future.NKD.product,market_hours,future.NKD.product,unknown,unknown,medium,,
market_hours.future.NKD.productName,market_hours,future.NKD.productName,unknown,unknown,medium,,
market_hours.future.NKD.sessionHours,market_hours,future.NKD.sessionHours,unknown,unknown,medium,,
market_hours.future.NKD.sessionHours.noTrading,market_hours,future.NKD.sessionHours.noTrading,unknown,unknown,medium,,
market_hours.future.NKD.sessionHours.noTrading.*,market_hours,future.NKD.sessionHours.noTrading.5,unknown,unknown,medium,,
market_hours.future.NKD.sessionHours.noTrading.*.end,market_hours,future.NKD.sessionHours.noTrading.5.end,unknown,unknown,medium,,
market_hours.future.NKD.sessionHours.noTrading.*.start,market_hours,future.NKD.sessionHours.noTrading.5.start,unknown,unknown,medium,,
market_hours.future.NKD.sessionHours.regularMarket,market_hours,future.NKD.sessionHours.regularMarket,unknown,unknown,medium,,
market_hours.future.NKD.sessionHours.regularMarket.*,market_hours,future.NKD.sessionHours.regularMarket.1,unknown,unknown,medium,,
market_hours.future.NKD.sessionHours.regularMarket.*.end,market_hours,future.NKD.sessionHours.regularMarket.1.end,unknown,unknown,medium,,
market_hours.future.NKD.sessionHours.regularMarket.*.start,market_hours,future.NKD.sessionHours.regularMarket.1.start,unknown,unknown,medium,,
market_hours.future.NOK,market_hours,future.NOK,unknown,unknown,medium,,
market_hours.future.NOK.category,market_hours,future.NOK.category,unknown,unknown,medium,,
market_hours.future.NOK.date,market_hours,future.NOK.date,unknown,unknown,medium,,
market_hours.future.NOK.exchange,market_hours,future.NOK.exchange,unknown,unknown,low,,
market_hours.future.NOK.isOpen,market_hours,future.NOK.isOpen,market_hours,unknown,medium,,
market_hours.future.NOK.marketType,market_hours,future.NOK.marketType,unknown,unknown,medium,,
market_hours.future.NOK.product,market_hours,future.NOK.product,unknown,unknown,medium,,
market_hours.future.NOK.productName,market_hours,future.NOK.productName,unknown,unknown,medium,,
market_hours.future.NOK.sessionHours,market_hours,future.NOK.sessionHours,unknown,unknown,medium,,
market_hours.future.NOK.sessionHours.noTrading,market_hours,future.NOK.sessionHours.noTrading,unknown,unknown,medium,,
market_hours.future.NOK.sessionHours.noTrading.*,market_hours,future.NOK.sessionHours.noTrading.5,unknown,unknown,medium,,
market_hours.future.NOK.sessionHours.noTrading.*.end,market_hours,future.NOK.sessionHours.noTrading.5.end,unknown,unknown,medium,,
market_hours.future.NOK.sessionHours.noTrading.*.start,market_hours,future.NOK.sessionHours.noTrading.5.start,unknown,unknown,medium,,
market_hours.future.NOK.sessionHours.regularMarket,market_hours,future.NOK.sessionHours.regularMarket,unknown,unknown,medium,,
market_hours.future.NOK.sessionHours.regularMarket.*,market_hours,future.NOK.sessionHours.regularMarket.1,unknown,unknown,medium,,
market_hours.future.NOK.sessionHours.regularMarket.*.end,market_hours,future.NOK.sessionHours.regularMarket.1.end,unknown,unknown,medium,,
market_hours.future.NOK.sessionHours.regularMarket.*.start,market_hours,future.NOK.sessionHours.regularMarket.1.start,unknown,unknown,medium,,
market_hours.future.NQ,market_hours,future.NQ,unknown,unknown,medium,,
market_hours.future.NQ.category,market_hours,future.NQ.category,unknown,unknown,medium,,
market_hours.future.NQ.date,market_hours,future.NQ.date,unknown,unknown,medium,,
market_hours.future.NQ.exchange,market_hours,future.NQ.exchange,unknown,unknown,low,,
market_hours.future.NQ.isOpen,market_hours,future.NQ.isOpen,market_hours,unknown,medium,,
market_hours.future.NQ.marketType,market_hours,future.NQ.marketType,unknown,unknown,medium,,
market_hours.future.NQ.product,market_hours,future.NQ.product,unknown,unknown,medium,,
market_hours.future.NQ.productName,market_hours,future.NQ.productName,unknown,unknown,medium,,
market_hours.future.NQ.sessionHours,market_hours,future.NQ.sessionHours,unknown,unknown,medium,,
market_hours.future.NQ.sessionHours.noTrading,market_hours,future.NQ.sessionHours.noTrading,unknown,unknown,medium,,
market_hours.future.NQ.sessionHours.noTrading.*,market_hours,future.NQ.sessionHours.noTrading.5,unknown,unknown,medium,,
market_hours.future.NQ.sessionHours.noTrading.*.end,market_hours,future.NQ.sessionHours.noTrading.5.end,unknown,unknown,medium,,
market_hours.future.NQ.sessionHours.noTrading.*.start,market_hours,future.NQ.sessionHours.noTrading.5.start,unknown,unknown,medium,,
market_hours.future.NQ.sessionHours.regularMarket,market_hours,future.NQ.sessionHours.regularMarket,unknown,unknown,medium,,
market_hours.future.NQ.sessionHours.regularMarket.*,market_hours,future.NQ.sessionHours.regularMarket.1,unknown,unknown,medium,,
market_hours.future.NQ.sessionHours.regularMarket.*.end,market_hours,future.NQ.sessionHours.regularMarket.1.end,unknown,unknown,medium,,
market_hours.future.NQ.sessionHours.regularMarket.*.start,market_hours,future.NQ.sessionHours.regularMarket.1.start,unknown,unknown,medium,,
market_hours.future.PA,market_hours,future.PA,unknown,unknown,medium,,
market_hours.future.PA.category,market_hours,future.PA.category,unknown,unknown,medium,,
market_hours.future.PA.date,market_hours,future.PA.date,unknown,unknown,medium,,
market_hours.future.PA.exchange,market_hours,future.PA.exchange,unknown,unknown,low,,
market_hours.future.PA.isOpen,market_hours,future.PA.isOpen,market_hours,unknown,medium,,
market_hours.future.PA.marketType,market_hours,future.PA.marketType,unknown,unknown,medium,,
market_hours.future.PA.product,market_hours,future.PA.product,unknown,unknown,medium,,
market_hours.future.PA.productName,market_hours,future.PA.productName,unknown,unknown,medium,,
market_hours.future.PA.sessionHours,market_hours,future.PA.sessionHours,unknown,unknown,medium,,
market_hours.future.PA.sessionHours.noTrading,market_hours,future.PA.sessionHours.noTrading,unknown,unknown,medium,,
market_hours.future.PA.sessionHours.noTrading.*,market_hours,future.PA.sessionHours.noTrading.5,unknown,unknown,medium,,
market_hours.future.PA.sessionHours.noTrading.*.end,market_hours,future.PA.sessionHours.noTrading.5.end,unknown,unknown,medium,,
market_hours.future.PA.sessionHours.noTrading.*.start,market_hours,future.PA.sessionHours.noTrading.5.start,unknown,unknown,medium,,
market_hours.future.PA.sessionHours.regularMarket,market_hours,future.PA.sessionHours.regularMarket,unknown,unknown,medium,,
market_hours.future.PA.sessionHours.regularMarket.*,market_hours,future.PA.sessionHours.regularMarket.1,unknown,unknown,medium,,
market_hours.future.PA.sessionHours.regularMarket.*.end,market_hours,future.PA.sessionHours.regularMarket.1.end,unknown,unknown,medium,,
market_hours.future.PA.sessionHours.regularMarket.*.start,market_hours,future.PA.sessionHours.regularMarket.1.start,unknown,unknown,medium,,
market_hours.future.PL,market_hours,future.PL,unknown,unknown,medium,,
market_hours.future.PL.category,market_hours,future.PL.category,unknown,unknown,medium,,
market_hours.future.PL.date,market_hours,future.PL.date,unknown,unknown,medium,,
market_hours.future.PL.exchange,market_hours,future.PL.exchange,unknown,unknown,low,,
market_hours.future.PL.isOpen,market_hours,future.PL.isOpen,market_hours,unknown,medium,,
market_hours.future.PL.marketType,market_hours,future.PL.marketType,unknown,unknown,medium,,
market_hours.future.PL.product,market_hours,future.PL.product,unknown,unknown,medium,,
market_hours.future.PL.productName,market_hours,future.PL.productName,unknown,unknown,medium,,
market_hours.future.PL.sessionHours,market_hours,future.PL.sessionHours,unknown,unknown,medium,,
market_hours.future.PL.sessionHours.noTrading,market_hours,future.PL.sessionHours.noTrading,unknown,unknown,medium,,
market_hours.future.PL.sessionHours.noTrading.*,market_hours,future.PL.sessionHours.noTrading.5,unknown,unknown,medium,,
market_hours.future.PL.sessionHours.noTrading.*.end,market_hours,future.PL.sessionHours.noTrading.5.end,unknown,unknown,medium,,
market_hours.future.PL.sessionHours.noTrading.*.start,market_hours,future.PL.sessionHours.noTrading.5.start,unknown,unknown,medium,,
market_hours.future.PL.sessionHours.regularMarket,market_hours,future.PL.sessionHours.regularMarket,unknown,unknown,medium,,
market_hours.future.PL.sessionHours.regularMarket.*,market_hours,future.PL.sessionHours.regularMarket.1,unknown,unknown,medium,,
market_hours.future.PL.sessionHours.regularMarket.*.end,market_hours,future.PL.sessionHours.regularMarket.1.end,unknown,unknown,medium,,
market_hours.future.PL.sessionHours.regularMarket.*.start,market_hours,future.PL.sessionHours.regularMarket.1.start,unknown,unknown,medium,,
market_hours.future.PLN,market_hours,future.PLN,unknown,unknown,medium,,
market_hours.future.PLN.category,market_hours,future.PLN.category,unknown,unknown,medium,,
market_hours.future.PLN.date,market_hours,future.PLN.date,unknown,unknown,medium,,
market_hours.future.PLN.exchange,market_hours,future.PLN.exchange,unknown,unknown,low,,
market_hours.future.PLN.isOpen,market_hours,future.PLN.isOpen,market_hours,unknown,medium,,
market_hours.future.PLN.marketType,market_hours,future.PLN.marketType,unknown,unknown,medium,,
market_hours.future.PLN.product,market_hours,future.PLN.product,unknown,unknown,medium,,
market_hours.future.PLN.productName,market_hours,future.PLN.productName,unknown,unknown,medium,,
market_hours.future.PLN.sessionHours,market_hours,future.PLN.sessionHours,unknown,unknown,medium,,
market_hours.future.PLN.sessionHours.noTrading,market_hours,future.PLN.sessionHours.noTrading,unknown,unknown,medium,,
market_hours.future.PLN.sessionHours.noTrading.*,market_hours,future.PLN.sessionHours.noTrading.5,unknown,unknown,medium,,
market_hours.future.PLN.sessionHours.noTrading.*.end,market_hours,future.PLN.sessionHours.noTrading.5.end,unknown,unknown,medium,,
market_hours.future.PLN.sessionHours.noTrading.*.start,market_hours,future.PLN.sessionHours.noTrading.5.start,unknown,unknown,medium,,
market_hours.future.PLN.sessionHours.regularMarket,market_hours,future.PLN.sessionHours.regularMarket,unknown,unknown,medium,,
market_hours.future.PLN.sessionHours.regularMarket.*,market_hours,future.PLN.sessionHours.regularMarket.1,unknown,unknown,medium,,
market_hours.future.PLN.sessionHours.regularMarket.*.end,market_hours,future.PLN.sessionHours.regularMarket.1.end,unknown,unknown,medium,,
market_hours.future.PLN.sessionHours.regularMarket.*.start,market_hours,future.PLN.sessionHours.regularMarket.1.start,unknown,unknown,medium,,
market_hours.future.QC,market_hours,future.QC,unknown,unknown,medium,,
market_hours.future.QC.category,market_hours,future.QC.category,unknown,unknown,medium,,
market_hours.future.QC.date,market_hours,future.QC.date,unknown,unknown,medium,,
market_hours.future.QC.exchange,market_hours,future.QC.exchange,unknown,unknown,low,,
market_hours.future.QC.isOpen,market_hours,future.QC.isOpen,market_hours,unknown,medium,,
market_hours.future.QC.marketType,market_hours,future.QC.marketType,unknown,unknown,medium,,
market_hours.future.QC.product,market_hours,future.QC.product,unknown,unknown,medium,,
market_hours.future.QC.productName,market_hours,future.QC.productName,unknown,unknown,medium,,
market_hours.future.QC.sessionHours,market_hours,future.QC.sessionHours,unknown,unknown,medium,,
market_hours.future.QC.sessionHours.noTrading,market_hours,future.QC.sessionHours.noTrading,unknown,unknown,medium,,
market_hours.future.QC.sessionHours.noTrading.*,market_hours,future.QC.sessionHours.noTrading.5,unknown,unknown,medium,,
market_hours.future.QC.sessionHours.noTrading.*.end,market_hours,future.QC.sessionHours.noTrading.5.end,unknown,unknown,medium,,
market_hours.future.QC.sessionHours.noTrading.*.start,market_hours,future.QC.sessionHours.noTrading.5.start,unknown,unknown,medium,,
market_hours.future.QC.sessionHours.regularMarket,market_hours,future.QC.sessionHours.regularMarket,unknown,unknown,medium,,
market_hours.future.QC.sessionHours.regularMarket.*,market_hours,future.QC.sessionHours.regularMarket.1,unknown,unknown,medium,,
market_hours.future.QC.sessionHours.regularMarket.*.end,market_hours,future.QC.sessionHours.regularMarket.1.end,unknown,unknown,medium,,
market_hours.future.QC.sessionHours.regularMarket.*.start,market_hours,future.QC.sessionHours.regularMarket.1.start,unknown,unknown,medium,,
market_hours.future.QG,market_hours,future.QG,unknown,unknown,medium,,
market_hours.future.QG.category,market_hours,future.QG.category,unknown,unknown,medium,,
market_hours.future.QG.date,market_hours,future.QG.date,unknown,unknown,medium,,
market_hours.future.QG.exchange,market_hours,future.QG.exchange,unknown,unknown,low,,
market_hours.future.QG.isOpen,market_hours,future.QG.isOpen,market_hours,unknown,medium,,
market_hours.future.QG.marketType,market_hours,future.QG.marketType,unknown,unknown,medium,,
market_hours.future.QG.product,market_hours,future.QG.product,unknown,unknown,medium,,
market_hours.future.QG.productName,market_hours,future.QG.productName,unknown,unknown,medium,,
market_hours.future.QG.sessionHours,market_hours,future.QG.sessionHours,unknown,unknown,medium,,
market_hours.future.QG.sessionHours.noTrading,market_hours,future.QG.sessionHours.noTrading,unknown,unknown,medium,,
market_hours.future.QG.sessionHours.noTrading.*,market_hours,future.QG.sessionHours.noTrading.5,unknown,unknown,medium,,
market_hours.future.QG.sessionHours.noTrading.*.end,market_hours,future.QG.sessionHours.noTrading.5.end,unknown,unknown,medium,,
market_hours.future.QG.sessionHours.noTrading.*.start,market_hours,future.QG.sessionHours.noTrading.5.start,unknown,unknown,medium,,
market_hours.future.QG.sessionHours.regularMarket,market_hours,future.QG.sessionHours.regularMarket,unknown,unknown,medium,,
market_hours.future.QG.sessionHours.regularMarket.*,market_hours,future.QG.sessionHours.regularMarket.1,unknown,unknown,medium,,
market_hours.future.QG.sessionHours.regularMarket.*.end,market_hours,future.QG.sessionHours.regularMarket.1.end,unknown,unknown,medium,,
market_hours.future.QG.sessionHours.regularMarket.*.start,market_hours,future.QG.sessionHours.regularMarket.1.start,unknown,unknown,medium,,
market_hours.future.QH,market_hours,future.QH,unknown,unknown,medium,,
market_hours.future.QH.category,market_hours,future.QH.category,unknown,unknown,medium,,
market_hours.future.QH.date,market_hours,future.QH.date,unknown,unknown,medium,,
market_hours.future.QH.exchange,market_hours,future.QH.exchange,unknown,unknown,low,,
market_hours.future.QH.isOpen,market_hours,future.QH.isOpen,market_hours,unknown,medium,,
market_hours.future.QH.marketType,market_hours,future.QH.marketType,unknown,unknown,medium,,
market_hours.future.QH.product,market_hours,future.QH.product,unknown,unknown,medium,,
market_hours.future.QH.productName,market_hours,future.QH.productName,unknown,unknown,medium,,
market_hours.future.QH.sessionHours,market_hours,future.QH.sessionHours,unknown,unknown,medium,,
market_hours.future.QH.sessionHours.noTrading,market_hours,future.QH.sessionHours.noTrading,unknown,unknown,medium,,
market_hours.future.QH.sessionHours.noTrading.*,market_hours,future.QH.sessionHours.noTrading.5,unknown,unknown,medium,,
market_hours.future.QH.sessionHours.noTrading.*.end,market_hours,future.QH.sessionHours.noTrading.5.end,unknown,unknown,medium,,
market_hours.future.QH.sessionHours.noTrading.*.start,market_hours,future.QH.sessionHours.noTrading.5.start,unknown,unknown,medium,,
market_hours.future.QH.sessionHours.regularMarket,market_hours,future.QH.sessionHours.regularMarket,unknown,unknown,medium,,
market_hours.future.QH.sessionHours.regularMarket.*,market_hours,future.QH.sessionHours.regularMarket.1,unknown,unknown,medium,,
market_hours.future.QH.sessionHours.regularMarket.*.end,market_hours,future.QH.sessionHours.regularMarket.1.end,unknown,unknown,medium,,
market_hours.future.QH.sessionHours.regularMarket.*.start,market_hours,future.QH.sessionHours.regularMarket.1.start,unknown,unknown,medium,,
market_hours.future.QI,market_hours,future.QI,unknown,unknown,medium,,
market_hours.future.QI.category,market_hours,future.QI.category,unknown,unknown,medium,,
market_hours.future.QI.date,market_hours,future.QI.date,unknown,unknown,medium,,
market_hours.future.QI.exchange,market_hours,future.QI.exchange,unknown,unknown,low,,
market_hours.future.QI.isOpen,market_hours,future.QI.isOpen,market_hours,unknown,medium,,
market_hours.future.QI.marketType,market_hours,future.QI.marketType,unknown,unknown,medium,,
market_hours.future.QI.product,market_hours,future.QI.product,unknown,unknown,medium,,
market_hours.future.QI.productName,market_hours,future.QI.productName,unknown,unknown,medium,,
market_hours.future.QI.sessionHours,market_hours,future.QI.sessionHours,unknown,unknown,medium,,
market_hours.future.QI.sessionHours.noTrading,market_hours,future.QI.sessionHours.noTrading,unknown,unknown,medium,,
market_hours.future.QI.sessionHours.noTrading.*,market_hours,future.QI.sessionHours.noTrading.5,unknown,unknown,medium,,
market_hours.future.QI.sessionHours.noTrading.*.end,market_hours,future.QI.sessionHours.noTrading.5.end,unknown,unknown,medium,,
market_hours.future.QI.sessionHours.noTrading.*.start,market_hours,future.QI.sessionHours.noTrading.5.start,unknown,unknown,medium,,
market_hours.future.QI.sessionHours.regularMarket,market_hours,future.QI.sessionHours.regularMarket,unknown,unknown,medium,,
market_hours.future.QI.sessionHours.regularMarket.*,market_hours,future.QI.sessionHours.regularMarket.1,unknown,unknown,medium,,
market_hours.future.QI.sessionHours.regularMarket.*.end,market_hours,future.QI.sessionHours.regularMarket.1.end,unknown,unknown,medium,,
market_hours.future.QI.sessionHours.regularMarket.*.start,market_hours,future.QI.sessionHours.regularMarket.1.start,unknown,unknown,medium,,
market_hours.future.QM,market_hours,future.QM,unknown,unknown,medium,,
market_hours.future.QM.category,market_hours,future.QM.category,unknown,unknown,medium,,
market_hours.future.QM.date,market_hours,future.QM.date,unknown,unknown,medium,,
market_hours.future.QM.exchange,market_hours,future.QM.exchange,unknown,unknown,low,,
market_hours.future.QM.isOpen,market_hours,future.QM.isOpen,market_hours,unknown,medium,,
market_hours.future.QM.marketType,market_hours,future.QM.marketType,unknown,unknown,medium,,
market_hours.future.QM.product,market_hours,future.QM.product,unknown,unknown,medium,,
market_hours.future.QM.productName,market_hours,future.QM.productName,unknown,unknown,medium,,
market_hours.future.QM.sessionHours,market_hours,future.QM.sessionHours,unknown,unknown,medium,,
market_hours.future.QM.sessionHours.noTrading,market_hours,future.QM.sessionHours.noTrading,unknown,unknown,medium,,
market_hours.future.QM.sessionHours.noTrading.*,market_hours,future.QM.sessionHours.noTrading.5,unknown,unknown,medium,,
market_hours.future.QM.sessionHours.noTrading.*.end,market_hours,future.QM.sessionHours.noTrading.5.end,unknown,unknown,medium,,
market_hours.future.QM.sessionHours.noTrading.*.start,market_hours,future.QM.sessionHours.noTrading.5.start,unknown,unknown,medium,,
market_hours.future.QM.sessionHours.regularMarket,market_hours,future.QM.sessionHours.regularMarket,unknown,unknown,medium,,
market_hours.future.QM.sessionHours.regularMarket.*,market_hours,future.QM.sessionHours.regularMarket.1,unknown,unknown,medium,,
market_hours.future.QM.sessionHours.regularMarket.*.end,market_hours,future.QM.sessionHours.regularMarket.1.end,unknown,unknown,medium,,
market_hours.future.QM.sessionHours.regularMarket.*.start,market_hours,future.QM.sessionHours.regularMarket.1.start,unknown,unknown,medium,,
market_hours.future.QO,market_hours,future.QO,unknown,unknown,medium,,
market_hours.future.QO.category,market_hours,future.QO.category,unknown,unknown,medium,,
market_hours.future.QO.date,market_hours,future.QO.date,unknown,unknown,medium,,
market_hours.future.QO.exchange,market_hours,future.QO.exchange,unknown,unknown,low,,
market_hours.future.QO.isOpen,market_hours,future.QO.isOpen,market_hours,unknown,medium,,
market_hours.future.QO.marketType,market_hours,future.QO.marketType,unknown,unknown,medium,,
market_hours.future.QO.product,market_hours,future.QO.product,unknown,unknown,medium,,
market_hours.future.QO.productName,market_hours,future.QO.productName,unknown,unknown,medium,,
market_hours.future.QO.sessionHours,market_hours,future.QO.sessionHours,unknown,unknown,medium,,
market_hours.future.QO.sessionHours.noTrading,market_hours,future.QO.sessionHours.noTrading,unknown,unknown,medium,,
market_hours.future.QO.sessionHours.noTrading.*,market_hours,future.QO.sessionHours.noTrading.5,unknown,unknown,medium,,
market_hours.future.QO.sessionHours.noTrading.*.end,market_hours,future.QO.sessionHours.noTrading.5.end,unknown,unknown,medium,,
market_hours.future.QO.sessionHours.noTrading.*.start,market_hours,future.QO.sessionHours.noTrading.5.start,unknown,unknown,medium,,
market_hours.future.QO.sessionHours.regularMarket,market_hours,future.QO.sessionHours.regularMarket,unknown,unknown,medium,,
market_hours.future.QO.sessionHours.regularMarket.*,market_hours,future.QO.sessionHours.regularMarket.1,unknown,unknown,medium,,
market_hours.future.QO.sessionHours.regularMarket.*.end,market_hours,future.QO.sessionHours.regularMarket.1.end,unknown,unknown,medium,,
market_hours.future.QO.sessionHours.regularMarket.*.start,market_hours,future.QO.sessionHours.regularMarket.1.start,unknown,unknown,medium,,
market_hours.future.RB,market_hours,future.RB,unknown,unknown,medium,,
market_hours.future.RB.category,market_hours,future.RB.category,unknown,unknown,medium,,
market_hours.future.RB.date,market_hours,future.RB.date,unknown,unknown,medium,,
market_hours.future.RB.exchange,market_hours,future.RB.exchange,unknown,unknown,low,,
market_hours.future.RB.isOpen,market_hours,future.RB.isOpen,market_hours,unknown,medium,,
market_hours.future.RB.marketType,market_hours,future.RB.marketType,unknown,unknown,medium,,
market_hours.future.RB.product,market_hours,future.RB.product,unknown,unknown,medium,,
market_hours.future.RB.productName,market_hours,future.RB.productName,unknown,unknown,medium,,
market_hours.future.RB.sessionHours,market_hours,future.RB.sessionHours,unknown,unknown,medium,,
market_hours.future.RB.sessionHours.noTrading,market_hours,future.RB.sessionHours.noTrading,unknown,unknown,medium,,
market_hours.future.RB.sessionHours.noTrading.*,market_hours,future.RB.sessionHours.noTrading.5,unknown,unknown,medium,,
market_hours.future.RB.sessionHours.noTrading.*.end,market_hours,future.RB.sessionHours.noTrading.5.end,unknown,unknown,medium,,
market_hours.future.RB.sessionHours.noTrading.*.start,market_hours,future.RB.sessionHours.noTrading.5.start,unknown,unknown,medium,,
market_hours.future.RB.sessionHours.regularMarket,market_hours,future.RB.sessionHours.regularMarket,unknown,unknown,medium,,
market_hours.future.RB.sessionHours.regularMarket.*,market_hours,future.RB.sessionHours.regularMarket.1,unknown,unknown,medium,,
market_hours.future.RB.sessionHours.regularMarket.*.end,market_hours,future.RB.sessionHours.regularMarket.1.end,unknown,unknown,medium,,
market_hours.future.RB.sessionHours.regularMarket.*.start,market_hours,future.RB.sessionHours.regularMarket.1.start,unknown,unknown,medium,,
market_hours.future.RME,market_hours,future.RME,unknown,unknown,medium,,
market_hours.future.RME.category,market_hours,future.RME.category,unknown,unknown,medium,,
market_hours.future.RME.date,market_hours,future.RME.date,unknown,unknown,medium,,
market_hours.future.RME.exchange,market_hours,future.RME.exchange,unknown,unknown,low,,
market_hours.future.RME.isOpen,market_hours,future.RME.isOpen,market_hours,unknown,medium,,
market_hours.future.RME.marketType,market_hours,future.RME.marketType,unknown,unknown,medium,,
market_hours.future.RME.product,market_hours,future.RME.product,unknown,unknown,medium,,
market_hours.future.RME.productName,market_hours,future.RME.productName,unknown,unknown,medium,,
market_hours.future.RME.sessionHours,market_hours,future.RME.sessionHours,unknown,unknown,medium,,
market_hours.future.RME.sessionHours.noTrading,market_hours,future.RME.sessionHours.noTrading,unknown,unknown,medium,,
market_hours.future.RME.sessionHours.noTrading.*,market_hours,future.RME.sessionHours.noTrading.5,unknown,unknown,medium,,
market_hours.future.RME.sessionHours.noTrading.*.end,market_hours,future.RME.sessionHours.noTrading.5.end,unknown,unknown,medium,,
market_hours.future.RME.sessionHours.noTrading.*.start,market_hours,future.RME.sessionHours.noTrading.5.start,unknown,unknown,medium,,
market_hours.future.RME.sessionHours.regularMarket,market_hours,future.RME.sessionHours.regularMarket,unknown,unknown,medium,,
market_hours.future.RME.sessionHours.regularMarket.*,market_hours,future.RME.sessionHours.regularMarket.1,unknown,unknown,medium,,
market_hours.future.RME.sessionHours.regularMarket.*.end,market_hours,future.RME.sessionHours.regularMarket.1.end,unknown,unknown,medium,,
market_hours.future.RME.sessionHours.regularMarket.*.start,market_hours,future.RME.sessionHours.regularMarket.1.start,unknown,unknown,medium,,
market_hours.future.RTY,market_hours,future.RTY,unknown,unknown,medium,,
market_hours.future.RTY.category,market_hours,future.RTY.category,unknown,unknown,medium,,
market_hours.future.RTY.date,market_hours,future.RTY.date,unknown,unknown,medium,,
market_hours.future.RTY.exchange,market_hours,future.RTY.exchange,unknown,unknown,low,,
market_hours.future.RTY.isOpen,market_hours,future.RTY.isOpen,market_hours,unknown,medium,,
market_hours.future.RTY.marketType,market_hours,future.RTY.marketType,unknown,unknown,medium,,
market_hours.future.RTY.product,market_hours,future.RTY.product,unknown,unknown,medium,,
market_hours.future.RTY.productName,market_hours,future.RTY.productName,unknown,unknown,medium,,
market_hours.future.RTY.sessionHours,market_hours,future.RTY.sessionHours,unknown,unknown,medium,,
market_hours.future.RTY.sessionHours.noTrading,market_hours,future.RTY.sessionHours.noTrading,unknown,unknown,medium,,
market_hours.future.RTY.sessionHours.noTrading.*,market_hours,future.RTY.sessionHours.noTrading.5,unknown,unknown,medium,,
market_hours.future.RTY.sessionHours.noTrading.*.end,market_hours,future.RTY.sessionHours.noTrading.5.end,unknown,unknown,medium,,
market_hours.future.RTY.sessionHours.noTrading.*.start,market_hours,future.RTY.sessionHours.noTrading.5.start,unknown,unknown,medium,,
market_hours.future.RTY.sessionHours.regularMarket,market_hours,future.RTY.sessionHours.regularMarket,unknown,unknown,medium,,
market_hours.future.RTY.sessionHours.regularMarket.*,market_hours,future.RTY.sessionHours.regularMarket.1,unknown,unknown,medium,,
market_hours.future.RTY.sessionHours.regularMarket.*.end,market_hours,future.RTY.sessionHours.regularMarket.1.end,unknown,unknown,medium,,
market_hours.future.RTY.sessionHours.regularMarket.*.start,market_hours,future.RTY.sessionHours.regularMarket.1.start,unknown,unknown,medium,,
market_hours.future.SEK,market_hours,future.SEK,unknown,unknown,medium,,
market_hours.future.SEK.category,market_hours,future.SEK.category,unknown,unknown,medium,,
market_hours.future.SEK.date,market_hours,future.SEK.date,unknown,unknown,medium,,
market_hours.future.SEK.exchange,market_hours,future.SEK.exchange,unknown,unknown,low,,
market_hours.future.SEK.isOpen,market_hours,future.SEK.isOpen,market_hours,unknown,medium,,
market_hours.future.SEK.marketType,market_hours,future.SEK.marketType,unknown,unknown,medium,,
market_hours.future.SEK.product,market_hours,future.SEK.product,unknown,unknown,medium,,
market_hours.future.SEK.productName,market_hours,future.SEK.productName,unknown,unknown,medium,,
market_hours.future.SEK.sessionHours,market_hours,future.SEK.sessionHours,unknown,unknown,medium,,
market_hours.future.SEK.sessionHours.noTrading,market_hours,future.SEK.sessionHours.noTrading,unknown,unknown,medium,,
market_hours.future.SEK.sessionHours.noTrading.*,market_hours,future.SEK.sessionHours.noTrading.5,unknown,unknown,medium,,
market_hours.future.SEK.sessionHours.noTrading.*.end,market_hours,future.SEK.sessionHours.noTrading.5.end,unknown,unknown,medium,,
market_hours.future.SEK.sessionHours.noTrading.*.start,market_hours,future.SEK.sessionHours.noTrading.5.start,unknown,unknown,medium,,
market_hours.future.SEK.sessionHours.regularMarket,market_hours,future.SEK.sessionHours.regularMarket,unknown,unknown,medium,,
market_hours.future.SEK.sessionHours.regularMarket.*,market_hours,future.SEK.sessionHours.regularMarket.1,unknown,unknown,medium,,
market_hours.future.SEK.sessionHours.regularMarket.*.end,market_hours,future.SEK.sessionHours.regularMarket.1.end,unknown,unknown,medium,,
market_hours.future.SEK.sessionHours.regularMarket.*.start,market_hours,future.SEK.sessionHours.regularMarket.1.start,unknown,unknown,medium,,
market_hours.future.SI,market_hours,future.SI,unknown,unknown,medium,,
market_hours.future.SI.category,market_hours,future.SI.category,unknown,unknown,medium,,
market_hours.future.SI.date,market_hours,future.SI.date,unknown,unknown,medium,,
market_hours.future.SI.exchange,market_hours,future.SI.exchange,unknown,unknown,low,,
market_hours.future.SI.isOpen,market_hours,future.SI.isOpen,market_hours,unknown,medium,,
market_hours.future.SI.marketType,market_hours,future.SI.marketType,unknown,unknown,medium,,
market_hours.future.SI.product,market_hours,future.SI.product,unknown,unknown,medium,,
market_hours.future.SI.productName,market_hours,future.SI.productName,unknown,unknown,medium,,
market_hours.future.SI.sessionHours,market_hours,future.SI.sessionHours,unknown,unknown,medium,,
market_hours.future.SI.sessionHours.noTrading,market_hours,future.SI.sessionHours.noTrading,unknown,unknown,medium,,
market_hours.future.SI.sessionHours.noTrading.*,market_hours,future.SI.sessionHours.noTrading.5,unknown,unknown,medium,,
market_hours.future.SI.sessionHours.noTrading.*.end,market_hours,future.SI.sessionHours.noTrading.5.end,unknown,unknown,medium,,
market_hours.future.SI.sessionHours.noTrading.*.start,market_hours,future.SI.sessionHours.noTrading.5.start,unknown,unknown,medium,,
market_hours.future.SI.sessionHours.regularMarket,market_hours,future.SI.sessionHours.regularMarket,unknown,unknown,medium,,
market_hours.future.SI.sessionHours.regularMarket.*,market_hours,future.SI.sessionHours.regularMarket.1,unknown,unknown,medium,,
market_hours.future.SI.sessionHours.regularMarket.*.end,market_hours,future.SI.sessionHours.regularMarket.1.end,unknown,unknown,medium,,
market_hours.future.SI.sessionHours.regularMarket.*.start,market_hours,future.SI.sessionHours.regularMarket.1.start,unknown,unknown,medium,,
market_hours.future.SIC,market_hours,future.SIC,unknown,unknown,medium,,
market_hours.future.SIC.category,market_hours,future.SIC.category,unknown,unknown,medium,,
market_hours.future.SIC.date,market_hours,future.SIC.date,unknown,unknown,medium,,
market_hours.future.SIC.exchange,market_hours,future.SIC.exchange,unknown,unknown,low,,
market_hours.future.SIC.isOpen,market_hours,future.SIC.isOpen,market_hours,unknown,medium,,
market_hours.future.SIC.marketType,market_hours,future.SIC.marketType,unknown,unknown,medium,,
market_hours.future.SIC.product,market_hours,future.SIC.product,unknown,unknown,medium,,
market_hours.future.SIC.productName,market_hours,future.SIC.productName,unknown,unknown,medium,,
market_hours.future.SIC.sessionHours,market_hours,future.SIC.sessionHours,unknown,unknown,medium,,
market_hours.future.SIC.sessionHours.noTrading,market_hours,future.SIC.sessionHours.noTrading,unknown,unknown,medium,,
market_hours.future.SIC.sessionHours.noTrading.*,market_hours,future.SIC.sessionHours.noTrading.5,unknown,unknown,medium,,
market_hours.future.SIC.sessionHours.noTrading.*.end,market_hours,future.SIC.sessionHours.noTrading.5.end,unknown,unknown,medium,,
market_hours.future.SIC.sessionHours.noTrading.*.start,market_hours,future.SIC.sessionHours.noTrading.5.start,unknown,unknown,medium,,
market_hours.future.SIC.sessionHours.regularMarket,market_hours,future.SIC.sessionHours.regularMarket,unknown,unknown,medium,,
market_hours.future.SIC.sessionHours.regularMarket.*,market_hours,future.SIC.sessionHours.regularMarket.1,unknown,unknown,medium,,
market_hours.future.SIC.sessionHours.regularMarket.*.end,market_hours,future.SIC.sessionHours.regularMarket.1.end,unknown,unknown,medium,,
market_hours.future.SIC.sessionHours.regularMarket.*.start,market_hours,future.SIC.sessionHours.regularMarket.1.start,unknown,unknown,medium,,
market_hours.future.SIL,market_hours,future.SIL,unknown,unknown,medium,,
market_hours.future.SIL.category,market_hours,future.SIL.category,unknown,unknown,medium,,
market_hours.future.SIL.date,market_hours,future.SIL.date,unknown,unknown,medium,,
market_hours.future.SIL.exchange,market_hours,future.SIL.exchange,unknown,unknown,low,,
market_hours.future.SIL.isOpen,market_hours,future.SIL.isOpen,market_hours,unknown,medium,,
market_hours.future.SIL.marketType,market_hours,future.SIL.marketType,unknown,unknown,medium,,
market_hours.future.SIL.product,market_hours,future.SIL.product,unknown,unknown,medium,,
market_hours.future.SIL.productName,market_hours,future.SIL.productName,unknown,unknown,medium,,
market_hours.future.SIL.sessionHours,market_hours,future.SIL.sessionHours,unknown,unknown,medium,,
market_hours.future.SIL.sessionHours.noTrading,market_hours,future.SIL.sessionHours.noTrading,unknown,unknown,medium,,
market_hours.future.SIL.sessionHours.noTrading.*,market_hours,future.SIL.sessionHours.noTrading.5,unknown,unknown,medium,,
market_hours.future.SIL.sessionHours.noTrading.*.end,market_hours,future.SIL.sessionHours.noTrading.5.end,unknown,unknown,medium,,
market_hours.future.SIL.sessionHours.noTrading.*.start,market_hours,future.SIL.sessionHours.noTrading.5.start,unknown,unknown,medium,,
market_hours.future.SIL.sessionHours.regularMarket,market_hours,future.SIL.sessionHours.regularMarket,unknown,unknown,medium,,
market_hours.future.SIL.sessionHours.regularMarket.*,market_hours,future.SIL.sessionHours.regularMarket.1,unknown,unknown,medium,,
market_hours.future.SIL.sessionHours.regularMarket.*.end,market_hours,future.SIL.sessionHours.regularMarket.1.end,unknown,unknown,medium,,
market_hours.future.SIL.sessionHours.regularMarket.*.start,market_hours,future.SIL.sessionHours.regularMarket.1.start,unknown,unknown,medium,,
market_hours.future.SMC,market_hours,future.SMC,unknown,unknown,medium,,
market_hours.future.SMC.category,market_hours,future.SMC.category,unknown,unknown,medium,,
market_hours.future.SMC.date,market_hours,future.SMC.date,unknown,unknown,medium,,
market_hours.future.SMC.exchange,market_hours,future.SMC.exchange,unknown,unknown,low,,
market_hours.future.SMC.isOpen,market_hours,future.SMC.isOpen,market_hours,unknown,medium,,
market_hours.future.SMC.marketType,market_hours,future.SMC.marketType,unknown,unknown,medium,,
market_hours.future.SMC.product,market_hours,future.SMC.product,unknown,unknown,medium,,
market_hours.future.SMC.productName,market_hours,future.SMC.productName,unknown,unknown,medium,,
market_hours.future.SMC.sessionHours,market_hours,future.SMC.sessionHours,unknown,unknown,medium,,
market_hours.future.SMC.sessionHours.noTrading,market_hours,future.SMC.sessionHours.noTrading,unknown,unknown,medium,,
market_hours.future.SMC.sessionHours.noTrading.*,market_hours,future.SMC.sessionHours.noTrading.7,unknown,unknown,medium,,
market_hours.future.SMC.sessionHours.noTrading.*.end,market_hours,future.SMC.sessionHours.noTrading.7.end,unknown,unknown,medium,,
market_hours.future.SMC.sessionHours.noTrading.*.start,market_hours,future.SMC.sessionHours.noTrading.7.start,unknown,unknown,medium,,
market_hours.future.SMC.sessionHours.regularMarket,market_hours,future.SMC.sessionHours.regularMarket,unknown,unknown,medium,,
market_hours.future.SMC.sessionHours.regularMarket.*,market_hours,future.SMC.sessionHours.regularMarket.3,unknown,unknown,medium,,
market_hours.future.SMC.sessionHours.regularMarket.*.end,market_hours,future.SMC.sessionHours.regularMarket.3.end,unknown,unknown,medium,,
market_hours.future.SMC.sessionHours.regularMarket.*.start,market_hours,future.SMC.sessionHours.regularMarket.3.start,unknown,unknown,medium,,
market_hours.future.SOL,market_hours,future.SOL,unknown,unknown,medium,,
market_hours.future.SOL.category,market_hours,future.SOL.category,unknown,unknown,medium,,
market_hours.future.SOL.date,market_hours,future.SOL.date,unknown,unknown,medium,,
market_hours.future.SOL.exchange,market_hours,future.SOL.exchange,unknown,unknown,low,,
market_hours.future.SOL.isOpen,market_hours,future.SOL.isOpen,market_hours,unknown,medium,,
market_hours.future.SOL.marketType,market_hours,future.SOL.marketType,unknown,unknown,medium,,
market_hours.future.SOL.product,market_hours,future.SOL.product,unknown,unknown,medium,,
market_hours.future.SOL.productName,market_hours,future.SOL.productName,unknown,unknown,medium,,
market_hours.future.SOL.sessionHours,market_hours,future.SOL.sessionHours,unknown,unknown,medium,,
market_hours.future.SOL.sessionHours.noTrading,market_hours,future.SOL.sessionHours.noTrading,unknown,unknown,medium,,
market_hours.future.SOL.sessionHours.noTrading.*,market_hours,future.SOL.sessionHours.noTrading.7,unknown,unknown,medium,,
market_hours.future.SOL.sessionHours.noTrading.*.end,market_hours,future.SOL.sessionHours.noTrading.7.end,unknown,unknown,medium,,
market_hours.future.SOL.sessionHours.noTrading.*.start,market_hours,future.SOL.sessionHours.noTrading.7.start,unknown,unknown,medium,,
market_hours.future.SOL.sessionHours.regularMarket,market_hours,future.SOL.sessionHours.regularMarket,unknown,unknown,medium,,
market_hours.future.SOL.sessionHours.regularMarket.*,market_hours,future.SOL.sessionHours.regularMarket.3,unknown,unknown,medium,,
market_hours.future.SOL.sessionHours.regularMarket.*.end,market_hours,future.SOL.sessionHours.regularMarket.3.end,unknown,unknown,medium,,
market_hours.future.SOL.sessionHours.regularMarket.*.start,market_hours,future.SOL.sessionHours.regularMarket.3.start,unknown,unknown,medium,,
market_hours.future.SR1,market_hours,future.SR1,unknown,unknown,medium,,
market_hours.future.SR1.category,market_hours,future.SR1.category,unknown,unknown,medium,,
market_hours.future.SR1.date,market_hours,future.SR1.date,unknown,unknown,medium,,
market_hours.future.SR1.exchange,market_hours,future.SR1.exchange,unknown,unknown,low,,
market_hours.future.SR1.isOpen,market_hours,future.SR1.isOpen,market_hours,unknown,medium,,
market_hours.future.SR1.marketType,market_hours,future.SR1.marketType,unknown,unknown,medium,,
market_hours.future.SR1.product,market_hours,future.SR1.product,unknown,unknown,medium,,
market_hours.future.SR1.productName,market_hours,future.SR1.productName,unknown,unknown,medium,,
market_hours.future.SR1.sessionHours,market_hours,future.SR1.sessionHours,unknown,unknown,medium,,
market_hours.future.SR1.sessionHours.noTrading,market_hours,future.SR1.sessionHours.noTrading,unknown,unknown,medium,,
market_hours.future.SR1.sessionHours.noTrading.*,market_hours,future.SR1.sessionHours.noTrading.5,unknown,unknown,medium,,
market_hours.future.SR1.sessionHours.noTrading.*.end,market_hours,future.SR1.sessionHours.noTrading.5.end,unknown,unknown,medium,,
market_hours.future.SR1.sessionHours.noTrading.*.start,market_hours,future.SR1.sessionHours.noTrading.5.start,unknown,unknown,medium,,
market_hours.future.SR1.sessionHours.regularMarket,market_hours,future.SR1.sessionHours.regularMarket,unknown,unknown,medium,,
market_hours.future.SR1.sessionHours.regularMarket.*,market_hours,future.SR1.sessionHours.regularMarket.1,unknown,unknown,medium,,
market_hours.future.SR1.sessionHours.regularMarket.*.end,market_hours,future.SR1.sessionHours.regularMarket.1.end,unknown,unknown,medium,,
market_hours.future.SR1.sessionHours.regularMarket.*.start,market_hours,future.SR1.sessionHours.regularMarket.1.start,unknown,unknown,medium,,
market_hours.future.SR3,market_hours,future.SR3,unknown,unknown,medium,,
market_hours.future.SR3.category,market_hours,future.SR3.category,unknown,unknown,medium,,
market_hours.future.SR3.date,market_hours,future.SR3.date,unknown,unknown,medium,,
market_hours.future.SR3.exchange,market_hours,future.SR3.exchange,unknown,unknown,low,,
market_hours.future.SR3.isOpen,market_hours,future.SR3.isOpen,market_hours,unknown,medium,,
market_hours.future.SR3.marketType,market_hours,future.SR3.marketType,unknown,unknown,medium,,
market_hours.future.SR3.product,market_hours,future.SR3.product,unknown,unknown,medium,,
market_hours.future.SR3.productName,market_hours,future.SR3.productName,unknown,unknown,medium,,
market_hours.future.SR3.sessionHours,market_hours,future.SR3.sessionHours,unknown,unknown,medium,,
market_hours.future.SR3.sessionHours.noTrading,market_hours,future.SR3.sessionHours.noTrading,unknown,unknown,medium,,
market_hours.future.SR3.sessionHours.noTrading.*,market_hours,future.SR3.sessionHours.noTrading.5,unknown,unknown,medium,,
market_hours.future.SR3.sessionHours.noTrading.*.end,market_hours,future.SR3.sessionHours.noTrading.5.end,unknown,unknown,medium,,
market_hours.future.SR3.sessionHours.noTrading.*.start,market_hours,future.SR3.sessionHours.noTrading.5.start,unknown,unknown,medium,,
market_hours.future.SR3.sessionHours.regularMarket,market_hours,future.SR3.sessionHours.regularMarket,unknown,unknown,medium,,
market_hours.future.SR3.sessionHours.regularMarket.*,market_hours,future.SR3.sessionHours.regularMarket.1,unknown,unknown,medium,,
market_hours.future.SR3.sessionHours.regularMarket.*.end,market_hours,future.SR3.sessionHours.regularMarket.1.end,unknown,unknown,medium,,
market_hours.future.SR3.sessionHours.regularMarket.*.start,market_hours,future.SR3.sessionHours.regularMarket.1.start,unknown,unknown,medium,,
market_hours.future.TN,market_hours,future.TN,unknown,unknown,medium,,
market_hours.future.TN.category,market_hours,future.TN.category,unknown,unknown,medium,,
market_hours.future.TN.date,market_hours,future.TN.date,unknown,unknown,medium,,
market_hours.future.TN.exchange,market_hours,future.TN.exchange,unknown,unknown,low,,
market_hours.future.TN.isOpen,market_hours,future.TN.isOpen,market_hours,unknown,medium,,
market_hours.future.TN.marketType,market_hours,future.TN.marketType,unknown,unknown,medium,,
market_hours.future.TN.product,market_hours,future.TN.product,unknown,unknown,medium,,
market_hours.future.TN.productName,market_hours,future.TN.productName,unknown,unknown,medium,,
market_hours.future.TN.sessionHours,market_hours,future.TN.sessionHours,unknown,unknown,medium,,
market_hours.future.TN.sessionHours.noTrading,market_hours,future.TN.sessionHours.noTrading,unknown,unknown,medium,,
market_hours.future.TN.sessionHours.noTrading.*,market_hours,future.TN.sessionHours.noTrading.5,unknown,unknown,medium,,
market_hours.future.TN.sessionHours.noTrading.*.end,market_hours,future.TN.sessionHours.noTrading.5.end,unknown,unknown,medium,,
market_hours.future.TN.sessionHours.noTrading.*.start,market_hours,future.TN.sessionHours.noTrading.5.start,unknown,unknown,medium,,
market_hours.future.TN.sessionHours.regularMarket,market_hours,future.TN.sessionHours.regularMarket,unknown,unknown,medium,,
market_hours.future.TN.sessionHours.regularMarket.*,market_hours,future.TN.sessionHours.regularMarket.1,unknown,unknown,medium,,
market_hours.future.TN.sessionHours.regularMarket.*.end,market_hours,future.TN.sessionHours.regularMarket.1.end,unknown,unknown,medium,,
market_hours.future.TN.sessionHours.regularMarket.*.start,market_hours,future.TN.sessionHours.regularMarket.1.start,unknown,unknown,medium,,
market_hours.future.UB,market_hours,future.UB,unknown,unknown,medium,,
market_hours.future.UB.category,market_hours,future.UB.category,unknown,unknown,medium,,
market_hours.future.UB.date,market_hours,future.UB.date,unknown,unknown,medium,,
market_hours.future.UB.exchange,market_hours,future.UB.exchange,unknown,unknown,low,,
market_hours.future.UB.isOpen,market_hours,future.UB.isOpen,market_hours,unknown,medium,,
market_hours.future.UB.marketType,market_hours,future.UB.marketType,unknown,unknown,medium,,
market_hours.future.UB.product,market_hours,future.UB.product,unknown,unknown,medium,,
market_hours.future.UB.productName,market_hours,future.UB.productName,unknown,unknown,medium,,
market_hours.future.UB.sessionHours,market_hours,future.UB.sessionHours,unknown,unknown,medium,,
market_hours.future.UB.sessionHours.noTrading,market_hours,future.UB.sessionHours.noTrading,unknown,unknown,medium,,
market_hours.future.UB.sessionHours.noTrading.*,market_hours,future.UB.sessionHours.noTrading.5,unknown,unknown,medium,,
market_hours.future.UB.sessionHours.noTrading.*.end,market_hours,future.UB.sessionHours.noTrading.5.end,unknown,unknown,medium,,
market_hours.future.UB.sessionHours.noTrading.*.start,market_hours,future.UB.sessionHours.noTrading.5.start,unknown,unknown,medium,,
market_hours.future.UB.sessionHours.regularMarket,market_hours,future.UB.sessionHours.regularMarket,unknown,unknown,medium,,
market_hours.future.UB.sessionHours.regularMarket.*,market_hours,future.UB.sessionHours.regularMarket.1,unknown,unknown,medium,,
market_hours.future.UB.sessionHours.regularMarket.*.end,market_hours,future.UB.sessionHours.regularMarket.1.end,unknown,unknown,medium,,
market_hours.future.UB.sessionHours.regularMarket.*.start,market_hours,future.UB.sessionHours.regularMarket.1.start,unknown,unknown,medium,,
market_hours.future.VX,market_hours,future.VX,unknown,unknown,medium,,
market_hours.future.VX.category,market_hours,future.VX.category,unknown,unknown,medium,,
market_hours.future.VX.date,market_hours,future.VX.date,unknown,unknown,medium,,
market_hours.future.VX.exchange,market_hours,future.VX.exchange,unknown,unknown,low,,
market_hours.future.VX.isOpen,market_hours,future.VX.isOpen,market_hours,unknown,medium,,
market_hours.future.VX.marketType,market_hours,future.VX.marketType,unknown,unknown,medium,,
market_hours.future.VX.product,market_hours,future.VX.product,unknown,unknown,medium,,
market_hours.future.VX.productName,market_hours,future.VX.productName,unknown,unknown,medium,,
market_hours.future.VX.sessionHours,market_hours,future.VX.sessionHours,unknown,unknown,medium,,
market_hours.future.VX.sessionHours.noTrading,market_hours,future.VX.sessionHours.noTrading,unknown,unknown,medium,,
market_hours.future.VX.sessionHours.noTrading.*,market_hours,future.VX.sessionHours.noTrading.5,unknown,unknown,medium,,
market_hours.future.VX.sessionHours.noTrading.*.end,market_hours,future.VX.sessionHours.noTrading.5.end,unknown,unknown,medium,,
market_hours.future.VX.sessionHours.noTrading.*.start,market_hours,future.VX.sessionHours.noTrading.5.start,unknown,unknown,medium,,
market_hours.future.VX.sessionHours.regularMarket,market_hours,future.VX.sessionHours.regularMarket,unknown,unknown,medium,,
market_hours.future.VX.sessionHours.regularMarket.*,market_hours,future.VX.sessionHours.regularMarket.1,unknown,unknown,medium,,
market_hours.future.VX.sessionHours.regularMarket.*.end,market_hours,future.VX.sessionHours.regularMarket.1.end,unknown,unknown,medium,,
market_hours.future.VX.sessionHours.regularMarket.*.start,market_hours,future.VX.sessionHours.regularMarket.1.start,unknown,unknown,medium,,
market_hours.future.VXM,market_hours,future.VXM,unknown,unknown,medium,,
market_hours.future.VXM.category,market_hours,future.VXM.category,unknown,unknown,medium,,
market_hours.future.VXM.date,market_hours,future.VXM.date,unknown,unknown,medium,,
market_hours.future.VXM.exchange,market_hours,future.VXM.exchange,unknown,unknown,low,,
market_hours.future.VXM.isOpen,market_hours,future.VXM.isOpen,market_hours,unknown,medium,,
market_hours.future.VXM.marketType,market_hours,future.VXM.marketType,unknown,unknown,medium,,
market_hours.future.VXM.product,market_hours,future.VXM.product,unknown,unknown,medium,,
market_hours.future.VXM.productName,market_hours,future.VXM.productName,unknown,unknown,medium,,
market_hours.future.VXM.sessionHours,market_hours,future.VXM.sessionHours,unknown,unknown,medium,,
market_hours.future.VXM.sessionHours.noTrading,market_hours,future.VXM.sessionHours.noTrading,unknown,unknown,medium,,
market_hours.future.VXM.sessionHours.noTrading.*,market_hours,future.VXM.sessionHours.noTrading.5,unknown,unknown,medium,,
market_hours.future.VXM.sessionHours.noTrading.*.end,market_hours,future.VXM.sessionHours.noTrading.5.end,unknown,unknown,medium,,
market_hours.future.VXM.sessionHours.noTrading.*.start,market_hours,future.VXM.sessionHours.noTrading.5.start,unknown,unknown,medium,,
market_hours.future.VXM.sessionHours.regularMarket,market_hours,future.VXM.sessionHours.regularMarket,unknown,unknown,medium,,
market_hours.future.VXM.sessionHours.regularMarket.*,market_hours,future.VXM.sessionHours.regularMarket.1,unknown,unknown,medium,,
market_hours.future.VXM.sessionHours.regularMarket.*.end,market_hours,future.VXM.sessionHours.regularMarket.1.end,unknown,unknown,medium,,
market_hours.future.VXM.sessionHours.regularMarket.*.start,market_hours,future.VXM.sessionHours.regularMarket.1.start,unknown,unknown,medium,,
market_hours.future.XC,market_hours,future.XC,unknown,unknown,medium,,
market_hours.future.XC.category,market_hours,future.XC.category,unknown,unknown,medium,,
market_hours.future.XC.date,market_hours,future.XC.date,unknown,unknown,medium,,
market_hours.future.XC.exchange,market_hours,future.XC.exchange,unknown,unknown,low,,
market_hours.future.XC.isOpen,market_hours,future.XC.isOpen,market_hours,unknown,medium,,
market_hours.future.XC.marketType,market_hours,future.XC.marketType,unknown,unknown,medium,,
market_hours.future.XC.product,market_hours,future.XC.product,unknown,unknown,medium,,
market_hours.future.XC.productName,market_hours,future.XC.productName,unknown,unknown,medium,,
market_hours.future.XC.sessionHours,market_hours,future.XC.sessionHours,unknown,unknown,medium,,
market_hours.future.XC.sessionHours.noTrading,market_hours,future.XC.sessionHours.noTrading,unknown,unknown,medium,,
market_hours.future.XC.sessionHours.noTrading.*,market_hours,future.XC.sessionHours.noTrading.7,unknown,unknown,medium,,
market_hours.future.XC.sessionHours.noTrading.*.end,market_hours,future.XC.sessionHours.noTrading.7.end,unknown,unknown,medium,,
market_hours.future.XC.sessionHours.noTrading.*.start,market_hours,future.XC.sessionHours.noTrading.7.start,unknown,unknown,medium,,
market_hours.future.XC.sessionHours.regularMarket,market_hours,future.XC.sessionHours.regularMarket,unknown,unknown,medium,,
market_hours.future.XC.sessionHours.regularMarket.*,market_hours,future.XC.sessionHours.regularMarket.3,unknown,unknown,medium,,
market_hours.future.XC.sessionHours.regularMarket.*.end,market_hours,future.XC.sessionHours.regularMarket.3.end,unknown,unknown,medium,,
market_hours.future.XC.sessionHours.regularMarket.*.start,market_hours,future.XC.sessionHours.regularMarket.3.start,unknown,unknown,medium,,
market_hours.future.XK,market_hours,future.XK,unknown,unknown,medium,,
market_hours.future.XK.category,market_hours,future.XK.category,unknown,unknown,medium,,
market_hours.future.XK.date,market_hours,future.XK.date,unknown,unknown,medium,,
market_hours.future.XK.exchange,market_hours,future.XK.exchange,unknown,unknown,low,,
market_hours.future.XK.isOpen,market_hours,future.XK.isOpen,market_hours,unknown,medium,,
market_hours.future.XK.marketType,market_hours,future.XK.marketType,unknown,unknown,medium,,
market_hours.future.XK.product,market_hours,future.XK.product,unknown,unknown,medium,,
market_hours.future.XK.productName,market_hours,future.XK.productName,unknown,unknown,medium,,
market_hours.future.XK.sessionHours,market_hours,future.XK.sessionHours,unknown,unknown,medium,,
market_hours.future.XK.sessionHours.noTrading,market_hours,future.XK.sessionHours.noTrading,unknown,unknown,medium,,
market_hours.future.XK.sessionHours.noTrading.*,market_hours,future.XK.sessionHours.noTrading.7,unknown,unknown,medium,,
market_hours.future.XK.sessionHours.noTrading.*.end,market_hours,future.XK.sessionHours.noTrading.7.end,unknown,unknown,medium,,
market_hours.future.XK.sessionHours.noTrading.*.start,market_hours,future.XK.sessionHours.noTrading.7.start,unknown,unknown,medium,,
market_hours.future.XK.sessionHours.regularMarket,market_hours,future.XK.sessionHours.regularMarket,unknown,unknown,medium,,
market_hours.future.XK.sessionHours.regularMarket.*,market_hours,future.XK.sessionHours.regularMarket.3,unknown,unknown,medium,,
market_hours.future.XK.sessionHours.regularMarket.*.end,market_hours,future.XK.sessionHours.regularMarket.3.end,unknown,unknown,medium,,
market_hours.future.XK.sessionHours.regularMarket.*.start,market_hours,future.XK.sessionHours.regularMarket.3.start,unknown,unknown,medium,,
market_hours.future.XLM,market_hours,future.XLM,unknown,unknown,medium,,
market_hours.future.XLM.category,market_hours,future.XLM.category,unknown,unknown,medium,,
market_hours.future.XLM.date,market_hours,future.XLM.date,unknown,unknown,medium,,
market_hours.future.XLM.exchange,market_hours,future.XLM.exchange,unknown,unknown,low,,
market_hours.future.XLM.isOpen,market_hours,future.XLM.isOpen,market_hours,unknown,medium,,
market_hours.future.XLM.marketType,market_hours,future.XLM.marketType,unknown,unknown,medium,,
market_hours.future.XLM.product,market_hours,future.XLM.product,unknown,unknown,medium,,
market_hours.future.XLM.productName,market_hours,future.XLM.productName,unknown,unknown,medium,,
market_hours.future.XLM.sessionHours,market_hours,future.XLM.sessionHours,unknown,unknown,medium,,
market_hours.future.XLM.sessionHours.noTrading,market_hours,future.XLM.sessionHours.noTrading,unknown,unknown,medium,,
market_hours.future.XLM.sessionHours.noTrading.*,market_hours,future.XLM.sessionHours.noTrading.5,unknown,unknown,medium,,
market_hours.future.XLM.sessionHours.noTrading.*.end,market_hours,future.XLM.sessionHours.noTrading.5.end,unknown,unknown,medium,,
market_hours.future.XLM.sessionHours.noTrading.*.start,market_hours,future.XLM.sessionHours.noTrading.5.start,unknown,unknown,medium,,
market_hours.future.XLM.sessionHours.regularMarket,market_hours,future.XLM.sessionHours.regularMarket,unknown,unknown,medium,,
market_hours.future.XLM.sessionHours.regularMarket.*,market_hours,future.XLM.sessionHours.regularMarket.1,unknown,unknown,medium,,
market_hours.future.XLM.sessionHours.regularMarket.*.end,market_hours,future.XLM.sessionHours.regularMarket.1.end,unknown,unknown,medium,,
market_hours.future.XLM.sessionHours.regularMarket.*.start,market_hours,future.XLM.sessionHours.regularMarket.1.start,unknown,unknown,medium,,
market_hours.future.XRP,market_hours,future.XRP,unknown,unknown,medium,,
market_hours.future.XRP.category,market_hours,future.XRP.category,unknown,unknown,medium,,
market_hours.future.XRP.date,market_hours,future.XRP.date,unknown,unknown,medium,,
market_hours.future.XRP.exchange,market_hours,future.XRP.exchange,unknown,unknown,low,,
market_hours.future.XRP.isOpen,market_hours,future.XRP.isOpen,market_hours,unknown,medium,,
market_hours.future.XRP.marketType,market_hours,future.XRP.marketType,unknown,unknown,medium,,
market_hours.future.XRP.product,market_hours,future.XRP.product,unknown,unknown,medium,,
market_hours.future.XRP.productName,market_hours,future.XRP.productName,unknown,unknown,medium,,
market_hours.future.XRP.sessionHours,market_hours,future.XRP.sessionHours,unknown,unknown,medium,,
market_hours.future.XRP.sessionHours.noTrading,market_hours,future.XRP.sessionHours.noTrading,unknown,unknown,medium,,
market_hours.future.XRP.sessionHours.noTrading.*,market_hours,future.XRP.sessionHours.noTrading.5,unknown,unknown,medium,,
market_hours.future.XRP.sessionHours.noTrading.*.end,market_hours,future.XRP.sessionHours.noTrading.5.end,unknown,unknown,medium,,
market_hours.future.XRP.sessionHours.noTrading.*.start,market_hours,future.XRP.sessionHours.noTrading.5.start,unknown,unknown,medium,,
market_hours.future.XRP.sessionHours.regularMarket,market_hours,future.XRP.sessionHours.regularMarket,unknown,unknown,medium,,
market_hours.future.XRP.sessionHours.regularMarket.*,market_hours,future.XRP.sessionHours.regularMarket.1,unknown,unknown,medium,,
market_hours.future.XRP.sessionHours.regularMarket.*.end,market_hours,future.XRP.sessionHours.regularMarket.1.end,unknown,unknown,medium,,
market_hours.future.XRP.sessionHours.regularMarket.*.start,market_hours,future.XRP.sessionHours.regularMarket.1.start,unknown,unknown,medium,,
market_hours.future.XW,market_hours,future.XW,unknown,unknown,medium,,
market_hours.future.XW.category,market_hours,future.XW.category,unknown,unknown,medium,,
market_hours.future.XW.date,market_hours,future.XW.date,unknown,unknown,medium,,
market_hours.future.XW.exchange,market_hours,future.XW.exchange,unknown,unknown,low,,
market_hours.future.XW.isOpen,market_hours,future.XW.isOpen,market_hours,unknown,medium,,
market_hours.future.XW.marketType,market_hours,future.XW.marketType,unknown,unknown,medium,,
market_hours.future.XW.product,market_hours,future.XW.product,unknown,unknown,medium,,
market_hours.future.XW.productName,market_hours,future.XW.productName,unknown,unknown,medium,,
market_hours.future.XW.sessionHours,market_hours,future.XW.sessionHours,unknown,unknown,medium,,
market_hours.future.XW.sessionHours.noTrading,market_hours,future.XW.sessionHours.noTrading,unknown,unknown,medium,,
market_hours.future.XW.sessionHours.noTrading.*,market_hours,future.XW.sessionHours.noTrading.7,unknown,unknown,medium,,
market_hours.future.XW.sessionHours.noTrading.*.end,market_hours,future.XW.sessionHours.noTrading.7.end,unknown,unknown,medium,,
market_hours.future.XW.sessionHours.noTrading.*.start,market_hours,future.XW.sessionHours.noTrading.7.start,unknown,unknown,medium,,
market_hours.future.XW.sessionHours.regularMarket,market_hours,future.XW.sessionHours.regularMarket,unknown,unknown,medium,,
market_hours.future.XW.sessionHours.regularMarket.*,market_hours,future.XW.sessionHours.regularMarket.3,unknown,unknown,medium,,
market_hours.future.XW.sessionHours.regularMarket.*.end,market_hours,future.XW.sessionHours.regularMarket.3.end,unknown,unknown,medium,,
market_hours.future.XW.sessionHours.regularMarket.*.start,market_hours,future.XW.sessionHours.regularMarket.3.start,unknown,unknown,medium,,
market_hours.future.YM,market_hours,future.YM,unknown,unknown,medium,,
market_hours.future.YM.category,market_hours,future.YM.category,unknown,unknown,medium,,
market_hours.future.YM.date,market_hours,future.YM.date,unknown,unknown,medium,,
market_hours.future.YM.exchange,market_hours,future.YM.exchange,unknown,unknown,low,,
market_hours.future.YM.isOpen,market_hours,future.YM.isOpen,market_hours,unknown,medium,,
market_hours.future.YM.marketType,market_hours,future.YM.marketType,unknown,unknown,medium,,
market_hours.future.YM.product,market_hours,future.YM.product,unknown,unknown,medium,,
market_hours.future.YM.productName,market_hours,future.YM.productName,unknown,unknown,medium,,
market_hours.future.YM.sessionHours,market_hours,future.YM.sessionHours,unknown,unknown,medium,,
market_hours.future.YM.sessionHours.noTrading,market_hours,future.YM.sessionHours.noTrading,unknown,unknown,medium,,
market_hours.future.YM.sessionHours.noTrading.*,market_hours,future.YM.sessionHours.noTrading.5,unknown,unknown,medium,,
market_hours.future.YM.sessionHours.noTrading.*.end,market_hours,future.YM.sessionHours.noTrading.5.end,unknown,unknown,medium,,
market_hours.future.YM.sessionHours.noTrading.*.start,market_hours,future.YM.sessionHours.noTrading.5.start,unknown,unknown,medium,,
market_hours.future.YM.sessionHours.regularMarket,market_hours,future.YM.sessionHours.regularMarket,unknown,unknown,medium,,
market_hours.future.YM.sessionHours.regularMarket.*,market_hours,future.YM.sessionHours.regularMarket.1,unknown,unknown,medium,,
market_hours.future.YM.sessionHours.regularMarket.*.end,market_hours,future.YM.sessionHours.regularMarket.1.end,unknown,unknown,medium,,
market_hours.future.YM.sessionHours.regularMarket.*.start,market_hours,future.YM.sessionHours.regularMarket.1.start,unknown,unknown,medium,,
market_hours.future.ZB,market_hours,future.ZB,unknown,unknown,medium,,
market_hours.future.ZB.category,market_hours,future.ZB.category,unknown,unknown,medium,,
market_hours.future.ZB.date,market_hours,future.ZB.date,unknown,unknown,medium,,
market_hours.future.ZB.exchange,market_hours,future.ZB.exchange,unknown,unknown,low,,
market_hours.future.ZB.isOpen,market_hours,future.ZB.isOpen,market_hours,unknown,medium,,
market_hours.future.ZB.marketType,market_hours,future.ZB.marketType,unknown,unknown,medium,,
market_hours.future.ZB.product,market_hours,future.ZB.product,unknown,unknown,medium,,
market_hours.future.ZB.productName,market_hours,future.ZB.productName,unknown,unknown,medium,,
market_hours.future.ZB.sessionHours,market_hours,future.ZB.sessionHours,unknown,unknown,medium,,
market_hours.future.ZB.sessionHours.noTrading,market_hours,future.ZB.sessionHours.noTrading,unknown,unknown,medium,,
market_hours.future.ZB.sessionHours.noTrading.*,market_hours,future.ZB.sessionHours.noTrading.5,unknown,unknown,medium,,
market_hours.future.ZB.sessionHours.noTrading.*.end,market_hours,future.ZB.sessionHours.noTrading.5.end,unknown,unknown,medium,,
market_hours.future.ZB.sessionHours.noTrading.*.start,market_hours,future.ZB.sessionHours.noTrading.5.start,unknown,unknown,medium,,
market_hours.future.ZB.sessionHours.regularMarket,market_hours,future.ZB.sessionHours.regularMarket,unknown,unknown,medium,,
market_hours.future.ZB.sessionHours.regularMarket.*,market_hours,future.ZB.sessionHours.regularMarket.1,unknown,unknown,medium,,
market_hours.future.ZB.sessionHours.regularMarket.*.end,market_hours,future.ZB.sessionHours.regularMarket.1.end,unknown,unknown,medium,,
market_hours.future.ZB.sessionHours.regularMarket.*.start,market_hours,future.ZB.sessionHours.regularMarket.1.start,unknown,unknown,medium,,
market_hours.future.ZC,market_hours,future.ZC,unknown,unknown,medium,,
market_hours.future.ZC.category,market_hours,future.ZC.category,unknown,unknown,medium,,
market_hours.future.ZC.date,market_hours,future.ZC.date,unknown,unknown,medium,,
market_hours.future.ZC.exchange,market_hours,future.ZC.exchange,unknown,unknown,low,,
market_hours.future.ZC.isOpen,market_hours,future.ZC.isOpen,market_hours,unknown,medium,,
market_hours.future.ZC.marketType,market_hours,future.ZC.marketType,unknown,unknown,medium,,
market_hours.future.ZC.product,market_hours,future.ZC.product,unknown,unknown,medium,,
market_hours.future.ZC.productName,market_hours,future.ZC.productName,unknown,unknown,medium,,
market_hours.future.ZC.sessionHours,market_hours,future.ZC.sessionHours,unknown,unknown,medium,,
market_hours.future.ZC.sessionHours.noTrading,market_hours,future.ZC.sessionHours.noTrading,unknown,unknown,medium,,
market_hours.future.ZC.sessionHours.noTrading.*,market_hours,future.ZC.sessionHours.noTrading.7,unknown,unknown,medium,,
market_hours.future.ZC.sessionHours.noTrading.*.end,market_hours,future.ZC.sessionHours.noTrading.7.end,unknown,unknown,medium,,
market_hours.future.ZC.sessionHours.noTrading.*.start,market_hours,future.ZC.sessionHours.noTrading.7.start,unknown,unknown,medium,,
market_hours.future.ZC.sessionHours.regularMarket,market_hours,future.ZC.sessionHours.regularMarket,unknown,unknown,medium,,
market_hours.future.ZC.sessionHours.regularMarket.*,market_hours,future.ZC.sessionHours.regularMarket.3,unknown,unknown,medium,,
market_hours.future.ZC.sessionHours.regularMarket.*.end,market_hours,future.ZC.sessionHours.regularMarket.3.end,unknown,unknown,medium,,
market_hours.future.ZC.sessionHours.regularMarket.*.start,market_hours,future.ZC.sessionHours.regularMarket.3.start,unknown,unknown,medium,,
market_hours.future.ZF,market_hours,future.ZF,unknown,unknown,medium,,
market_hours.future.ZF.category,market_hours,future.ZF.category,unknown,unknown,medium,,
market_hours.future.ZF.date,market_hours,future.ZF.date,unknown,unknown,medium,,
market_hours.future.ZF.exchange,market_hours,future.ZF.exchange,unknown,unknown,low,,
market_hours.future.ZF.isOpen,market_hours,future.ZF.isOpen,market_hours,unknown,medium,,
market_hours.future.ZF.marketType,market_hours,future.ZF.marketType,unknown,unknown,medium,,
market_hours.future.ZF.product,market_hours,future.ZF.product,unknown,unknown,medium,,
market_hours.future.ZF.productName,market_hours,future.ZF.productName,unknown,unknown,medium,,
market_hours.future.ZF.sessionHours,market_hours,future.ZF.sessionHours,unknown,unknown,medium,,
market_hours.future.ZF.sessionHours.noTrading,market_hours,future.ZF.sessionHours.noTrading,unknown,unknown,medium,,
market_hours.future.ZF.sessionHours.noTrading.*,market_hours,future.ZF.sessionHours.noTrading.5,unknown,unknown,medium,,
market_hours.future.ZF.sessionHours.noTrading.*.end,market_hours,future.ZF.sessionHours.noTrading.5.end,unknown,unknown,medium,,
market_hours.future.ZF.sessionHours.noTrading.*.start,market_hours,future.ZF.sessionHours.noTrading.5.start,unknown,unknown,medium,,
market_hours.future.ZF.sessionHours.regularMarket,market_hours,future.ZF.sessionHours.regularMarket,unknown,unknown,medium,,
market_hours.future.ZF.sessionHours.regularMarket.*,market_hours,future.ZF.sessionHours.regularMarket.1,unknown,unknown,medium,,
market_hours.future.ZF.sessionHours.regularMarket.*.end,market_hours,future.ZF.sessionHours.regularMarket.1.end,unknown,unknown,medium,,
market_hours.future.ZF.sessionHours.regularMarket.*.start,market_hours,future.ZF.sessionHours.regularMarket.1.start,unknown,unknown,medium,,
market_hours.future.ZL,market_hours,future.ZL,unknown,unknown,medium,,
market_hours.future.ZL.category,market_hours,future.ZL.category,unknown,unknown,medium,,
market_hours.future.ZL.date,market_hours,future.ZL.date,unknown,unknown,medium,,
market_hours.future.ZL.exchange,market_hours,future.ZL.exchange,unknown,unknown,low,,
market_hours.future.ZL.isOpen,market_hours,future.ZL.isOpen,market_hours,unknown,medium,,
market_hours.future.ZL.marketType,market_hours,future.ZL.marketType,unknown,unknown,medium,,
market_hours.future.ZL.product,market_hours,future.ZL.product,unknown,unknown,medium,,
market_hours.future.ZL.productName,market_hours,future.ZL.productName,unknown,unknown,medium,,
market_hours.future.ZL.sessionHours,market_hours,future.ZL.sessionHours,unknown,unknown,medium,,
market_hours.future.ZL.sessionHours.noTrading,market_hours,future.ZL.sessionHours.noTrading,unknown,unknown,medium,,
market_hours.future.ZL.sessionHours.noTrading.*,market_hours,future.ZL.sessionHours.noTrading.7,unknown,unknown,medium,,
market_hours.future.ZL.sessionHours.noTrading.*.end,market_hours,future.ZL.sessionHours.noTrading.7.end,unknown,unknown,medium,,
market_hours.future.ZL.sessionHours.noTrading.*.start,market_hours,future.ZL.sessionHours.noTrading.7.start,unknown,unknown,medium,,
market_hours.future.ZL.sessionHours.regularMarket,market_hours,future.ZL.sessionHours.regularMarket,unknown,unknown,medium,,
market_hours.future.ZL.sessionHours.regularMarket.*,market_hours,future.ZL.sessionHours.regularMarket.3,unknown,unknown,medium,,
market_hours.future.ZL.sessionHours.regularMarket.*.end,market_hours,future.ZL.sessionHours.regularMarket.3.end,unknown,unknown,medium,,
market_hours.future.ZL.sessionHours.regularMarket.*.start,market_hours,future.ZL.sessionHours.regularMarket.3.start,unknown,unknown,medium,,
market_hours.future.ZM,market_hours,future.ZM,unknown,unknown,medium,,
market_hours.future.ZM.category,market_hours,future.ZM.category,unknown,unknown,medium,,
market_hours.future.ZM.date,market_hours,future.ZM.date,unknown,unknown,medium,,
market_hours.future.ZM.exchange,market_hours,future.ZM.exchange,unknown,unknown,low,,
market_hours.future.ZM.isOpen,market_hours,future.ZM.isOpen,market_hours,unknown,medium,,
market_hours.future.ZM.marketType,market_hours,future.ZM.marketType,unknown,unknown,medium,,
market_hours.future.ZM.product,market_hours,future.ZM.product,unknown,unknown,medium,,
market_hours.future.ZM.productName,market_hours,future.ZM.productName,unknown,unknown,medium,,
market_hours.future.ZM.sessionHours,market_hours,future.ZM.sessionHours,unknown,unknown,medium,,
market_hours.future.ZM.sessionHours.noTrading,market_hours,future.ZM.sessionHours.noTrading,unknown,unknown,medium,,
market_hours.future.ZM.sessionHours.noTrading.*,market_hours,future.ZM.sessionHours.noTrading.7,unknown,unknown,medium,,
market_hours.future.ZM.sessionHours.noTrading.*.end,market_hours,future.ZM.sessionHours.noTrading.7.end,unknown,unknown,medium,,
market_hours.future.ZM.sessionHours.noTrading.*.start,market_hours,future.ZM.sessionHours.noTrading.7.start,unknown,unknown,medium,,
market_hours.future.ZM.sessionHours.regularMarket,market_hours,future.ZM.sessionHours.regularMarket,unknown,unknown,medium,,
market_hours.future.ZM.sessionHours.regularMarket.*,market_hours,future.ZM.sessionHours.regularMarket.3,unknown,unknown,medium,,
market_hours.future.ZM.sessionHours.regularMarket.*.end,market_hours,future.ZM.sessionHours.regularMarket.3.end,unknown,unknown,medium,,
market_hours.future.ZM.sessionHours.regularMarket.*.start,market_hours,future.ZM.sessionHours.regularMarket.3.start,unknown,unknown,medium,,
market_hours.future.ZN,market_hours,future.ZN,unknown,unknown,medium,,
market_hours.future.ZN.category,market_hours,future.ZN.category,unknown,unknown,medium,,
market_hours.future.ZN.date,market_hours,future.ZN.date,unknown,unknown,medium,,
market_hours.future.ZN.exchange,market_hours,future.ZN.exchange,unknown,unknown,low,,
market_hours.future.ZN.isOpen,market_hours,future.ZN.isOpen,market_hours,unknown,medium,,
market_hours.future.ZN.marketType,market_hours,future.ZN.marketType,unknown,unknown,medium,,
market_hours.future.ZN.product,market_hours,future.ZN.product,unknown,unknown,medium,,
market_hours.future.ZN.productName,market_hours,future.ZN.productName,unknown,unknown,medium,,
market_hours.future.ZN.sessionHours,market_hours,future.ZN.sessionHours,unknown,unknown,medium,,
market_hours.future.ZN.sessionHours.noTrading,market_hours,future.ZN.sessionHours.noTrading,unknown,unknown,medium,,
market_hours.future.ZN.sessionHours.noTrading.*,market_hours,future.ZN.sessionHours.noTrading.5,unknown,unknown,medium,,
market_hours.future.ZN.sessionHours.noTrading.*.end,market_hours,future.ZN.sessionHours.noTrading.5.end,unknown,unknown,medium,,
market_hours.future.ZN.sessionHours.noTrading.*.start,market_hours,future.ZN.sessionHours.noTrading.5.start,unknown,unknown,medium,,
market_hours.future.ZN.sessionHours.regularMarket,market_hours,future.ZN.sessionHours.regularMarket,unknown,unknown,medium,,
market_hours.future.ZN.sessionHours.regularMarket.*,market_hours,future.ZN.sessionHours.regularMarket.1,unknown,unknown,medium,,
market_hours.future.ZN.sessionHours.regularMarket.*.end,market_hours,future.ZN.sessionHours.regularMarket.1.end,unknown,unknown,medium,,
market_hours.future.ZN.sessionHours.regularMarket.*.start,market_hours,future.ZN.sessionHours.regularMarket.1.start,unknown,unknown,medium,,
market_hours.future.ZO,market_hours,future.ZO,unknown,unknown,medium,,
market_hours.future.ZO.category,market_hours,future.ZO.category,unknown,unknown,medium,,
market_hours.future.ZO.date,market_hours,future.ZO.date,unknown,unknown,medium,,
market_hours.future.ZO.exchange,market_hours,future.ZO.exchange,unknown,unknown,low,,
market_hours.future.ZO.isOpen,market_hours,future.ZO.isOpen,market_hours,unknown,medium,,
market_hours.future.ZO.marketType,market_hours,future.ZO.marketType,unknown,unknown,medium,,
market_hours.future.ZO.product,market_hours,future.ZO.product,unknown,unknown,medium,,
market_hours.future.ZO.productName,market_hours,future.ZO.productName,unknown,unknown,medium,,
market_hours.future.ZO.sessionHours,market_hours,future.ZO.sessionHours,unknown,unknown,medium,,
market_hours.future.ZO.sessionHours.noTrading,market_hours,future.ZO.sessionHours.noTrading,unknown,unknown,medium,,
market_hours.future.ZO.sessionHours.noTrading.*,market_hours,future.ZO.sessionHours.noTrading.7,unknown,unknown,medium,,
market_hours.future.ZO.sessionHours.noTrading.*.end,market_hours,future.ZO.sessionHours.noTrading.7.end,unknown,unknown,medium,,
market_hours.future.ZO.sessionHours.noTrading.*.start,market_hours,future.ZO.sessionHours.noTrading.7.start,unknown,unknown,medium,,
market_hours.future.ZO.sessionHours.regularMarket,market_hours,future.ZO.sessionHours.regularMarket,unknown,unknown,medium,,
market_hours.future.ZO.sessionHours.regularMarket.*,market_hours,future.ZO.sessionHours.regularMarket.3,unknown,unknown,medium,,
market_hours.future.ZO.sessionHours.regularMarket.*.end,market_hours,future.ZO.sessionHours.regularMarket.3.end,unknown,unknown,medium,,
market_hours.future.ZO.sessionHours.regularMarket.*.start,market_hours,future.ZO.sessionHours.regularMarket.3.start,unknown,unknown,medium,,
market_hours.future.ZQ,market_hours,future.ZQ,unknown,unknown,medium,,
market_hours.future.ZQ.category,market_hours,future.ZQ.category,unknown,unknown,medium,,
market_hours.future.ZQ.date,market_hours,future.ZQ.date,unknown,unknown,medium,,
market_hours.future.ZQ.exchange,market_hours,future.ZQ.exchange,unknown,unknown,low,,
market_hours.future.ZQ.isOpen,market_hours,future.ZQ.isOpen,market_hours,unknown,medium,,
market_hours.future.ZQ.marketType,market_hours,future.ZQ.marketType,unknown,unknown,medium,,
market_hours.future.ZQ.product,market_hours,future.ZQ.product,unknown,unknown,medium,,
market_hours.future.ZQ.productName,market_hours,future.ZQ.productName,unknown,unknown,medium,,
market_hours.future.ZQ.sessionHours,market_hours,future.ZQ.sessionHours,unknown,unknown,medium,,
market_hours.future.ZQ.sessionHours.noTrading,market_hours,future.ZQ.sessionHours.noTrading,unknown,unknown,medium,,
market_hours.future.ZQ.sessionHours.noTrading.*,market_hours,future.ZQ.sessionHours.noTrading.5,unknown,unknown,medium,,
market_hours.future.ZQ.sessionHours.noTrading.*.end,market_hours,future.ZQ.sessionHours.noTrading.5.end,unknown,unknown,medium,,
market_hours.future.ZQ.sessionHours.noTrading.*.start,market_hours,future.ZQ.sessionHours.noTrading.5.start,unknown,unknown,medium,,
market_hours.future.ZQ.sessionHours.regularMarket,market_hours,future.ZQ.sessionHours.regularMarket,unknown,unknown,medium,,
market_hours.future.ZQ.sessionHours.regularMarket.*,market_hours,future.ZQ.sessionHours.regularMarket.1,unknown,unknown,medium,,
market_hours.future.ZQ.sessionHours.regularMarket.*.end,market_hours,future.ZQ.sessionHours.regularMarket.1.end,unknown,unknown,medium,,
market_hours.future.ZQ.sessionHours.regularMarket.*.start,market_hours,future.ZQ.sessionHours.regularMarket.1.start,unknown,unknown,medium,,
market_hours.future.ZR,market_hours,future.ZR,unknown,unknown,medium,,
market_hours.future.ZR.category,market_hours,future.ZR.category,unknown,unknown,medium,,
market_hours.future.ZR.date,market_hours,future.ZR.date,unknown,unknown,medium,,
market_hours.future.ZR.exchange,market_hours,future.ZR.exchange,unknown,unknown,low,,
market_hours.future.ZR.isOpen,market_hours,future.ZR.isOpen,market_hours,unknown,medium,,
market_hours.future.ZR.marketType,market_hours,future.ZR.marketType,unknown,unknown,medium,,
market_hours.future.ZR.product,market_hours,future.ZR.product,unknown,unknown,medium,,
market_hours.future.ZR.productName,market_hours,future.ZR.productName,unknown,unknown,medium,,
market_hours.future.ZR.sessionHours,market_hours,future.ZR.sessionHours,unknown,unknown,medium,,
market_hours.future.ZR.sessionHours.noTrading,market_hours,future.ZR.sessionHours.noTrading,unknown,unknown,medium,,
market_hours.future.ZR.sessionHours.noTrading.*,market_hours,future.ZR.sessionHours.noTrading.7,unknown,unknown,medium,,
market_hours.future.ZR.sessionHours.noTrading.*.end,market_hours,future.ZR.sessionHours.noTrading.7.end,unknown,unknown,medium,,
market_hours.future.ZR.sessionHours.noTrading.*.start,market_hours,future.ZR.sessionHours.noTrading.7.start,unknown,unknown,medium,,
market_hours.future.ZR.sessionHours.regularMarket,market_hours,future.ZR.sessionHours.regularMarket,unknown,unknown,medium,,
market_hours.future.ZR.sessionHours.regularMarket.*,market_hours,future.ZR.sessionHours.regularMarket.3,unknown,unknown,medium,,
market_hours.future.ZR.sessionHours.regularMarket.*.end,market_hours,future.ZR.sessionHours.regularMarket.3.end,unknown,unknown,medium,,
market_hours.future.ZR.sessionHours.regularMarket.*.start,market_hours,future.ZR.sessionHours.regularMarket.3.start,unknown,unknown,medium,,
market_hours.future.ZS,market_hours,future.ZS,unknown,unknown,medium,,
market_hours.future.ZS.category,market_hours,future.ZS.category,unknown,unknown,medium,,
market_hours.future.ZS.date,market_hours,future.ZS.date,unknown,unknown,medium,,
market_hours.future.ZS.exchange,market_hours,future.ZS.exchange,unknown,unknown,low,,
market_hours.future.ZS.isOpen,market_hours,future.ZS.isOpen,market_hours,unknown,medium,,
market_hours.future.ZS.marketType,market_hours,future.ZS.marketType,unknown,unknown,medium,,
market_hours.future.ZS.product,market_hours,future.ZS.product,unknown,unknown,medium,,
market_hours.future.ZS.productName,market_hours,future.ZS.productName,unknown,unknown,medium,,
market_hours.future.ZS.sessionHours,market_hours,future.ZS.sessionHours,unknown,unknown,medium,,
market_hours.future.ZS.sessionHours.noTrading,market_hours,future.ZS.sessionHours.noTrading,unknown,unknown,medium,,
market_hours.future.ZS.sessionHours.noTrading.*,market_hours,future.ZS.sessionHours.noTrading.7,unknown,unknown,medium,,
market_hours.future.ZS.sessionHours.noTrading.*.end,market_hours,future.ZS.sessionHours.noTrading.7.end,unknown,unknown,medium,,
market_hours.future.ZS.sessionHours.noTrading.*.start,market_hours,future.ZS.sessionHours.noTrading.7.start,unknown,unknown,medium,,
market_hours.future.ZS.sessionHours.regularMarket,market_hours,future.ZS.sessionHours.regularMarket,unknown,unknown,medium,,
market_hours.future.ZS.sessionHours.regularMarket.*,market_hours,future.ZS.sessionHours.regularMarket.3,unknown,unknown,medium,,
market_hours.future.ZS.sessionHours.regularMarket.*.end,market_hours,future.ZS.sessionHours.regularMarket.3.end,unknown,unknown,medium,,
market_hours.future.ZS.sessionHours.regularMarket.*.start,market_hours,future.ZS.sessionHours.regularMarket.3.start,unknown,unknown,medium,,
market_hours.future.ZT,market_hours,future.ZT,unknown,unknown,medium,,
market_hours.future.ZT.category,market_hours,future.ZT.category,unknown,unknown,medium,,
market_hours.future.ZT.date,market_hours,future.ZT.date,unknown,unknown,medium,,
market_hours.future.ZT.exchange,market_hours,future.ZT.exchange,unknown,unknown,low,,
market_hours.future.ZT.isOpen,market_hours,future.ZT.isOpen,market_hours,unknown,medium,,
market_hours.future.ZT.marketType,market_hours,future.ZT.marketType,unknown,unknown,medium,,
market_hours.future.ZT.product,market_hours,future.ZT.product,unknown,unknown,medium,,
market_hours.future.ZT.productName,market_hours,future.ZT.productName,unknown,unknown,medium,,
market_hours.future.ZT.sessionHours,market_hours,future.ZT.sessionHours,unknown,unknown,medium,,
market_hours.future.ZT.sessionHours.noTrading,market_hours,future.ZT.sessionHours.noTrading,unknown,unknown,medium,,
market_hours.future.ZT.sessionHours.noTrading.*,market_hours,future.ZT.sessionHours.noTrading.5,unknown,unknown,medium,,
market_hours.future.ZT.sessionHours.noTrading.*.end,market_hours,future.ZT.sessionHours.noTrading.5.end,unknown,unknown,medium,,
market_hours.future.ZT.sessionHours.noTrading.*.start,market_hours,future.ZT.sessionHours.noTrading.5.start,unknown,unknown,medium,,
market_hours.future.ZT.sessionHours.regularMarket,market_hours,future.ZT.sessionHours.regularMarket,unknown,unknown,medium,,
market_hours.future.ZT.sessionHours.regularMarket.*,market_hours,future.ZT.sessionHours.regularMarket.1,unknown,unknown,medium,,
market_hours.future.ZT.sessionHours.regularMarket.*.end,market_hours,future.ZT.sessionHours.regularMarket.1.end,unknown,unknown,medium,,
market_hours.future.ZT.sessionHours.regularMarket.*.start,market_hours,future.ZT.sessionHours.regularMarket.1.start,unknown,unknown,medium,,
market_hours.future.ZW,market_hours,future.ZW,unknown,unknown,medium,,
market_hours.future.ZW.category,market_hours,future.ZW.category,unknown,unknown,medium,,
market_hours.future.ZW.date,market_hours,future.ZW.date,unknown,unknown,medium,,
market_hours.future.ZW.exchange,market_hours,future.ZW.exchange,unknown,unknown,low,,
market_hours.future.ZW.isOpen,market_hours,future.ZW.isOpen,market_hours,unknown,medium,,
market_hours.future.ZW.marketType,market_hours,future.ZW.marketType,unknown,unknown,medium,,
market_hours.future.ZW.product,market_hours,future.ZW.product,unknown,unknown,medium,,
market_hours.future.ZW.productName,market_hours,future.ZW.productName,unknown,unknown,medium,,
market_hours.future.ZW.sessionHours,market_hours,future.ZW.sessionHours,unknown,unknown,medium,,
market_hours.future.ZW.sessionHours.noTrading,market_hours,future.ZW.sessionHours.noTrading,unknown,unknown,medium,,
market_hours.future.ZW.sessionHours.noTrading.*,market_hours,future.ZW.sessionHours.noTrading.7,unknown,unknown,medium,,
market_hours.future.ZW.sessionHours.noTrading.*.end,market_hours,future.ZW.sessionHours.noTrading.7.end,unknown,unknown,medium,,
market_hours.future.ZW.sessionHours.noTrading.*.start,market_hours,future.ZW.sessionHours.noTrading.7.start,unknown,unknown,medium,,
market_hours.future.ZW.sessionHours.regularMarket,market_hours,future.ZW.sessionHours.regularMarket,unknown,unknown,medium,,
market_hours.future.ZW.sessionHours.regularMarket.*,market_hours,future.ZW.sessionHours.regularMarket.3,unknown,unknown,medium,,
market_hours.future.ZW.sessionHours.regularMarket.*.end,market_hours,future.ZW.sessionHours.regularMarket.3.end,unknown,unknown,medium,,
market_hours.future.ZW.sessionHours.regularMarket.*.start,market_hours,future.ZW.sessionHours.regularMarket.3.start,unknown,unknown,medium,,
market_hours.future._10Y,market_hours,future._10Y,unknown,unknown,medium,,
market_hours.future._10Y.category,market_hours,future._10Y.category,unknown,unknown,medium,,
market_hours.future._10Y.date,market_hours,future._10Y.date,unknown,unknown,medium,,
market_hours.future._10Y.exchange,market_hours,future._10Y.exchange,unknown,unknown,low,,
market_hours.future._10Y.isOpen,market_hours,future._10Y.isOpen,market_hours,unknown,medium,,
market_hours.future._10Y.marketType,market_hours,future._10Y.marketType,unknown,unknown,medium,,
market_hours.future._10Y.product,market_hours,future._10Y.product,unknown,unknown,medium,,
market_hours.future._10Y.productName,market_hours,future._10Y.productName,unknown,unknown,medium,,
market_hours.future._10Y.sessionHours,market_hours,future._10Y.sessionHours,unknown,unknown,medium,,
market_hours.future._10Y.sessionHours.noTrading,market_hours,future._10Y.sessionHours.noTrading,unknown,unknown,medium,,
market_hours.future._10Y.sessionHours.noTrading.*,market_hours,future._10Y.sessionHours.noTrading.5,unknown,unknown,medium,,
market_hours.future._10Y.sessionHours.noTrading.*.end,market_hours,future._10Y.sessionHours.noTrading.5.end,unknown,unknown,medium,,
market_hours.future._10Y.sessionHours.noTrading.*.start,market_hours,future._10Y.sessionHours.noTrading.5.start,unknown,unknown,medium,,
market_hours.future._10Y.sessionHours.regularMarket,market_hours,future._10Y.sessionHours.regularMarket,unknown,unknown,medium,,
market_hours.future._10Y.sessionHours.regularMarket.*,market_hours,future._10Y.sessionHours.regularMarket.1,unknown,unknown,medium,,
market_hours.future._10Y.sessionHours.regularMarket.*.end,market_hours,future._10Y.sessionHours.regularMarket.1.end,unknown,unknown,medium,,
market_hours.future._10Y.sessionHours.regularMarket.*.start,market_hours,future._10Y.sessionHours.regularMarket.1.start,unknown,unknown,medium,,
market_hours.future._1OZ,market_hours,future._1OZ,unknown,unknown,medium,,
market_hours.future._1OZ.category,market_hours,future._1OZ.category,unknown,unknown,medium,,
market_hours.future._1OZ.date,market_hours,future._1OZ.date,unknown,unknown,medium,,
market_hours.future._1OZ.exchange,market_hours,future._1OZ.exchange,unknown,unknown,low,,
market_hours.future._1OZ.isOpen,market_hours,future._1OZ.isOpen,market_hours,unknown,medium,,
market_hours.future._1OZ.marketType,market_hours,future._1OZ.marketType,unknown,unknown,medium,,
market_hours.future._1OZ.product,market_hours,future._1OZ.product,unknown,unknown,medium,,
market_hours.future._1OZ.productName,market_hours,future._1OZ.productName,unknown,unknown,medium,,
market_hours.future._1OZ.sessionHours,market_hours,future._1OZ.sessionHours,unknown,unknown,medium,,
market_hours.future._1OZ.sessionHours.noTrading,market_hours,future._1OZ.sessionHours.noTrading,unknown,unknown,medium,,
market_hours.future._1OZ.sessionHours.noTrading.*,market_hours,future._1OZ.sessionHours.noTrading.5,unknown,unknown,medium,,
market_hours.future._1OZ.sessionHours.noTrading.*.end,market_hours,future._1OZ.sessionHours.noTrading.5.end,unknown,unknown,medium,,
market_hours.future._1OZ.sessionHours.noTrading.*.start,market_hours,future._1OZ.sessionHours.noTrading.5.start,unknown,unknown,medium,,
market_hours.future._1OZ.sessionHours.regularMarket,market_hours,future._1OZ.sessionHours.regularMarket,unknown,unknown,medium,,
market_hours.future._1OZ.sessionHours.regularMarket.*,market_hours,future._1OZ.sessionHours.regularMarket.1,unknown,unknown,medium,,
market_hours.future._1OZ.sessionHours.regularMarket.*.end,market_hours,future._1OZ.sessionHours.regularMarket.1.end,unknown,unknown,medium,,
market_hours.future._1OZ.sessionHours.regularMarket.*.start,market_hours,future._1OZ.sessionHours.regularMarket.1.start,unknown,unknown,medium,,
market_hours.future._2YY,market_hours,future._2YY,unknown,unknown,medium,,
market_hours.future._2YY.category,market_hours,future._2YY.category,unknown,unknown,medium,,
market_hours.future._2YY.date,market_hours,future._2YY.date,unknown,unknown,medium,,
market_hours.future._2YY.exchange,market_hours,future._2YY.exchange,unknown,unknown,low,,
market_hours.future._2YY.isOpen,market_hours,future._2YY.isOpen,market_hours,unknown,medium,,
market_hours.future._2YY.marketType,market_hours,future._2YY.marketType,unknown,unknown,medium,,
market_hours.future._2YY.product,market_hours,future._2YY.product,unknown,unknown,medium,,
market_hours.future._2YY.productName,market_hours,future._2YY.productName,unknown,unknown,medium,,
market_hours.future._2YY.sessionHours,market_hours,future._2YY.sessionHours,unknown,unknown,medium,,
market_hours.future._2YY.sessionHours.noTrading,market_hours,future._2YY.sessionHours.noTrading,unknown,unknown,medium,,
market_hours.future._2YY.sessionHours.noTrading.*,market_hours,future._2YY.sessionHours.noTrading.5,unknown,unknown,medium,,
market_hours.future._2YY.sessionHours.noTrading.*.end,market_hours,future._2YY.sessionHours.noTrading.5.end,unknown,unknown,medium,,
market_hours.future._2YY.sessionHours.noTrading.*.start,market_hours,future._2YY.sessionHours.noTrading.5.start,unknown,unknown,medium,,
market_hours.future._2YY.sessionHours.regularMarket,market_hours,future._2YY.sessionHours.regularMarket,unknown,unknown,medium,,
market_hours.future._2YY.sessionHours.regularMarket.*,market_hours,future._2YY.sessionHours.regularMarket.1,unknown,unknown,medium,,
market_hours.future._2YY.sessionHours.regularMarket.*.end,market_hours,future._2YY.sessionHours.regularMarket.1.end,unknown,unknown,medium,,
market_hours.future._2YY.sessionHours.regularMarket.*.start,market_hours,future._2YY.sessionHours.regularMarket.1.start,unknown,unknown,medium,,
market_hours.future._30Y,market_hours,future._30Y,unknown,unknown,medium,,
market_hours.future._30Y.category,market_hours,future._30Y.category,unknown,unknown,medium,,
market_hours.future._30Y.date,market_hours,future._30Y.date,unknown,unknown,medium,,
market_hours.future._30Y.exchange,market_hours,future._30Y.exchange,unknown,unknown,low,,
market_hours.future._30Y.isOpen,market_hours,future._30Y.isOpen,market_hours,unknown,medium,,
market_hours.future._30Y.marketType,market_hours,future._30Y.marketType,unknown,unknown,medium,,
market_hours.future._30Y.product,market_hours,future._30Y.product,unknown,unknown,medium,,
market_hours.future._30Y.productName,market_hours,future._30Y.productName,unknown,unknown,medium,,
market_hours.future._30Y.sessionHours,market_hours,future._30Y.sessionHours,unknown,unknown,medium,,
market_hours.future._30Y.sessionHours.noTrading,market_hours,future._30Y.sessionHours.noTrading,unknown,unknown,medium,,
market_hours.future._30Y.sessionHours.noTrading.*,market_hours,future._30Y.sessionHours.noTrading.5,unknown,unknown,medium,,
market_hours.future._30Y.sessionHours.noTrading.*.end,market_hours,future._30Y.sessionHours.noTrading.5.end,unknown,unknown,medium,,
market_hours.future._30Y.sessionHours.noTrading.*.start,market_hours,future._30Y.sessionHours.noTrading.5.start,unknown,unknown,medium,,
market_hours.future._30Y.sessionHours.regularMarket,market_hours,future._30Y.sessionHours.regularMarket,unknown,unknown,medium,,
market_hours.future._30Y.sessionHours.regularMarket.*,market_hours,future._30Y.sessionHours.regularMarket.1,unknown,unknown,medium,,
market_hours.future._30Y.sessionHours.regularMarket.*.end,market_hours,future._30Y.sessionHours.regularMarket.1.end,unknown,unknown,medium,,
market_hours.future._30Y.sessionHours.regularMarket.*.start,market_hours,future._30Y.sessionHours.regularMarket.1.start,unknown,unknown,medium,,
market_hours.future._5YY,market_hours,future._5YY,unknown,unknown,medium,,
market_hours.future._5YY.category,market_hours,future._5YY.category,unknown,unknown,medium,,
market_hours.future._5YY.date,market_hours,future._5YY.date,unknown,unknown,medium,,
market_hours.future._5YY.exchange,market_hours,future._5YY.exchange,unknown,unknown,low,,
market_hours.future._5YY.isOpen,market_hours,future._5YY.isOpen,market_hours,unknown,medium,,
market_hours.future._5YY.marketType,market_hours,future._5YY.marketType,unknown,unknown,medium,,
market_hours.future._5YY.product,market_hours,future._5YY.product,unknown,unknown,medium,,
market_hours.future._5YY.productName,market_hours,future._5YY.productName,unknown,unknown,medium,,
market_hours.future._5YY.sessionHours,market_hours,future._5YY.sessionHours,unknown,unknown,medium,,
market_hours.future._5YY.sessionHours.noTrading,market_hours,future._5YY.sessionHours.noTrading,unknown,unknown,medium,,
market_hours.future._5YY.sessionHours.noTrading.*,market_hours,future._5YY.sessionHours.noTrading.5,unknown,unknown,medium,,
market_hours.future._5YY.sessionHours.noTrading.*.end,market_hours,future._5YY.sessionHours.noTrading.5.end,unknown,unknown,medium,,
market_hours.future._5YY.sessionHours.noTrading.*.start,market_hours,future._5YY.sessionHours.noTrading.5.start,unknown,unknown,medium,,
market_hours.future._5YY.sessionHours.regularMarket,market_hours,future._5YY.sessionHours.regularMarket,unknown,unknown,medium,,
market_hours.future._5YY.sessionHours.regularMarket.*,market_hours,future._5YY.sessionHours.regularMarket.1,unknown,unknown,medium,,
market_hours.future._5YY.sessionHours.regularMarket.*.end,market_hours,future._5YY.sessionHours.regularMarket.1.end,unknown,unknown,medium,,
market_hours.future._5YY.sessionHours.regularMarket.*.start,market_hours,future._5YY.sessionHours.regularMarket.1.start,unknown,unknown,medium,,
market_hours.future._6A,market_hours,future._6A,unknown,unknown,medium,,
market_hours.future._6A.category,market_hours,future._6A.category,unknown,unknown,medium,,
market_hours.future._6A.date,market_hours,future._6A.date,unknown,unknown,medium,,
market_hours.future._6A.exchange,market_hours,future._6A.exchange,unknown,unknown,low,,
market_hours.future._6A.isOpen,market_hours,future._6A.isOpen,market_hours,unknown,medium,,
market_hours.future._6A.marketType,market_hours,future._6A.marketType,unknown,unknown,medium,,
market_hours.future._6A.product,market_hours,future._6A.product,unknown,unknown,medium,,
market_hours.future._6A.productName,market_hours,future._6A.productName,unknown,unknown,medium,,
market_hours.future._6A.sessionHours,market_hours,future._6A.sessionHours,unknown,unknown,medium,,
market_hours.future._6A.sessionHours.noTrading,market_hours,future._6A.sessionHours.noTrading,unknown,unknown,medium,,
market_hours.future._6A.sessionHours.noTrading.*,market_hours,future._6A.sessionHours.noTrading.5,unknown,unknown,medium,,
market_hours.future._6A.sessionHours.noTrading.*.end,market_hours,future._6A.sessionHours.noTrading.5.end,unknown,unknown,medium,,
market_hours.future._6A.sessionHours.noTrading.*.start,market_hours,future._6A.sessionHours.noTrading.5.start,unknown,unknown,medium,,
market_hours.future._6A.sessionHours.regularMarket,market_hours,future._6A.sessionHours.regularMarket,unknown,unknown,medium,,
market_hours.future._6A.sessionHours.regularMarket.*,market_hours,future._6A.sessionHours.regularMarket.1,unknown,unknown,medium,,
market_hours.future._6A.sessionHours.regularMarket.*.end,market_hours,future._6A.sessionHours.regularMarket.1.end,unknown,unknown,medium,,
market_hours.future._6A.sessionHours.regularMarket.*.start,market_hours,future._6A.sessionHours.regularMarket.1.start,unknown,unknown,medium,,
market_hours.future._6B,market_hours,future._6B,unknown,unknown,medium,,
market_hours.future._6B.category,market_hours,future._6B.category,unknown,unknown,medium,,
market_hours.future._6B.date,market_hours,future._6B.date,unknown,unknown,medium,,
market_hours.future._6B.exchange,market_hours,future._6B.exchange,unknown,unknown,low,,
market_hours.future._6B.isOpen,market_hours,future._6B.isOpen,market_hours,unknown,medium,,
market_hours.future._6B.marketType,market_hours,future._6B.marketType,unknown,unknown,medium,,
market_hours.future._6B.product,market_hours,future._6B.product,unknown,unknown,medium,,
market_hours.future._6B.productName,market_hours,future._6B.productName,unknown,unknown,medium,,
market_hours.future._6B.sessionHours,market_hours,future._6B.sessionHours,unknown,unknown,medium,,
market_hours.future._6B.sessionHours.noTrading,market_hours,future._6B.sessionHours.noTrading,unknown,unknown,medium,,
market_hours.future._6B.sessionHours.noTrading.*,market_hours,future._6B.sessionHours.noTrading.5,unknown,unknown,medium,,
market_hours.future._6B.sessionHours.noTrading.*.end,market_hours,future._6B.sessionHours.noTrading.5.end,unknown,unknown,medium,,
market_hours.future._6B.sessionHours.noTrading.*.start,market_hours,future._6B.sessionHours.noTrading.5.start,unknown,unknown,medium,,
market_hours.future._6B.sessionHours.regularMarket,market_hours,future._6B.sessionHours.regularMarket,unknown,unknown,medium,,
market_hours.future._6B.sessionHours.regularMarket.*,market_hours,future._6B.sessionHours.regularMarket.1,unknown,unknown,medium,,
market_hours.future._6B.sessionHours.regularMarket.*.end,market_hours,future._6B.sessionHours.regularMarket.1.end,unknown,unknown,medium,,
market_hours.future._6B.sessionHours.regularMarket.*.start,market_hours,future._6B.sessionHours.regularMarket.1.start,unknown,unknown,medium,,
market_hours.future._6C,market_hours,future._6C,unknown,unknown,medium,,
market_hours.future._6C.category,market_hours,future._6C.category,unknown,unknown,medium,,
market_hours.future._6C.date,market_hours,future._6C.date,unknown,unknown,medium,,
market_hours.future._6C.exchange,market_hours,future._6C.exchange,unknown,unknown,low,,
market_hours.future._6C.isOpen,market_hours,future._6C.isOpen,market_hours,unknown,medium,,
market_hours.future._6C.marketType,market_hours,future._6C.marketType,unknown,unknown,medium,,
market_hours.future._6C.product,market_hours,future._6C.product,unknown,unknown,medium,,
market_hours.future._6C.productName,market_hours,future._6C.productName,unknown,unknown,medium,,
market_hours.future._6C.sessionHours,market_hours,future._6C.sessionHours,unknown,unknown,medium,,
market_hours.future._6C.sessionHours.noTrading,market_hours,future._6C.sessionHours.noTrading,unknown,unknown,medium,,
market_hours.future._6C.sessionHours.noTrading.*,market_hours,future._6C.sessionHours.noTrading.5,unknown,unknown,medium,,
market_hours.future._6C.sessionHours.noTrading.*.end,market_hours,future._6C.sessionHours.noTrading.5.end,unknown,unknown,medium,,
market_hours.future._6C.sessionHours.noTrading.*.start,market_hours,future._6C.sessionHours.noTrading.5.start,unknown,unknown,medium,,
market_hours.future._6C.sessionHours.regularMarket,market_hours,future._6C.sessionHours.regularMarket,unknown,unknown,medium,,
market_hours.future._6C.sessionHours.regularMarket.*,market_hours,future._6C.sessionHours.regularMarket.1,unknown,unknown,medium,,
market_hours.future._6C.sessionHours.regularMarket.*.end,market_hours,future._6C.sessionHours.regularMarket.1.end,unknown,unknown,medium,,
market_hours.future._6C.sessionHours.regularMarket.*.start,market_hours,future._6C.sessionHours.regularMarket.1.start,unknown,unknown,medium,,
market_hours.future._6E,market_hours,future._6E,unknown,unknown,medium,,
market_hours.future._6E.category,market_hours,future._6E.category,unknown,unknown,medium,,
market_hours.future._6E.date,market_hours,future._6E.date,unknown,unknown,medium,,
market_hours.future._6E.exchange,market_hours,future._6E.exchange,unknown,unknown,low,,
market_hours.future._6E.isOpen,market_hours,future._6E.isOpen,market_hours,unknown,medium,,
market_hours.future._6E.marketType,market_hours,future._6E.marketType,unknown,unknown,medium,,
market_hours.future._6E.product,market_hours,future._6E.product,unknown,unknown,medium,,
market_hours.future._6E.productName,market_hours,future._6E.productName,unknown,unknown,medium,,
market_hours.future._6E.sessionHours,market_hours,future._6E.sessionHours,unknown,unknown,medium,,
market_hours.future._6E.sessionHours.noTrading,market_hours,future._6E.sessionHours.noTrading,unknown,unknown,medium,,
market_hours.future._6E.sessionHours.noTrading.*,market_hours,future._6E.sessionHours.noTrading.5,unknown,unknown,medium,,
market_hours.future._6E.sessionHours.noTrading.*.end,market_hours,future._6E.sessionHours.noTrading.5.end,unknown,unknown,medium,,
market_hours.future._6E.sessionHours.noTrading.*.start,market_hours,future._6E.sessionHours.noTrading.5.start,unknown,unknown,medium,,
market_hours.future._6E.sessionHours.regularMarket,market_hours,future._6E.sessionHours.regularMarket,unknown,unknown,medium,,
market_hours.future._6E.sessionHours.regularMarket.*,market_hours,future._6E.sessionHours.regularMarket.1,unknown,unknown,medium,,
market_hours.future._6E.sessionHours.regularMarket.*.end,market_hours,future._6E.sessionHours.regularMarket.1.end,unknown,unknown,medium,,
market_hours.future._6E.sessionHours.regularMarket.*.start,market_hours,future._6E.sessionHours.regularMarket.1.start,unknown,unknown,medium,,
market_hours.future._6J,market_hours,future._6J,unknown,unknown,medium,,
market_hours.future._6J.category,market_hours,future._6J.category,unknown,unknown,medium,,
market_hours.future._6J.date,market_hours,future._6J.date,unknown,unknown,medium,,
market_hours.future._6J.exchange,market_hours,future._6J.exchange,unknown,unknown,low,,
market_hours.future._6J.isOpen,market_hours,future._6J.isOpen,market_hours,unknown,medium,,
market_hours.future._6J.marketType,market_hours,future._6J.marketType,unknown,unknown,medium,,
market_hours.future._6J.product,market_hours,future._6J.product,unknown,unknown,medium,,
market_hours.future._6J.productName,market_hours,future._6J.productName,unknown,unknown,medium,,
market_hours.future._6J.sessionHours,market_hours,future._6J.sessionHours,unknown,unknown,medium,,
market_hours.future._6J.sessionHours.noTrading,market_hours,future._6J.sessionHours.noTrading,unknown,unknown,medium,,
market_hours.future._6J.sessionHours.noTrading.*,market_hours,future._6J.sessionHours.noTrading.5,unknown,unknown,medium,,
market_hours.future._6J.sessionHours.noTrading.*.end,market_hours,future._6J.sessionHours.noTrading.5.end,unknown,unknown,medium,,
market_hours.future._6J.sessionHours.noTrading.*.start,market_hours,future._6J.sessionHours.noTrading.5.start,unknown,unknown,medium,,
market_hours.future._6J.sessionHours.regularMarket,market_hours,future._6J.sessionHours.regularMarket,unknown,unknown,medium,,
market_hours.future._6J.sessionHours.regularMarket.*,market_hours,future._6J.sessionHours.regularMarket.1,unknown,unknown,medium,,
market_hours.future._6J.sessionHours.regularMarket.*.end,market_hours,future._6J.sessionHours.regularMarket.1.end,unknown,unknown,medium,,
market_hours.future._6J.sessionHours.regularMarket.*.start,market_hours,future._6J.sessionHours.regularMarket.1.start,unknown,unknown,medium,,
market_hours.future._6L,market_hours,future._6L,unknown,unknown,medium,,
market_hours.future._6L.category,market_hours,future._6L.category,unknown,unknown,medium,,
market_hours.future._6L.date,market_hours,future._6L.date,unknown,unknown,medium,,
market_hours.future._6L.exchange,market_hours,future._6L.exchange,unknown,unknown,low,,
market_hours.future._6L.isOpen,market_hours,future._6L.isOpen,market_hours,unknown,medium,,
market_hours.future._6L.marketType,market_hours,future._6L.marketType,unknown,unknown,medium,,
market_hours.future._6L.product,market_hours,future._6L.product,unknown,unknown,medium,,
market_hours.future._6L.productName,market_hours,future._6L.productName,unknown,unknown,medium,,
market_hours.future._6L.sessionHours,market_hours,future._6L.sessionHours,unknown,unknown,medium,,
market_hours.future._6L.sessionHours.noTrading,market_hours,future._6L.sessionHours.noTrading,unknown,unknown,medium,,
market_hours.future._6L.sessionHours.noTrading.*,market_hours,future._6L.sessionHours.noTrading.5,unknown,unknown,medium,,
market_hours.future._6L.sessionHours.noTrading.*.end,market_hours,future._6L.sessionHours.noTrading.5.end,unknown,unknown,medium,,
market_hours.future._6L.sessionHours.noTrading.*.start,market_hours,future._6L.sessionHours.noTrading.5.start,unknown,unknown,medium,,
market_hours.future._6L.sessionHours.regularMarket,market_hours,future._6L.sessionHours.regularMarket,unknown,unknown,medium,,
market_hours.future._6L.sessionHours.regularMarket.*,market_hours,future._6L.sessionHours.regularMarket.1,unknown,unknown,medium,,
market_hours.future._6L.sessionHours.regularMarket.*.end,market_hours,future._6L.sessionHours.regularMarket.1.end,unknown,unknown,medium,,
market_hours.future._6L.sessionHours.regularMarket.*.start,market_hours,future._6L.sessionHours.regularMarket.1.start,unknown,unknown,medium,,
market_hours.future._6M,market_hours,future._6M,unknown,unknown,medium,,
market_hours.future._6M.category,market_hours,future._6M.category,unknown,unknown,medium,,
market_hours.future._6M.date,market_hours,future._6M.date,unknown,unknown,medium,,
market_hours.future._6M.exchange,market_hours,future._6M.exchange,unknown,unknown,low,,
market_hours.future._6M.isOpen,market_hours,future._6M.isOpen,market_hours,unknown,medium,,
market_hours.future._6M.marketType,market_hours,future._6M.marketType,unknown,unknown,medium,,
market_hours.future._6M.product,market_hours,future._6M.product,unknown,unknown,medium,,
market_hours.future._6M.productName,market_hours,future._6M.productName,unknown,unknown,medium,,
market_hours.future._6M.sessionHours,market_hours,future._6M.sessionHours,unknown,unknown,medium,,
market_hours.future._6M.sessionHours.noTrading,market_hours,future._6M.sessionHours.noTrading,unknown,unknown,medium,,
market_hours.future._6M.sessionHours.noTrading.*,market_hours,future._6M.sessionHours.noTrading.5,unknown,unknown,medium,,
market_hours.future._6M.sessionHours.noTrading.*.end,market_hours,future._6M.sessionHours.noTrading.5.end,unknown,unknown,medium,,
market_hours.future._6M.sessionHours.noTrading.*.start,market_hours,future._6M.sessionHours.noTrading.5.start,unknown,unknown,medium,,
market_hours.future._6M.sessionHours.regularMarket,market_hours,future._6M.sessionHours.regularMarket,unknown,unknown,medium,,
market_hours.future._6M.sessionHours.regularMarket.*,market_hours,future._6M.sessionHours.regularMarket.1,unknown,unknown,medium,,
market_hours.future._6M.sessionHours.regularMarket.*.end,market_hours,future._6M.sessionHours.regularMarket.1.end,unknown,unknown,medium,,
market_hours.future._6M.sessionHours.regularMarket.*.start,market_hours,future._6M.sessionHours.regularMarket.1.start,unknown,unknown,medium,,
market_hours.future._6N,market_hours,future._6N,unknown,unknown,medium,,
market_hours.future._6N.category,market_hours,future._6N.category,unknown,unknown,medium,,
market_hours.future._6N.date,market_hours,future._6N.date,unknown,unknown,medium,,
market_hours.future._6N.exchange,market_hours,future._6N.exchange,unknown,unknown,low,,
market_hours.future._6N.isOpen,market_hours,future._6N.isOpen,market_hours,unknown,medium,,
market_hours.future._6N.marketType,market_hours,future._6N.marketType,unknown,unknown,medium,,
market_hours.future._6N.product,market_hours,future._6N.product,unknown,unknown,medium,,
market_hours.future._6N.productName,market_hours,future._6N.productName,unknown,unknown,medium,,
market_hours.future._6N.sessionHours,market_hours,future._6N.sessionHours,unknown,unknown,medium,,
market_hours.future._6N.sessionHours.noTrading,market_hours,future._6N.sessionHours.noTrading,unknown,unknown,medium,,
market_hours.future._6N.sessionHours.noTrading.*,market_hours,future._6N.sessionHours.noTrading.5,unknown,unknown,medium,,
market_hours.future._6N.sessionHours.noTrading.*.end,market_hours,future._6N.sessionHours.noTrading.5.end,unknown,unknown,medium,,
market_hours.future._6N.sessionHours.noTrading.*.start,market_hours,future._6N.sessionHours.noTrading.5.start,unknown,unknown,medium,,
market_hours.future._6N.sessionHours.regularMarket,market_hours,future._6N.sessionHours.regularMarket,unknown,unknown,medium,,
market_hours.future._6N.sessionHours.regularMarket.*,market_hours,future._6N.sessionHours.regularMarket.1,unknown,unknown,medium,,
market_hours.future._6N.sessionHours.regularMarket.*.end,market_hours,future._6N.sessionHours.regularMarket.1.end,unknown,unknown,medium,,
market_hours.future._6N.sessionHours.regularMarket.*.start,market_hours,future._6N.sessionHours.regularMarket.1.start,unknown,unknown,medium,,
market_hours.future._6S,market_hours,future._6S,unknown,unknown,medium,,
market_hours.future._6S.category,market_hours,future._6S.category,unknown,unknown,medium,,
market_hours.future._6S.date,market_hours,future._6S.date,unknown,unknown,medium,,
market_hours.future._6S.exchange,market_hours,future._6S.exchange,unknown,unknown,low,,
market_hours.future._6S.isOpen,market_hours,future._6S.isOpen,market_hours,unknown,medium,,
market_hours.future._6S.marketType,market_hours,future._6S.marketType,unknown,unknown,medium,,
market_hours.future._6S.product,market_hours,future._6S.product,unknown,unknown,medium,,
market_hours.future._6S.productName,market_hours,future._6S.productName,unknown,unknown,medium,,
market_hours.future._6S.sessionHours,market_hours,future._6S.sessionHours,unknown,unknown,medium,,
market_hours.future._6S.sessionHours.noTrading,market_hours,future._6S.sessionHours.noTrading,unknown,unknown,medium,,
market_hours.future._6S.sessionHours.noTrading.*,market_hours,future._6S.sessionHours.noTrading.5,unknown,unknown,medium,,
market_hours.future._6S.sessionHours.noTrading.*.end,market_hours,future._6S.sessionHours.noTrading.5.end,unknown,unknown,medium,,
market_hours.future._6S.sessionHours.noTrading.*.start,market_hours,future._6S.sessionHours.noTrading.5.start,unknown,unknown,medium,,
market_hours.future._6S.sessionHours.regularMarket,market_hours,future._6S.sessionHours.regularMarket,unknown,unknown,medium,,
market_hours.future._6S.sessionHours.regularMarket.*,market_hours,future._6S.sessionHours.regularMarket.1,unknown,unknown,medium,,
market_hours.future._6S.sessionHours.regularMarket.*.end,market_hours,future._6S.sessionHours.regularMarket.1.end,unknown,unknown,medium,,
market_hours.future._6S.sessionHours.regularMarket.*.start,market_hours,future._6S.sessionHours.regularMarket.1.start,unknown,unknown,medium,,
market_hours.future._6Z,market_hours,future._6Z,unknown,unknown,medium,,
market_hours.future._6Z.category,market_hours,future._6Z.category,unknown,unknown,medium,,
market_hours.future._6Z.date,market_hours,future._6Z.date,unknown,unknown,medium,,
market_hours.future._6Z.exchange,market_hours,future._6Z.exchange,unknown,unknown,low,,
market_hours.future._6Z.isOpen,market_hours,future._6Z.isOpen,market_hours,unknown,medium,,
market_hours.future._6Z.marketType,market_hours,future._6Z.marketType,unknown,unknown,medium,,
market_hours.future._6Z.product,market_hours,future._6Z.product,unknown,unknown,medium,,
market_hours.future._6Z.productName,market_hours,future._6Z.productName,unknown,unknown,medium,,
market_hours.future._6Z.sessionHours,market_hours,future._6Z.sessionHours,unknown,unknown,medium,,
market_hours.future._6Z.sessionHours.noTrading,market_hours,future._6Z.sessionHours.noTrading,unknown,unknown,medium,,
market_hours.future._6Z.sessionHours.noTrading.*,market_hours,future._6Z.sessionHours.noTrading.5,unknown,unknown,medium,,
market_hours.future._6Z.sessionHours.noTrading.*.end,market_hours,future._6Z.sessionHours.noTrading.5.end,unknown,unknown,medium,,
market_hours.future._6Z.sessionHours.noTrading.*.start,market_hours,future._6Z.sessionHours.noTrading.5.start,unknown,unknown,medium,,
market_hours.future._6Z.sessionHours.regularMarket,market_hours,future._6Z.sessionHours.regularMarket,unknown,unknown,medium,,
market_hours.future._6Z.sessionHours.regularMarket.*,market_hours,future._6Z.sessionHours.regularMarket.1,unknown,unknown,medium,,
market_hours.future._6Z.sessionHours.regularMarket.*.end,market_hours,future._6Z.sessionHours.regularMarket.1.end,unknown,unknown,medium,,
market_hours.future._6Z.sessionHours.regularMarket.*.start,market_hours,future._6Z.sessionHours.regularMarket.1.start,unknown,unknown,medium,,
market_hours.option,market_hours,option,unknown,unknown,medium,,2026-08-15
market_hours.option.EQO,market_hours,option.EQO,unknown,unknown,medium,,
market_hours.option.EQO.date,market_hours,option.EQO.date,unknown,unknown,medium,,
market_hours.option.EQO.isOpen,market_hours,option.EQO.isOpen,market_hours,unknown,medium,,
market_hours.option.EQO.marketType,market_hours,option.EQO.marketType,unknown,unknown,medium,,
market_hours.option.EQO.product,market_hours,option.EQO.product,unknown,unknown,medium,,
market_hours.option.EQO.productName,market_hours,option.EQO.productName,unknown,unknown,medium,,
market_hours.option.EQO.sessionHours,market_hours,option.EQO.sessionHours,unknown,unknown,medium,,
market_hours.option.EQO.sessionHours.regularMarket,market_hours,option.EQO.sessionHours.regularMarket,unknown,unknown,medium,,
market_hours.option.EQO.sessionHours.regularMarket.*,market_hours,option.EQO.sessionHours.regularMarket.0,unknown,unknown,medium,,
market_hours.option.EQO.sessionHours.regularMarket.*.end,market_hours,option.EQO.sessionHours.regularMarket.0.end,unknown,unknown,medium,,
market_hours.option.EQO.sessionHours.regularMarket.*.start,market_hours,option.EQO.sessionHours.regularMarket.0.start,unknown,unknown,medium,,
market_hours.option.IND,market_hours,option.IND,unknown,unknown,medium,,
market_hours.option.IND.date,market_hours,option.IND.date,unknown,unknown,medium,,
market_hours.option.IND.isOpen,market_hours,option.IND.isOpen,market_hours,unknown,medium,,
market_hours.option.IND.marketType,market_hours,option.IND.marketType,unknown,unknown,medium,,
market_hours.option.IND.product,market_hours,option.IND.product,unknown,unknown,medium,,
market_hours.option.IND.productName,market_hours,option.IND.productName,unknown,unknown,medium,,
market_hours.option.IND.sessionHours,market_hours,option.IND.sessionHours,unknown,unknown,medium,,
market_hours.option.IND.sessionHours.regularMarket,market_hours,option.IND.sessionHours.regularMarket,unknown,unknown,medium,,
market_hours.option.IND.sessionHours.regularMarket.*,market_hours,option.IND.sessionHours.regularMarket.0,unknown,unknown,medium,,
market_hours.option.IND.sessionHours.regularMarket.*.end,market_hours,option.IND.sessionHours.regularMarket.0.end,unknown,unknown,medium,,
market_hours.option.IND.sessionHours.regularMarket.*.start,market_hours,option.IND.sessionHours.regularMarket.0.start,unknown,unknown,medium,,
market_hours.option.option,market_hours,option.option,unclassified,unreviewed,unreviewed,2026-08-15,2026-08-15
market_hours.option.option.date,market_hours,option.option.date,unclassified,unreviewed,unreviewed,2026-08-15,2026-08-15
market_hours.option.option.isOpen,market_hours,option.option.isOpen,unclassified,unreviewed,unreviewed,2026-08-15,2026-08-15
market_hours.option.option.marketType,market_hours,option.option.marketType,unclassified,unreviewed,unreviewed,2026-08-15,2026-08-15
market_hours.option.option.product,market_hours,option.option.product,unclassified,unreviewed,unreviewed,2026-08-15,2026-08-15
movers.screeners,movers,screeners,unknown,unknown,medium,,2026-08-15
movers.screeners.*,movers,screeners.9,unknown,unknown,medium,,
movers.screeners.*.description,movers,screeners.9.description,unknown,ui_only,low,,
movers.screeners.*.lastPrice,movers,screeners.9.lastPrice,bid_ask,unknown,high,,
movers.screeners.*.marketShare,movers,screeners.9.marketShare,unknown,unknown,medium,,
movers.screeners.*.netChange,movers,screeners.9.netChange,movers,unknown,medium,,
movers.screeners.*.netPercentChange,movers,screeners.9.netPercentChange,unknown,unknown,medium,,
movers.screeners.*.symbol,movers,screeners.9.symbol,unknown,unknown,medium,,
movers.screeners.*.totalVolume,movers,screeners.9.totalVolume,volume,order_flow_proxy,high,,
movers.screeners.*.trades,movers,screeners.9.trades,unknown,unknown,medium,,
movers.screeners.*.volume,movers,screeners.9.volume,volume,order_flow_proxy,high,,
pricehistory.candles,pricehistory,candles,chart_bar,unknown,medium,,2026-08-15
pricehistory.candles.*,pricehistory,candles.9999,chart_bar,unknown,medium,,2026-08-15
pricehistory.candles.*.close,pricehistory,candles.9999.close,market_hours,unknown,high,,2026-08-15
pricehistory.candles.*.datetime,pricehistory,candles.9999.datetime,time,unknown,medium,,2026-08-15
pricehistory.candles.*.high,pricehistory,candles.9999.high,chart_bar,unknown,high,,2026-08-15
pricehistory.candles.*.low,pricehistory,candles.9999.low,chart_bar,unknown,high,,2026-08-15
pricehistory.candles.*.open,pricehistory,candles.9999.open,market_hours,unknown,high,,2026-08-15
pricehistory.candles.*.volume,pricehistory,candles.9999.volume,volume,order_flow_proxy,high,,2026-08-15
pricehistory.empty,pricehistory,empty,unknown,unknown,medium,,2026-08-15
pricehistory.symbol,pricehistory,symbol,unclassified,unreviewed,unreviewed,2026-08-15,2026-08-15
quotes.,quotes,SPY.regular,unknown,unknown,medium,,2026-08-15
quotes.assetMainType,quotes,SPY.assetMainType,unknown,ui_only,low,,2026-08-15
quotes.assetSubType,quotes,SPY.assetSubType,unknown,unknown,low,,2026-08-15
quotes.extended.askPrice,quotes,SPY.extended.askPrice,bid_ask,unknown,high,,2026-08-15
quotes.extended.askSize,quotes,SPY.extended.askSize,bid_ask,direct_order_flow,high,,2026-08-15
quotes.extended.bidPrice,quotes,SPY.extended.bidPrice,bid_ask,unknown,high,,2026-08-15
quotes.extended.bidSize,quotes,SPY.extended.bidSize,bid_ask,direct_order_flow,high,,2026-08-15
quotes.extended.lastPrice,quotes,SPY.extended.lastPrice,bid_ask,unknown,high,,2026-08-15
quotes.extended.lastSize,quotes,SPY.extended.lastSize,volume,unknown,medium,,2026-08-15
quotes.extended.mark,quotes,SPY.extended.mark,bid_ask,unknown,high,,2026-08-15
quotes.extended.quoteTime,quotes,SPY.extended.quoteTime,time,unknown,medium,,2026-08-15
quotes.extended.totalVolume,quotes,SPY.extended.totalVolume,volume,order_flow_proxy,high,,2026-08-15
quotes.extended.tradeTime,quotes,SPY.extended.tradeTime,time,unknown,medium,,2026-08-15
quotes.fundamental.avg10DaysVolume,quotes,SPY.fundamental.avg10DaysVolume,instrument_fundamentals,prediction_model,medium,,2026-08-15
quotes.fundamental.avg1YearVolume,quotes,SPY.fundamental.avg1YearVolume,instrument_fundamentals,prediction_model,medium,,2026-08-15
quotes.fundamental.declarationDate,quotes,SPY.fundamental.declarationDate,unknown,prediction_model,medium,,2026-08-15
quotes.fundamental.divAmount,quotes,SPY.fundamental.divAmount,instrument_fundamentals,prediction_model,medium,,2026-08-15
quotes.fundamental.divExDate,quotes,SPY.fundamental.divExDate,unknown,prediction_model,medium,,2026-08-15
quotes.fundamental.divFreq,quotes,SPY.fundamental.divFreq,unknown,prediction_model,medium,,2026-08-15
quotes.fundamental.divPayAmount,quotes,SPY.fundamental.divPayAmount,unknown,prediction_model,medium,,2026-08-15
quotes.fundamental.divPayDate,quotes,SPY.fundamental.divPayDate,unknown,prediction_model,medium,,2026-08-15
quotes.fundamental.divYield,quotes,SPY.fundamental.divYield,instrument_fundamentals,prediction_model,medium,,2026-08-15
quotes.fundamental.eps,quotes,SPY.fundamental.eps,instrument_fundamentals,prediction_model,medium,,2026-08-15
quotes.fundamental.fundLeverageFactor,quotes,SPY.fundamental.fundLeverageFactor,unknown,prediction_model,medium,,2026-08-15
quotes.fundamental.lastEarningsDate,quotes,SPY.fundamental.lastEarningsDate,unknown,prediction_model,medium,,2026-08-15
quotes.fundamental.nextDivExDate,quotes,SPY.fundamental.nextDivExDate,unknown,prediction_model,medium,,2026-08-15
quotes.fundamental.nextDivPayDate,quotes,SPY.fundamental.nextDivPayDate,unknown,prediction_model,medium,,2026-08-15
quotes.fundamental.peRatio,quotes,SPY.fundamental.peRatio,instrument_fundamentals,prediction_model,medium,,2026-08-15
quotes.fundamental.sharesOutstanding,quotes,SPY.fundamental.sharesOutstanding,instrument_fundamentals,prediction_model,medium,,2026-08-15
quotes.quote.52WeekHigh,quotes,SPY.quote.52WeekHigh,key_levels,key_levels,high,,2026-08-15
quotes.quote.52WeekLow,quotes,SPY.quote.52WeekLow,key_levels,key_levels,high,,2026-08-15
quotes.quote.askMICId,quotes,SPY.quote.askMICId,unknown,unknown,medium,,2026-08-15
quotes.quote.askPrice,quotes,SPY.quote.askPrice,bid_ask,unknown,high,,2026-08-15
quotes.quote.askSize,quotes,SPY.quote.askSize,bid_ask,direct_order_flow,high,,2026-08-15
quotes.quote.askTime,quotes,SPY.quote.askTime,unknown,unknown,medium,,2026-08-15
quotes.quote.bidMICId,quotes,SPY.quote.bidMICId,unknown,unknown,medium,,2026-08-15
quotes.quote.bidPrice,quotes,SPY.quote.bidPrice,bid_ask,unknown,high,,2026-08-15
quotes.quote.bidSize,quotes,SPY.quote.bidSize,bid_ask,direct_order_flow,high,,2026-08-15
quotes.quote.bidTime,quotes,SPY.quote.bidTime,unknown,unknown,medium,,2026-08-15
quotes.quote.closePrice,quotes,SPY.quote.closePrice,bid_ask,unknown,medium,,2026-08-15
quotes.quote.highPrice,quotes,SPY.quote.highPrice,bid_ask,unknown,medium,,2026-08-15
quotes.quote.lastMICId,quotes,SPY.quote.lastMICId,unknown,unknown,medium,,2026-08-15
quotes.quote.lastPrice,quotes,SPY.quote.lastPrice,bid_ask,unknown,high,,2026-08-15
quotes.quote.lastSize,quotes,SPY.quote.lastSize,volume,unknown,medium,,2026-08-15
quotes.quote.lowPrice,quotes,SPY.quote.lowPrice,bid_ask,unknown,medium,,2026-08-15
quotes.quote.mark,quotes,SPY.quote.mark,bid_ask,unknown,high,,2026-08-15
quotes.quote.markChange,quotes,SPY.quote.markChange,unknown,unknown,medium,,2026-08-15
quotes.quote.markPercentChange,quotes,SPY.quote.markPercentChange,unknown,unknown,medium,,2026-08-15
quotes.quote.netChange,quotes,SPY.quote.netChange,movers,unknown,medium,,2026-08-15
quotes.quote.netPercentChange,quotes,SPY.quote.netPercentChange,unknown,unknown,medium,,2026-08-15
quotes.quote.openPrice,quotes,SPY.quote.openPrice,bid_ask,unknown,medium,,2026-08-15
quotes.quote.postMarketChange,quotes,SPY.quote.postMarketChange,unknown,unknown,medium,,2026-08-15
quotes.quote.postMarketPercentChange,quotes,SPY.quote.postMarketPercentChange,unknown,unknown,medium,,2026-08-15
quotes.quote.quoteTime,quotes,SPY.quote.quoteTime,time,unknown,medium,,2026-08-15
quotes.quote.securityStatus,quotes,SPY.quote.securityStatus,unknown,unknown,medium,,2026-08-15
quotes.quote.totalVolume,quotes,SPY.quote.totalVolume,volume,order_flow_proxy,high,,2026-08-15
quotes.quote.tradeTime,quotes,SPY.quote.tradeTime,time,unknown,medium,,2026-08-15
quotes.quoteType,quotes,SPY.quoteType,unknown,unknown,medium,,2026-08-15
quotes.realtime,quotes,SPY.realtime,unknown,unknown,medium,,2026-08-15
quotes.reference.cusip,quotes,SPY.reference.cusip,unknown,ui_only,low,,2026-08-15
quotes.reference.description,quotes,SPY.reference.description,unknown,ui_only,low,,2026-08-15
quotes.reference.ethOptionEligible,quotes,reference.ethOptionEligible,unclassified,unreviewed,unreviewed,2026-08-15,2026-08-15
quotes.reference.exchange,quotes,SPY.reference.exchange,unknown,unknown,low,,2026-08-15
quotes.reference.exchangeName,quotes,SPY.reference.exchangeName,unknown,ui_only,medium,,2026-08-15
quotes.reference.htbQuantity,quotes,SPY.reference.htbQuantity,unknown,unknown,medium,,
quotes.reference.htbRate,quotes,SPY.reference.htbRate,unknown,unknown,medium,,2026-08-15
quotes.reference.isHardToBorrow,quotes,SPY.reference.isHardToBorrow,unknown,unknown,medium,,2026-08-15
quotes.reference.isShortable,quotes,SPY.reference.isShortable,unknown,unknown,medium,,2026-08-15
quotes.reference.optionable,quotes,SPY.reference.optionable,unknown,unknown,medium,,2026-08-15
quotes.regular.regularMarketLastPrice,quotes,SPY.regular.regularMarketLastPrice,unknown,unknown,medium,,2026-08-15
quotes.regular.regularMarketLastSize,quotes,SPY.regular.regularMarketLastSize,volume,unknown,medium,,2026-08-15
quotes.regular.regularMarketNetChange,quotes,SPY.regular.regularMarketNetChange,unknown,unknown,medium,,2026-08-15
quotes.regular.regularMarketPercentChange,quotes,SPY.regular.regularMarketPercentChange,unknown,unknown,medium,,2026-08-15
quotes.regular.regularMarketTradeTime,quotes,SPY.regular.regularMarketTradeTime,unknown,unknown,medium,,2026-08-15
quotes.ssid,quotes,SPY.ssid,unknown,unknown,medium,,2026-08-15
quotes.symbol,quotes,SPY.symbol,unknown,unknown,medium,,2026-08-15
streaming.,streaming,content,streaming_quote,unknown,medium,,
streaming.command,streaming,command,streaming_quote,unknown,medium,,
streaming.content.*,streaming,content.1,streaming_quote,unknown,medium,,
streaming.content.*.ASKS,streaming,content.1.ASKS,streaming_book,direct_order_flow,medium,,
streaming.content.*.ASKS.*,streaming,content.1.ASKS.0,streaming_book,direct_order_flow,medium,,
streaming.content.*.ASKS.*.ASKS,streaming,content.1.ASKS.0.ASKS,streaming_book,direct_order_flow,medium,,
streaming.content.*.ASKS.*.ASKS.*,streaming,content.1.ASKS.0.ASKS.0,streaming_book,direct_order_flow,medium,,
streaming.content.*.ASKS.*.ASKS.*.ASK_VOLUME,streaming,content.1.ASKS.0.ASKS.0.ASK_VOLUME,streaming_book,direct_order_flow,medium,,
streaming.content.*.ASKS.*.ASKS.*.EXCHANGE,streaming,content.1.ASKS.0.ASKS.0.EXCHANGE,streaming_book,direct_order_flow,low,,
streaming.content.*.ASKS.*.ASKS.*.SEQUENCE,streaming,content.1.ASKS.0.ASKS.0.SEQUENCE,streaming_book,direct_order_flow,medium,,
streaming.content.*.ASKS.*.ASK_PRICE,streaming,content.1.ASKS.0.ASK_PRICE,streaming_quote,direct_order_flow,high,,
streaming.content.*.ASKS.*.NUM_ASKS,streaming,content.1.ASKS.0.NUM_ASKS,streaming_book,direct_order_flow,medium,,
streaming.content.*.ASKS.*.TOTAL_VOLUME,streaming,content.1.ASKS.0.TOTAL_VOLUME,streaming_quote,direct_order_flow,medium,,
streaming.content.*.ASK_ID,streaming,content.1.ASK_ID,streaming_quote,unknown,medium,,
streaming.content.*.ASK_MIC_ID,streaming,content.1.ASK_MIC_ID,streaming_quote,unknown,medium,,
streaming.content.*.ASK_PRICE,streaming,content.1.ASK_PRICE,streaming_quote,unknown,high,,
streaming.content.*.ASK_SIZE,streaming,content.1.ASK_SIZE,streaming_quote,direct_order_flow,medium,,
streaming.content.*.ASK_TIME_MILLIS,streaming,content.1.ASK_TIME_MILLIS,streaming_quote,unknown,medium,,
streaming.content.*.BIDS,streaming,content.1.BIDS,streaming_book,direct_order_flow,medium,,
streaming.content.*.BIDS.*,streaming,content.1.BIDS.0,streaming_book,direct_order_flow,medium,,
streaming.content.*.BIDS.*.BIDS,streaming,content.1.BIDS.0.BIDS,streaming_book,direct_order_flow,medium,,
streaming.content.*.BIDS.*.BIDS.*,streaming,content.1.BIDS.0.BIDS.0,streaming_book,direct_order_flow,medium,,
streaming.content.*.BIDS.*.BIDS.*.BID_VOLUME,streaming,content.1.BIDS.0.BIDS.0.BID_VOLUME,streaming_book,direct_order_flow,medium,,
streaming.content.*.BIDS.*.BIDS.*.EXCHANGE,streaming,content.1.BIDS.0.BIDS.0.EXCHANGE,streaming_book,direct_order_flow,low,,
streaming.content.*.BIDS.*.BIDS.*.SEQUENCE,streaming,content.1.BIDS.0.BIDS.0.SEQUENCE,streaming_book,direct_order_flow,medium,,
streaming.content.*.BIDS.*.BID_PRICE,streaming,content.1.BIDS.0.BID_PRICE,streaming_quote,direct_order_flow,high,,
streaming.content.*.BIDS.*.NUM_BIDS,streaming,content.1.BIDS.0.NUM_BIDS,streaming_book,direct_order_flow,medium,,
streaming.content.*.BIDS.*.TOTAL_VOLUME,streaming,content.1.BIDS.0.TOTAL_VOLUME,streaming_quote,direct_order_flow,medium,,
streaming.content.*.BID_ID,streaming,content.1.BID_ID,streaming_quote,unknown,medium,,
streaming.content.*.BID_MIC_ID,streaming,content.1.BID_MIC_ID,streaming_quote,unknown,medium,,
streaming.content.*.BID_PRICE,streaming,content.1.BID_PRICE,streaming_quote,unknown,high,,
streaming.content.*.BID_SIZE,streaming,content.1.BID_SIZE,streaming_quote,direct_order_flow,medium,,
streaming.content.*.BID_TIME_MILLIS,streaming,content.1.BID_TIME_MILLIS,streaming_quote,unknown,medium,,
streaming.content.*.BOOK_TIME,streaming,content.1.BOOK_TIME,streaming_quote,unknown,medium,,
streaming.content.*.CHART_DAY,streaming,content.1.CHART_DAY,streaming_quote,unknown,medium,,
streaming.content.*.CHART_TIME_MILLIS,streaming,content.1.CHART_TIME_MILLIS,time,unknown,medium,,
streaming.content.*.CLOSE_PRICE,streaming,content.1.CLOSE_PRICE,streaming_quote,unknown,medium,,
streaming.content.*.DESCRIPTION,streaming,content.1.DESCRIPTION,streaming_quote,ui_only,low,,
streaming.content.*.DIVIDEND_AMOUNT,streaming,content.1.DIVIDEND_AMOUNT,streaming_quote,unknown,medium,,
streaming.content.*.DIVIDEND_DATE,streaming,content.1.DIVIDEND_DATE,streaming_quote,unknown,medium,,
streaming.content.*.DIVIDEND_YIELD,streaming,content.1.DIVIDEND_YIELD,streaming_quote,unknown,medium,,
streaming.content.*.EXCHANGE_ID,streaming,content.1.EXCHANGE_ID,streaming_quote,unknown,medium,,
streaming.content.*.EXCHANGE_NAME,streaming,content.1.EXCHANGE_NAME,streaming_quote,unknown,medium,,
streaming.content.*.HARD_TO_BORROW,streaming,content.1.HARD_TO_BORROW,streaming_quote,unknown,medium,,
streaming.content.*.HIGH_PRICE,streaming,content.1.HIGH_PRICE,streaming_quote,unknown,medium,,
streaming.content.*.HIGH_PRICE_52_WEEK,streaming,content.1.HIGH_PRICE_52_WEEK,streaming_quote,unknown,medium,,
streaming.content.*.HTB_QUANTITY,streaming,content.1.HTB_QUANTITY,streaming_quote,unknown,medium,,
streaming.content.*.HTB_RATE,streaming,content.1.HTB_RATE,streaming_quote,unknown,medium,,
streaming.content.*.IS_SHORTABLE,streaming,content.1.IS_SHORTABLE,streaming_quote,unknown,medium,,
streaming.content.*.LAST_ID,streaming,content.1.LAST_ID,streaming_quote,unknown,medium,,
streaming.content.*.LAST_MIC_ID,streaming,content.1.LAST_MIC_ID,streaming_quote,unknown,medium,,
streaming.content.*.LAST_PRICE,streaming,content.1.LAST_PRICE,streaming_quote,unknown,medium,,
streaming.content.*.LAST_SIZE,streaming,content.1.LAST_SIZE,streaming_quote,unknown,medium,,
streaming.content.*.LOW_PRICE,streaming,content.1.LOW_PRICE,streaming_quote,unknown,medium,,
streaming.content.*.LOW_PRICE_52_WEEK,streaming,content.1.LOW_PRICE_52_WEEK,streaming_quote,unknown,medium,,
streaming.content.*.MARGINABLE,streaming,content.1.MARGINABLE,streaming_quote,unknown,medium,,
streaming.content.*.MARK,streaming,content.1.MARK,bid_ask,unknown,high,,
streaming.content.*.MARK_CHANGE,streaming,content.1.MARK_CHANGE,streaming_quote,unknown,medium,,
streaming.content.*.MARK_CHANGE_PERCENT,streaming,content.1.MARK_CHANGE_PERCENT,streaming_quote,unknown,medium,,
streaming.content.*.NAV,streaming,content.1.NAV,streaming_quote,unknown,medium,,
streaming.content.*.NET_CHANGE,streaming,content.1.NET_CHANGE,streaming_quote,unknown,medium,,
streaming.content.*.NET_CHANGE_PERCENT,streaming,content.1.NET_CHANGE_PERCENT,streaming_quote,unknown,medium,,
streaming.content.*.OPEN_PRICE,streaming,content.1.OPEN_PRICE,streaming_quote,unknown,medium,,
streaming.content.*.PE_RATIO,streaming,content.1.PE_RATIO,streaming_quote,unknown,medium,,
streaming.content.*.POST_MARKET_NET_CHANGE,streaming,content.1.POST_MARKET_NET_CHANGE,streaming_quote,unknown,medium,,
streaming.content.*.POST_MARKET_NET_CHANGE_PERCENT,streaming,content.1.POST_MARKET_NET_CHANGE_PERCENT,streaming_quote,unknown,medium,,
streaming.content.*.QUOTE_TIME_MILLIS,streaming,content.1.QUOTE_TIME_MILLIS,time,unknown,medium,,
streaming.content.*.REGULAR_MARKET_CHANGE_PERCENT,streaming,content.1.REGULAR_MARKET_CHANGE_PERCENT,streaming_quote,unknown,medium,,
streaming.content.*.REGULAR_MARKET_LAST_PRICE,streaming,content.1.REGULAR_MARKET_LAST_PRICE,streaming_quote,unknown,medium,,
streaming.content.*.REGULAR_MARKET_LAST_SIZE,streaming,content.1.REGULAR_MARKET_LAST_SIZE,streaming_quote,unknown,medium,,
streaming.content.*.REGULAR_MARKET_NET_CHANGE,streaming,content.1.REGULAR_MARKET_NET_CHANGE,streaming_quote,unknown,medium,,
streaming.content.*.REGULAR_MARKET_QUOTE,streaming,content.1.REGULAR_MARKET_QUOTE,streaming_quote,unknown,medium,,
streaming.content.*.REGULAR_MARKET_TRADE,streaming,content.1.REGULAR_MARKET_TRADE,streaming_quote,unknown,medium,,
streaming.content.*.REGULAR_MARKET_TRADE_MILLIS,streaming,content.1.REGULAR_MARKET_TRADE_MILLIS,streaming_quote,unknown,medium,,
streaming.content.*.SECURITY_STATUS,streaming,content.1.SECURITY_STATUS,streaming_quote,unknown,medium,,
streaming.content.*.SEQUENCE,streaming,content.1.SEQUENCE,streaming_quote,unknown,medium,,
streaming.content.*.TOTAL_VOLUME,streaming,content.1.TOTAL_VOLUME,streaming_quote,unknown,medium,,
streaming.content.*.TRADE_TIME_MILLIS,streaming,content.1.TRADE_TIME_MILLIS,time,unknown,medium,,
streaming.content.*.VOLUME,streaming,content.1.VOLUME,volume,order_flow_proxy,high,,
streaming.content.*.assetMainType,streaming,content.1.assetMainType,streaming_quote,ui_only,low,,
streaming.content.*.assetSubType,streaming,content.1.assetSubType,streaming_quote,unknown,low,,
streaming.content.*.cusip,streaming,content.1.cusip,streaming_quote,ui_only,low,,
streaming.content.*.delayed,streaming,content.1.delayed,streaming_quote,unknown,medium,,
streaming.content.*.key,streaming,content.1.key,streaming_quote,unknown,medium,,
streaming.content.*.seq,streaming,content.1.seq,streaming_quote,unknown,medium,,
streaming.service,streaming,service,streaming_quote,unknown,medium,,
streaming.timestamp,streaming,timestamp,streaming_quote,unknown,medium,,
